customer_id,first_name,city,segment,registration_date,email,acquisition_channel
100001,Мария,Москва,mass,2025-02-21 02:03:11,мария.100001@example-shop.ru,context
100002,Дарья,Самара,mass,2026-06-05 01:28:32,дарья.100002@example-shop.ru,email
100003,Екатерина,Уфа,mass,2025-10-13 08:57:49,екатерина.100003@example-shop.ru,organic
100004,Сергей,Москва,standard,2026-06-24 19:05:31,сергей.100004@example-shop.ru,social
100005,Сергей,Москва,mass,2025-08-15 06:08:58,сергей.100005@example-shop.ru,social
100006,Ксения,Казань,mass,2026-03-31 01:49:00,ксения.100006@example-shop.ru,organic
100007,Мария,Уфа,mass,2025-06-30 07:52:45,мария.100007@example-shop.ru,organic
100008,Екатерина,Самара,premium,2025-08-30 22:00:05,екатерина.100008@example-shop.ru,social
100009,Дмитрий,Ростов-на-Дону,mass,2025-07-09 00:28:39,дмитрий.100009@example-shop.ru,social
100010,Мария,Казань,mass,2025-10-26 08:06:52,мария.100010@example-shop.ru,referral
100011,Артём,Москва,mass,2025-05-02 17:16:56,артём.100011@example-shop.ru,organic
100012,Полина,Новосибирск,mass,2025-10-02 07:15:18,полина.100012@example-shop.ru,organic
100013,Роман,Москва,standard,2026-04-03 19:07:08,роман.100013@example-shop.ru,marketplace
100014,Дарья,Ростов-на-Дону,standard,2025-03-26 20:07:14,дарья.100014@example-shop.ru,organic
100015,Роман,Москва,mass,2026-03-09 03:00:22,роман.100015@example-shop.ru,marketplace
100016,Дарья,,premium,2026-04-11 15:44:14,дарья.100016@example-shop.ru,referral
100017,Артём,Екатеринбург,mass,2025-01-19 23:59:54,артём.100017@example-shop.ru,social
100018,Иван,Екатеринбург,premium,2026-01-04 07:20:43,иван.100018@example-shop.ru,context
100019,Андрей,Нижний Новгород,mass,2025-09-22 09:46:42,андрей.100019@example-shop.ru,email
100020,Наталья,Казань,mass,2025-12-14 16:11:52,наталья.100020@example-shop.ru,marketplace
100021,Артём,Пермь,premium,2025-06-10 13:59:44,артём.100021@example-shop.ru,referral
100022,Ольга,Краснодар,premium,2025-05-01 01:55:54,ольга.100022@example-shop.ru,referral
100023,Анна,Воронеж,standard,2025-06-06 10:31:44,анна.100023@example-shop.ru,social
100024,Никита,Нижний Новгород,standard,2025-03-25 11:19:25,никита.100024@example-shop.ru,organic
100025,Дарья,Нижний Новгород,standard,2025-08-09 23:43:47,дарья.100025@example-shop.ru,marketplace
100026,Михаил,Нижний Новгород,standard,2026-04-21 19:11:10,михаил.100026@example-shop.ru,organic
100027,Сергей,Казань,mass,2026-03-01 08:34:34,сергей.100027@example-shop.ru,social
100028,Андрей,Санкт-Петербург,mass,2025-04-08 18:44:04,андрей.100028@example-shop.ru,context
100029,Артём,Нижний Новгород,standard,2025-11-01 04:19:39,артём.100029@example-shop.ru,email
100030,Сергей,Москва,standard,2025-02-10 04:14:15,сергей.100030@example-shop.ru,referral
100031,Наталья,Москва,premium,2025-02-02 10:30:19,наталья.100031@example-shop.ru,social
100032,Дмитрий,Краснодар,mass,2025-12-07 22:54:57,дмитрий.100032@example-shop.ru,organic
100033,Мария,Москва,mass,2025-06-14 20:57:01,мария.100033@example-shop.ru,organic
100034,Виктория,Новосибирск,mass,2026-01-19 20:48:35,виктория.100034@example-shop.ru,organic
100035,Ксения,Нижний Новгород,premium,2025-03-26 23:15:58,ксения.100035@example-shop.ru,marketplace
100036,Мария,Москва,mass,2025-03-07 04:39:40,мария.100036@example-shop.ru,organic
100037,Ксения,Воронеж,premium,2026-01-25 16:49:53,,marketplace
100038,Андрей,Москва,mass,2025-04-23 17:43:15,андрей.100038@example-shop.ru,organic
100039,Елена,Воронеж,mass,2025-02-01 16:42:03,елена.100039@example-shop.ru,email
100040,Михаил,Уфа,standard,2026-03-06 21:01:49,михаил.100040@example-shop.ru,social
100041,Анна,Москва,mass,2026-01-20 10:32:55,анна.100041@example-shop.ru,email
100042,Дарья,Москва,standard,2026-05-22 14:58:27,дарья.100042@example-shop.ru,social
100043,Роман,Санкт-Петербург,mass,2025-11-23 11:15:07,роман.100043@example-shop.ru,email
100044,Ольга,Казань,mass,2025-09-17 16:28:20,ольга.100044@example-shop.ru,referral
100045,Мария,Москва,standard,2026-01-01 09:10:59,мария.100045@example-shop.ru,organic
100046,Полина,Тюмень,premium,2026-03-08 15:25:30,полина.100046@example-shop.ru,marketplace
100047,Сергей,Москва,mass,2025-12-09 21:51:36,сергей.100047@example-shop.ru,social
100048,Ксения,Краснодар,mass,2025-06-24 01:45:12,ксения.100048@example-shop.ru,organic
100049,Екатерина,Москва,standard,2026-04-30 22:19:51,екатерина.100049@example-shop.ru,context
100050,Дарья,Тюмень,vip,2026-01-19 06:17:59,дарья.100050@example-shop.ru,social
100051,Дарья,Москва,premium,2026-04-24 03:07:56,дарья.100051@example-shop.ru,marketplace
100052,Анна,Казань,premium,2025-10-31 16:26:36,анна.100052@example-shop.ru,email
100053,Ольга,Новосибирск,mass,2025-09-03 04:47:37,ольга.100053@example-shop.ru,context
100054,Наталья,Москва,standard,2026-04-05 13:11:55,наталья.100054@example-shop.ru,referral
100055,Наталья,Краснодар,premium,2025-11-30 07:57:13,наталья.100055@example-shop.ru,organic
100056,Алексей,Санкт-Петербург,premium,2026-02-27 20:47:10,алексей.100056@example-shop.ru,context
100057,Артём,Новосибирск,standard,2026-05-01 00:20:25,артём.100057@example-shop.ru,email
100058,Анна,Новосибирск,standard,2025-06-04 20:29:50,анна.100058@example-shop.ru,organic
100059,Роман,Нижний Новгород,premium,2025-04-16 04:27:13,роман.100059@example-shop.ru,context
100060,Екатерина,Москва,mass,2025-03-23 10:52:27,екатерина.100060@example-shop.ru,organic
100061,Никита,Москва,mass,2025-11-23 22:41:38,никита.100061@example-shop.ru,organic
100062,Роман,Москва,vip,2026-03-17 04:09:02,роман.100062@example-shop.ru,organic
100063,Ольга,Санкт-Петербург,mass,2026-06-17 00:42:26,ольга.100063@example-shop.ru,organic
100064,Полина,Москва,mass,2025-01-18 20:55:36,полина.100064@example-shop.ru,social
100065,Сергей,Пермь,mass,2025-01-01 21:47:27,сергей.100065@example-shop.ru,marketplace
100066,Максим,Новосибирск,standard,2026-01-06 01:49:39,максим.100066@example-shop.ru,organic
100067,Никита,Нижний Новгород,standard,2025-05-27 21:54:20,никита.100067@example-shop.ru,email
100068,Ольга,Санкт-Петербург,standard,2025-09-17 08:57:29,ольга.100068@example-shop.ru,referral
100069,Мария,Санкт-Петербург,mass,2025-02-12 21:31:47,мария.100069@example-shop.ru,organic
100070,Наталья,Екатеринбург,mass,2025-02-11 00:54:53,наталья.100070@example-shop.ru,context
100071,Дарья,Санкт-Петербург,mass,2025-10-15 19:29:58,дарья.100071@example-shop.ru,organic
100072,Анна,Санкт-Петербург,premium,2026-01-11 06:22:50,анна.100072@example-shop.ru,email
100073,Наталья,Екатеринбург,mass,2026-04-29 00:01:45,наталья.100073@example-shop.ru,referral
100074,Иван,Екатеринбург,standard,2025-09-21 03:59:34,иван.100074@example-shop.ru,context
100075,Екатерина,Тюмень,standard,2025-12-18 19:57:53,екатерина.100075@example-shop.ru,organic
100076,Наталья,Москва,standard,2026-04-14 18:07:31,наталья.100076@example-shop.ru,organic
100077,Максим,Екатеринбург,standard,2025-08-24 08:47:55,максим.100077@example-shop.ru,social
100078,Дмитрий,Москва,standard,2025-04-24 16:54:20,дмитрий.100078@example-shop.ru,organic
100079,Виктория,Санкт-Петербург,standard,2026-03-26 20:27:59,виктория.100079@example-shop.ru,social
100080,Екатерина,Ростов-на-Дону,mass,2025-01-02 06:04:42,екатерина.100080@example-shop.ru,social
100081,Никита,Москва,mass,2025-05-31 09:36:46,никита.100081@example-shop.ru,referral
100082,Сергей,Нижний Новгород,mass,2025-03-13 02:46:03,сергей.100082@example-shop.ru,organic
100083,Анна,Казань,mass,2025-12-17 16:47:15,анна.100083@example-shop.ru,context
100084,Андрей,Москва,standard,2025-05-27 22:29:57,андрей.100084@example-shop.ru,context
100085,Михаил,Пермь,mass,2025-07-07 15:24:39,михаил.100085@example-shop.ru,email
100086,Роман,Казань,standard,2025-12-22 11:21:22,роман.100086@example-shop.ru,context
100087,Мария,Уфа,mass,2025-06-11 10:41:21,мария.100087@example-shop.ru,context
100088,Максим,Казань,standard,2025-07-17 15:22:24,максим.100088@example-shop.ru,organic
100089,Дарья,Пермь,mass,2025-09-30 01:21:41,дарья.100089@example-shop.ru,referral
100090,Андрей,Санкт-Петербург,mass,2025-03-06 10:40:10,андрей.100090@example-shop.ru,social
100091,Сергей,Казань,mass,2026-05-25 16:02:07,сергей.100091@example-shop.ru,referral
100092,Андрей,Ростов-на-Дону,standard,2026-06-19 22:58:51,,referral
100093,Андрей,Санкт-Петербург,mass,2026-01-24 14:13:28,андрей.100093@example-shop.ru,marketplace
100094,Ольга,Санкт-Петербург,standard,2025-02-28 23:36:53,ольга.100094@example-shop.ru,marketplace
100095,Ксения,Тюмень,standard,2025-09-15 11:20:15,ксения.100095@example-shop.ru,context
100096,Елена,Новосибирск,premium,2025-07-13 12:58:26,елена.100096@example-shop.ru,organic
100097,Дмитрий,Самара,standard,2025-04-01 15:57:14,дмитрий.100097@example-shop.ru,marketplace
100098,Екатерина,Самара,standard,2026-04-23 17:59:01,екатерина.100098@example-shop.ru,referral
100099,Михаил,Краснодар,standard,2025-08-15 04:35:36,михаил.100099@example-shop.ru,marketplace
100100,Иван,Воронеж,mass,2025-12-22 16:12:32,иван.100100@example-shop.ru,social
100101,Андрей,Новосибирск,standard,2026-01-12 16:04:06,андрей.100101@example-shop.ru,marketplace
100102,Анна,Санкт-Петербург,mass,2025-06-24 06:57:24,анна.100102@example-shop.ru,organic
100103,Андрей,Москва,standard,2025-07-10 00:16:39,андрей.100103@example-shop.ru,social
100104,Алексей,Нижний Новгород,mass,2026-06-13 20:08:09,алексей.100104@example-shop.ru,social
100105,Дарья,Краснодар,mass,2026-03-26 09:42:17,дарья.100105@example-shop.ru,organic
100106,Дарья,Екатеринбург,standard,2025-10-01 02:22:08,дарья.100106@example-shop.ru,organic
100107,Дарья,Москва,mass,2025-10-18 19:06:49,дарья.100107@example-shop.ru,organic
100108,Екатерина,Санкт-Петербург,mass,2025-01-05 10:04:38,екатерина.100108@example-shop.ru,organic
100109,Наталья,Екатеринбург,mass,2025-04-22 07:32:47,наталья.100109@example-shop.ru,marketplace
100110,Роман,Краснодар,premium,2025-01-04 08:36:59,роман.100110@example-shop.ru,marketplace
100111,Елена,Москва,mass,2026-03-16 05:36:35,елена.100111@example-shop.ru,marketplace
100112,Дарья,Нижний Новгород,mass,2026-05-28 20:24:07,дарья.100112@example-shop.ru,marketplace
100113,Виктория,Ростов-на-Дону,vip,2025-03-30 09:10:25,виктория.100113@example-shop.ru,email
100114,Наталья,Пермь,premium,2025-06-03 05:50:33,наталья.100114@example-shop.ru,marketplace
100115,Артём,Москва,mass,2025-07-11 23:36:23,артём.100115@example-shop.ru,organic
100116,Виктория,Пермь,mass,2026-03-19 13:48:35,виктория.100116@example-shop.ru,organic
100117,Алексей,Нижний Новгород,mass,2025-08-10 22:58:27,алексей.100117@example-shop.ru,email
100118,Иван,Уфа,premium,2025-01-24 17:45:54,иван.100118@example-shop.ru,context
100119,Дмитрий,Москва,mass,2025-11-16 06:57:28,дмитрий.100119@example-shop.ru,referral
100120,Иван,Екатеринбург,mass,2025-03-22 01:40:32,иван.100120@example-shop.ru,social
100121,Сергей,Нижний Новгород,mass,2025-12-18 14:45:58,сергей.100121@example-shop.ru,context
100122,Екатерина,Санкт-Петербург,standard,2026-04-12 22:40:33,екатерина.100122@example-shop.ru,context
100123,Екатерина,Казань,mass,2025-02-06 20:59:24,екатерина.100123@example-shop.ru,referral
100124,Наталья,Новосибирск,standard,2026-06-26 18:42:51,наталья.100124@example-shop.ru,social
100125,Ксения,Новосибирск,mass,2025-12-28 10:07:02,ксения.100125@example-shop.ru,context
100126,Виктория,Москва,standard,2025-01-29 07:09:06,виктория.100126@example-shop.ru,social
100127,Мария,Казань,premium,2025-04-30 21:41:49,мария.100127@example-shop.ru,context
100128,Дарья,Москва,mass,2025-04-02 08:41:29,дарья.100128@example-shop.ru,context
100129,Виктория,Пермь,mass,2026-04-27 14:16:00,виктория.100129@example-shop.ru,referral
100130,Михаил,Тюмень,mass,2026-01-29 23:41:15,михаил.100130@example-shop.ru,context
100131,Виктория,Санкт-Петербург,standard,2025-07-23 06:06:06,виктория.100131@example-shop.ru,marketplace
100132,Виктория,Москва,mass,2025-10-16 13:53:55,виктория.100132@example-shop.ru,social
100133,Мария,Москва,standard,2025-07-09 20:50:36,мария.100133@example-shop.ru,marketplace
100134,Виктория,Екатеринбург,mass,2025-08-10 06:02:09,виктория.100134@example-shop.ru,email
100135,Дарья,Воронеж,standard,2025-12-14 18:38:01,дарья.100135@example-shop.ru,marketplace
100136,Максим,Екатеринбург,standard,2025-04-16 23:38:07,максим.100136@example-shop.ru,email
100137,Михаил,Москва,mass,2026-02-19 00:50:20,михаил.100137@example-shop.ru,social
100138,Алексей,Москва,mass,2026-05-31 06:17:40,алексей.100138@example-shop.ru,social
100139,Максим,Москва,standard,2026-06-15 20:19:07,максим.100139@example-shop.ru,social
100140,Сергей,Краснодар,mass,2025-04-04 21:16:21,сергей.100140@example-shop.ru,organic
100141,Полина,Нижний Новгород,standard,2025-08-13 09:37:59,полина.100141@example-shop.ru,organic
100142,Дмитрий,Новосибирск,premium,2025-05-25 13:27:51,дмитрий.100142@example-shop.ru,organic
100143,Елена,Санкт-Петербург,mass,2025-12-13 01:21:04,елена.100143@example-shop.ru,referral
100144,Сергей,Пермь,mass,2025-06-26 17:49:10,сергей.100144@example-shop.ru,organic
100145,Полина,Санкт-Петербург,mass,2025-08-04 02:09:40,полина.100145@example-shop.ru,social
100146,Ксения,Краснодар,mass,2025-03-17 12:40:05,ксения.100146@example-shop.ru,organic
100147,Алексей,Воронеж,premium,2025-11-02 04:12:16,алексей.100147@example-shop.ru,organic
100148,Дмитрий,Екатеринбург,vip,2025-10-20 05:55:42,дмитрий.100148@example-shop.ru,social
100149,Андрей,Воронеж,mass,2025-10-28 14:42:13,андрей.100149@example-shop.ru,marketplace
100150,Мария,Санкт-Петербург,premium,2025-07-06 00:31:55,мария.100150@example-shop.ru,context
100151,Ксения,Самара,mass,2026-02-16 22:23:16,ксения.100151@example-shop.ru,marketplace
100152,Елена,Москва,vip,2025-11-28 06:38:43,елена.100152@example-shop.ru,organic
100153,Никита,Екатеринбург,premium,2025-04-07 04:56:41,никита.100153@example-shop.ru,context
100154,Елена,Москва,mass,2025-07-20 11:35:01,елена.100154@example-shop.ru,organic
100155,Сергей,Москва,standard,2025-12-27 01:46:45,сергей.100155@example-shop.ru,context
100156,Екатерина,Москва,standard,2025-03-05 10:49:11,екатерина.100156@example-shop.ru,organic
100157,Иван,Санкт-Петербург,mass,2025-07-11 22:59:30,иван.100157@example-shop.ru,organic
100158,Виктория,Нижний Новгород,mass,2026-04-21 13:34:25,виктория.100158@example-shop.ru,referral
100159,Артём,Екатеринбург,standard,2025-08-29 18:08:18,артём.100159@example-shop.ru,referral
100160,Дарья,Санкт-Петербург,mass,2025-10-05 18:14:56,дарья.100160@example-shop.ru,organic
100161,Полина,Тюмень,mass,2026-01-07 09:16:50,полина.100161@example-shop.ru,marketplace
100162,Екатерина,Пермь,mass,2025-06-25 09:48:15,екатерина.100162@example-shop.ru,referral
100163,Сергей,Москва,standard,2026-03-27 10:03:31,сергей.100163@example-shop.ru,context
100164,Сергей,Казань,mass,2025-01-09 22:03:03,сергей.100164@example-shop.ru,context
100165,Сергей,Самара,mass,2025-09-15 14:15:12,сергей.100165@example-shop.ru,context
100166,Андрей,Ростов-на-Дону,mass,2025-11-22 19:49:54,андрей.100166@example-shop.ru,email
100167,Максим,Санкт-Петербург,mass,2025-05-11 06:42:29,максим.100167@example-shop.ru,social
100168,Анна,Ростов-на-Дону,standard,2026-03-03 11:09:23,анна.100168@example-shop.ru,organic
100169,Максим,Москва,mass,2025-02-13 07:01:33,МАКСИМ.100169@EXAMPLE-SHOP.RU,organic
100170,Алексей,Санкт-Петербург,standard,2025-12-21 06:48:04,алексей.100170@example-shop.ru,context
100171,Иван,Ростов-на-Дону,mass,2025-12-12 04:26:56,иван.100171@example-shop.ru,context
100172,Мария,Нижний Новгород,standard,2026-03-06 07:22:07,мария.100172@example-shop.ru,social
100173,Дарья,Краснодар,mass,2025-04-23 20:23:35,дарья.100173@example-shop.ru,marketplace
100174,Роман,Москва,premium,2025-03-26 11:12:53,роман.100174@example-shop.ru,organic
100175,Екатерина,Москва,mass,2025-11-13 08:52:02,екатерина.100175@example-shop.ru,context
100176,Наталья,Москва,premium,2026-06-14 13:52:29,наталья.100176@example-shop.ru,organic
100177,Роман,Москва,mass,2026-03-04 19:09:47,роман.100177@example-shop.ru,context
100178,Анна,Москва,mass,2025-04-26 04:14:21,анна.100178@example-shop.ru,referral
100179,Никита,Екатеринбург,standard,2025-08-11 07:11:37,никита.100179@example-shop.ru,marketplace
100180,Артём,Новосибирск,mass,2025-05-26 09:28:37,артём.100180@example-shop.ru,referral
100181,Никита,Самара,mass,2026-03-02 00:42:41,никита.100181@example-shop.ru,organic
100182,Анна,Казань,standard,2025-10-07 05:16:14,анна.100182@example-shop.ru,marketplace
100183,Наталья,Москва,standard,2025-08-27 10:00:43,наталья.100183@example-shop.ru,email
100184,Екатерина,Самара,standard,2025-01-03 19:57:26,екатерина.100184@example-shop.ru,organic
100185,Наталья,Москва,vip,2025-12-12 08:33:52,наталья.100185@example-shop.ru,marketplace
100186,Сергей,Воронеж,mass,2025-08-30 03:13:34,сергей.100186@example-shop.ru,referral
100187,Анна,Москва,mass,2025-01-22 14:45:12,анна.100187@example-shop.ru,email
100188,Ольга,Новосибирск,standard,2025-04-17 16:05:11,ольга.100188@example-shop.ru,context
100189,Дмитрий,Воронеж,mass,2026-01-31 21:59:38,дмитрий.100189@example-shop.ru,organic
100190,Максим,Новосибирск,mass,2026-02-13 05:09:25,максим.100190@example-shop.ru,email
100191,Екатерина,Нижний Новгород,mass,2025-09-27 02:43:51,екатерина.100191@example-shop.ru,context
100192,Михаил,Самара,mass,2026-02-17 23:24:51,михаил.100192@example-shop.ru,marketplace
100193,Михаил,Москва,mass,2026-02-07 09:53:53,михаил.100193@example-shop.ru,organic
100194,Ольга,Самара,mass,2025-12-02 13:48:42,ольга.100194@example-shop.ru,context
100195,Полина,Воронеж,standard,2025-04-24 14:26:18,полина.100195@example-shop.ru,referral
100196,Мария,,standard,2025-08-18 19:38:31,мария.100196@example-shop.ru,social
100197,Максим,Екатеринбург,premium,2026-03-21 22:15:27,максим.100197@example-shop.ru,context
100198,Иван,Санкт-Петербург,mass,2025-06-19 01:51:39,иван.100198@example-shop.ru,referral
100199,Максим,Ростов-на-Дону,mass,2025-12-26 17:53:11,максим.100199@example-shop.ru,referral
100200,Полина,Новосибирск,standard,2026-03-27 23:12:09,полина.100200@example-shop.ru,social
100201,Ольга,Санкт-Петербург,mass,2025-10-18 14:53:18,ольга.100201@example-shop.ru,context
100202,Никита,Москва,mass,2025-10-04 08:47:04,никита.100202@example-shop.ru,social
100203,Наталья,Москва,standard,2025-04-13 06:12:22,наталья.100203@example-shop.ru,social
100204,Екатерина,Екатеринбург,standard,2025-09-28 13:47:08,екатерина.100204@example-shop.ru,email
100205,Наталья,Москва,mass,2025-01-23 18:46:46,наталья.100205@example-shop.ru,referral
100206,Елена,Москва,standard,2025-03-03 19:42:07,елена.100206@example-shop.ru,social
100207,Дарья,Москва,standard,2025-10-23 08:51:13,дарья.100207@example-shop.ru,organic
100208,Полина,Пермь,premium,2025-04-30 00:27:00,полина.100208@example-shop.ru,organic
100209,Елена,Москва,mass,2025-07-09 08:02:34,елена.100209@example-shop.ru,context
100210,Дарья,Москва,standard,2025-07-16 11:11:59,дарья.100210@example-shop.ru,social
100211,Елена,Екатеринбург,standard,2025-09-15 21:49:59,елена.100211@example-shop.ru,email
100212,Роман,Москва,mass,2026-01-16 20:59:42,роман.100212@example-shop.ru,marketplace
100213,Дарья,Омск,standard,2025-09-01 02:43:22,дарья.100213@example-shop.ru,social
100214,Сергей,Пермь,standard,2026-04-06 16:08:40,сергей.100214@example-shop.ru,referral
100215,Роман,Казань,mass,2025-09-20 18:57:01,роман.100215@example-shop.ru,social
100216,Елена,Екатеринбург,mass,2026-06-26 02:36:44,елена.100216@example-shop.ru,context
100217,Мария,Казань,mass,2026-06-29 17:09:57,мария.100217@example-shop.ru,social
100218,Мария,Москва,standard,2025-08-21 22:48:42,мария.100218@example-shop.ru,context
100219,Сергей,Санкт-Петербург,mass,2026-02-22 04:40:59,сергей.100219@example-shop.ru,context
100220,Никита,Москва,mass,2025-09-04 23:54:46,никита.100220@example-shop.ru,marketplace
100221,Иван,Москва,mass,2026-04-22 22:58:17,иван.100221@example-shop.ru,social
100222,Наталья,Новосибирск,standard,2026-02-22 12:04:18,наталья.100222@example-shop.ru,organic
100223,Роман,Москва,standard,2025-07-04 10:19:27,роман.100223@example-shop.ru,social
100224,Дмитрий,Москва,mass,2025-06-25 01:38:55,дмитрий.100224@example-shop.ru,marketplace
100225,Роман,Екатеринбург,mass,2026-04-26 00:20:30,роман.100225@example-shop.ru,organic
100226,Максим,Екатеринбург,mass,2025-10-22 13:58:30,максим.100226@example-shop.ru,marketplace
100227,Андрей,Москва,mass,2026-01-14 15:40:14,андрей.100227@example-shop.ru,marketplace
100228,Виктория,Москва,standard,2026-01-04 23:23:11,виктория.100228@example-shop.ru,social
100229,Артём,Москва,mass,2025-04-01 09:26:38,артём.100229@example-shop.ru,context
100230,Анна,Москва,standard,2025-05-09 18:08:46,анна.100230@example-shop.ru,organic
100231,Наталья,Уфа,standard,2026-05-06 16:57:03,наталья.100231@example-shop.ru,organic
100232,Ксения,Пермь,premium,2025-06-02 09:02:11,ксения.100232@example-shop.ru,context
100233,Алексей,Казань,mass,2026-04-19 07:10:55,алексей.100233@example-shop.ru,email
100234,Дарья,Казань,mass,2025-07-14 02:58:24,дарья.100234@example-shop.ru,marketplace
100235,Наталья,Ростов-на-Дону,mass,2026-04-07 09:44:54,наталья.100235@example-shop.ru,organic
100236,Роман,Нижний Новгород,premium,2025-11-11 20:07:03,роман.100236@example-shop.ru,social
100237,Екатерина,Москва,standard,2025-02-24 02:46:40,екатерина.100237@example-shop.ru,social
100238,Сергей,Москва,standard,2025-05-28 09:02:02,сергей.100238@example-shop.ru,context
100239,Максим,Казань,standard,2026-06-04 04:58:38,максим.100239@example-shop.ru,social
100240,Михаил,Новосибирск,mass,2025-04-24 10:50:04,,marketplace
100241,Иван,Москва,standard,2025-05-05 00:18:35,иван.100241@example-shop.ru,context
100242,Виктория,Санкт-Петербург,standard,2025-03-23 11:34:02,виктория.100242@example-shop.ru,organic
100243,Мария,Санкт-Петербург,mass,2025-11-29 05:46:35,мария.100243@example-shop.ru,referral
100244,Михаил,Санкт-Петербург,premium,2026-03-18 01:46:24,михаил.100244@example-shop.ru,organic
100245,Михаил,Екатеринбург,premium,2026-05-26 05:38:56,михаил.100245@example-shop.ru,marketplace
100246,Мария,Самара,vip,2026-04-28 20:30:25,мария.100246@example-shop.ru,marketplace
100247,Дарья,Екатеринбург,standard,2026-04-27 17:22:16,дарья.100247@example-shop.ru,organic
100248,Сергей,,mass,2026-05-09 01:45:46,сергей.100248@example-shop.ru,social
100249,Дарья,Москва,standard,2025-11-06 10:15:32,дарья.100249@example-shop.ru,email
100250,Алексей,Краснодар,mass,2026-03-24 18:58:06,алексей.100250@example-shop.ru,context
100251,Анна,Екатеринбург,standard,2025-12-12 22:08:46,анна.100251@example-shop.ru,context
100252,Наталья,Москва,mass,2025-03-16 19:44:34,наталья.100252@example-shop.ru,marketplace
100253,Анна,Санкт-Петербург,premium,2025-01-14 06:59:22,анна.100253@example-shop.ru,organic
100254,Максим,Уфа,mass,2025-02-23 06:35:43,максим.100254@example-shop.ru,social
100255,Екатерина,Ростов-на-Дону,mass,2025-07-08 10:44:44,екатерина.100255@example-shop.ru,organic
100256,Иван,Воронеж,mass,2025-09-30 01:04:09,иван.100256@example-shop.ru,context
100257,Екатерина,Нижний Новгород,standard,2025-12-14 23:04:47,екатерина.100257@example-shop.ru,email
100258,Иван,Казань,mass,2025-10-12 04:15:52,иван.100258@example-shop.ru,referral
100259,Анна,Казань,mass,2025-07-19 15:21:47,анна.100259@example-shop.ru,social
100260,Виктория,Москва,mass,2026-02-04 09:19:38,виктория.100260@example-shop.ru,organic
100261,Дарья,Самара,mass,2026-04-15 09:09:30,дарья.100261@example-shop.ru,email
100262,Анна,Нижний Новгород,premium,2025-05-02 11:16:48,анна.100262@example-shop.ru,context
100263,Елена,Москва,mass,2025-05-23 14:18:19,елена.100263@example-shop.ru,social
100264,Никита,Воронеж,mass,2026-05-23 08:49:18,никита.100264@example-shop.ru,organic
100265,Полина,Санкт-Петербург,mass,2026-06-13 22:13:30,полина.100265@example-shop.ru,social
100266,Виктория,Москва,mass,2025-06-18 21:52:54,виктория.100266@example-shop.ru,social
100267,Сергей,Санкт-Петербург,mass,2025-10-05 15:42:14,сергей.100267@example-shop.ru,context
100268,Максим,Воронеж,mass,2025-11-11 21:44:27,максим.100268@example-shop.ru,social
100269,Михаил,Пермь,mass,2025-12-12 22:42:25,михаил.100269@example-shop.ru,context
100270,Виктория,Екатеринбург,mass,2026-04-16 23:54:50,виктория.100270@example-shop.ru,referral
100271,Елена,Омск,mass,2025-02-27 15:35:26,елена.100271@example-shop.ru,social
100272,Алексей,Воронеж,standard,2025-10-13 06:42:04,алексей.100272@example-shop.ru,marketplace
100273,Анна,Краснодар,mass,2025-04-28 23:55:32,анна.100273@example-shop.ru,organic
100274,Полина,Краснодар,standard,2026-02-15 16:31:52,полина.100274@example-shop.ru,organic
100275,Сергей,Казань,standard,2025-11-22 02:16:00,сергей.100275@example-shop.ru,organic
100276,Наталья,Ростов-на-Дону,premium,2026-02-13 05:15:45,наталья.100276@example-shop.ru,organic
100277,Наталья,Новосибирск,mass,2026-05-09 09:40:29,наталья.100277@example-shop.ru,social
100278,Дарья,Ростов-на-Дону,standard,2026-03-07 13:28:40,дарья.100278@example-shop.ru,organic
100279,Мария,Москва,premium,2026-04-11 12:09:05,мария.100279@example-shop.ru,organic
100280,Мария,Ростов-на-Дону,vip,2026-03-19 00:30:40,мария.100280@example-shop.ru,context
100281,Елена,Омск,standard,2025-12-07 20:14:43,елена.100281@example-shop.ru,social
100282,Наталья,Санкт-Петербург,mass,2025-08-02 21:24:55,наталья.100282@example-shop.ru,referral
100283,Екатерина,Тюмень,premium,2025-07-03 06:05:10,,context
100284,Наталья,Казань,standard,2025-07-18 03:18:56,наталья.100284@example-shop.ru,marketplace
100285,Сергей,Москва,mass,2025-11-28 00:41:45,сергей.100285@example-shop.ru,organic
100286,Никита,Москва,mass,2026-03-14 21:45:18,никита.100286@example-shop.ru,social
100287,Анна,Уфа,premium,2025-07-20 01:45:52,анна.100287@example-shop.ru,organic
100288,Виктория,Новосибирск,mass,2025-11-12 22:36:42,виктория.100288@example-shop.ru,email
100289,Артём,Санкт-Петербург,standard,2025-08-14 12:59:34,артём.100289@example-shop.ru,organic
100290,Наталья,Нижний Новгород,mass,2025-11-28 04:53:23,наталья.100290@example-shop.ru,marketplace
100291,Андрей,Санкт-Петербург,standard,2026-03-23 05:23:57,андрей.100291@example-shop.ru,referral
100292,Елена,Екатеринбург,mass,2025-08-13 11:52:39,елена.100292@example-shop.ru,social
100293,Полина,Воронеж,standard,2025-08-05 07:35:33,полина.100293@example-shop.ru,social
100294,Максим,Самара,mass,2025-04-20 21:07:11,максим.100294@example-shop.ru,context
100295,Артём,Уфа,premium,2025-09-29 18:12:31,артём.100295@example-shop.ru,organic
100296,Артём,Нижний Новгород,mass,2025-09-07 00:39:06,артём.100296@example-shop.ru,marketplace
100297,Андрей,Тюмень,mass,2025-03-29 06:33:57,андрей.100297@example-shop.ru,email
100298,Сергей,Москва,mass,2026-06-13 10:58:32,сергей.100298@example-shop.ru,organic
100299,Елена,Санкт-Петербург,mass,2026-04-14 12:06:07,елена.100299@example-shop.ru,organic
100300,Алексей,Москва,vip,2025-06-08 12:32:19,алексей.100300@example-shop.ru,context
100301,Ольга,Новосибирск,mass,2026-05-30 16:41:30,ольга.100301@example-shop.ru,email
100302,Андрей,Нижний Новгород,mass,2025-05-29 05:52:04,андрей.100302@example-shop.ru,social
100303,Алексей,Ростов-на-Дону,standard,2025-08-17 06:43:49,алексей.100303@example-shop.ru,referral
100304,Ксения,Санкт-Петербург,mass,2025-03-13 06:39:25,ксения.100304@example-shop.ru,organic
100305,Артём,Москва,mass,2025-11-30 13:49:07,артём.100305@example-shop.ru,marketplace
100306,Иван,Нижний Новгород,standard,2025-09-20 05:50:24,иван.100306@example-shop.ru,organic
100307,Максим,Тюмень,mass,2025-05-26 16:46:33,МАКСИМ.100307@EXAMPLE-SHOP.RU,context
100308,Виктория,Санкт-Петербург,premium,2025-06-07 05:58:39,виктория.100308@example-shop.ru,marketplace
100309,Максим,Москва,standard,2026-05-25 17:05:13,максим.100309@example-shop.ru,referral
100310,Иван,Санкт-Петербург,mass,2026-01-10 11:34:42,иван.100310@example-shop.ru,social
100311,Екатерина,Казань,standard,2025-03-25 08:51:53,екатерина.100311@example-shop.ru,email
100312,Екатерина,Санкт-Петербург,premium,2025-03-15 15:25:46,екатерина.100312@example-shop.ru,organic
100313,Иван,Санкт-Петербург,mass,2025-02-08 03:55:12,иван.100313@example-shop.ru,organic
100314,Елена,Нижний Новгород,standard,2025-05-15 18:50:50,елена.100314@example-shop.ru,organic
100315,Дмитрий,Санкт-Петербург,mass,2026-02-07 06:34:12,дмитрий.100315@example-shop.ru,organic
100316,Екатерина,Казань,mass,2025-02-03 17:00:42,екатерина.100316@example-shop.ru,referral
100317,Роман,Москва,standard,2025-05-16 20:20:29,РОМАН.100317@EXAMPLE-SHOP.RU,social
100318,Роман,Пермь,mass,2025-01-23 14:26:21,роман.100318@example-shop.ru,context
100319,Никита,Казань,mass,2025-12-20 23:30:50,никита.100319@example-shop.ru,email
100320,Дарья,Санкт-Петербург,mass,2026-03-20 16:59:47,дарья.100320@example-shop.ru,context
100321,Максим,Москва,standard,2025-10-16 08:35:25,максим.100321@example-shop.ru,organic
100322,Иван,Нижний Новгород,standard,2026-05-09 16:53:08,иван.100322@example-shop.ru,context
100323,Михаил,Воронеж,mass,2026-01-11 05:15:40,михаил.100323@example-shop.ru,email
100324,Никита,Москва,mass,2026-02-21 07:39:57,никита.100324@example-shop.ru,context
100325,Полина,Москва,premium,2025-06-20 22:47:27,полина.100325@example-shop.ru,marketplace
100326,Дмитрий,Москва,mass,2026-04-17 12:20:17,дмитрий.100326@example-shop.ru,email
100327,Дмитрий,Нижний Новгород,mass,2025-12-10 22:52:49,дмитрий.100327@example-shop.ru,email
100328,Алексей,Пермь,mass,2025-02-17 04:40:39,АЛЕКСЕЙ.100328@EXAMPLE-SHOP.RU,email
100329,Иван,Казань,standard,2025-02-15 00:56:29,иван.100329@example-shop.ru,social
100330,Виктория,Санкт-Петербург,mass,2026-05-05 11:35:47,виктория.100330@example-shop.ru,marketplace
100331,Артём,Уфа,premium,2025-05-30 23:33:19,артём.100331@example-shop.ru,social
100332,Ольга,Ростов-на-Дону,standard,2025-09-11 23:48:03,ольга.100332@example-shop.ru,context
100333,Максим,Москва,mass,2026-02-19 10:11:26,максим.100333@example-shop.ru,organic
100334,Андрей,Москва,standard,2026-02-23 21:51:40,андрей.100334@example-shop.ru,email
100335,Наталья,Санкт-Петербург,mass,2025-01-15 18:02:21,наталья.100335@example-shop.ru,context
100336,Андрей,Уфа,mass,2025-12-02 14:06:19,андрей.100336@example-shop.ru,email
100337,Полина,Самара,standard,2026-05-13 15:56:18,полина.100337@example-shop.ru,marketplace
100338,Максим,Самара,mass,2025-07-10 16:17:49,максим.100338@example-shop.ru,context
100339,Дмитрий,Краснодар,premium,2025-10-23 18:37:56,дмитрий.100339@example-shop.ru,context
100340,Полина,,standard,2025-05-25 07:34:16,полина.100340@example-shop.ru,organic
100341,Михаил,Санкт-Петербург,mass,2026-01-29 01:19:19,михаил.100341@example-shop.ru,context
100342,Елена,Москва,vip,2025-03-06 09:08:33,елена.100342@example-shop.ru,referral
100343,Михаил,Воронеж,mass,2025-10-11 02:14:52,михаил.100343@example-shop.ru,context
100344,Артём,Нижний Новгород,mass,2025-08-13 21:28:35,артём.100344@example-shop.ru,social
100345,Никита,Санкт-Петербург,mass,2025-12-16 10:25:40,никита.100345@example-shop.ru,social
100346,Елена,Москва,premium,2025-09-27 06:51:48,елена.100346@example-shop.ru,organic
100347,Полина,Ростов-на-Дону,mass,2026-06-20 00:13:39,ПОЛИНА.100347@EXAMPLE-SHOP.RU,organic
100348,Никита,Ростов-на-Дону,mass,2026-06-20 19:08:43,никита.100348@example-shop.ru,organic
100349,Анна,Самара,mass,2025-06-04 20:39:39,анна.100349@example-shop.ru,email
100350,Анна,Москва,mass,2025-01-21 07:45:33,анна.100350@example-shop.ru,organic
100351,Артём,Пермь,mass,2025-09-26 12:44:43,артём.100351@example-shop.ru,organic
100352,Алексей,Ростов-на-Дону,standard,2025-11-18 15:09:03,алексей.100352@example-shop.ru,context
100353,Елена,Самара,premium,2026-02-14 16:09:42,елена.100353@example-shop.ru,referral
100354,Сергей,Самара,standard,2025-10-14 02:55:56,сергей.100354@example-shop.ru,email
100355,Полина,Пермь,mass,2025-11-16 14:06:58,полина.100355@example-shop.ru,context
100356,Полина,Пермь,mass,2025-01-13 11:28:55,полина.100356@example-shop.ru,social
100357,Анна,Нижний Новгород,mass,2026-02-20 15:11:29,анна.100357@example-shop.ru,referral
100358,Ксения,Казань,mass,2025-06-29 17:01:46,ксения.100358@example-shop.ru,marketplace
100359,Мария,Санкт-Петербург,standard,2025-07-29 12:03:01,мария.100359@example-shop.ru,social
100360,Роман,Краснодар,mass,2025-08-19 11:53:26,роман.100360@example-shop.ru,referral
100361,Андрей,Самара,premium,2025-02-09 00:41:06,андрей.100361@example-shop.ru,organic
100362,Ксения,Москва,mass,2025-09-27 09:02:54,ксения.100362@example-shop.ru,context
100363,Дмитрий,Москва,standard,2025-07-27 17:54:46,дмитрий.100363@example-shop.ru,marketplace
100364,Ксения,Пермь,premium,2025-05-08 05:36:20,ксения.100364@example-shop.ru,organic
100365,Иван,Воронеж,standard,2025-05-14 23:52:43,иван.100365@example-shop.ru,context
100366,Артём,Омск,premium,2025-01-19 14:01:51,артём.100366@example-shop.ru,referral
100367,Наталья,Казань,standard,2026-04-29 19:03:06,наталья.100367@example-shop.ru,marketplace
100368,Максим,Уфа,standard,2025-06-10 03:28:04,максим.100368@example-shop.ru,organic
100369,Алексей,Краснодар,mass,2026-04-22 15:19:32,алексей.100369@example-shop.ru,marketplace
100370,Дарья,Санкт-Петербург,mass,2026-04-01 19:36:46,дарья.100370@example-shop.ru,organic
100371,Максим,Москва,premium,2025-09-07 07:21:09,максим.100371@example-shop.ru,email
100372,Екатерина,Тюмень,mass,2026-03-17 06:46:51,екатерина.100372@example-shop.ru,marketplace
100373,Сергей,Москва,premium,2025-04-26 04:08:56,сергей.100373@example-shop.ru,email
100374,Ольга,Нижний Новгород,mass,2025-04-09 12:13:12,ольга.100374@example-shop.ru,marketplace
100375,Ксения,Самара,standard,2026-05-05 23:16:33,ксения.100375@example-shop.ru,marketplace
100376,Мария,Самара,mass,2025-12-19 05:36:22,мария.100376@example-shop.ru,marketplace
100377,Роман,Санкт-Петербург,premium,2026-01-11 14:25:42,роман.100377@example-shop.ru,social
100378,Роман,Ростов-на-Дону,mass,2026-05-19 09:18:27,роман.100378@example-shop.ru,context
100379,Ольга,Москва,mass,2025-01-08 14:28:14,ольга.100379@example-shop.ru,organic
100380,Елена,Краснодар,premium,2025-04-04 19:10:06,елена.100380@example-shop.ru,organic
100381,Алексей,Москва,mass,2026-06-09 02:38:57,алексей.100381@example-shop.ru,referral
100382,Никита,Самара,mass,2025-03-12 03:05:11,никита.100382@example-shop.ru,organic
100383,Никита,Уфа,premium,2025-09-02 10:47:29,никита.100383@example-shop.ru,marketplace
100384,Дмитрий,Москва,premium,2025-01-13 01:40:23,дмитрий.100384@example-shop.ru,organic
100385,Алексей,Москва,mass,2025-06-27 13:07:57,алексей.100385@example-shop.ru,organic
100386,Иван,Уфа,standard,2025-04-04 23:08:31,иван.100386@example-shop.ru,organic
100387,Мария,Москва,mass,2025-05-20 09:50:39,мария.100387@example-shop.ru,organic
100388,Андрей,Москва,mass,2026-03-20 14:29:58,андрей.100388@example-shop.ru,organic
100389,Ксения,Екатеринбург,standard,2025-05-31 07:06:25,ксения.100389@example-shop.ru,social
100390,Анна,Пермь,mass,2026-03-20 14:59:08,анна.100390@example-shop.ru,context
100391,Роман,Новосибирск,mass,2026-05-03 16:53:53,роман.100391@example-shop.ru,email
100392,Анна,Казань,mass,2025-10-22 13:06:47,анна.100392@example-shop.ru,context
100393,Ольга,Тюмень,premium,2025-10-21 12:29:37,ольга.100393@example-shop.ru,referral
100394,Виктория,Екатеринбург,standard,2025-07-01 19:01:24,виктория.100394@example-shop.ru,referral
100395,Роман,Казань,mass,2025-12-30 08:20:45,роман.100395@example-shop.ru,organic
100396,Ксения,Казань,premium,2026-03-16 16:41:16,ксения.100396@example-shop.ru,organic
100397,Алексей,Санкт-Петербург,standard,2026-04-16 10:13:30,алексей.100397@example-shop.ru,email
100398,Анна,Санкт-Петербург,mass,2025-04-17 06:47:57,анна.100398@example-shop.ru,referral
100399,Елена,Самара,vip,2026-01-09 23:24:43,елена.100399@example-shop.ru,organic
100400,Максим,Москва,mass,2025-03-18 05:17:24,максим.100400@example-shop.ru,referral
100401,Полина,Самара,mass,2025-09-25 04:20:48,полина.100401@example-shop.ru,context
100402,Дарья,Москва,mass,2025-02-18 14:52:10,дарья.100402@example-shop.ru,organic
100403,Максим,Казань,mass,2025-10-27 18:00:47,максим.100403@example-shop.ru,organic
100404,Полина,Москва,standard,2026-04-09 23:20:36,полина.100404@example-shop.ru,email
100405,Наталья,Новосибирск,standard,2026-03-22 06:35:56,наталья.100405@example-shop.ru,context
100406,Артём,Ростов-на-Дону,premium,2026-01-25 14:08:46,артём.100406@example-shop.ru,social
100407,Сергей,Санкт-Петербург,mass,2025-11-11 18:08:12,сергей.100407@example-shop.ru,organic
100408,Иван,Москва,mass,2025-12-07 09:35:18,иван.100408@example-shop.ru,organic
100409,Никита,Москва,mass,2025-02-24 09:40:05,никита.100409@example-shop.ru,organic
100410,Алексей,Краснодар,mass,2026-02-01 11:16:27,алексей.100410@example-shop.ru,context
100411,Анна,Санкт-Петербург,premium,2026-01-07 10:04:10,анна.100411@example-shop.ru,email
100412,Дмитрий,Уфа,standard,2025-03-20 04:42:04,дмитрий.100412@example-shop.ru,email
100413,Елена,Санкт-Петербург,standard,2025-12-11 15:25:45,елена.100413@example-shop.ru,organic
100414,Иван,Москва,standard,2025-07-29 17:02:28,иван.100414@example-shop.ru,organic
100415,Алексей,Ростов-на-Дону,mass,2025-10-05 13:06:41,алексей.100415@example-shop.ru,organic
100416,Екатерина,Екатеринбург,mass,2026-03-20 16:37:37,екатерина.100416@example-shop.ru,email
100417,Полина,Москва,mass,2025-06-25 13:04:13,полина.100417@example-shop.ru,social
100418,Иван,Омск,standard,2026-05-15 15:17:34,иван.100418@example-shop.ru,email
100419,Елена,Москва,mass,2025-08-16 04:19:09,елена.100419@example-shop.ru,context
100420,Артём,Санкт-Петербург,mass,2025-10-07 15:17:27,артём.100420@example-shop.ru,social
100421,Никита,Казань,standard,2025-01-16 17:29:58,никита.100421@example-shop.ru,social
100422,Екатерина,Екатеринбург,mass,2025-03-08 12:33:49,екатерина.100422@example-shop.ru,social
100423,Дарья,Уфа,mass,2025-06-03 12:42:43,дарья.100423@example-shop.ru,context
100424,Виктория,Москва,mass,2026-06-18 07:00:24,виктория.100424@example-shop.ru,organic
100425,Сергей,Пермь,mass,2025-05-22 15:26:52,сергей.100425@example-shop.ru,context
100426,Анна,Самара,mass,2025-08-04 06:58:23,анна.100426@example-shop.ru,marketplace
100427,Ксения,Омск,premium,2026-04-11 10:27:45,ксения.100427@example-shop.ru,organic
100428,Андрей,Краснодар,standard,2025-06-23 20:27:00,андрей.100428@example-shop.ru,referral
100429,Алексей,Пермь,mass,2026-03-20 00:59:20,алексей.100429@example-shop.ru,marketplace
100430,Роман,Нижний Новгород,standard,2025-03-07 09:28:52,роман.100430@example-shop.ru,social
100431,Мария,Санкт-Петербург,standard,2025-03-14 13:57:08,мария.100431@example-shop.ru,social
100432,Роман,Екатеринбург,standard,2025-01-07 21:11:43,роман.100432@example-shop.ru,organic
100433,Андрей,Самара,premium,2025-03-10 01:21:09,андрей.100433@example-shop.ru,email
100434,Иван,Казань,standard,2025-11-26 00:02:50,иван.100434@example-shop.ru,marketplace
100435,Сергей,Ростов-на-Дону,mass,2025-02-19 11:38:05,,marketplace
100436,Иван,Москва,mass,2025-11-30 18:35:51,иван.100436@example-shop.ru,organic
100437,Виктория,Краснодар,mass,2025-11-23 12:25:03,виктория.100437@example-shop.ru,marketplace
100438,Никита,Москва,mass,2025-05-08 15:52:26,никита.100438@example-shop.ru,context
100439,Мария,Омск,premium,2025-01-21 06:08:33,мария.100439@example-shop.ru,social
100440,Ольга,Москва,standard,2025-03-30 06:47:12,ольга.100440@example-shop.ru,organic
100441,Полина,Москва,mass,2025-03-19 23:51:40,полина.100441@example-shop.ru,organic
100442,Максим,Краснодар,premium,2025-10-15 18:21:18,максим.100442@example-shop.ru,social
100443,Иван,Краснодар,standard,2026-05-23 09:12:46,иван.100443@example-shop.ru,social
100444,Наталья,Ростов-на-Дону,mass,2025-08-26 07:07:17,,marketplace
100445,Артём,Омск,premium,2025-12-12 09:26:45,артём.100445@example-shop.ru,organic
100446,Екатерина,Санкт-Петербург,mass,2025-06-15 11:47:41,екатерина.100446@example-shop.ru,marketplace
100447,Максим,Краснодар,mass,2025-02-20 00:15:56,максим.100447@example-shop.ru,context
100448,Полина,Санкт-Петербург,mass,2025-04-29 22:29:09,полина.100448@example-shop.ru,organic
100449,Артём,Новосибирск,premium,2025-09-19 04:12:40,артём.100449@example-shop.ru,organic
100450,Елена,Екатеринбург,mass,2026-04-14 07:43:14,елена.100450@example-shop.ru,email
100451,Полина,Москва,mass,2025-05-16 10:58:49,полина.100451@example-shop.ru,email
100452,Никита,Новосибирск,standard,2026-06-21 04:28:10,никита.100452@example-shop.ru,organic
100453,Наталья,Ростов-на-Дону,premium,2025-12-15 03:47:35,наталья.100453@example-shop.ru,context
100454,Алексей,Москва,mass,2025-07-13 19:00:32,алексей.100454@example-shop.ru,social
100455,Виктория,Пермь,mass,2025-12-06 04:58:17,виктория.100455@example-shop.ru,social
100456,Виктория,Новосибирск,premium,2026-01-16 11:33:02,виктория.100456@example-shop.ru,referral
100457,Иван,,standard,2026-01-09 19:48:27,иван.100457@example-shop.ru,email
100458,Михаил,Самара,mass,2026-04-17 17:21:27,михаил.100458@example-shop.ru,organic
100459,Андрей,Москва,mass,2025-12-27 18:01:12,андрей.100459@example-shop.ru,organic
100460,Иван,Москва,mass,2025-01-15 16:19:59,иван.100460@example-shop.ru,organic
100461,Роман,Самара,standard,2025-07-25 14:34:56,роман.100461@example-shop.ru,marketplace
100462,Иван,Москва,standard,2026-05-10 21:29:19,иван.100462@example-shop.ru,social
100463,Роман,Москва,standard,2025-04-23 20:48:23,роман.100463@example-shop.ru,organic
100464,Сергей,Ростов-на-Дону,mass,2025-09-30 00:52:07,сергей.100464@example-shop.ru,email
100465,Алексей,Москва,standard,2025-09-30 15:07:06,алексей.100465@example-shop.ru,social
100466,Полина,Уфа,mass,2025-10-31 10:16:49,полина.100466@example-shop.ru,context
100467,Анна,Уфа,premium,2026-04-19 14:03:17,анна.100467@example-shop.ru,organic
100468,Виктория,Москва,mass,2025-10-22 05:32:34,виктория.100468@example-shop.ru,email
100469,Анна,Новосибирск,mass,2025-01-01 06:33:27,анна.100469@example-shop.ru,referral
100470,Никита,Москва,mass,2025-05-13 09:29:15,никита.100470@example-shop.ru,organic
100471,Роман,Нижний Новгород,mass,2025-12-10 21:46:33,роман.100471@example-shop.ru,organic
100472,Андрей,Москва,mass,2026-03-03 07:43:04,андрей.100472@example-shop.ru,organic
100473,Сергей,Омск,standard,2025-12-19 10:52:41,сергей.100473@example-shop.ru,referral
100474,Наталья,Москва,premium,2026-02-04 02:59:09,наталья.100474@example-shop.ru,context
100475,Михаил,Самара,mass,2025-05-12 05:06:54,михаил.100475@example-shop.ru,context
100476,Дарья,Москва,mass,2025-02-22 04:57:50,дарья.100476@example-shop.ru,context
100477,Андрей,Москва,mass,2026-06-01 22:03:59,андрей.100477@example-shop.ru,marketplace
100478,Алексей,Екатеринбург,standard,2025-11-03 17:18:49,алексей.100478@example-shop.ru,context
100479,Екатерина,Новосибирск,mass,2026-02-07 11:06:31,екатерина.100479@example-shop.ru,context
100480,Иван,Тюмень,mass,2026-06-06 13:54:09,иван.100480@example-shop.ru,context
100481,Елена,Москва,mass,2025-04-10 11:35:51,елена.100481@example-shop.ru,referral
100482,Андрей,Москва,mass,2026-04-20 18:44:21,андрей.100482@example-shop.ru,marketplace
100483,Елена,Санкт-Петербург,standard,2025-07-19 15:10:38,елена.100483@example-shop.ru,marketplace
100484,Дарья,Санкт-Петербург,mass,2025-12-08 02:49:45,дарья.100484@example-shop.ru,social
100485,Наталья,Воронеж,mass,2025-07-30 17:38:48,наталья.100485@example-shop.ru,context
100486,Дмитрий,Пермь,standard,2025-04-19 06:54:32,дмитрий.100486@example-shop.ru,context
100487,Максим,Воронеж,mass,2026-04-25 07:06:09,максим.100487@example-shop.ru,email
100488,Артём,Москва,standard,2025-07-09 05:40:42,артём.100488@example-shop.ru,referral
100489,Дарья,Казань,mass,2025-01-14 12:13:36,дарья.100489@example-shop.ru,context
100490,Михаил,Ростов-на-Дону,premium,2025-03-23 22:41:00,михаил.100490@example-shop.ru,social
100491,Никита,Санкт-Петербург,standard,2026-06-09 00:19:39,никита.100491@example-shop.ru,organic
100492,Ксения,Самара,mass,2026-03-24 22:51:08,ксения.100492@example-shop.ru,referral
100493,Дарья,Москва,premium,2025-12-29 04:39:36,дарья.100493@example-shop.ru,organic
100494,Михаил,Санкт-Петербург,mass,2026-03-01 09:00:52,михаил.100494@example-shop.ru,context
100495,Елена,Воронеж,mass,2025-12-20 12:19:52,елена.100495@example-shop.ru,organic
100496,Сергей,Санкт-Петербург,standard,2026-05-12 03:29:11,сергей.100496@example-shop.ru,organic
100497,Иван,Омск,standard,2025-02-24 07:33:00,иван.100497@example-shop.ru,organic
100498,Ольга,Санкт-Петербург,mass,2025-02-04 13:12:49,ольга.100498@example-shop.ru,referral
100499,Никита,Москва,mass,2026-01-14 16:50:30,никита.100499@example-shop.ru,referral
100500,Сергей,Санкт-Петербург,mass,2026-06-10 18:27:08,сергей.100500@example-shop.ru,social
100501,Иван,Москва,standard,2025-11-13 19:49:41,иван.100501@example-shop.ru,context
100502,Екатерина,Екатеринбург,premium,2026-06-11 16:52:10,екатерина.100502@example-shop.ru,marketplace
100503,Полина,Москва,mass,2025-08-07 12:00:27,полина.100503@example-shop.ru,marketplace
100504,Ксения,Нижний Новгород,vip,2026-01-03 13:16:48,ксения.100504@example-shop.ru,social
100505,Елена,Воронеж,mass,2025-10-05 10:45:57,елена.100505@example-shop.ru,referral
100506,Наталья,Санкт-Петербург,standard,2026-04-26 13:16:01,наталья.100506@example-shop.ru,email
100507,Артём,Москва,premium,2025-12-19 17:55:06,артём.100507@example-shop.ru,referral
100508,Дмитрий,Казань,standard,2025-08-27 22:46:02,дмитрий.100508@example-shop.ru,organic
100509,Елена,Уфа,mass,2025-05-14 08:21:26,елена.100509@example-shop.ru,social
100510,Дмитрий,Нижний Новгород,mass,2025-06-20 19:19:41,дмитрий.100510@example-shop.ru,organic
100511,Полина,Москва,mass,2025-02-10 18:06:35,полина.100511@example-shop.ru,email
100512,Роман,Новосибирск,standard,2025-03-26 03:08:21,роман.100512@example-shop.ru,referral
100513,Андрей,Екатеринбург,vip,2025-10-05 08:11:56,андрей.100513@example-shop.ru,marketplace
100514,Андрей,Санкт-Петербург,mass,2025-01-18 05:03:34,андрей.100514@example-shop.ru,organic
100515,Полина,Москва,mass,2025-09-14 20:53:38,полина.100515@example-shop.ru,social
100516,Иван,Тюмень,mass,2025-01-23 21:19:31,иван.100516@example-shop.ru,referral
100517,Ксения,Москва,standard,2025-03-30 06:47:58,ксения.100517@example-shop.ru,email
100518,Мария,Москва,standard,2026-01-12 21:41:33,мария.100518@example-shop.ru,email
100519,Наталья,Москва,mass,2025-01-16 17:13:18,наталья.100519@example-shop.ru,organic
100520,Виктория,Новосибирск,standard,2025-07-03 10:23:47,виктория.100520@example-shop.ru,marketplace
100521,Ольга,Екатеринбург,mass,2025-04-14 18:26:44,ольга.100521@example-shop.ru,marketplace
100522,Иван,Москва,standard,2025-01-30 11:07:36,иван.100522@example-shop.ru,marketplace
100523,Анна,Казань,mass,2025-04-24 11:15:46,анна.100523@example-shop.ru,social
100524,Андрей,Самара,mass,2025-03-03 03:36:22,андрей.100524@example-shop.ru,email
100525,Максим,Санкт-Петербург,standard,2025-02-13 21:43:13,максим.100525@example-shop.ru,organic
100526,Максим,Пермь,standard,2025-12-29 13:54:41,максим.100526@example-shop.ru,organic
100527,Никита,Санкт-Петербург,mass,2025-03-10 02:10:21,никита.100527@example-shop.ru,organic
100528,Иван,Москва,standard,2026-05-27 13:56:13,иван.100528@example-shop.ru,social
100529,Никита,Омск,mass,2025-09-23 05:00:35,никита.100529@example-shop.ru,marketplace
100530,Никита,Краснодар,mass,2025-08-11 08:21:17,никита.100530@example-shop.ru,social
100531,Виктория,Санкт-Петербург,premium,2026-04-23 07:16:35,виктория.100531@example-shop.ru,context
100532,Анна,Краснодар,premium,2026-02-28 19:45:39,анна.100532@example-shop.ru,email
100533,Анна,Новосибирск,mass,2025-08-18 03:35:46,анна.100533@example-shop.ru,social
100534,Елена,Санкт-Петербург,premium,2026-06-15 14:27:00,елена.100534@example-shop.ru,context
100535,Виктория,Краснодар,standard,2025-10-17 05:18:01,виктория.100535@example-shop.ru,social
100536,Анна,Ростов-на-Дону,mass,2026-01-22 00:33:17,анна.100536@example-shop.ru,social
100537,Наталья,Санкт-Петербург,mass,2026-06-13 10:54:30,,social
100538,Иван,Нижний Новгород,mass,2026-01-30 00:55:26,иван.100538@example-shop.ru,email
100539,Артём,Санкт-Петербург,standard,2025-11-19 01:09:41,артём.100539@example-shop.ru,context
100540,Алексей,Москва,premium,2025-12-02 15:58:56,алексей.100540@example-shop.ru,context
100541,Роман,Омск,mass,2025-12-23 11:22:03,роман.100541@example-shop.ru,social
100542,Мария,Новосибирск,mass,2026-06-17 20:00:31,мария.100542@example-shop.ru,marketplace
100543,Анна,Нижний Новгород,mass,2026-01-18 02:12:47,анна.100543@example-shop.ru,context
100544,Анна,Нижний Новгород,mass,2025-06-13 09:27:46,анна.100544@example-shop.ru,email
100545,Андрей,Новосибирск,standard,2025-01-12 23:32:51,,social
100546,Мария,Санкт-Петербург,mass,2026-03-03 17:29:20,мария.100546@example-shop.ru,organic
100547,Сергей,Тюмень,standard,2025-09-24 01:00:19,сергей.100547@example-shop.ru,context
100548,Виктория,Нижний Новгород,mass,2025-08-15 05:13:15,виктория.100548@example-shop.ru,organic
100549,Артём,Самара,standard,2026-05-25 15:33:18,артём.100549@example-shop.ru,organic
100550,Екатерина,Екатеринбург,standard,2025-03-26 16:53:20,екатерина.100550@example-shop.ru,organic
100551,Андрей,Санкт-Петербург,standard,2025-01-21 10:51:40,андрей.100551@example-shop.ru,referral
100552,Ольга,Москва,mass,2026-02-07 22:59:26,ольга.100552@example-shop.ru,social
100553,Андрей,Санкт-Петербург,standard,2026-05-19 16:08:41,андрей.100553@example-shop.ru,social
100554,Максим,Москва,standard,2026-03-29 00:34:37,МАКСИМ.100554@EXAMPLE-SHOP.RU,social
100555,Полина,Самара,standard,2026-04-20 17:26:38,полина.100555@example-shop.ru,context
100556,Артём,Воронеж,standard,2026-04-16 15:52:35,артём.100556@example-shop.ru,marketplace
100557,Роман,Санкт-Петербург,premium,2026-01-09 15:13:53,роман.100557@example-shop.ru,marketplace
100558,Ксения,Санкт-Петербург,mass,2026-05-18 10:10:14,ксения.100558@example-shop.ru,email
100559,Дарья,Самара,mass,2025-07-05 23:54:47,дарья.100559@example-shop.ru,context
100560,Ксения,Москва,vip,2026-02-10 23:26:37,ксения.100560@example-shop.ru,marketplace
100561,Артём,Пермь,mass,2025-02-20 04:28:35,артём.100561@example-shop.ru,email
100562,Алексей,Санкт-Петербург,premium,2025-10-15 13:15:02,алексей.100562@example-shop.ru,organic
100563,Наталья,Москва,standard,2025-06-08 09:42:24,наталья.100563@example-shop.ru,context
100564,Анна,Москва,premium,2026-05-27 14:08:10,анна.100564@example-shop.ru,context
100565,Ксения,Пермь,standard,2025-08-26 16:51:49,ксения.100565@example-shop.ru,referral
100566,Дмитрий,Москва,standard,2025-04-25 05:07:08,дмитрий.100566@example-shop.ru,social
100567,Дмитрий,Самара,standard,2025-11-07 07:06:27,дмитрий.100567@example-shop.ru,organic
100568,Дмитрий,Москва,mass,2025-02-12 03:12:42,дмитрий.100568@example-shop.ru,organic
100569,Михаил,Москва,mass,2025-03-11 02:17:22,михаил.100569@example-shop.ru,context
100570,Виктория,Воронеж,mass,2025-08-24 05:39:51,виктория.100570@example-shop.ru,referral
100571,Никита,Москва,mass,2025-12-10 20:09:43,никита.100571@example-shop.ru,social
100572,Сергей,Москва,premium,2025-11-14 07:25:08,сергей.100572@example-shop.ru,organic
100573,Елена,Екатеринбург,mass,2025-01-31 04:38:07,елена.100573@example-shop.ru,social
100574,Алексей,Воронеж,standard,2026-01-06 14:15:40,алексей.100574@example-shop.ru,marketplace
100575,Алексей,Санкт-Петербург,mass,2025-02-01 10:15:54,алексей.100575@example-shop.ru,organic
100576,Ольга,Москва,mass,2026-03-21 09:43:09,ольга.100576@example-shop.ru,social
100577,Никита,Тюмень,vip,2025-01-22 07:49:23,никита.100577@example-shop.ru,context
100578,Артём,Самара,mass,2025-01-15 13:58:36,артём.100578@example-shop.ru,organic
100579,Ксения,Краснодар,standard,2025-10-10 02:12:51,ксения.100579@example-shop.ru,marketplace
100580,Иван,Ростов-на-Дону,mass,2026-03-14 02:45:58,иван.100580@example-shop.ru,marketplace
100581,Мария,Самара,mass,2026-02-21 22:38:53,мария.100581@example-shop.ru,context
100582,Андрей,Казань,mass,2025-11-24 01:40:59,андрей.100582@example-shop.ru,context
100583,Иван,Санкт-Петербург,standard,2025-04-08 07:03:38,иван.100583@example-shop.ru,organic
100584,Мария,Ростов-на-Дону,mass,2026-06-04 08:33:21,мария.100584@example-shop.ru,social
100585,Сергей,Ростов-на-Дону,standard,2025-01-12 04:43:26,сергей.100585@example-shop.ru,organic
100586,Никита,Омск,standard,2025-07-09 14:29:53,никита.100586@example-shop.ru,social
100587,Екатерина,Новосибирск,mass,2026-02-15 23:34:10,екатерина.100587@example-shop.ru,organic
100588,Мария,Санкт-Петербург,mass,2025-12-03 06:04:41,мария.100588@example-shop.ru,referral
100589,Андрей,Екатеринбург,mass,2026-03-07 18:42:02,андрей.100589@example-shop.ru,marketplace
100590,Андрей,Нижний Новгород,standard,2026-02-22 18:27:11,андрей.100590@example-shop.ru,organic
100591,Андрей,Казань,mass,2026-05-28 02:32:35,андрей.100591@example-shop.ru,email
100592,Никита,Уфа,mass,2025-10-09 10:27:07,никита.100592@example-shop.ru,email
100593,Дмитрий,Нижний Новгород,mass,2026-03-24 09:59:06,дмитрий.100593@example-shop.ru,organic
100594,Полина,Москва,mass,2025-03-26 23:16:15,полина.100594@example-shop.ru,marketplace
100595,Максим,Новосибирск,standard,2025-04-05 20:48:00,максим.100595@example-shop.ru,social
100596,Андрей,Нижний Новгород,mass,2025-01-28 03:22:51,андрей.100596@example-shop.ru,social
100597,Виктория,Пермь,mass,2025-04-22 11:03:56,виктория.100597@example-shop.ru,referral
100598,Дарья,,mass,2025-03-02 17:07:14,дарья.100598@example-shop.ru,context
100599,Михаил,Новосибирск,standard,2026-03-26 05:06:26,михаил.100599@example-shop.ru,organic
100600,Михаил,Екатеринбург,standard,2025-09-27 17:21:06,михаил.100600@example-shop.ru,context
100601,Михаил,Новосибирск,mass,2025-08-31 02:05:31,михаил.100601@example-shop.ru,referral
100602,Дарья,Москва,mass,2025-12-15 14:04:57,дарья.100602@example-shop.ru,marketplace
100603,Роман,Воронеж,standard,2025-07-15 23:03:03,роман.100603@example-shop.ru,context
100604,Иван,Пермь,mass,2025-11-07 22:24:55,иван.100604@example-shop.ru,organic
100605,Андрей,Новосибирск,standard,2025-01-02 22:09:57,андрей.100605@example-shop.ru,organic
100606,Артём,Новосибирск,mass,2026-01-24 12:56:35,артём.100606@example-shop.ru,marketplace
100607,Максим,Москва,mass,2026-04-20 23:16:40,максим.100607@example-shop.ru,organic
100608,Артём,Нижний Новгород,mass,2025-01-22 06:02:59,артём.100608@example-shop.ru,marketplace
100609,Полина,Казань,mass,2025-02-13 21:10:05,полина.100609@example-shop.ru,organic
100610,Ксения,Ростов-на-Дону,standard,2025-03-16 07:20:11,КСЕНИЯ.100610@EXAMPLE-SHOP.RU,organic
100611,Андрей,Москва,mass,2025-11-28 09:33:12,андрей.100611@example-shop.ru,organic
100612,Наталья,Ростов-на-Дону,mass,2026-02-19 19:42:45,наталья.100612@example-shop.ru,social
100613,Дарья,Санкт-Петербург,mass,2026-03-25 11:57:29,дарья.100613@example-shop.ru,context
100614,Ольга,Самара,mass,2026-03-02 17:51:55,ольга.100614@example-shop.ru,marketplace
100615,Екатерина,Нижний Новгород,standard,2026-01-18 18:00:12,екатерина.100615@example-shop.ru,social
100616,Михаил,Москва,standard,2025-06-02 13:34:44,михаил.100616@example-shop.ru,organic
100617,Дмитрий,Екатеринбург,premium,2026-02-11 06:13:29,дмитрий.100617@example-shop.ru,social
100618,Елена,Краснодар,mass,2025-04-10 16:34:20,елена.100618@example-shop.ru,context
100619,Мария,Нижний Новгород,mass,2026-06-10 01:47:46,мария.100619@example-shop.ru,referral
100620,Иван,Москва,mass,2025-01-23 18:14:08,,email
100621,Сергей,Екатеринбург,premium,2026-05-30 14:22:48,сергей.100621@example-shop.ru,marketplace
100622,Наталья,Санкт-Петербург,mass,2025-09-09 00:05:22,наталья.100622@example-shop.ru,social
100623,Анна,Самара,mass,2025-12-18 05:49:20,анна.100623@example-shop.ru,context
100624,Сергей,Нижний Новгород,standard,2025-03-29 02:18:36,сергей.100624@example-shop.ru,context
100625,Михаил,Москва,mass,2025-06-24 00:53:46,михаил.100625@example-shop.ru,context
100626,Дмитрий,Нижний Новгород,mass,2026-04-15 22:13:01,дмитрий.100626@example-shop.ru,context
100627,Максим,Ростов-на-Дону,mass,2025-01-08 16:33:26,максим.100627@example-shop.ru,organic
100628,Ольга,Уфа,standard,2025-04-15 10:58:46,ольга.100628@example-shop.ru,organic
100629,Артём,Москва,standard,2025-12-11 05:26:03,артём.100629@example-shop.ru,marketplace
100630,Ольга,Санкт-Петербург,mass,2026-03-15 06:55:34,ольга.100630@example-shop.ru,marketplace
100631,Роман,Казань,standard,2025-08-24 01:27:15,роман.100631@example-shop.ru,organic
100632,Максим,Москва,mass,2025-02-17 16:56:37,максим.100632@example-shop.ru,marketplace
100633,Сергей,Казань,mass,2025-03-22 03:07:08,сергей.100633@example-shop.ru,email
100634,Ольга,Москва,premium,2026-05-01 05:38:26,ольга.100634@example-shop.ru,organic
100635,Анна,Москва,standard,2025-04-28 07:34:16,анна.100635@example-shop.ru,marketplace
100636,Екатерина,Самара,premium,2025-11-12 08:44:14,екатерина.100636@example-shop.ru,marketplace
100637,Дмитрий,Санкт-Петербург,standard,2026-05-26 09:48:12,дмитрий.100637@example-shop.ru,social
100638,Елена,Ростов-на-Дону,mass,2025-07-24 16:54:02,елена.100638@example-shop.ru,email
100639,Дарья,Москва,mass,2025-02-06 02:11:26,дарья.100639@example-shop.ru,context
100640,Никита,Новосибирск,mass,2026-03-20 02:14:53,никита.100640@example-shop.ru,social
100641,Екатерина,Казань,mass,2026-03-06 04:07:03,екатерина.100641@example-shop.ru,referral
100642,Никита,Уфа,mass,2025-12-21 19:58:04,никита.100642@example-shop.ru,social
100643,Ксения,Уфа,mass,2026-05-07 14:48:18,ксения.100643@example-shop.ru,context
100644,Наталья,Казань,mass,2026-02-27 19:13:11,наталья.100644@example-shop.ru,social
100645,Дарья,Нижний Новгород,premium,2026-01-11 03:35:08,дарья.100645@example-shop.ru,email
100646,Максим,Москва,mass,2025-07-01 17:47:39,максим.100646@example-shop.ru,email
100647,Наталья,Нижний Новгород,mass,2025-02-03 10:20:55,наталья.100647@example-shop.ru,organic
100648,Артём,Москва,standard,2026-01-31 15:09:53,артём.100648@example-shop.ru,context
100649,Полина,Казань,standard,2026-04-06 23:45:22,полина.100649@example-shop.ru,organic
100650,Андрей,Москва,mass,2026-01-14 19:45:24,андрей.100650@example-shop.ru,social
100651,Наталья,Воронеж,standard,2025-12-23 01:01:09,наталья.100651@example-shop.ru,organic
100652,Екатерина,Екатеринбург,standard,2026-01-27 11:36:07,екатерина.100652@example-shop.ru,marketplace
100653,Дмитрий,Нижний Новгород,premium,2025-05-31 23:35:25,дмитрий.100653@example-shop.ru,social
100654,Андрей,Санкт-Петербург,mass,2025-03-05 17:32:38,андрей.100654@example-shop.ru,context
100655,Виктория,Санкт-Петербург,mass,2025-12-10 03:53:32,виктория.100655@example-shop.ru,referral
100656,Артём,Москва,standard,2026-05-29 23:36:18,артём.100656@example-shop.ru,organic
100657,Дарья,Пермь,mass,2025-03-16 09:58:46,дарья.100657@example-shop.ru,organic
100658,Михаил,Уфа,standard,2025-02-08 19:23:37,михаил.100658@example-shop.ru,organic
100659,Мария,Москва,standard,2026-01-21 16:01:47,мария.100659@example-shop.ru,social
100660,Елена,Ростов-на-Дону,standard,2025-08-19 08:13:34,елена.100660@example-shop.ru,marketplace
100661,Анна,Казань,vip,2026-05-08 03:10:57,анна.100661@example-shop.ru,organic
100662,Роман,Москва,standard,2025-09-15 03:39:54,роман.100662@example-shop.ru,email
100663,Алексей,Новосибирск,premium,2025-10-12 07:35:27,алексей.100663@example-shop.ru,organic
100664,Дмитрий,Москва,standard,2025-02-03 16:25:23,дмитрий.100664@example-shop.ru,context
100665,Виктория,Москва,mass,2026-06-03 21:32:45,виктория.100665@example-shop.ru,referral
100666,Екатерина,Самара,standard,2025-06-30 08:19:18,екатерина.100666@example-shop.ru,email
100667,Артём,Санкт-Петербург,standard,2025-08-27 18:16:55,артём.100667@example-shop.ru,marketplace
100668,Ксения,Воронеж,vip,2025-12-09 21:09:10,ксения.100668@example-shop.ru,social
100669,Никита,Самара,mass,2026-04-13 08:58:36,никита.100669@example-shop.ru,context
100670,Иван,Краснодар,mass,2026-03-10 07:52:44,иван.100670@example-shop.ru,organic
100671,Полина,Нижний Новгород,standard,2026-02-26 15:19:16,полина.100671@example-shop.ru,organic
100672,Михаил,Воронеж,mass,2025-02-27 12:41:07,михаил.100672@example-shop.ru,marketplace
100673,Михаил,Санкт-Петербург,standard,2025-02-18 04:39:28,михаил.100673@example-shop.ru,social
100674,Мария,Новосибирск,mass,2026-03-30 01:00:48,мария.100674@example-shop.ru,context
100675,Михаил,Новосибирск,mass,2026-05-13 09:29:44,михаил.100675@example-shop.ru,organic
100676,Роман,Пермь,mass,2025-12-06 22:29:29,роман.100676@example-shop.ru,organic
100677,Виктория,Москва,standard,2026-05-12 04:23:37,виктория.100677@example-shop.ru,email
100678,Мария,Новосибирск,mass,2025-06-23 01:37:09,мария.100678@example-shop.ru,context
100679,Артём,Ростов-на-Дону,standard,2025-07-11 12:31:10,артём.100679@example-shop.ru,marketplace
100680,Никита,Казань,standard,2025-04-03 16:25:53,никита.100680@example-shop.ru,context
100681,Роман,Воронеж,standard,2026-03-09 10:10:50,роман.100681@example-shop.ru,email
100682,Иван,Казань,mass,2025-12-31 19:52:06,иван.100682@example-shop.ru,organic
100683,Полина,Москва,mass,2026-06-29 13:52:00,полина.100683@example-shop.ru,organic
100684,Полина,Нижний Новгород,standard,2025-01-17 13:32:29,полина.100684@example-shop.ru,organic
100685,Анна,Казань,mass,2026-02-24 19:24:26,анна.100685@example-shop.ru,organic
100686,Андрей,Москва,mass,2025-04-24 07:49:03,андрей.100686@example-shop.ru,marketplace
100687,Сергей,Москва,premium,2026-03-04 06:33:27,сергей.100687@example-shop.ru,email
100688,Виктория,Москва,mass,2025-09-21 18:33:39,виктория.100688@example-shop.ru,context
100689,Сергей,Уфа,mass,2025-05-08 13:00:01,сергей.100689@example-shop.ru,social
100690,Дарья,Воронеж,vip,2025-02-01 11:35:56,дарья.100690@example-shop.ru,social
100691,Полина,Новосибирск,mass,2025-12-05 14:11:13,полина.100691@example-shop.ru,social
100692,Дарья,Москва,mass,2025-03-29 04:52:51,дарья.100692@example-shop.ru,organic
100693,Никита,Новосибирск,mass,2025-09-03 02:55:38,никита.100693@example-shop.ru,context
100694,Никита,Краснодар,standard,2026-06-02 23:43:44,никита.100694@example-shop.ru,organic
100695,Мария,Ростов-на-Дону,premium,2026-04-29 18:29:28,мария.100695@example-shop.ru,marketplace
100696,Елена,Санкт-Петербург,standard,2025-09-27 03:26:20,елена.100696@example-shop.ru,context
100697,Роман,Москва,vip,2026-02-03 18:08:51,роман.100697@example-shop.ru,referral
100698,Виктория,Пермь,mass,2026-03-25 14:09:17,виктория.100698@example-shop.ru,marketplace
100699,Мария,Краснодар,standard,2025-11-27 13:27:02,мария.100699@example-shop.ru,context
100700,Мария,Москва,mass,2025-04-23 14:37:32,мария.100700@example-shop.ru,organic
100701,Артём,Краснодар,premium,2026-03-19 05:37:40,артём.100701@example-shop.ru,context
100702,Михаил,Москва,premium,2025-02-18 05:51:49,михаил.100702@example-shop.ru,referral
100703,Анна,Москва,mass,2025-10-12 17:18:53,анна.100703@example-shop.ru,social
100704,Анна,Ростов-на-Дону,standard,2026-03-02 09:34:06,анна.100704@example-shop.ru,organic
100705,Иван,Новосибирск,standard,2025-11-07 23:36:51,иван.100705@example-shop.ru,organic
100706,Виктория,Казань,mass,2025-07-10 02:44:47,виктория.100706@example-shop.ru,referral
100707,Алексей,Пермь,standard,2025-08-15 21:15:59,алексей.100707@example-shop.ru,referral
100708,Виктория,Краснодар,vip,2025-09-08 14:14:31,виктория.100708@example-shop.ru,organic
100709,Наталья,Москва,mass,2026-02-10 12:02:15,наталья.100709@example-shop.ru,email
100710,Наталья,Нижний Новгород,mass,2026-06-25 17:02:51,наталья.100710@example-shop.ru,context
100711,Екатерина,Уфа,vip,2026-03-01 07:51:52,екатерина.100711@example-shop.ru,organic
100712,Артём,Новосибирск,mass,2025-06-22 12:13:11,артём.100712@example-shop.ru,context
100713,Роман,Тюмень,mass,2025-03-02 14:31:36,роман.100713@example-shop.ru,referral
100714,Дарья,Самара,standard,2025-09-15 20:44:49,дарья.100714@example-shop.ru,referral
100715,Никита,Москва,standard,2026-04-13 14:34:24,никита.100715@example-shop.ru,social
100716,Дарья,Москва,mass,2025-12-12 23:19:55,дарья.100716@example-shop.ru,organic
100717,Артём,Краснодар,mass,2025-06-25 09:15:57,артём.100717@example-shop.ru,context
100718,Наталья,Тюмень,standard,2025-02-18 13:01:10,наталья.100718@example-shop.ru,context
100719,Дмитрий,Москва,mass,2025-05-18 11:08:22,дмитрий.100719@example-shop.ru,context
100720,Виктория,Москва,standard,2026-01-26 10:55:54,виктория.100720@example-shop.ru,social
100721,Иван,Уфа,premium,2026-01-01 03:28:58,иван.100721@example-shop.ru,context
100722,Никита,Москва,mass,2025-09-04 04:38:30,никита.100722@example-shop.ru,organic
100723,Андрей,Москва,premium,2025-07-01 23:14:04,андрей.100723@example-shop.ru,context
100724,Иван,Воронеж,standard,2025-04-06 09:11:21,иван.100724@example-shop.ru,organic
100725,Дарья,Уфа,premium,2026-06-14 23:49:25,дарья.100725@example-shop.ru,social
100726,Иван,Воронеж,mass,2025-08-23 15:29:15,иван.100726@example-shop.ru,context
100727,Роман,Самара,mass,2026-02-23 03:08:06,роман.100727@example-shop.ru,referral
100728,Мария,Санкт-Петербург,standard,2025-09-09 01:32:07,мария.100728@example-shop.ru,organic
100729,Наталья,Пермь,premium,2025-11-07 05:18:57,наталья.100729@example-shop.ru,context
100730,Екатерина,Санкт-Петербург,vip,2025-12-16 04:50:22,екатерина.100730@example-shop.ru,organic
100731,Роман,Санкт-Петербург,mass,2025-07-13 22:17:17,роман.100731@example-shop.ru,organic
100732,Сергей,Воронеж,mass,2026-05-26 17:42:37,сергей.100732@example-shop.ru,email
100733,Никита,Самара,mass,2025-09-07 05:35:56,никита.100733@example-shop.ru,organic
100734,Дарья,Воронеж,standard,2026-02-21 23:03:28,дарья.100734@example-shop.ru,organic
100735,Дмитрий,Москва,premium,2026-05-15 09:53:24,дмитрий.100735@example-shop.ru,context
100736,Екатерина,Омск,standard,2025-07-28 10:26:47,екатерина.100736@example-shop.ru,context
100737,Роман,Нижний Новгород,mass,2025-05-08 12:51:43,роман.100737@example-shop.ru,marketplace
100738,Максим,Самара,vip,2026-06-13 10:59:55,максим.100738@example-shop.ru,marketplace
100739,Роман,Пермь,mass,2026-03-05 07:34:57,роман.100739@example-shop.ru,context
100740,Ксения,Казань,mass,2026-03-08 00:04:18,ксения.100740@example-shop.ru,organic
100741,Андрей,Ростов-на-Дону,standard,2026-05-31 14:15:23,андрей.100741@example-shop.ru,social
100742,Дарья,Самара,mass,2025-01-16 05:36:34,дарья.100742@example-shop.ru,social
100743,Михаил,Уфа,standard,2026-05-30 21:01:39,михаил.100743@example-shop.ru,context
100744,Елена,Воронеж,standard,2025-03-05 12:57:01,елена.100744@example-shop.ru,organic
100745,Дарья,Самара,mass,2025-03-21 04:33:22,дарья.100745@example-shop.ru,organic
100746,Ольга,Москва,mass,2025-04-29 19:35:09,ольга.100746@example-shop.ru,organic
100747,Артём,Москва,mass,2025-03-03 18:06:06,артём.100747@example-shop.ru,context
100748,Максим,Омск,standard,2025-02-15 12:13:36,максим.100748@example-shop.ru,social
100749,Максим,Омск,mass,2025-03-10 05:05:11,максим.100749@example-shop.ru,marketplace
100750,Анна,Омск,mass,2025-09-22 13:23:16,анна.100750@example-shop.ru,organic
100751,Полина,Москва,mass,2025-07-23 00:20:16,полина.100751@example-shop.ru,email
100752,Иван,Казань,standard,2025-07-05 16:35:31,иван.100752@example-shop.ru,organic
100753,Мария,Ростов-на-Дону,mass,2025-04-04 15:23:03,мария.100753@example-shop.ru,organic
100754,Никита,Ростов-на-Дону,mass,2026-06-15 05:51:54,никита.100754@example-shop.ru,social
100755,Виктория,Москва,mass,2025-07-01 04:37:21,виктория.100755@example-shop.ru,organic
100756,Сергей,Нижний Новгород,mass,2025-09-15 15:23:17,сергей.100756@example-shop.ru,marketplace
100757,Роман,Москва,mass,2025-03-19 12:22:43,роман.100757@example-shop.ru,marketplace
100758,Ольга,Екатеринбург,mass,2025-04-26 14:59:08,ольга.100758@example-shop.ru,organic
100759,Иван,Москва,standard,2025-05-08 17:00:50,иван.100759@example-shop.ru,organic
100760,Роман,Москва,mass,2026-06-14 01:09:33,роман.100760@example-shop.ru,organic
100761,Анна,Москва,mass,2025-04-07 01:32:29,анна.100761@example-shop.ru,marketplace
100762,Виктория,Пермь,vip,2025-10-08 01:34:25,виктория.100762@example-shop.ru,organic
100763,Никита,Ростов-на-Дону,mass,2025-10-24 14:03:23,никита.100763@example-shop.ru,email
100764,Никита,Пермь,mass,2025-02-09 19:37:18,никита.100764@example-shop.ru,context
100765,Ольга,Екатеринбург,mass,2025-07-11 06:30:39,ольга.100765@example-shop.ru,social
100766,Дарья,Казань,mass,2025-02-14 01:50:24,дарья.100766@example-shop.ru,organic
100767,Михаил,Санкт-Петербург,mass,2025-04-06 08:11:34,михаил.100767@example-shop.ru,email
100768,Наталья,Нижний Новгород,premium,2026-01-04 00:49:41,наталья.100768@example-shop.ru,referral
100769,Иван,Санкт-Петербург,mass,2025-11-06 18:58:17,иван.100769@example-shop.ru,organic
100770,Ольга,Ростов-на-Дону,standard,2025-09-27 15:55:48,ольга.100770@example-shop.ru,organic
100771,Екатерина,Уфа,premium,2025-04-27 07:57:06,екатерина.100771@example-shop.ru,context
100772,Полина,Воронеж,mass,2025-12-07 04:56:20,полина.100772@example-shop.ru,social
100773,Алексей,Москва,standard,2026-05-09 00:53:41,алексей.100773@example-shop.ru,email
100774,Роман,Новосибирск,mass,2026-04-09 01:33:10,роман.100774@example-shop.ru,context
100775,Андрей,Москва,mass,2025-04-05 09:24:34,андрей.100775@example-shop.ru,marketplace
100776,Полина,Москва,premium,2026-01-07 08:29:51,полина.100776@example-shop.ru,organic
100777,Сергей,Ростов-на-Дону,mass,2025-05-13 22:23:39,сергей.100777@example-shop.ru,email
100778,Иван,Новосибирск,vip,2026-04-15 16:12:40,иван.100778@example-shop.ru,marketplace
100779,Елена,Ростов-на-Дону,standard,2025-09-15 18:44:43,елена.100779@example-shop.ru,social
100780,Ксения,Москва,mass,2026-02-09 18:21:55,ксения.100780@example-shop.ru,marketplace
100781,Ксения,Тюмень,mass,2025-10-21 22:06:54,ксения.100781@example-shop.ru,context
100782,Михаил,Тюмень,standard,2026-01-03 13:08:55,михаил.100782@example-shop.ru,referral
100783,Иван,Екатеринбург,mass,2026-05-25 12:23:29,иван.100783@example-shop.ru,organic
100784,Иван,Воронеж,mass,2025-03-15 09:51:34,иван.100784@example-shop.ru,organic
100785,Наталья,Москва,mass,2026-05-08 11:11:56,наталья.100785@example-shop.ru,social
100786,Виктория,Ростов-на-Дону,mass,2025-09-21 03:23:06,виктория.100786@example-shop.ru,marketplace
100787,Алексей,Воронеж,vip,2025-03-19 10:33:40,алексей.100787@example-shop.ru,marketplace
100788,Екатерина,Краснодар,mass,2025-08-25 00:51:08,екатерина.100788@example-shop.ru,social
100789,Артём,Краснодар,mass,2025-01-31 10:35:37,артём.100789@example-shop.ru,email
100790,Алексей,Екатеринбург,standard,2025-10-22 16:17:42,алексей.100790@example-shop.ru,email
100791,Мария,Краснодар,standard,2025-09-15 10:04:38,мария.100791@example-shop.ru,email
100792,Наталья,Самара,premium,2025-08-02 04:08:54,наталья.100792@example-shop.ru,organic
100793,Роман,Москва,premium,2025-08-31 02:38:10,роман.100793@example-shop.ru,context
100794,Андрей,Москва,mass,2025-12-05 03:19:09,андрей.100794@example-shop.ru,social
100795,Сергей,Уфа,mass,2026-03-27 13:29:18,сергей.100795@example-shop.ru,email
100796,Елена,Нижний Новгород,standard,2025-08-02 21:19:22,елена.100796@example-shop.ru,social
100797,Полина,Новосибирск,mass,2025-01-10 04:16:23,полина.100797@example-shop.ru,email
100798,Наталья,Пермь,standard,2025-10-31 21:38:31,наталья.100798@example-shop.ru,marketplace
100799,Максим,Самара,mass,2026-05-30 20:46:33,максим.100799@example-shop.ru,social
100800,Сергей,Казань,premium,2025-08-04 04:58:08,сергей.100800@example-shop.ru,email
100801,Алексей,Казань,standard,2025-03-08 20:22:10,алексей.100801@example-shop.ru,social
100802,Максим,Нижний Новгород,standard,2026-05-07 11:07:01,максим.100802@example-shop.ru,social
100803,Артём,Уфа,mass,2025-08-17 12:19:13,артём.100803@example-shop.ru,context
100804,Никита,Новосибирск,vip,2025-07-23 12:16:37,никита.100804@example-shop.ru,marketplace
100805,Роман,Екатеринбург,standard,2025-06-10 23:09:07,роман.100805@example-shop.ru,email
100806,Дарья,Ростов-на-Дону,standard,2026-02-03 08:35:49,дарья.100806@example-shop.ru,email
100807,Артём,Ростов-на-Дону,standard,2025-03-21 10:43:14,артём.100807@example-shop.ru,context
100808,Иван,Краснодар,mass,2025-12-01 11:39:21,иван.100808@example-shop.ru,social
100809,Ольга,Москва,mass,2025-07-10 01:14:50,ольга.100809@example-shop.ru,email
100810,Полина,Ростов-на-Дону,mass,2025-07-30 02:38:51,полина.100810@example-shop.ru,marketplace
100811,Алексей,Новосибирск,standard,2025-04-28 13:12:53,алексей.100811@example-shop.ru,marketplace
100812,Ксения,Москва,standard,2026-03-17 03:48:51,ксения.100812@example-shop.ru,referral
100813,Екатерина,Самара,mass,2025-09-05 04:15:19,екатерина.100813@example-shop.ru,referral
100814,Елена,Ростов-на-Дону,vip,2026-05-21 12:34:42,елена.100814@example-shop.ru,organic
100815,Дарья,Новосибирск,mass,2026-03-28 05:59:37,дарья.100815@example-shop.ru,email
100816,Андрей,Уфа,standard,2026-02-19 11:08:06,андрей.100816@example-shop.ru,context
100817,Алексей,Санкт-Петербург,mass,2025-09-03 08:48:36,алексей.100817@example-shop.ru,email
100818,Иван,Москва,mass,2026-06-01 23:31:53,иван.100818@example-shop.ru,organic
100819,Екатерина,Санкт-Петербург,mass,2025-11-15 19:08:18,екатерина.100819@example-shop.ru,marketplace
100820,Полина,Казань,standard,2025-08-26 18:53:29,полина.100820@example-shop.ru,social
100821,Алексей,Самара,standard,2025-07-09 08:29:55,алексей.100821@example-shop.ru,organic
100822,Екатерина,Краснодар,mass,2026-05-13 23:43:11,екатерина.100822@example-shop.ru,social
100823,Иван,Ростов-на-Дону,mass,2025-05-19 12:56:16,иван.100823@example-shop.ru,referral
100824,Екатерина,Москва,standard,2026-04-23 12:59:47,екатерина.100824@example-shop.ru,email
100825,Михаил,Санкт-Петербург,mass,2025-05-05 14:17:23,михаил.100825@example-shop.ru,referral
100826,Мария,Москва,standard,2026-02-20 12:01:33,мария.100826@example-shop.ru,social
100827,Екатерина,Самара,mass,2025-06-03 18:42:11,екатерина.100827@example-shop.ru,organic
100828,Ксения,Москва,premium,2026-04-01 04:25:30,ксения.100828@example-shop.ru,email
100829,Ксения,Новосибирск,standard,2026-04-01 09:42:59,,marketplace
100830,Алексей,Уфа,mass,2026-02-02 22:08:52,алексей.100830@example-shop.ru,email
100831,Дмитрий,Самара,standard,2026-06-25 16:27:25,дмитрий.100831@example-shop.ru,organic
100832,Дмитрий,Санкт-Петербург,mass,2025-10-07 04:59:40,дмитрий.100832@example-shop.ru,email
100833,Наталья,Санкт-Петербург,premium,2026-04-03 02:22:51,наталья.100833@example-shop.ru,organic
100834,Иван,Самара,standard,2025-10-29 01:38:32,иван.100834@example-shop.ru,marketplace
100835,Ксения,Новосибирск,mass,2025-01-22 02:27:51,ксения.100835@example-shop.ru,organic
100836,Дарья,Москва,standard,2025-08-16 15:20:34,дарья.100836@example-shop.ru,organic
100837,Андрей,Воронеж,mass,2025-01-18 16:33:42,андрей.100837@example-shop.ru,organic
100838,Анна,Новосибирск,premium,2025-12-29 00:56:54,анна.100838@example-shop.ru,email
100839,Алексей,Екатеринбург,premium,2025-03-25 01:48:20,алексей.100839@example-shop.ru,referral
100840,Никита,Москва,standard,2025-06-27 00:15:05,никита.100840@example-shop.ru,referral
100841,Елена,Казань,mass,2026-04-20 22:14:28,елена.100841@example-shop.ru,context
100842,Екатерина,Санкт-Петербург,standard,2026-02-08 02:44:45,екатерина.100842@example-shop.ru,marketplace
100843,Никита,Санкт-Петербург,mass,2025-07-03 03:25:52,никита.100843@example-shop.ru,context
100844,Алексей,Новосибирск,mass,2025-10-03 06:54:32,алексей.100844@example-shop.ru,organic
100845,Алексей,Екатеринбург,premium,2025-11-13 16:06:06,,email
100846,Алексей,Воронеж,mass,2025-07-12 11:41:52,алексей.100846@example-shop.ru,social
100847,Анна,Омск,mass,2026-02-13 15:40:39,анна.100847@example-shop.ru,social
100848,Мария,Москва,mass,2025-03-22 05:44:28,мария.100848@example-shop.ru,context
100849,Андрей,Москва,vip,2025-08-21 10:19:01,андрей.100849@example-shop.ru,referral
100850,Михаил,Уфа,premium,2025-05-20 06:16:43,михаил.100850@example-shop.ru,organic
100851,Полина,Тюмень,mass,2026-01-06 02:33:47,полина.100851@example-shop.ru,social
100852,Андрей,Воронеж,mass,2025-12-15 21:49:14,андрей.100852@example-shop.ru,context
100853,Полина,Москва,standard,2026-03-16 20:12:46,полина.100853@example-shop.ru,referral
100854,Дмитрий,Санкт-Петербург,mass,2025-07-21 13:37:44,дмитрий.100854@example-shop.ru,organic
100855,Елена,Москва,vip,2025-05-06 18:26:55,елена.100855@example-shop.ru,organic
100856,Андрей,Краснодар,premium,2025-01-19 01:51:07,андрей.100856@example-shop.ru,context
100857,Дмитрий,Нижний Новгород,standard,2026-04-15 00:46:05,,social
100858,Мария,Новосибирск,mass,2025-06-29 16:58:24,мария.100858@example-shop.ru,organic
100859,Екатерина,Новосибирск,standard,2026-02-16 06:08:06,екатерина.100859@example-shop.ru,referral
100860,Андрей,Санкт-Петербург,vip,2025-07-19 15:57:31,андрей.100860@example-shop.ru,context
100861,Полина,Нижний Новгород,mass,2025-06-30 22:43:24,полина.100861@example-shop.ru,context
100862,Никита,Москва,premium,2025-05-08 16:39:19,никита.100862@example-shop.ru,social
100863,Иван,Самара,mass,2026-03-02 20:03:36,иван.100863@example-shop.ru,context
100864,Дарья,Ростов-на-Дону,vip,2025-06-06 01:00:02,дарья.100864@example-shop.ru,referral
100865,Андрей,Самара,standard,2025-06-11 11:42:40,андрей.100865@example-shop.ru,referral
100866,Екатерина,Санкт-Петербург,mass,2026-01-20 04:27:02,екатерина.100866@example-shop.ru,email
100867,Андрей,Краснодар,mass,2025-10-10 07:19:19,андрей.100867@example-shop.ru,social
100868,Андрей,Ростов-на-Дону,mass,2026-02-11 17:09:54,андрей.100868@example-shop.ru,context
100869,Сергей,Москва,mass,2025-02-26 10:27:18,сергей.100869@example-shop.ru,organic
100870,Алексей,Москва,premium,2026-06-07 14:23:54,алексей.100870@example-shop.ru,context
100871,Наталья,Нижний Новгород,mass,2025-05-10 00:23:40,наталья.100871@example-shop.ru,marketplace
100872,Дмитрий,Санкт-Петербург,premium,2025-03-06 08:35:40,дмитрий.100872@example-shop.ru,organic
100873,Иван,Москва,mass,2025-03-01 14:27:24,иван.100873@example-shop.ru,organic
100874,Иван,Москва,standard,2025-06-19 21:21:47,иван.100874@example-shop.ru,referral
100875,Екатерина,Москва,vip,2025-08-19 19:30:49,екатерина.100875@example-shop.ru,social
100876,Артём,Екатеринбург,standard,2025-02-11 23:44:32,артём.100876@example-shop.ru,marketplace
100877,Артём,Нижний Новгород,premium,2025-12-06 07:09:35,артём.100877@example-shop.ru,organic
100878,Роман,Москва,vip,2025-12-01 06:00:46,роман.100878@example-shop.ru,marketplace
100879,Артём,Ростов-на-Дону,standard,2026-02-28 12:29:20,артём.100879@example-shop.ru,referral
100880,Михаил,Санкт-Петербург,standard,2025-01-09 22:21:31,михаил.100880@example-shop.ru,email
100881,Мария,Санкт-Петербург,mass,2025-02-22 10:57:48,мария.100881@example-shop.ru,context
100882,Ксения,Москва,mass,2025-04-22 22:03:39,ксения.100882@example-shop.ru,context
100883,Сергей,Уфа,mass,2025-08-27 19:04:37,сергей.100883@example-shop.ru,organic
100884,Анна,Омск,standard,2025-11-16 21:41:56,анна.100884@example-shop.ru,email
100885,Андрей,Екатеринбург,standard,2025-04-20 23:54:20,андрей.100885@example-shop.ru,organic
100886,Роман,Москва,standard,2025-07-15 12:18:05,роман.100886@example-shop.ru,organic
100887,Мария,Санкт-Петербург,premium,2025-10-07 20:49:11,мария.100887@example-shop.ru,organic
100888,Анна,Москва,mass,2025-10-24 16:26:29,анна.100888@example-shop.ru,email
100889,Алексей,Краснодар,premium,2025-10-14 21:30:59,алексей.100889@example-shop.ru,context
100890,Елена,Москва,mass,2025-12-15 22:18:23,елена.100890@example-shop.ru,context
100891,Мария,Омск,mass,2026-02-16 19:20:58,мария.100891@example-shop.ru,referral
100892,Роман,Нижний Новгород,standard,2026-04-03 05:20:09,роман.100892@example-shop.ru,marketplace
100893,Артём,Новосибирск,mass,2026-06-11 02:43:40,артём.100893@example-shop.ru,email
100894,Полина,Краснодар,standard,2025-08-03 02:48:28,полина.100894@example-shop.ru,social
100895,Роман,Москва,standard,2025-06-28 20:32:57,роман.100895@example-shop.ru,organic
100896,Михаил,Уфа,standard,2025-06-01 23:58:17,михаил.100896@example-shop.ru,organic
100897,Артём,,mass,2025-07-10 19:06:12,артём.100897@example-shop.ru,organic
100898,Мария,Краснодар,mass,2025-10-21 15:34:16,мария.100898@example-shop.ru,context
100899,Мария,Новосибирск,mass,2025-11-26 06:45:31,мария.100899@example-shop.ru,context
100900,Михаил,Москва,mass,2025-02-07 23:25:53,михаил.100900@example-shop.ru,social
100901,Алексей,Краснодар,mass,2026-06-29 07:58:25,алексей.100901@example-shop.ru,context
100902,Алексей,Москва,mass,2025-01-23 20:14:16,алексей.100902@example-shop.ru,referral
100903,Дмитрий,Москва,premium,2025-08-07 12:49:35,дмитрий.100903@example-shop.ru,organic
100904,Ксения,Уфа,premium,2025-09-04 11:15:46,ксения.100904@example-shop.ru,marketplace
100905,Наталья,Екатеринбург,standard,2025-07-08 04:07:52,наталья.100905@example-shop.ru,email
100906,Роман,Воронеж,mass,2025-04-29 20:28:12,роман.100906@example-shop.ru,context
100907,Сергей,Нижний Новгород,standard,2025-10-17 03:27:58,сергей.100907@example-shop.ru,context
100908,Анна,Нижний Новгород,mass,2025-01-04 22:23:34,анна.100908@example-shop.ru,marketplace
100909,Ольга,Санкт-Петербург,mass,2026-02-10 03:22:21,ольга.100909@example-shop.ru,marketplace
100910,Мария,Москва,mass,2026-01-06 06:09:56,мария.100910@example-shop.ru,context
100911,Дарья,Омск,premium,2026-02-25 03:57:59,дарья.100911@example-shop.ru,organic
100912,Анна,Москва,standard,2026-03-21 19:18:51,анна.100912@example-shop.ru,marketplace
100913,Ольга,Новосибирск,mass,2026-04-29 16:49:42,ольга.100913@example-shop.ru,referral
100914,Полина,Санкт-Петербург,standard,2025-03-22 14:15:06,полина.100914@example-shop.ru,referral
100915,Виктория,Санкт-Петербург,premium,2026-04-01 02:10:28,виктория.100915@example-shop.ru,organic
100916,Наталья,Нижний Новгород,mass,2025-11-04 07:50:30,наталья.100916@example-shop.ru,email
100917,Артём,Уфа,standard,2025-03-09 07:19:19,артём.100917@example-shop.ru,social
100918,Дарья,Уфа,mass,2026-06-21 06:31:23,дарья.100918@example-shop.ru,context
100919,Елена,Воронеж,mass,2026-03-19 09:17:55,елена.100919@example-shop.ru,referral
100920,Михаил,Санкт-Петербург,premium,2025-05-27 11:19:27,михаил.100920@example-shop.ru,context
100921,Ксения,Екатеринбург,mass,2026-05-01 08:42:17,ксения.100921@example-shop.ru,context
100922,Виктория,Москва,standard,2026-02-03 07:03:24,виктория.100922@example-shop.ru,referral
100923,Сергей,Ростов-на-Дону,mass,2025-09-01 15:50:51,сергей.100923@example-shop.ru,social
100924,Иван,Санкт-Петербург,standard,2025-03-30 08:18:06,иван.100924@example-shop.ru,marketplace
100925,Дмитрий,Новосибирск,standard,2026-02-03 10:48:22,дмитрий.100925@example-shop.ru,social
100926,Никита,Москва,premium,2026-05-23 23:46:34,никита.100926@example-shop.ru,context
100927,Артём,Краснодар,standard,2025-04-16 00:46:07,артём.100927@example-shop.ru,context
100928,Максим,,standard,2025-01-01 05:40:16,максим.100928@example-shop.ru,social
100929,Сергей,Воронеж,mass,2025-05-06 01:52:07,сергей.100929@example-shop.ru,organic
100930,Виктория,Москва,mass,2025-06-10 15:04:14,виктория.100930@example-shop.ru,social
100931,Артём,Тюмень,standard,2025-07-26 15:19:20,артём.100931@example-shop.ru,context
100932,Екатерина,Москва,mass,2026-06-17 03:44:14,екатерина.100932@example-shop.ru,context
100933,Елена,Санкт-Петербург,mass,2026-06-10 01:56:29,елена.100933@example-shop.ru,organic
100934,Михаил,Москва,premium,2026-01-01 12:37:41,михаил.100934@example-shop.ru,social
100935,Сергей,Санкт-Петербург,mass,2025-04-29 11:26:59,сергей.100935@example-shop.ru,organic
100936,Никита,Новосибирск,mass,2025-04-26 10:56:25,никита.100936@example-shop.ru,social
100937,Анна,Москва,premium,2025-02-14 11:40:22,анна.100937@example-shop.ru,context
100938,Иван,Казань,standard,2026-03-08 07:03:42,иван.100938@example-shop.ru,marketplace
100939,Наталья,Самара,standard,2025-05-01 08:31:41,наталья.100939@example-shop.ru,social
100940,Артём,Краснодар,mass,2026-05-05 10:57:33,артём.100940@example-shop.ru,email
100941,Екатерина,Самара,mass,2025-11-24 04:42:32,екатерина.100941@example-shop.ru,email
100942,Сергей,Нижний Новгород,standard,2025-09-23 13:30:24,сергей.100942@example-shop.ru,marketplace
100943,Никита,Москва,mass,2026-05-22 11:01:41,никита.100943@example-shop.ru,marketplace
100944,Наталья,Краснодар,standard,2025-03-27 00:47:21,наталья.100944@example-shop.ru,organic
100945,Иван,Москва,mass,2025-09-10 17:27:24,иван.100945@example-shop.ru,context
100946,Иван,Санкт-Петербург,mass,2025-05-21 22:23:48,иван.100946@example-shop.ru,referral
100947,Полина,Москва,mass,2025-04-09 16:57:25,полина.100947@example-shop.ru,social
100948,Иван,Самара,mass,2026-05-29 23:55:57,иван.100948@example-shop.ru,social
100949,Никита,Санкт-Петербург,mass,2025-11-26 20:53:09,никита.100949@example-shop.ru,referral
100950,Елена,Самара,standard,2025-03-29 19:13:28,елена.100950@example-shop.ru,organic
100951,Мария,Санкт-Петербург,standard,2025-02-28 12:09:03,мария.100951@example-shop.ru,organic
100952,Максим,Екатеринбург,mass,2025-06-19 23:44:29,максим.100952@example-shop.ru,social
100953,Михаил,Екатеринбург,standard,2026-03-31 08:01:29,михаил.100953@example-shop.ru,social
100954,Сергей,Москва,mass,2025-03-21 07:37:58,сергей.100954@example-shop.ru,email
100955,Дарья,Казань,mass,2026-02-09 05:42:17,дарья.100955@example-shop.ru,referral
100956,Михаил,Самара,premium,2025-02-27 13:19:31,михаил.100956@example-shop.ru,organic
100957,Сергей,Новосибирск,standard,2025-07-03 13:09:38,сергей.100957@example-shop.ru,organic
100958,Михаил,Москва,standard,2025-10-12 12:05:15,михаил.100958@example-shop.ru,context
100959,Полина,Самара,mass,2025-03-12 07:35:32,полина.100959@example-shop.ru,context
100960,Сергей,Санкт-Петербург,mass,2025-08-05 04:57:27,сергей.100960@example-shop.ru,email
100961,Анна,Москва,standard,2025-05-26 22:51:23,,referral
100962,Сергей,Москва,standard,2025-01-26 03:52:59,сергей.100962@example-shop.ru,marketplace
100963,Андрей,Екатеринбург,standard,2025-01-01 12:49:07,андрей.100963@example-shop.ru,social
100964,Дмитрий,Санкт-Петербург,vip,2025-03-21 03:08:56,дмитрий.100964@example-shop.ru,context
100965,Никита,Самара,mass,2026-02-12 22:19:46,никита.100965@example-shop.ru,social
100966,Виктория,Москва,standard,2025-01-21 12:34:17,виктория.100966@example-shop.ru,organic
100967,Михаил,Уфа,standard,2025-10-03 13:22:41,михаил.100967@example-shop.ru,organic
100968,Максим,Санкт-Петербург,mass,2025-01-14 09:38:11,максим.100968@example-shop.ru,social
100969,Никита,Нижний Новгород,mass,2025-04-28 12:54:37,никита.100969@example-shop.ru,context
100970,Алексей,Уфа,standard,2025-04-08 06:23:19,алексей.100970@example-shop.ru,organic
100971,Елена,Казань,mass,2025-07-05 05:02:09,елена.100971@example-shop.ru,referral
100972,Сергей,Москва,standard,2026-02-10 06:55:57,сергей.100972@example-shop.ru,social
100973,Наталья,,standard,2025-08-18 11:43:32,наталья.100973@example-shop.ru,organic
100974,Наталья,Тюмень,mass,2025-01-09 01:11:28,наталья.100974@example-shop.ru,referral
100975,Иван,Омск,mass,2025-03-20 20:24:12,иван.100975@example-shop.ru,organic
100976,Дмитрий,Москва,standard,2025-06-15 22:33:52,дмитрий.100976@example-shop.ru,social
100977,Мария,Ростов-на-Дону,mass,2025-06-01 17:39:21,мария.100977@example-shop.ru,social
100978,Виктория,Санкт-Петербург,premium,2025-11-04 19:25:40,виктория.100978@example-shop.ru,social
100979,Ольга,Москва,mass,2025-07-11 05:28:40,ольга.100979@example-shop.ru,referral
100980,Виктория,Самара,vip,2026-02-10 07:38:33,виктория.100980@example-shop.ru,context
100981,Виктория,Екатеринбург,mass,2025-05-18 14:22:29,виктория.100981@example-shop.ru,organic
100982,Роман,Новосибирск,mass,2026-01-05 10:49:33,роман.100982@example-shop.ru,social
100983,Артём,Краснодар,standard,2025-02-24 21:20:38,артём.100983@example-shop.ru,context
100984,Михаил,Санкт-Петербург,mass,2026-06-23 16:35:30,михаил.100984@example-shop.ru,organic
100985,Виктория,Самара,mass,2026-06-22 17:52:43,виктория.100985@example-shop.ru,context
100986,Екатерина,Санкт-Петербург,mass,2025-05-31 05:12:16,екатерина.100986@example-shop.ru,organic
100987,Михаил,Москва,standard,2025-05-08 15:07:09,михаил.100987@example-shop.ru,context
100988,Максим,Казань,standard,2025-01-01 01:48:52,максим.100988@example-shop.ru,social
100989,Дмитрий,Омск,mass,2026-06-16 21:52:42,дмитрий.100989@example-shop.ru,email
100990,Дарья,Екатеринбург,mass,2025-01-21 19:54:29,дарья.100990@example-shop.ru,email
100991,Максим,Москва,mass,2025-01-02 03:29:39,максим.100991@example-shop.ru,referral
100992,Артём,Самара,vip,2025-02-23 03:32:41,артём.100992@example-shop.ru,marketplace
100993,Анна,Омск,mass,2025-06-10 17:40:37,анна.100993@example-shop.ru,social
100994,Сергей,Пермь,standard,2026-06-16 12:06:32,сергей.100994@example-shop.ru,referral
100995,Артём,Новосибирск,mass,2025-04-01 19:00:04,артём.100995@example-shop.ru,email
100996,Михаил,Казань,standard,2025-11-07 16:13:54,михаил.100996@example-shop.ru,email
100997,Артём,Нижний Новгород,premium,2025-12-21 11:47:39,артём.100997@example-shop.ru,email
100998,Ольга,Краснодар,mass,2026-03-12 15:44:25,ольга.100998@example-shop.ru,marketplace
100999,Полина,Воронеж,standard,2026-01-17 03:56:54,полина.100999@example-shop.ru,context
101000,Артём,Краснодар,mass,2026-06-21 20:50:00,АРТЁМ.101000@EXAMPLE-SHOP.RU,marketplace
101001,Андрей,Екатеринбург,standard,2025-12-27 14:46:55,андрей.101001@example-shop.ru,context
101002,Роман,Москва,mass,2026-04-06 03:01:26,роман.101002@example-shop.ru,organic
101003,Виктория,Новосибирск,mass,2025-06-24 07:29:03,виктория.101003@example-shop.ru,organic
101004,Ксения,Москва,mass,2025-08-11 03:36:56,ксения.101004@example-shop.ru,social
101005,Иван,Москва,mass,2026-02-06 18:15:01,иван.101005@example-shop.ru,organic
101006,Никита,Екатеринбург,premium,2026-04-23 08:31:45,никита.101006@example-shop.ru,organic
101007,Ксения,Самара,standard,2025-01-03 18:28:58,ксения.101007@example-shop.ru,context
101008,Артём,Краснодар,mass,2025-08-25 09:27:43,артём.101008@example-shop.ru,social
101009,Роман,Уфа,mass,2026-03-14 06:08:02,роман.101009@example-shop.ru,organic
101010,Артём,Краснодар,standard,2025-03-04 02:42:07,артём.101010@example-shop.ru,social
101011,Елена,Уфа,mass,2025-07-12 06:46:03,елена.101011@example-shop.ru,referral
101012,Дарья,Ростов-на-Дону,mass,2025-10-26 17:33:29,дарья.101012@example-shop.ru,email
101013,Дмитрий,Москва,standard,2025-02-15 03:50:15,дмитрий.101013@example-shop.ru,referral
101014,Максим,,mass,2026-05-15 01:58:30,максим.101014@example-shop.ru,organic
101015,Артём,Москва,mass,2025-07-20 10:11:47,артём.101015@example-shop.ru,marketplace
101016,Андрей,Москва,mass,2026-03-04 13:45:39,андрей.101016@example-shop.ru,marketplace
101017,Ольга,Москва,mass,2025-08-21 22:53:02,ольга.101017@example-shop.ru,context
101018,Наталья,Краснодар,standard,2025-08-08 01:12:26,наталья.101018@example-shop.ru,organic
101019,Алексей,Ростов-на-Дону,standard,2026-06-11 11:05:01,алексей.101019@example-shop.ru,social
101020,Иван,Омск,vip,2026-04-11 21:39:03,иван.101020@example-shop.ru,email
101021,Мария,Тюмень,mass,2025-10-09 03:25:00,мария.101021@example-shop.ru,email
101022,Мария,Воронеж,standard,2025-09-10 23:30:25,мария.101022@example-shop.ru,marketplace
101023,Ксения,Москва,premium,2026-03-02 12:57:23,ксения.101023@example-shop.ru,marketplace
101024,Андрей,Воронеж,standard,2026-01-09 02:14:14,андрей.101024@example-shop.ru,referral
101025,Андрей,Краснодар,vip,2026-06-18 16:47:37,андрей.101025@example-shop.ru,organic
101026,Мария,Воронеж,vip,2025-07-01 13:24:28,мария.101026@example-shop.ru,organic
101027,Мария,Москва,standard,2025-03-03 09:45:39,мария.101027@example-shop.ru,organic
101028,Елена,Москва,vip,2025-04-17 02:51:33,елена.101028@example-shop.ru,organic
101029,Виктория,Пермь,standard,2025-10-15 14:12:11,виктория.101029@example-shop.ru,organic
101030,Максим,Москва,mass,2025-06-20 20:11:34,максим.101030@example-shop.ru,context
101031,Наталья,Санкт-Петербург,premium,2026-03-18 01:52:01,наталья.101031@example-shop.ru,email
101032,Анна,Екатеринбург,premium,2026-04-22 23:08:25,анна.101032@example-shop.ru,organic
101033,Роман,Москва,mass,2025-04-12 20:22:12,роман.101033@example-shop.ru,email
101034,Максим,Москва,mass,2026-06-24 10:12:16,максим.101034@example-shop.ru,marketplace
101035,Мария,Тюмень,mass,2025-12-11 00:29:20,мария.101035@example-shop.ru,organic
101036,Роман,Воронеж,premium,2025-05-24 20:01:55,роман.101036@example-shop.ru,organic
101037,Никита,Пермь,mass,2025-04-20 15:28:20,никита.101037@example-shop.ru,context
101038,Алексей,Санкт-Петербург,mass,2025-04-01 02:57:12,алексей.101038@example-shop.ru,email
101039,Сергей,Москва,mass,2025-09-14 18:06:30,СЕРГЕЙ.101039@EXAMPLE-SHOP.RU,referral
101040,Андрей,Казань,mass,2025-02-08 17:45:43,андрей.101040@example-shop.ru,organic
101041,Роман,Екатеринбург,vip,2025-03-13 11:16:44,роман.101041@example-shop.ru,referral
101042,Ксения,Москва,mass,2026-02-15 19:57:35,ксения.101042@example-shop.ru,email
101043,Сергей,Уфа,mass,2025-09-24 10:08:59,сергей.101043@example-shop.ru,organic
101044,Ольга,Тюмень,mass,2025-10-15 18:14:36,ольга.101044@example-shop.ru,referral
101045,Роман,Новосибирск,standard,2025-06-26 22:48:20,роман.101045@example-shop.ru,social
101046,Анна,Казань,standard,2025-10-31 01:47:26,анна.101046@example-shop.ru,organic
101047,Дмитрий,Казань,mass,2025-07-06 21:15:49,дмитрий.101047@example-shop.ru,marketplace
101048,Михаил,Москва,mass,2025-01-25 15:17:58,михаил.101048@example-shop.ru,organic
101049,Екатерина,Санкт-Петербург,premium,2025-11-06 16:07:04,екатерина.101049@example-shop.ru,email
101050,Иван,Екатеринбург,standard,2025-02-14 04:13:31,иван.101050@example-shop.ru,referral
101051,Артём,Казань,standard,2026-01-11 10:08:55,артём.101051@example-shop.ru,organic
101052,Ольга,Новосибирск,mass,2026-05-14 11:16:07,ольга.101052@example-shop.ru,referral
101053,Артём,Краснодар,vip,2025-12-30 18:12:16,артём.101053@example-shop.ru,organic
101054,Полина,Москва,standard,2025-11-11 07:38:21,полина.101054@example-shop.ru,organic
101055,Мария,Москва,mass,2026-06-10 13:16:14,мария.101055@example-shop.ru,context
101056,Полина,Москва,vip,2025-04-30 11:13:24,полина.101056@example-shop.ru,marketplace
101057,Сергей,Москва,premium,2026-02-26 19:34:31,сергей.101057@example-shop.ru,marketplace
101058,Дарья,Новосибирск,standard,2025-04-24 01:35:37,дарья.101058@example-shop.ru,organic
101059,Сергей,Уфа,standard,2025-01-01 06:15:58,сергей.101059@example-shop.ru,context
101060,Максим,Воронеж,mass,2025-05-12 07:00:49,максим.101060@example-shop.ru,marketplace
101061,Дарья,Нижний Новгород,mass,2025-10-01 19:52:04,дарья.101061@example-shop.ru,referral
101062,Екатерина,Казань,mass,2025-02-04 17:57:11,екатерина.101062@example-shop.ru,organic
101063,Иван,Москва,standard,2025-06-01 21:54:41,иван.101063@example-shop.ru,context
101064,Роман,Казань,mass,2025-01-28 02:54:11,роман.101064@example-shop.ru,context
101065,Дарья,Санкт-Петербург,mass,2025-05-13 14:47:57,дарья.101065@example-shop.ru,context
101066,Ольга,Воронеж,premium,2026-01-28 09:24:30,ольга.101066@example-shop.ru,social
101067,Никита,Екатеринбург,mass,2025-03-24 22:26:45,никита.101067@example-shop.ru,referral
101068,Михаил,Москва,standard,2025-05-24 17:56:20,михаил.101068@example-shop.ru,referral
101069,Максим,Санкт-Петербург,mass,2025-03-15 22:32:21,максим.101069@example-shop.ru,context
101070,Алексей,Москва,mass,2025-07-29 12:48:07,алексей.101070@example-shop.ru,referral
101071,Екатерина,Пермь,mass,2026-02-19 18:37:39,екатерина.101071@example-shop.ru,social
101072,Дмитрий,Москва,mass,2025-10-20 20:42:25,дмитрий.101072@example-shop.ru,email
101073,Дарья,Москва,mass,2025-04-20 02:30:00,дарья.101073@example-shop.ru,organic
101074,Артём,Москва,mass,2025-06-24 10:26:18,артём.101074@example-shop.ru,context
101075,Наталья,Краснодар,standard,2026-01-01 04:08:09,наталья.101075@example-shop.ru,context
101076,Анна,Новосибирск,mass,2025-09-18 22:31:34,анна.101076@example-shop.ru,context
101077,Роман,Нижний Новгород,mass,2025-09-08 15:55:48,роман.101077@example-shop.ru,referral
101078,Анна,Санкт-Петербург,mass,2026-04-17 10:20:21,анна.101078@example-shop.ru,social
101079,Сергей,Москва,mass,2026-03-23 10:41:29,сергей.101079@example-shop.ru,context
101080,Андрей,Краснодар,mass,2025-05-14 00:49:16,андрей.101080@example-shop.ru,social
101081,Никита,Москва,mass,2026-01-19 19:47:28,никита.101081@example-shop.ru,referral
101082,Полина,Москва,standard,2026-03-08 05:40:35,полина.101082@example-shop.ru,referral
101083,Полина,Новосибирск,standard,2026-05-06 11:46:38,полина.101083@example-shop.ru,email
101084,Виктория,Москва,premium,2025-05-24 20:26:54,виктория.101084@example-shop.ru,email
101085,Дмитрий,Москва,standard,2026-02-01 18:03:03,дмитрий.101085@example-shop.ru,referral
101086,Андрей,Уфа,mass,2025-04-12 21:16:28,андрей.101086@example-shop.ru,organic
101087,Андрей,Екатеринбург,mass,2025-08-31 06:48:00,андрей.101087@example-shop.ru,email
101088,Полина,Москва,mass,2025-02-09 14:22:35,полина.101088@example-shop.ru,context
101089,Екатерина,Санкт-Петербург,standard,2025-11-26 02:07:19,екатерина.101089@example-shop.ru,referral
101090,Иван,Ростов-на-Дону,mass,2026-01-08 21:21:21,иван.101090@example-shop.ru,marketplace
101091,Артём,Москва,mass,2025-09-01 12:06:37,артём.101091@example-shop.ru,context
101092,Сергей,Москва,vip,2025-08-13 08:10:12,сергей.101092@example-shop.ru,organic
101093,Андрей,Нижний Новгород,mass,2025-05-12 21:40:01,андрей.101093@example-shop.ru,organic
101094,Ольга,Нижний Новгород,mass,2026-02-24 21:11:02,ольга.101094@example-shop.ru,marketplace
101095,Максим,Тюмень,premium,2026-05-12 03:19:50,максим.101095@example-shop.ru,context
101096,Мария,Казань,mass,2025-03-14 07:20:18,мария.101096@example-shop.ru,email
101097,Андрей,Москва,mass,2025-05-31 08:01:08,андрей.101097@example-shop.ru,organic
101098,Дарья,Новосибирск,mass,2025-11-25 19:49:30,дарья.101098@example-shop.ru,organic
101099,Алексей,Нижний Новгород,mass,2025-07-19 08:33:22,алексей.101099@example-shop.ru,organic
101100,Сергей,Москва,vip,2025-01-08 01:52:13,сергей.101100@example-shop.ru,email
101101,Наталья,Новосибирск,standard,2025-01-12 08:56:43,наталья.101101@example-shop.ru,organic
101102,Наталья,Москва,mass,2025-05-08 10:29:46,наталья.101102@example-shop.ru,marketplace
101103,Никита,Краснодар,mass,2026-06-12 08:12:52,никита.101103@example-shop.ru,referral
101104,Анна,Краснодар,mass,2025-11-29 06:11:07,анна.101104@example-shop.ru,marketplace
101105,Максим,Казань,standard,2025-05-20 02:38:52,максим.101105@example-shop.ru,context
101106,Анна,Омск,mass,2025-01-31 12:59:09,анна.101106@example-shop.ru,social
101107,Дмитрий,Тюмень,mass,2026-02-17 02:54:15,дмитрий.101107@example-shop.ru,organic
101108,Никита,Москва,standard,2025-07-25 14:09:07,никита.101108@example-shop.ru,context
101109,Никита,Санкт-Петербург,premium,2025-08-03 13:23:03,никита.101109@example-shop.ru,social
101110,Алексей,Нижний Новгород,premium,2025-11-03 02:32:58,алексей.101110@example-shop.ru,organic
101111,Михаил,Москва,premium,2025-05-05 11:41:41,михаил.101111@example-shop.ru,marketplace
101112,Дмитрий,Казань,mass,2026-02-01 12:49:56,дмитрий.101112@example-shop.ru,organic
101113,Анна,Санкт-Петербург,standard,2025-06-20 23:14:51,АННА.101113@EXAMPLE-SHOP.RU,organic
101114,Елена,Омск,premium,2026-01-20 13:58:52,елена.101114@example-shop.ru,social
101115,Анна,Казань,mass,2025-10-09 22:59:09,анна.101115@example-shop.ru,social
101116,Наталья,Уфа,mass,2025-03-22 18:12:08,наталья.101116@example-shop.ru,organic
101117,Полина,Казань,mass,2025-12-06 18:15:14,полина.101117@example-shop.ru,marketplace
101118,Виктория,Москва,vip,2025-02-10 23:13:41,виктория.101118@example-shop.ru,organic
101119,Роман,Воронеж,premium,2026-01-25 16:40:38,роман.101119@example-shop.ru,social
101120,Наталья,Москва,standard,2025-07-25 02:46:04,наталья.101120@example-shop.ru,organic
101121,Алексей,Москва,mass,2026-01-01 09:56:37,алексей.101121@example-shop.ru,organic
101122,Мария,Санкт-Петербург,premium,2025-05-12 05:44:34,мария.101122@example-shop.ru,social
101123,Елена,Самара,mass,2025-08-10 21:29:57,елена.101123@example-shop.ru,email
101124,Дмитрий,Санкт-Петербург,mass,2025-06-16 14:26:36,дмитрий.101124@example-shop.ru,social
101125,Андрей,Москва,standard,2025-05-17 18:04:22,андрей.101125@example-shop.ru,context
101126,Андрей,Санкт-Петербург,standard,2025-07-06 15:41:57,андрей.101126@example-shop.ru,organic
101127,Ксения,Москва,premium,2025-01-30 07:11:21,ксения.101127@example-shop.ru,marketplace
101128,Михаил,Москва,mass,2025-08-05 11:05:08,михаил.101128@example-shop.ru,organic
101129,Виктория,Новосибирск,mass,2025-03-09 02:34:57,виктория.101129@example-shop.ru,social
101130,Михаил,Москва,mass,2025-10-10 15:17:36,михаил.101130@example-shop.ru,organic
101131,Сергей,Санкт-Петербург,mass,2025-02-19 09:20:01,сергей.101131@example-shop.ru,organic
101132,Екатерина,Самара,premium,2025-01-06 01:41:34,екатерина.101132@example-shop.ru,organic
101133,Дарья,Ростов-на-Дону,mass,2025-08-28 06:53:52,дарья.101133@example-shop.ru,organic
101134,Дарья,Санкт-Петербург,mass,2025-06-12 09:52:15,дарья.101134@example-shop.ru,social
101135,Михаил,Санкт-Петербург,mass,2026-04-23 21:32:27,михаил.101135@example-shop.ru,context
101136,Мария,Москва,standard,2025-05-25 01:55:19,мария.101136@example-shop.ru,email
101137,Роман,Омск,premium,2025-08-06 15:09:32,роман.101137@example-shop.ru,organic
101138,Ольга,Москва,mass,2025-05-09 17:47:50,ольга.101138@example-shop.ru,context
101139,Роман,Москва,mass,2026-04-30 18:19:39,роман.101139@example-shop.ru,context
101140,Артём,Екатеринбург,premium,2026-03-06 19:08:20,артём.101140@example-shop.ru,organic
101141,Ксения,Москва,standard,2025-04-04 17:30:25,ксения.101141@example-shop.ru,organic
101142,Максим,Москва,mass,2025-05-17 22:58:40,максим.101142@example-shop.ru,organic
101143,Никита,Москва,mass,2025-04-12 14:36:41,никита.101143@example-shop.ru,organic
101144,Андрей,Самара,vip,2025-03-24 06:37:03,андрей.101144@example-shop.ru,context
101145,Максим,Нижний Новгород,standard,2025-05-12 05:03:56,максим.101145@example-shop.ru,organic
101146,Наталья,Самара,mass,2026-04-10 05:53:02,наталья.101146@example-shop.ru,context
101147,Артём,Уфа,mass,2025-09-08 01:27:05,артём.101147@example-shop.ru,context
101148,Дарья,Санкт-Петербург,mass,2025-07-28 16:52:29,дарья.101148@example-shop.ru,context
101149,Екатерина,Пермь,mass,2025-04-14 23:42:35,ЕКАТЕРИНА.101149@EXAMPLE-SHOP.RU,organic
101150,Ксения,Ростов-на-Дону,mass,2025-04-11 07:09:52,ксения.101150@example-shop.ru,social
101151,Ольга,Уфа,mass,2025-10-30 14:25:50,ольга.101151@example-shop.ru,context
101152,Артём,Ростов-на-Дону,mass,2026-02-14 09:47:55,артём.101152@example-shop.ru,marketplace
101153,Сергей,Санкт-Петербург,mass,2025-11-01 01:51:55,сергей.101153@example-shop.ru,organic
101154,Никита,Санкт-Петербург,mass,2025-12-25 03:50:24,никита.101154@example-shop.ru,organic
101155,Максим,Казань,mass,2025-05-23 12:22:59,максим.101155@example-shop.ru,email
101156,Виктория,Москва,standard,2026-05-31 04:31:15,виктория.101156@example-shop.ru,organic
101157,Иван,Екатеринбург,mass,2026-03-25 07:24:24,иван.101157@example-shop.ru,organic
101158,Ксения,Москва,premium,2026-04-24 09:33:58,ксения.101158@example-shop.ru,marketplace
101159,Ольга,Москва,premium,2025-12-30 20:12:13,ольга.101159@example-shop.ru,social
101160,Максим,Пермь,premium,2026-01-14 09:38:41,максим.101160@example-shop.ru,social
101161,Виктория,Самара,mass,2025-02-08 14:42:22,виктория.101161@example-shop.ru,organic
101162,Наталья,Новосибирск,mass,2025-03-29 17:45:50,наталья.101162@example-shop.ru,organic
101163,Андрей,Санкт-Петербург,standard,2025-03-14 04:45:52,андрей.101163@example-shop.ru,organic
101164,Артём,Новосибирск,mass,2025-09-21 08:00:38,артём.101164@example-shop.ru,email
101165,Артём,Воронеж,mass,2025-11-17 10:40:39,артём.101165@example-shop.ru,context
101166,Иван,Самара,mass,2025-03-06 17:45:21,иван.101166@example-shop.ru,social
101167,Алексей,Нижний Новгород,standard,2026-02-14 14:15:11,алексей.101167@example-shop.ru,marketplace
101168,Ольга,Екатеринбург,standard,2025-10-27 10:07:46,ольга.101168@example-shop.ru,marketplace
101169,Полина,Санкт-Петербург,mass,2025-11-21 12:21:40,полина.101169@example-shop.ru,organic
101170,Никита,Самара,premium,2026-05-15 15:31:44,никита.101170@example-shop.ru,social
101171,Михаил,Тюмень,standard,2025-11-15 15:17:48,михаил.101171@example-shop.ru,referral
101172,Михаил,Казань,mass,2025-01-03 02:00:14,михаил.101172@example-shop.ru,email
101173,Ольга,Казань,mass,2026-02-23 23:52:45,ольга.101173@example-shop.ru,marketplace
101174,Анна,Казань,mass,2026-04-23 10:16:24,анна.101174@example-shop.ru,referral
101175,Алексей,Казань,premium,2025-02-15 12:41:25,алексей.101175@example-shop.ru,referral
101176,Максим,Тюмень,standard,2025-10-21 22:16:49,максим.101176@example-shop.ru,organic
101177,Максим,Ростов-на-Дону,standard,2025-09-14 00:20:33,максим.101177@example-shop.ru,social
101178,Анна,Санкт-Петербург,standard,2025-03-24 10:20:37,анна.101178@example-shop.ru,social
101179,Елена,Казань,mass,2025-05-31 11:17:34,елена.101179@example-shop.ru,referral
101180,Алексей,Казань,premium,2026-04-12 10:43:26,алексей.101180@example-shop.ru,social
101181,Михаил,Москва,premium,2025-08-02 11:25:51,михаил.101181@example-shop.ru,context
101182,Никита,Новосибирск,standard,2025-10-20 14:36:15,никита.101182@example-shop.ru,social
101183,Екатерина,Краснодар,mass,2026-02-28 12:30:33,екатерина.101183@example-shop.ru,marketplace
101184,Сергей,Самара,mass,2025-09-02 06:00:26,сергей.101184@example-shop.ru,context
101185,Сергей,Москва,mass,2026-05-01 17:06:29,сергей.101185@example-shop.ru,email
101186,Максим,Ростов-на-Дону,mass,2025-09-30 08:18:49,максим.101186@example-shop.ru,social
101187,Иван,Ростов-на-Дону,standard,2026-06-22 05:41:51,иван.101187@example-shop.ru,context
101188,Виктория,Санкт-Петербург,standard,2025-03-22 07:37:12,виктория.101188@example-shop.ru,context
101189,Виктория,Нижний Новгород,premium,2026-04-30 00:42:34,виктория.101189@example-shop.ru,social
101190,Алексей,Нижний Новгород,mass,2025-03-03 10:36:55,алексей.101190@example-shop.ru,email
101191,Сергей,Краснодар,mass,2026-03-20 04:00:06,сергей.101191@example-shop.ru,organic
101192,Елена,Москва,mass,2025-12-27 13:09:30,елена.101192@example-shop.ru,marketplace
101193,Анна,Москва,vip,2025-11-01 22:43:19,анна.101193@example-shop.ru,email
101194,Роман,Екатеринбург,standard,2026-04-25 19:47:14,роман.101194@example-shop.ru,context
101195,Артём,Москва,mass,2025-12-16 04:38:51,артём.101195@example-shop.ru,organic
101196,Михаил,Казань,standard,2026-01-14 11:31:11,МИХАИЛ.101196@EXAMPLE-SHOP.RU,organic
101197,Роман,Уфа,standard,2026-02-16 02:27:58,роман.101197@example-shop.ru,organic
101198,Полина,Москва,mass,2026-04-04 05:28:13,полина.101198@example-shop.ru,organic
101199,Андрей,,mass,2025-05-07 12:25:16,андрей.101199@example-shop.ru,organic
101200,Михаил,Тюмень,mass,2026-04-06 09:36:46,михаил.101200@example-shop.ru,marketplace
101201,Ксения,Екатеринбург,mass,2025-11-18 00:23:38,ксения.101201@example-shop.ru,referral
101202,Наталья,Екатеринбург,standard,2025-01-18 11:05:26,наталья.101202@example-shop.ru,email
101203,Полина,Новосибирск,mass,2026-05-16 13:00:48,полина.101203@example-shop.ru,social
101204,Дарья,Москва,standard,2026-02-25 04:05:24,дарья.101204@example-shop.ru,social
101205,Екатерина,Москва,standard,2026-05-01 21:59:00,екатерина.101205@example-shop.ru,marketplace
101206,Никита,Самара,mass,2026-02-25 18:58:14,никита.101206@example-shop.ru,organic
101207,Артём,Казань,premium,2025-07-08 07:18:57,артём.101207@example-shop.ru,referral
101208,Роман,Санкт-Петербург,mass,2025-07-10 17:41:55,роман.101208@example-shop.ru,marketplace
101209,Елена,Москва,standard,2025-05-31 16:18:19,елена.101209@example-shop.ru,marketplace
101210,Полина,Краснодар,mass,2025-08-12 08:49:30,полина.101210@example-shop.ru,context
101211,Михаил,Москва,standard,2025-01-19 22:51:51,михаил.101211@example-shop.ru,email
101212,Дарья,Ростов-на-Дону,mass,2026-02-11 07:00:33,дарья.101212@example-shop.ru,social
101213,Наталья,Казань,mass,2026-02-15 00:54:52,наталья.101213@example-shop.ru,organic
101214,Ксения,Нижний Новгород,mass,2026-06-22 16:08:09,ксения.101214@example-shop.ru,organic
101215,Мария,Москва,standard,2025-10-28 01:43:27,мария.101215@example-shop.ru,context
101216,Иван,Москва,standard,2026-06-23 08:45:11,иван.101216@example-shop.ru,organic
101217,Артём,Новосибирск,standard,2025-04-25 09:16:59,артём.101217@example-shop.ru,organic
101218,Роман,Самара,mass,2025-09-16 05:51:52,роман.101218@example-shop.ru,organic
101219,Андрей,Москва,standard,2026-03-03 10:47:52,андрей.101219@example-shop.ru,email
101220,Сергей,Казань,standard,2026-03-07 07:19:25,сергей.101220@example-shop.ru,marketplace
101221,Михаил,Екатеринбург,mass,2026-02-26 15:45:49,михаил.101221@example-shop.ru,marketplace
101222,Виктория,Москва,mass,2025-09-12 00:05:03,виктория.101222@example-shop.ru,social
101223,Полина,Новосибирск,mass,2025-02-09 19:48:42,полина.101223@example-shop.ru,marketplace
101224,Екатерина,Москва,standard,2026-04-17 22:44:44,екатерина.101224@example-shop.ru,social
101225,Сергей,Екатеринбург,mass,2025-07-27 21:17:47,сергей.101225@example-shop.ru,context
101226,Полина,,mass,2025-12-21 02:26:16,полина.101226@example-shop.ru,context
101227,Иван,Екатеринбург,vip,2025-03-14 15:20:22,иван.101227@example-shop.ru,organic
101228,Полина,Санкт-Петербург,premium,2026-05-26 11:15:22,полина.101228@example-shop.ru,social
101229,Анна,Екатеринбург,mass,2025-05-20 22:29:07,анна.101229@example-shop.ru,context
101230,Елена,Казань,premium,2026-06-28 11:54:04,елена.101230@example-shop.ru,marketplace
101231,Андрей,Пермь,mass,2026-01-25 21:31:55,андрей.101231@example-shop.ru,organic
101232,Роман,Екатеринбург,premium,2025-06-29 22:51:16,роман.101232@example-shop.ru,organic
101233,Полина,Краснодар,mass,2025-07-21 10:05:47,полина.101233@example-shop.ru,context
101234,Роман,Москва,mass,2026-06-18 17:33:19,роман.101234@example-shop.ru,organic
101235,Михаил,Санкт-Петербург,vip,2025-11-20 15:07:10,михаил.101235@example-shop.ru,marketplace
101236,Максим,Москва,mass,2026-01-13 10:04:10,максим.101236@example-shop.ru,social
101237,Алексей,Казань,premium,2025-11-30 20:50:46,алексей.101237@example-shop.ru,context
101238,Иван,Самара,mass,2025-05-10 18:10:02,иван.101238@example-shop.ru,social
101239,Елена,Краснодар,mass,2025-03-14 04:25:59,елена.101239@example-shop.ru,context
101240,Алексей,Новосибирск,premium,2025-01-02 16:42:15,алексей.101240@example-shop.ru,organic
101241,Артём,Самара,mass,2025-08-09 16:51:21,артём.101241@example-shop.ru,context
101242,Дарья,Москва,premium,2026-01-08 16:36:26,дарья.101242@example-shop.ru,context
101243,Полина,Москва,premium,2025-06-14 08:18:14,полина.101243@example-shop.ru,social
101244,Наталья,Уфа,mass,2025-05-02 04:43:34,наталья.101244@example-shop.ru,email
101245,Ксения,Москва,mass,2025-07-31 20:17:09,ксения.101245@example-shop.ru,organic
101246,Полина,Москва,mass,2025-05-07 02:25:56,полина.101246@example-shop.ru,social
101247,Ксения,Пермь,mass,2025-08-26 01:26:42,ксения.101247@example-shop.ru,referral
101248,Наталья,Омск,mass,2025-10-28 22:21:29,НАТАЛЬЯ.101248@EXAMPLE-SHOP.RU,context
101249,Максим,Нижний Новгород,mass,2025-05-29 10:53:51,максим.101249@example-shop.ru,social
101250,Полина,Казань,standard,2025-01-17 20:30:39,полина.101250@example-shop.ru,context
101251,Дмитрий,Краснодар,mass,2025-02-25 11:38:30,дмитрий.101251@example-shop.ru,context
101252,Сергей,Москва,standard,2025-08-15 22:06:35,сергей.101252@example-shop.ru,context
101253,Мария,Казань,mass,2025-04-07 16:06:22,мария.101253@example-shop.ru,context
101254,Дарья,Санкт-Петербург,mass,2026-03-12 15:48:18,дарья.101254@example-shop.ru,social
101255,Михаил,Пермь,mass,2025-03-31 20:50:34,михаил.101255@example-shop.ru,email
101256,Мария,Пермь,mass,2025-01-15 20:33:50,мария.101256@example-shop.ru,context
101257,Дмитрий,Самара,standard,2025-12-04 13:06:50,дмитрий.101257@example-shop.ru,marketplace
101258,Виктория,Москва,mass,2025-12-07 01:09:21,виктория.101258@example-shop.ru,organic
101259,Артём,Екатеринбург,standard,2026-01-02 04:14:18,артём.101259@example-shop.ru,context
101260,Андрей,Москва,standard,2025-03-28 07:36:21,андрей.101260@example-shop.ru,social
101261,Елена,Воронеж,mass,2026-01-06 22:21:54,елена.101261@example-shop.ru,social
101262,Никита,Москва,premium,2026-04-16 05:56:20,никита.101262@example-shop.ru,marketplace
101263,Сергей,Москва,premium,2025-11-26 14:30:54,сергей.101263@example-shop.ru,context
101264,Андрей,Ростов-на-Дону,mass,2025-08-01 22:11:06,андрей.101264@example-shop.ru,context
101265,Дмитрий,Екатеринбург,premium,2025-09-20 10:12:08,дмитрий.101265@example-shop.ru,social
101266,Алексей,Краснодар,mass,2026-03-19 14:33:36,алексей.101266@example-shop.ru,social
101267,Мария,Москва,standard,2025-03-19 23:31:48,мария.101267@example-shop.ru,email
101268,Ольга,Уфа,mass,2026-01-30 11:34:08,ольга.101268@example-shop.ru,email
101269,Полина,Москва,standard,2025-05-27 22:39:34,полина.101269@example-shop.ru,organic
101270,Алексей,Москва,premium,2026-04-24 10:05:00,алексей.101270@example-shop.ru,email
101271,Ольга,Екатеринбург,vip,2025-03-18 04:49:34,ольга.101271@example-shop.ru,referral
101272,Иван,Москва,vip,2025-10-09 16:31:38,иван.101272@example-shop.ru,social
101273,Никита,Нижний Новгород,mass,2025-08-07 06:47:32,никита.101273@example-shop.ru,context
101274,Екатерина,Москва,standard,2025-09-22 22:21:29,екатерина.101274@example-shop.ru,marketplace
101275,Дарья,Москва,mass,2025-07-28 07:46:02,дарья.101275@example-shop.ru,referral
101276,Роман,Ростов-на-Дону,mass,2025-01-21 09:35:28,роман.101276@example-shop.ru,organic
101277,Екатерина,Москва,mass,2026-04-13 13:07:39,екатерина.101277@example-shop.ru,context
101278,Дарья,Самара,premium,2025-10-18 22:17:17,дарья.101278@example-shop.ru,referral
101279,Алексей,Ростов-на-Дону,standard,2025-11-24 03:58:18,алексей.101279@example-shop.ru,marketplace
101280,Ксения,Москва,mass,2025-10-12 11:27:03,ксения.101280@example-shop.ru,social
101281,Роман,Уфа,vip,2025-10-16 04:36:36,роман.101281@example-shop.ru,marketplace
101282,Роман,Санкт-Петербург,standard,2025-11-27 11:38:37,роман.101282@example-shop.ru,context
101283,Ольга,Казань,mass,2025-08-17 14:00:08,ольга.101283@example-shop.ru,context
101284,Андрей,Москва,mass,2025-03-13 09:45:46,андрей.101284@example-shop.ru,referral
101285,Ольга,Краснодар,standard,2025-01-16 22:38:25,ольга.101285@example-shop.ru,organic
101286,Алексей,Новосибирск,standard,2025-10-22 06:46:48,алексей.101286@example-shop.ru,organic
101287,Никита,Екатеринбург,mass,2025-04-12 09:55:33,никита.101287@example-shop.ru,referral
101288,Дмитрий,Омск,mass,2025-09-05 10:44:33,дмитрий.101288@example-shop.ru,organic
101289,Иван,Санкт-Петербург,mass,2025-11-26 20:00:42,иван.101289@example-shop.ru,organic
101290,Михаил,Воронеж,mass,2025-11-21 19:21:57,михаил.101290@example-shop.ru,organic
101291,Дмитрий,Ростов-на-Дону,mass,2025-04-02 19:02:25,дмитрий.101291@example-shop.ru,organic
101292,Ксения,Пермь,mass,2025-12-26 23:59:42,ксения.101292@example-shop.ru,organic
101293,Сергей,Пермь,mass,2026-05-28 18:03:32,сергей.101293@example-shop.ru,context
101294,Алексей,Тюмень,standard,2025-07-16 23:25:05,алексей.101294@example-shop.ru,marketplace
101295,Полина,Москва,mass,2025-03-06 13:18:35,полина.101295@example-shop.ru,social
101296,Артём,Уфа,mass,2025-10-02 17:00:50,артём.101296@example-shop.ru,referral
101297,Елена,Уфа,mass,2025-12-03 04:28:51,елена.101297@example-shop.ru,organic
101298,Екатерина,Самара,vip,2025-08-04 07:52:46,екатерина.101298@example-shop.ru,organic
101299,Артём,Санкт-Петербург,mass,2025-11-23 14:52:40,артём.101299@example-shop.ru,marketplace
101300,Алексей,Омск,mass,2026-02-22 04:36:29,алексей.101300@example-shop.ru,social
101301,Дарья,Москва,mass,2025-11-12 00:41:08,дарья.101301@example-shop.ru,email
101302,Сергей,Екатеринбург,standard,2026-03-11 01:13:19,сергей.101302@example-shop.ru,context
101303,Екатерина,Новосибирск,mass,2025-03-21 14:33:00,екатерина.101303@example-shop.ru,social
101304,Ксения,Москва,mass,2025-06-09 15:40:24,ксения.101304@example-shop.ru,social
101305,Михаил,Ростов-на-Дону,premium,2025-10-30 16:10:50,михаил.101305@example-shop.ru,organic
101306,Екатерина,Москва,standard,2025-05-22 10:51:39,екатерина.101306@example-shop.ru,email
101307,Елена,Самара,mass,2026-06-26 22:50:27,елена.101307@example-shop.ru,context
101308,Дмитрий,Краснодар,mass,2026-01-05 16:27:58,дмитрий.101308@example-shop.ru,context
101309,Сергей,Санкт-Петербург,premium,2025-08-13 11:47:18,сергей.101309@example-shop.ru,organic
101310,Ксения,Ростов-на-Дону,premium,2026-02-26 20:07:55,ксения.101310@example-shop.ru,social
101311,Артём,Москва,standard,2026-06-20 21:04:38,артём.101311@example-shop.ru,email
101312,Максим,Краснодар,standard,2025-01-06 22:07:14,максим.101312@example-shop.ru,context
101313,Дарья,Омск,premium,2025-10-31 11:53:59,дарья.101313@example-shop.ru,marketplace
101314,Ксения,Москва,vip,2025-08-21 22:51:45,ксения.101314@example-shop.ru,organic
101315,Никита,Самара,mass,2026-02-16 11:49:12,никита.101315@example-shop.ru,marketplace
101316,Елена,Екатеринбург,vip,2025-06-17 17:07:11,елена.101316@example-shop.ru,referral
101317,Роман,Новосибирск,standard,2025-06-27 09:58:16,роман.101317@example-shop.ru,marketplace
101318,Виктория,Ростов-на-Дону,standard,2026-02-22 18:05:15,виктория.101318@example-shop.ru,referral
101319,Сергей,Екатеринбург,mass,2026-05-01 09:24:07,сергей.101319@example-shop.ru,social
101320,Ольга,Нижний Новгород,mass,2025-03-20 05:30:45,ольга.101320@example-shop.ru,context
101321,Иван,Москва,standard,2025-12-02 01:15:01,иван.101321@example-shop.ru,email
101322,Елена,Казань,standard,2026-03-01 03:27:51,елена.101322@example-shop.ru,email
101323,Артём,Воронеж,mass,2025-03-31 15:47:21,артём.101323@example-shop.ru,social
101324,Ксения,Москва,standard,2025-12-27 11:11:54,ксения.101324@example-shop.ru,referral
101325,Ксения,Нижний Новгород,mass,2026-06-18 21:36:09,ксения.101325@example-shop.ru,context
101326,Анна,Москва,mass,2026-04-05 09:31:07,,organic
101327,Екатерина,Краснодар,standard,2025-04-16 23:00:59,екатерина.101327@example-shop.ru,organic
101328,Мария,Новосибирск,standard,2026-06-24 16:22:58,мария.101328@example-shop.ru,referral
101329,Екатерина,Казань,mass,2025-07-14 14:23:36,екатерина.101329@example-shop.ru,referral
101330,Максим,Москва,mass,2025-09-17 17:20:27,максим.101330@example-shop.ru,referral
101331,Сергей,Казань,mass,2025-06-08 22:06:37,сергей.101331@example-shop.ru,social
101332,Роман,Омск,standard,2026-01-17 04:18:08,роман.101332@example-shop.ru,context
101333,Сергей,Екатеринбург,premium,2025-03-10 12:22:58,сергей.101333@example-shop.ru,organic
101334,Андрей,Екатеринбург,standard,2026-01-22 22:17:20,андрей.101334@example-shop.ru,organic
101335,Артём,Ростов-на-Дону,standard,2025-01-31 02:58:44,артём.101335@example-shop.ru,organic
101336,Полина,Казань,mass,2026-04-06 07:01:05,полина.101336@example-shop.ru,social
101337,Михаил,Казань,mass,2025-06-27 15:57:02,михаил.101337@example-shop.ru,email
101338,Елена,Санкт-Петербург,premium,2025-10-10 09:04:38,елена.101338@example-shop.ru,marketplace
101339,Дарья,Москва,mass,2025-05-05 06:30:32,дарья.101339@example-shop.ru,organic
101340,Сергей,Ростов-на-Дону,mass,2025-02-28 16:01:56,сергей.101340@example-shop.ru,email
101341,Артём,Воронеж,mass,2025-01-13 16:22:53,артём.101341@example-shop.ru,social
101342,Иван,Пермь,standard,2026-06-18 18:04:02,иван.101342@example-shop.ru,context
101343,Иван,Воронеж,mass,2025-03-16 06:19:12,иван.101343@example-shop.ru,referral
101344,Виктория,Екатеринбург,mass,2025-01-31 23:25:56,виктория.101344@example-shop.ru,marketplace
101345,Анна,Санкт-Петербург,standard,2026-06-09 11:51:30,анна.101345@example-shop.ru,context
101346,Полина,Нижний Новгород,mass,2025-02-15 04:39:55,полина.101346@example-shop.ru,social
101347,Ксения,Омск,mass,2025-05-20 04:05:08,ксения.101347@example-shop.ru,organic
101348,Роман,Ростов-на-Дону,standard,2025-10-30 22:41:28,роман.101348@example-shop.ru,organic
101349,Роман,Екатеринбург,vip,2025-09-26 09:41:22,роман.101349@example-shop.ru,organic
101350,Виктория,Самара,mass,2025-03-21 10:19:54,виктория.101350@example-shop.ru,organic
101351,Мария,Уфа,mass,2026-06-03 02:39:08,мария.101351@example-shop.ru,referral
101352,Ольга,Пермь,mass,2025-07-15 06:46:07,ольга.101352@example-shop.ru,organic
101353,Наталья,Уфа,mass,2026-01-04 18:43:11,наталья.101353@example-shop.ru,referral
101354,Никита,Казань,premium,2025-09-07 14:15:50,никита.101354@example-shop.ru,email
101355,Дмитрий,Санкт-Петербург,standard,2025-11-16 03:08:32,дмитрий.101355@example-shop.ru,email
101356,Наталья,Екатеринбург,mass,2026-05-08 22:16:07,наталья.101356@example-shop.ru,context
101357,Максим,Санкт-Петербург,standard,2025-06-27 14:40:42,максим.101357@example-shop.ru,organic
101358,Иван,Омск,mass,2026-03-20 20:51:31,иван.101358@example-shop.ru,context
101359,Иван,Екатеринбург,mass,2025-06-09 08:40:15,иван.101359@example-shop.ru,organic
101360,Ольга,Екатеринбург,premium,2025-06-22 17:29:11,ольга.101360@example-shop.ru,context
101361,Мария,Санкт-Петербург,mass,2025-01-18 20:43:54,мария.101361@example-shop.ru,social
101362,Мария,Нижний Новгород,mass,2025-07-08 23:45:24,мария.101362@example-shop.ru,social
101363,Ольга,Новосибирск,premium,2025-11-16 13:13:31,ольга.101363@example-shop.ru,organic
101364,Дмитрий,Москва,mass,2025-12-15 17:32:30,дмитрий.101364@example-shop.ru,organic
101365,Виктория,Воронеж,mass,2025-08-23 09:43:28,виктория.101365@example-shop.ru,email
101366,Алексей,Санкт-Петербург,mass,2025-07-14 07:09:57,алексей.101366@example-shop.ru,marketplace
101367,Максим,Казань,mass,2025-05-03 05:51:34,максим.101367@example-shop.ru,social
101368,Наталья,Москва,mass,2026-05-08 18:52:11,наталья.101368@example-shop.ru,social
101369,Полина,Новосибирск,mass,2025-07-29 09:31:14,полина.101369@example-shop.ru,referral
101370,Михаил,Ростов-на-Дону,mass,2025-06-16 17:57:00,михаил.101370@example-shop.ru,organic
101371,Ксения,Воронеж,mass,2026-05-28 19:31:26,ксения.101371@example-shop.ru,marketplace
101372,Максим,Москва,standard,2025-12-14 01:15:55,максим.101372@example-shop.ru,organic
101373,Сергей,Тюмень,premium,2026-04-08 09:04:24,сергей.101373@example-shop.ru,referral
101374,Сергей,Ростов-на-Дону,standard,2025-07-31 20:26:08,сергей.101374@example-shop.ru,organic
101375,Ксения,Санкт-Петербург,standard,2025-08-23 13:43:38,ксения.101375@example-shop.ru,referral
101376,Полина,Москва,standard,2026-02-02 14:14:15,полина.101376@example-shop.ru,email
101377,Полина,Санкт-Петербург,mass,2026-06-19 01:47:08,полина.101377@example-shop.ru,referral
101378,Дарья,Воронеж,mass,2026-03-06 20:13:24,дарья.101378@example-shop.ru,context
101379,Артём,Санкт-Петербург,mass,2025-09-09 20:30:01,артём.101379@example-shop.ru,social
101380,Артём,Екатеринбург,mass,2025-11-22 20:02:36,артём.101380@example-shop.ru,social
101381,Полина,Ростов-на-Дону,vip,2025-07-10 06:46:32,полина.101381@example-shop.ru,referral
101382,Елена,Воронеж,mass,2025-09-06 15:50:02,елена.101382@example-shop.ru,social
101383,Максим,Самара,premium,2025-07-31 10:00:05,максим.101383@example-shop.ru,social
101384,Ксения,Ростов-на-Дону,mass,2025-02-24 04:25:36,ксения.101384@example-shop.ru,referral
101385,Ольга,Москва,mass,2026-04-22 15:59:10,ольга.101385@example-shop.ru,organic
101386,Дмитрий,Воронеж,mass,2025-03-16 14:40:52,дмитрий.101386@example-shop.ru,referral
101387,Виктория,Санкт-Петербург,mass,2025-05-26 22:13:55,виктория.101387@example-shop.ru,organic
101388,Максим,Москва,mass,2025-05-18 23:31:29,максим.101388@example-shop.ru,referral
101389,Ксения,Тюмень,standard,2025-05-02 01:06:14,ксения.101389@example-shop.ru,context
101390,Никита,Москва,mass,2025-09-29 04:34:00,никита.101390@example-shop.ru,email
101391,Максим,Москва,premium,2026-06-08 11:57:32,максим.101391@example-shop.ru,organic
101392,Артём,Нижний Новгород,premium,2025-06-29 00:16:17,артём.101392@example-shop.ru,context
101393,Полина,Санкт-Петербург,mass,2026-02-05 04:14:14,полина.101393@example-shop.ru,organic
101394,Роман,Москва,vip,2026-02-04 08:47:30,роман.101394@example-shop.ru,email
101395,Дмитрий,Нижний Новгород,mass,2026-02-21 06:15:10,дмитрий.101395@example-shop.ru,organic
101396,Виктория,Ростов-на-Дону,mass,2025-12-06 06:07:53,виктория.101396@example-shop.ru,social
101397,Михаил,Уфа,mass,2026-02-08 10:59:54,михаил.101397@example-shop.ru,organic
101398,Екатерина,Москва,standard,2026-02-19 23:48:27,екатерина.101398@example-shop.ru,email
101399,Алексей,Новосибирск,mass,2026-01-08 04:25:41,алексей.101399@example-shop.ru,context
101400,Елена,Краснодар,standard,2025-11-01 08:59:51,елена.101400@example-shop.ru,social
101401,Ксения,Москва,premium,2025-02-19 17:31:24,ксения.101401@example-shop.ru,organic
101402,Дмитрий,Москва,mass,2025-10-04 22:24:08,дмитрий.101402@example-shop.ru,context
101403,Елена,Москва,standard,2026-02-15 18:07:09,елена.101403@example-shop.ru,organic
101404,Максим,Новосибирск,standard,2025-07-06 08:46:31,максим.101404@example-shop.ru,social
101405,Анна,Москва,mass,2025-05-16 15:53:54,анна.101405@example-shop.ru,organic
101406,Анна,Ростов-на-Дону,mass,2025-11-20 20:17:31,анна.101406@example-shop.ru,marketplace
101407,Максим,Омск,mass,2025-03-14 03:51:39,максим.101407@example-shop.ru,context
101408,Ксения,Москва,mass,2026-01-27 21:16:01,ксения.101408@example-shop.ru,social
101409,Алексей,Самара,standard,2026-06-20 17:40:44,алексей.101409@example-shop.ru,context
101410,Елена,Москва,mass,2025-09-21 21:23:29,елена.101410@example-shop.ru,organic
101411,Мария,Москва,mass,2025-01-16 04:27:29,мария.101411@example-shop.ru,email
101412,Виктория,Ростов-на-Дону,standard,2025-05-28 22:40:18,виктория.101412@example-shop.ru,email
101413,Елена,Казань,standard,2025-01-18 05:48:00,елена.101413@example-shop.ru,social
101414,Дарья,Омск,premium,2025-09-08 07:28:44,дарья.101414@example-shop.ru,email
101415,Виктория,Новосибирск,mass,2025-06-18 21:39:21,виктория.101415@example-shop.ru,organic
101416,Дарья,Москва,standard,2026-02-26 11:08:14,дарья.101416@example-shop.ru,marketplace
101417,Михаил,Екатеринбург,mass,2026-04-06 02:09:46,михаил.101417@example-shop.ru,context
101418,Сергей,Москва,standard,2025-08-26 01:45:26,сергей.101418@example-shop.ru,email
101419,Ксения,Воронеж,mass,2026-06-17 23:30:32,ксения.101419@example-shop.ru,referral
101420,Наталья,Самара,mass,2025-09-03 00:10:41,наталья.101420@example-shop.ru,context
101421,Никита,Санкт-Петербург,vip,2025-03-06 14:20:33,никита.101421@example-shop.ru,social
101422,Полина,Новосибирск,standard,2026-05-11 00:49:46,полина.101422@example-shop.ru,marketplace
101423,Виктория,Самара,standard,2025-08-04 12:21:10,виктория.101423@example-shop.ru,organic
101424,Екатерина,Уфа,mass,2026-04-28 13:11:00,екатерина.101424@example-shop.ru,context
101425,Елена,Москва,standard,2026-02-05 04:40:04,елена.101425@example-shop.ru,social
101426,Андрей,Москва,mass,2026-05-28 03:05:26,андрей.101426@example-shop.ru,context
101427,Екатерина,Москва,mass,2025-12-18 19:30:34,екатерина.101427@example-shop.ru,context
101428,Никита,Казань,mass,2025-11-20 00:56:39,никита.101428@example-shop.ru,referral
101429,Елена,Екатеринбург,mass,2025-05-08 04:34:01,елена.101429@example-shop.ru,marketplace
101430,Дарья,Москва,mass,2025-06-02 05:07:07,дарья.101430@example-shop.ru,social
101431,Наталья,Казань,standard,2025-06-29 10:00:49,наталья.101431@example-shop.ru,marketplace
101432,Анна,Екатеринбург,mass,2025-06-18 18:38:55,анна.101432@example-shop.ru,organic
101433,Анна,Москва,premium,2025-11-20 22:25:13,анна.101433@example-shop.ru,organic
101434,Виктория,Пермь,premium,2026-04-20 04:24:19,виктория.101434@example-shop.ru,organic
101435,Максим,Нижний Новгород,mass,2025-01-20 07:07:03,максим.101435@example-shop.ru,context
101436,Иван,Казань,standard,2025-12-04 03:15:33,иван.101436@example-shop.ru,social
101437,Сергей,Екатеринбург,mass,2026-02-18 05:38:06,сергей.101437@example-shop.ru,organic
101438,Екатерина,Санкт-Петербург,premium,2025-08-30 13:59:20,екатерина.101438@example-shop.ru,context
101439,Максим,Краснодар,mass,2025-05-31 02:17:46,максим.101439@example-shop.ru,referral
101440,Полина,Новосибирск,mass,2025-08-24 15:49:13,полина.101440@example-shop.ru,social
101441,Дарья,Екатеринбург,mass,2026-03-28 10:46:05,дарья.101441@example-shop.ru,social
101442,Артём,Пермь,premium,2026-05-14 09:21:52,артём.101442@example-shop.ru,social
101443,Никита,Краснодар,mass,2026-01-08 14:23:18,никита.101443@example-shop.ru,marketplace
101444,Сергей,Краснодар,standard,2025-09-22 15:44:57,сергей.101444@example-shop.ru,referral
101445,Иван,Москва,mass,2025-12-18 18:01:18,иван.101445@example-shop.ru,marketplace
101446,Алексей,Москва,standard,2026-01-04 22:33:14,алексей.101446@example-shop.ru,marketplace
101447,Никита,Самара,mass,2026-02-23 05:05:00,никита.101447@example-shop.ru,email
101448,Полина,Екатеринбург,mass,2025-03-20 19:55:09,полина.101448@example-shop.ru,organic
101449,Роман,Самара,mass,2025-02-10 22:45:34,роман.101449@example-shop.ru,social
101450,Иван,Уфа,mass,2025-07-08 08:35:15,иван.101450@example-shop.ru,context
101451,Елена,Санкт-Петербург,standard,2025-05-22 16:25:01,елена.101451@example-shop.ru,organic
101452,Алексей,Санкт-Петербург,standard,2025-12-02 01:21:09,алексей.101452@example-shop.ru,social
101453,Мария,Екатеринбург,mass,2025-10-12 08:19:33,мария.101453@example-shop.ru,organic
101454,Дмитрий,Санкт-Петербург,mass,2026-05-16 12:43:06,дмитрий.101454@example-shop.ru,social
101455,Виктория,Самара,mass,2026-02-28 13:12:17,виктория.101455@example-shop.ru,email
101456,Мария,Ростов-на-Дону,standard,2025-03-22 11:48:41,мария.101456@example-shop.ru,context
101457,Полина,Екатеринбург,standard,2026-04-08 17:38:57,полина.101457@example-shop.ru,marketplace
101458,Наталья,Ростов-на-Дону,premium,2026-02-25 01:01:49,наталья.101458@example-shop.ru,email
101459,Елена,Новосибирск,premium,2025-07-28 05:54:56,елена.101459@example-shop.ru,email
101460,Артём,Ростов-на-Дону,mass,2025-02-01 14:02:13,артём.101460@example-shop.ru,organic
101461,Дарья,Москва,mass,2026-03-09 12:54:40,дарья.101461@example-shop.ru,marketplace
101462,Максим,Ростов-на-Дону,premium,2025-04-16 06:04:27,максим.101462@example-shop.ru,organic
101463,Алексей,Ростов-на-Дону,mass,2025-05-01 01:11:07,алексей.101463@example-shop.ru,email
101464,Мария,Санкт-Петербург,mass,2025-09-14 09:42:58,мария.101464@example-shop.ru,organic
101465,Ксения,Новосибирск,mass,2025-02-14 22:15:10,ксения.101465@example-shop.ru,organic
101466,Иван,Краснодар,standard,2025-08-06 15:07:45,иван.101466@example-shop.ru,context
101467,Михаил,Москва,standard,2025-05-15 09:18:40,михаил.101467@example-shop.ru,referral
101468,Ольга,Ростов-на-Дону,vip,2025-01-29 21:14:22,ольга.101468@example-shop.ru,marketplace
101469,Дарья,Омск,mass,2026-05-08 05:10:40,дарья.101469@example-shop.ru,referral
101470,Мария,Воронеж,mass,2025-05-23 02:25:23,мария.101470@example-shop.ru,referral
101471,Ксения,Казань,mass,2025-10-24 11:59:46,ксения.101471@example-shop.ru,context
101472,Екатерина,Нижний Новгород,standard,2026-03-22 03:14:52,екатерина.101472@example-shop.ru,marketplace
101473,Сергей,Тюмень,mass,2025-09-20 08:02:46,сергей.101473@example-shop.ru,context
101474,Дмитрий,Новосибирск,premium,2025-06-09 15:03:30,дмитрий.101474@example-shop.ru,marketplace
101475,Полина,Москва,mass,2026-02-10 02:49:03,полина.101475@example-shop.ru,email
101476,Максим,Москва,standard,2026-01-13 03:49:47,максим.101476@example-shop.ru,context
101477,Наталья,Уфа,standard,2025-01-06 12:00:55,наталья.101477@example-shop.ru,context
101478,Ольга,Казань,mass,2026-03-23 10:32:03,ольга.101478@example-shop.ru,referral
101479,Дмитрий,Москва,standard,2025-03-06 11:24:17,дмитрий.101479@example-shop.ru,marketplace
101480,Сергей,Санкт-Петербург,mass,2026-02-06 23:08:03,сергей.101480@example-shop.ru,referral
101481,Анна,Ростов-на-Дону,standard,2025-02-24 06:48:13,анна.101481@example-shop.ru,email
101482,Алексей,Екатеринбург,standard,2025-02-05 16:48:43,алексей.101482@example-shop.ru,marketplace
101483,Елена,Воронеж,standard,2025-03-08 07:24:20,елена.101483@example-shop.ru,context
101484,Иван,Ростов-на-Дону,mass,2026-02-08 15:59:54,иван.101484@example-shop.ru,social
101485,Сергей,Тюмень,vip,2025-09-05 03:07:50,сергей.101485@example-shop.ru,social
101486,Ксения,Воронеж,premium,2025-11-24 20:41:11,ксения.101486@example-shop.ru,organic
101487,Анна,Санкт-Петербург,standard,2025-06-02 23:19:57,анна.101487@example-shop.ru,email
101488,Алексей,Самара,vip,2025-03-07 09:21:16,алексей.101488@example-shop.ru,organic
101489,Иван,Москва,mass,2026-03-05 05:16:59,иван.101489@example-shop.ru,referral
101490,Артём,Тюмень,mass,2026-03-30 19:49:13,артём.101490@example-shop.ru,social
101491,Елена,Санкт-Петербург,mass,2026-04-03 06:37:53,елена.101491@example-shop.ru,email
101492,Наталья,Самара,mass,2025-02-05 08:22:24,наталья.101492@example-shop.ru,social
101493,Алексей,Краснодар,mass,2026-05-20 02:12:23,алексей.101493@example-shop.ru,social
101494,Максим,Москва,standard,2025-10-23 07:40:14,максим.101494@example-shop.ru,organic
101495,Сергей,Краснодар,mass,2025-04-17 20:29:46,сергей.101495@example-shop.ru,email
101496,Сергей,Москва,mass,2025-04-19 07:50:08,сергей.101496@example-shop.ru,context
101497,Виктория,Екатеринбург,standard,2025-10-02 01:18:00,виктория.101497@example-shop.ru,social
101498,Дарья,Екатеринбург,standard,2025-11-25 23:04:19,дарья.101498@example-shop.ru,email
101499,Наталья,Казань,vip,2025-01-27 12:58:02,наталья.101499@example-shop.ru,context
101500,Андрей,Нижний Новгород,mass,2025-09-28 08:54:02,андрей.101500@example-shop.ru,organic
101501,Артём,Пермь,premium,2025-05-11 17:59:53,артём.101501@example-shop.ru,organic
101502,Елена,Санкт-Петербург,mass,2026-05-16 05:54:40,елена.101502@example-shop.ru,social
101503,Дмитрий,Новосибирск,mass,2025-12-02 05:12:43,дмитрий.101503@example-shop.ru,context
101504,Максим,Воронеж,standard,2025-07-22 16:26:19,максим.101504@example-shop.ru,context
101505,Виктория,Уфа,mass,2025-08-19 04:53:29,виктория.101505@example-shop.ru,organic
101506,Дмитрий,Москва,standard,2026-04-02 06:46:57,дмитрий.101506@example-shop.ru,context
101507,Никита,Омск,mass,2026-01-12 10:20:46,никита.101507@example-shop.ru,context
101508,Наталья,Москва,mass,2025-07-31 04:23:44,наталья.101508@example-shop.ru,social
101509,Ксения,Нижний Новгород,mass,2026-04-03 09:05:38,ксения.101509@example-shop.ru,social
101510,Екатерина,Новосибирск,mass,2025-12-05 21:06:15,ЕКАТЕРИНА.101510@EXAMPLE-SHOP.RU,social
101511,Максим,Уфа,mass,2025-02-02 10:43:09,максим.101511@example-shop.ru,context
101512,Дмитрий,Москва,mass,2025-12-10 16:35:51,дмитрий.101512@example-shop.ru,marketplace
101513,Роман,Москва,mass,2026-05-27 13:03:27,роман.101513@example-shop.ru,social
101514,Максим,Ростов-на-Дону,standard,2026-04-16 11:45:29,максим.101514@example-shop.ru,email
101515,Дмитрий,Москва,mass,2025-01-24 02:38:07,дмитрий.101515@example-shop.ru,social
101516,Никита,Екатеринбург,standard,2026-04-26 15:11:14,никита.101516@example-shop.ru,context
101517,Наталья,Ростов-на-Дону,standard,2026-06-20 00:13:36,наталья.101517@example-shop.ru,referral
101518,Алексей,Самара,mass,2025-03-30 16:19:45,алексей.101518@example-shop.ru,organic
101519,Наталья,Москва,mass,2025-12-14 12:13:22,наталья.101519@example-shop.ru,marketplace
101520,Наталья,Санкт-Петербург,standard,2026-02-16 11:49:09,наталья.101520@example-shop.ru,social
101521,Ксения,Омск,premium,2025-01-24 14:21:51,ксения.101521@example-shop.ru,organic
101522,Роман,Екатеринбург,mass,2026-03-28 02:05:00,роман.101522@example-shop.ru,context
101523,Анна,Москва,standard,2025-08-03 12:39:53,анна.101523@example-shop.ru,referral
101524,Анна,Москва,mass,2025-06-13 03:34:27,анна.101524@example-shop.ru,organic
101525,Михаил,Санкт-Петербург,mass,2025-05-21 17:21:59,михаил.101525@example-shop.ru,organic
101526,Алексей,Тюмень,mass,2025-10-03 13:35:51,алексей.101526@example-shop.ru,marketplace
101527,Максим,Санкт-Петербург,mass,2026-03-12 05:19:34,максим.101527@example-shop.ru,context
101528,Иван,Москва,mass,2026-03-24 17:49:38,иван.101528@example-shop.ru,organic
101529,Алексей,Новосибирск,mass,2025-05-03 20:57:13,алексей.101529@example-shop.ru,organic
101530,Никита,Москва,mass,2026-03-27 17:04:32,,social
101531,Мария,Санкт-Петербург,standard,2026-03-27 06:51:34,мария.101531@example-shop.ru,social
101532,Алексей,Тюмень,mass,2025-02-03 10:46:17,алексей.101532@example-shop.ru,social
101533,Никита,Ростов-на-Дону,standard,2025-06-20 05:25:31,никита.101533@example-shop.ru,marketplace
101534,Анна,Москва,premium,2025-01-09 04:44:20,анна.101534@example-shop.ru,organic
101535,Андрей,Екатеринбург,mass,2026-06-24 01:59:57,андрей.101535@example-shop.ru,organic
101536,Алексей,Москва,mass,2025-09-15 10:00:59,алексей.101536@example-shop.ru,organic
101537,Анна,Москва,mass,2025-05-28 08:57:04,анна.101537@example-shop.ru,context
101538,Иван,Нижний Новгород,premium,2026-05-03 08:51:54,иван.101538@example-shop.ru,organic
101539,Роман,Екатеринбург,mass,2026-01-09 07:17:14,роман.101539@example-shop.ru,context
101540,Михаил,Ростов-на-Дону,mass,2026-05-28 09:52:17,михаил.101540@example-shop.ru,email
101541,Наталья,Воронеж,vip,2026-03-13 02:32:03,наталья.101541@example-shop.ru,organic
101542,Дмитрий,Москва,mass,2026-06-05 16:44:13,дмитрий.101542@example-shop.ru,marketplace
101543,Мария,Пермь,mass,2025-04-28 23:17:20,мария.101543@example-shop.ru,marketplace
101544,Виктория,Новосибирск,premium,2025-04-22 04:43:14,виктория.101544@example-shop.ru,social
101545,Дмитрий,Санкт-Петербург,premium,2025-02-11 06:53:06,дмитрий.101545@example-shop.ru,email
101546,Виктория,Краснодар,mass,2025-07-06 20:32:34,виктория.101546@example-shop.ru,referral
101547,Екатерина,Москва,mass,2025-10-28 10:19:01,екатерина.101547@example-shop.ru,context
101548,Андрей,Новосибирск,mass,2025-11-04 22:56:07,андрей.101548@example-shop.ru,social
101549,Наталья,Ростов-на-Дону,mass,2026-01-05 00:11:38,наталья.101549@example-shop.ru,organic
101550,Алексей,Санкт-Петербург,mass,2026-02-04 14:39:47,алексей.101550@example-shop.ru,social
101551,Елена,Воронеж,mass,2026-03-22 09:58:20,елена.101551@example-shop.ru,email
101552,Ксения,Москва,standard,2025-10-11 09:19:14,ксения.101552@example-shop.ru,social
101553,Артём,Краснодар,standard,2025-05-29 15:45:08,артём.101553@example-shop.ru,context
101554,Михаил,Москва,vip,2025-08-28 09:57:11,михаил.101554@example-shop.ru,referral
101555,Наталья,Москва,premium,2026-04-21 09:29:58,наталья.101555@example-shop.ru,marketplace
101556,Анна,,mass,2026-03-21 16:43:19,анна.101556@example-shop.ru,organic
101557,Ксения,Краснодар,mass,2026-05-15 02:13:39,ксения.101557@example-shop.ru,context
101558,Дарья,Москва,mass,2025-10-22 09:43:53,дарья.101558@example-shop.ru,organic
101559,Полина,Воронеж,mass,2026-03-01 15:45:56,полина.101559@example-shop.ru,marketplace
101560,Ксения,Москва,mass,2025-08-14 03:37:54,ксения.101560@example-shop.ru,social
101561,Елена,Екатеринбург,standard,2025-01-05 03:22:00,елена.101561@example-shop.ru,organic
101562,Елена,Санкт-Петербург,mass,2026-02-10 08:56:03,елена.101562@example-shop.ru,social
101563,Дмитрий,Москва,mass,2025-02-17 12:47:25,дмитрий.101563@example-shop.ru,social
101564,Никита,Омск,mass,2025-12-13 04:52:40,никита.101564@example-shop.ru,organic
101565,Виктория,Казань,vip,2026-06-28 18:24:16,виктория.101565@example-shop.ru,email
101566,Наталья,Самара,standard,2025-01-14 22:59:57,наталья.101566@example-shop.ru,referral
101567,Полина,Новосибирск,mass,2026-02-05 00:02:56,полина.101567@example-shop.ru,organic
101568,Михаил,Екатеринбург,mass,2026-04-19 03:46:41,михаил.101568@example-shop.ru,marketplace
101569,Никита,Нижний Новгород,premium,2025-12-08 14:26:04,никита.101569@example-shop.ru,organic
101570,Полина,Воронеж,mass,2026-01-12 00:58:47,полина.101570@example-shop.ru,organic
101571,Мария,Самара,standard,2026-05-07 05:48:54,мария.101571@example-shop.ru,context
101572,Ольга,Новосибирск,standard,2026-02-28 13:49:38,ольга.101572@example-shop.ru,organic
101573,Роман,Самара,standard,2025-01-22 14:30:37,роман.101573@example-shop.ru,social
101574,Андрей,Нижний Новгород,mass,2026-02-26 21:49:04,андрей.101574@example-shop.ru,context
101575,Иван,Казань,premium,2026-02-17 18:30:08,иван.101575@example-shop.ru,organic
101576,Максим,Нижний Новгород,mass,2025-05-05 08:11:39,максим.101576@example-shop.ru,marketplace
101577,Артём,Екатеринбург,mass,2025-12-23 19:10:57,артём.101577@example-shop.ru,context
101578,Дарья,Ростов-на-Дону,mass,2026-04-04 19:42:21,дарья.101578@example-shop.ru,context
101579,Иван,Омск,mass,2026-04-08 06:43:42,иван.101579@example-shop.ru,context
101580,Михаил,Омск,mass,2026-04-20 15:31:31,михаил.101580@example-shop.ru,email
101581,Елена,Краснодар,standard,2026-02-28 22:59:14,елена.101581@example-shop.ru,organic
101582,Дмитрий,Нижний Новгород,premium,2025-03-08 12:54:03,дмитрий.101582@example-shop.ru,organic
101583,Артём,Ростов-на-Дону,mass,2025-09-22 06:53:44,артём.101583@example-shop.ru,marketplace
101584,Сергей,Москва,standard,2025-05-08 00:34:04,сергей.101584@example-shop.ru,organic
101585,Михаил,Екатеринбург,vip,2025-02-08 16:16:02,михаил.101585@example-shop.ru,email
101586,Максим,Санкт-Петербург,mass,2025-05-24 13:59:18,максим.101586@example-shop.ru,social
101587,Андрей,Москва,standard,2026-05-11 14:58:19,андрей.101587@example-shop.ru,email
101588,Мария,Омск,vip,2025-11-22 22:00:48,мария.101588@example-shop.ru,organic
101589,Ксения,Воронеж,standard,2026-02-21 02:36:33,ксения.101589@example-shop.ru,marketplace
101590,Алексей,Новосибирск,mass,2025-10-02 00:51:00,алексей.101590@example-shop.ru,context
101591,Роман,Санкт-Петербург,premium,2025-07-14 05:39:37,роман.101591@example-shop.ru,organic
101592,Максим,Самара,standard,2025-09-21 03:33:54,максим.101592@example-shop.ru,email
101593,Ольга,Казань,mass,2026-06-21 05:46:53,ольга.101593@example-shop.ru,organic
101594,Алексей,Уфа,mass,2025-06-06 08:59:03,алексей.101594@example-shop.ru,context
101595,Роман,Тюмень,mass,2025-06-19 13:17:43,роман.101595@example-shop.ru,social
101596,Анна,Санкт-Петербург,mass,2026-04-07 17:12:03,анна.101596@example-shop.ru,organic
101597,Екатерина,Москва,mass,2025-07-21 22:55:58,екатерина.101597@example-shop.ru,organic
101598,Роман,Санкт-Петербург,mass,2026-05-08 15:10:00,роман.101598@example-shop.ru,social
101599,Андрей,Москва,premium,2026-06-16 04:45:29,андрей.101599@example-shop.ru,context
101600,Роман,Казань,standard,2025-02-05 23:45:02,роман.101600@example-shop.ru,social
101601,Максим,Москва,mass,2025-12-31 02:53:34,максим.101601@example-shop.ru,referral
101602,Роман,Москва,mass,2025-02-21 07:46:13,роман.101602@example-shop.ru,context
101603,Андрей,Санкт-Петербург,mass,2026-04-25 03:52:09,андрей.101603@example-shop.ru,context
101604,Максим,Москва,mass,2025-03-04 19:07:13,,organic
101605,Иван,Ростов-на-Дону,standard,2026-04-29 19:49:27,иван.101605@example-shop.ru,context
101606,Ксения,Москва,mass,2026-02-24 07:02:51,ксения.101606@example-shop.ru,organic
101607,Иван,Воронеж,vip,2025-10-20 08:44:39,иван.101607@example-shop.ru,social
101608,Виктория,Москва,mass,2025-04-24 07:11:27,виктория.101608@example-shop.ru,organic
101609,Дмитрий,Москва,mass,2025-05-26 11:55:33,дмитрий.101609@example-shop.ru,referral
101610,Иван,Москва,premium,2025-08-24 00:09:23,иван.101610@example-shop.ru,organic
101611,Дарья,Ростов-на-Дону,mass,2026-04-07 20:35:30,дарья.101611@example-shop.ru,organic
101612,Иван,Санкт-Петербург,mass,2026-05-05 05:42:19,иван.101612@example-shop.ru,context
101613,Екатерина,Екатеринбург,mass,2025-10-01 12:41:21,екатерина.101613@example-shop.ru,context
101614,Екатерина,Москва,standard,2025-05-07 21:49:04,екатерина.101614@example-shop.ru,referral
101615,Мария,Тюмень,mass,2025-11-04 13:42:41,мария.101615@example-shop.ru,referral
101616,Анна,Москва,standard,2026-03-30 05:47:04,анна.101616@example-shop.ru,marketplace
101617,Дарья,Казань,standard,2025-10-23 01:05:34,дарья.101617@example-shop.ru,context
101618,Артём,Краснодар,premium,2026-05-01 07:52:32,артём.101618@example-shop.ru,organic
101619,Иван,Москва,standard,2025-01-06 05:24:42,иван.101619@example-shop.ru,email
101620,Полина,Санкт-Петербург,standard,2025-10-01 13:07:43,полина.101620@example-shop.ru,referral
101621,Елена,Уфа,standard,2025-01-25 23:58:04,елена.101621@example-shop.ru,organic
101622,Алексей,Санкт-Петербург,mass,2025-11-30 09:36:23,алексей.101622@example-shop.ru,organic
101623,Никита,Москва,standard,2025-12-02 22:18:25,никита.101623@example-shop.ru,context
101624,Алексей,Казань,standard,2025-06-20 05:07:31,алексей.101624@example-shop.ru,context
101625,Виктория,Москва,mass,2026-03-09 23:14:26,виктория.101625@example-shop.ru,social
101626,Полина,Пермь,standard,2026-06-03 10:18:15,полина.101626@example-shop.ru,organic
101627,Виктория,Самара,mass,2025-09-07 02:03:52,виктория.101627@example-shop.ru,marketplace
101628,Виктория,Нижний Новгород,mass,2025-08-26 01:24:14,виктория.101628@example-shop.ru,social
101629,Ольга,Москва,mass,2025-04-14 18:32:25,ольга.101629@example-shop.ru,email
101630,Иван,Самара,mass,2025-01-16 08:26:35,иван.101630@example-shop.ru,organic
101631,Виктория,Самара,mass,2025-08-10 14:47:28,виктория.101631@example-shop.ru,social
101632,Ксения,Москва,mass,2025-08-29 14:41:47,ксения.101632@example-shop.ru,email
101633,Мария,Воронеж,mass,2026-02-23 17:40:19,мария.101633@example-shop.ru,organic
101634,Ксения,Новосибирск,mass,2026-04-15 19:57:21,ксения.101634@example-shop.ru,social
101635,Сергей,Уфа,standard,2025-03-01 04:46:03,сергей.101635@example-shop.ru,organic
101636,Артём,Санкт-Петербург,mass,2025-03-25 03:10:37,артём.101636@example-shop.ru,context
101637,Анна,Москва,vip,2025-11-02 07:24:05,анна.101637@example-shop.ru,email
101638,Михаил,Ростов-на-Дону,standard,2025-07-24 16:18:16,михаил.101638@example-shop.ru,referral
101639,Анна,Уфа,mass,2026-01-18 16:56:36,анна.101639@example-shop.ru,email
101640,Елена,Казань,mass,2025-06-25 17:18:56,елена.101640@example-shop.ru,organic
101641,Роман,Москва,mass,2025-08-15 15:05:41,роман.101641@example-shop.ru,email
101642,Мария,Краснодар,mass,2025-08-31 01:35:19,мария.101642@example-shop.ru,social
101643,Сергей,Москва,mass,2025-11-24 16:30:30,сергей.101643@example-shop.ru,organic
101644,Виктория,Санкт-Петербург,standard,2025-02-07 23:41:07,виктория.101644@example-shop.ru,email
101645,Иван,Нижний Новгород,standard,2026-04-27 11:52:42,иван.101645@example-shop.ru,organic
101646,Елена,Москва,mass,2025-07-04 17:21:50,елена.101646@example-shop.ru,organic
101647,Максим,Москва,standard,2025-04-26 23:35:49,максим.101647@example-shop.ru,email
101648,Екатерина,Москва,mass,2025-12-16 00:30:28,екатерина.101648@example-shop.ru,organic
101649,Полина,Пермь,premium,2025-03-15 14:53:15,полина.101649@example-shop.ru,organic
101650,Андрей,Санкт-Петербург,vip,2025-11-18 15:13:44,андрей.101650@example-shop.ru,organic
101651,Анна,Самара,mass,2025-02-03 03:53:44,анна.101651@example-shop.ru,marketplace
101652,Алексей,Тюмень,standard,2025-05-24 18:01:13,алексей.101652@example-shop.ru,organic
101653,Мария,Самара,standard,2026-01-31 18:52:01,мария.101653@example-shop.ru,context
101654,Виктория,Новосибирск,mass,2025-07-22 15:10:49,виктория.101654@example-shop.ru,organic
101655,Анна,Новосибирск,mass,2026-05-06 18:56:35,анна.101655@example-shop.ru,context
101656,Дмитрий,Казань,standard,2025-07-13 20:55:04,,context
101657,Андрей,Нижний Новгород,mass,2026-01-12 06:20:55,андрей.101657@example-shop.ru,marketplace
101658,Ксения,Омск,mass,2025-01-17 07:27:11,ксения.101658@example-shop.ru,email
101659,Андрей,Уфа,standard,2026-06-17 04:00:12,андрей.101659@example-shop.ru,marketplace
101660,Елена,Казань,mass,2025-12-02 15:04:24,елена.101660@example-shop.ru,referral
101661,Михаил,Санкт-Петербург,mass,2026-01-21 22:05:18,михаил.101661@example-shop.ru,context
101662,Михаил,Воронеж,vip,2025-06-27 06:09:28,михаил.101662@example-shop.ru,organic
101663,Анна,Москва,mass,2025-06-07 05:30:41,анна.101663@example-shop.ru,social
101664,Виктория,Краснодар,mass,2025-08-26 23:38:36,виктория.101664@example-shop.ru,context
101665,Артём,Санкт-Петербург,standard,2025-05-20 07:06:32,артём.101665@example-shop.ru,social
101666,Ольга,Ростов-на-Дону,mass,2025-01-12 07:36:29,ольга.101666@example-shop.ru,organic
101667,Дарья,Уфа,standard,2025-12-30 08:02:07,дарья.101667@example-shop.ru,referral
101668,Екатерина,Екатеринбург,standard,2026-01-26 13:28:34,екатерина.101668@example-shop.ru,context
101669,Артём,Москва,mass,2026-01-04 07:37:00,артём.101669@example-shop.ru,context
101670,Роман,Краснодар,mass,2025-10-29 20:38:16,роман.101670@example-shop.ru,marketplace
101671,Дарья,Санкт-Петербург,premium,2025-10-13 11:27:55,дарья.101671@example-shop.ru,organic
101672,Виктория,Санкт-Петербург,premium,2026-06-22 02:31:42,виктория.101672@example-shop.ru,organic
101673,Елена,Новосибирск,mass,2025-10-15 03:42:33,елена.101673@example-shop.ru,organic
101674,Дарья,Казань,mass,2026-01-20 16:47:21,дарья.101674@example-shop.ru,context
101675,Роман,Самара,mass,2025-08-16 01:40:11,роман.101675@example-shop.ru,social
101676,Полина,Москва,premium,2025-01-19 00:24:35,полина.101676@example-shop.ru,marketplace
101677,Иван,Казань,standard,2025-07-10 16:58:01,иван.101677@example-shop.ru,email
101678,Сергей,Воронеж,mass,2026-01-29 03:17:19,сергей.101678@example-shop.ru,referral
101679,Никита,Москва,premium,2025-12-12 13:24:24,никита.101679@example-shop.ru,referral
101680,Артём,Екатеринбург,mass,2026-01-14 00:45:29,артём.101680@example-shop.ru,context
101681,Никита,Самара,mass,2026-02-12 09:31:34,никита.101681@example-shop.ru,marketplace
101682,Алексей,Воронеж,standard,2025-04-29 23:39:37,алексей.101682@example-shop.ru,social
101683,Алексей,Нижний Новгород,mass,2026-03-20 07:20:49,алексей.101683@example-shop.ru,organic
101684,Дарья,,standard,2026-01-25 08:35:59,дарья.101684@example-shop.ru,marketplace
101685,Ольга,Москва,mass,2025-06-17 18:30:20,ольга.101685@example-shop.ru,social
101686,Артём,Санкт-Петербург,standard,2025-10-02 13:00:07,артём.101686@example-shop.ru,organic
101687,Сергей,Омск,premium,2026-04-13 11:09:49,сергей.101687@example-shop.ru,referral
101688,Сергей,Воронеж,mass,2025-04-02 02:54:10,сергей.101688@example-shop.ru,organic
101689,Никита,Новосибирск,mass,2025-06-14 23:52:05,никита.101689@example-shop.ru,organic
101690,Мария,Екатеринбург,standard,2025-04-15 16:13:21,мария.101690@example-shop.ru,organic
101691,Дарья,Екатеринбург,mass,2025-06-16 03:48:25,дарья.101691@example-shop.ru,social
101692,Ксения,Москва,standard,2025-04-22 12:44:19,ксения.101692@example-shop.ru,context
101693,Екатерина,Воронеж,standard,2026-03-16 06:30:36,екатерина.101693@example-shop.ru,organic
101694,Ольга,Краснодар,mass,2026-06-25 04:47:19,ольга.101694@example-shop.ru,context
101695,Анна,Екатеринбург,premium,2026-06-13 07:25:50,анна.101695@example-shop.ru,organic
101696,Екатерина,Санкт-Петербург,mass,2025-07-15 04:38:39,екатерина.101696@example-shop.ru,social
101697,Наталья,Санкт-Петербург,mass,2026-05-24 01:30:43,наталья.101697@example-shop.ru,context
101698,Иван,Москва,mass,2025-02-14 13:23:38,иван.101698@example-shop.ru,organic
101699,Ольга,Ростов-на-Дону,standard,2025-03-02 12:55:03,ольга.101699@example-shop.ru,organic
101700,Полина,Новосибирск,premium,2025-06-27 09:40:09,полина.101700@example-shop.ru,context
101701,Елена,Москва,mass,2025-06-07 05:16:26,елена.101701@example-shop.ru,social
101702,Анна,Нижний Новгород,mass,2026-05-16 02:37:11,анна.101702@example-shop.ru,email
101703,Екатерина,Тюмень,mass,2026-02-19 03:26:47,екатерина.101703@example-shop.ru,organic
101704,Анна,Москва,standard,2026-02-15 13:16:42,анна.101704@example-shop.ru,organic
101705,Никита,Екатеринбург,mass,2026-03-16 09:39:58,никита.101705@example-shop.ru,organic
101706,Ксения,Екатеринбург,mass,2026-01-31 06:03:40,ксения.101706@example-shop.ru,social
101707,Полина,Москва,mass,2025-10-02 19:48:22,полина.101707@example-shop.ru,context
101708,Никита,Новосибирск,mass,2025-02-02 00:30:53,никита.101708@example-shop.ru,referral
101709,Дмитрий,Нижний Новгород,standard,2025-01-09 18:37:27,дмитрий.101709@example-shop.ru,referral
101710,Дмитрий,Москва,mass,2026-06-16 17:33:11,дмитрий.101710@example-shop.ru,organic
101711,Максим,Москва,mass,2025-10-01 12:09:58,максим.101711@example-shop.ru,context
101712,Наталья,Краснодар,mass,2026-06-04 10:08:36,наталья.101712@example-shop.ru,marketplace
101713,Ксения,Санкт-Петербург,mass,2025-01-17 23:24:06,ксения.101713@example-shop.ru,organic
101714,Роман,Нижний Новгород,mass,2025-12-13 14:19:36,роман.101714@example-shop.ru,social
101715,Михаил,Нижний Новгород,mass,2025-06-03 08:39:08,михаил.101715@example-shop.ru,social
101716,Ксения,Краснодар,mass,2025-07-18 13:52:32,ксения.101716@example-shop.ru,organic
101717,Михаил,Ростов-на-Дону,mass,2025-12-24 23:43:46,михаил.101717@example-shop.ru,email
101718,Ольга,Краснодар,mass,2025-09-27 22:14:49,ольга.101718@example-shop.ru,organic
101719,Сергей,Нижний Новгород,standard,2025-03-15 08:35:57,сергей.101719@example-shop.ru,organic
101720,Артём,Екатеринбург,mass,2026-06-29 19:42:58,,social
101721,Мария,Казань,mass,2026-01-24 07:21:47,мария.101721@example-shop.ru,marketplace
101722,Роман,Казань,standard,2025-07-16 13:26:45,роман.101722@example-shop.ru,organic
101723,Екатерина,Казань,mass,2025-12-05 15:43:55,екатерина.101723@example-shop.ru,social
101724,Роман,Москва,mass,2025-03-24 12:21:45,роман.101724@example-shop.ru,organic
101725,Артём,Казань,standard,2025-08-23 04:24:01,артём.101725@example-shop.ru,social
101726,Дарья,Казань,mass,2025-08-20 12:52:42,дарья.101726@example-shop.ru,context
101727,Никита,Москва,premium,2025-07-22 19:47:17,никита.101727@example-shop.ru,context
101728,Виктория,Санкт-Петербург,mass,2025-09-21 15:53:16,виктория.101728@example-shop.ru,marketplace
101729,Сергей,Ростов-на-Дону,premium,2026-05-14 11:50:11,сергей.101729@example-shop.ru,referral
101730,Иван,Новосибирск,standard,2025-01-04 19:28:40,иван.101730@example-shop.ru,organic
101731,Дарья,Уфа,mass,2025-10-29 11:28:20,дарья.101731@example-shop.ru,marketplace
101732,Никита,Новосибирск,mass,2026-05-28 15:51:09,никита.101732@example-shop.ru,organic
101733,Екатерина,Краснодар,standard,2026-04-30 10:48:21,екатерина.101733@example-shop.ru,referral
101734,Ксения,Уфа,mass,2026-05-05 04:01:42,ксения.101734@example-shop.ru,referral
101735,Ксения,Москва,mass,2025-08-13 18:44:40,ксения.101735@example-shop.ru,email
101736,Дарья,Тюмень,premium,2025-11-06 02:53:02,дарья.101736@example-shop.ru,context
101737,Артём,Москва,standard,2025-11-21 01:53:36,артём.101737@example-shop.ru,referral
101738,Мария,Нижний Новгород,vip,2026-04-02 12:48:42,мария.101738@example-shop.ru,social
101739,Алексей,Уфа,premium,2026-06-05 06:16:54,алексей.101739@example-shop.ru,context
101740,Дмитрий,Санкт-Петербург,standard,2025-05-19 21:16:01,дмитрий.101740@example-shop.ru,marketplace
101741,Сергей,Нижний Новгород,standard,2025-03-09 15:02:41,сергей.101741@example-shop.ru,organic
101742,Роман,Санкт-Петербург,standard,2025-05-25 10:02:42,роман.101742@example-shop.ru,organic
101743,Наталья,Москва,premium,2025-05-24 05:10:15,наталья.101743@example-shop.ru,social
101744,Алексей,Москва,standard,2025-06-13 16:43:59,алексей.101744@example-shop.ru,organic
101745,Дмитрий,Москва,mass,2026-05-15 14:21:24,дмитрий.101745@example-shop.ru,email
101746,Полина,Москва,standard,2025-04-28 09:25:10,полина.101746@example-shop.ru,context
101747,Полина,Нижний Новгород,mass,2025-08-18 23:49:03,полина.101747@example-shop.ru,context
101748,Ольга,Новосибирск,premium,2025-07-14 22:15:54,ольга.101748@example-shop.ru,referral
101749,Андрей,Екатеринбург,standard,2025-05-29 06:13:22,андрей.101749@example-shop.ru,marketplace
101750,Роман,Самара,standard,2025-04-18 01:13:19,роман.101750@example-shop.ru,referral
101751,Никита,Москва,mass,2026-06-28 13:12:12,никита.101751@example-shop.ru,organic
101752,Ксения,Санкт-Петербург,mass,2025-12-08 09:38:07,ксения.101752@example-shop.ru,context
101753,Михаил,Уфа,mass,2025-02-25 16:53:51,михаил.101753@example-shop.ru,email
101754,Ольга,Пермь,standard,2025-12-23 22:53:00,ольга.101754@example-shop.ru,marketplace
101755,Михаил,Казань,standard,2025-11-30 06:58:57,михаил.101755@example-shop.ru,social
101756,Максим,Москва,mass,2025-07-15 18:18:03,максим.101756@example-shop.ru,social
101757,Максим,Уфа,mass,2026-03-06 12:00:53,максим.101757@example-shop.ru,context
101758,Михаил,Воронеж,mass,2026-03-14 07:00:41,михаил.101758@example-shop.ru,context
101759,Виктория,Казань,mass,2026-03-05 18:32:45,виктория.101759@example-shop.ru,context
101760,Виктория,Москва,premium,2025-12-15 08:13:07,виктория.101760@example-shop.ru,organic
101761,Ольга,Москва,premium,2025-08-29 19:17:36,ольга.101761@example-shop.ru,organic
101762,Сергей,Нижний Новгород,standard,2025-04-23 18:59:53,сергей.101762@example-shop.ru,social
101763,Алексей,Пермь,mass,2025-01-24 23:00:37,алексей.101763@example-shop.ru,social
101764,Михаил,Самара,mass,2026-05-16 11:16:01,михаил.101764@example-shop.ru,organic
101765,Виктория,Санкт-Петербург,premium,2026-04-04 08:38:03,виктория.101765@example-shop.ru,marketplace
101766,Никита,Самара,vip,2025-04-20 16:22:07,никита.101766@example-shop.ru,organic
101767,Артём,Краснодар,mass,2026-03-14 11:48:22,артём.101767@example-shop.ru,referral
101768,Наталья,Екатеринбург,standard,2025-01-27 01:22:11,наталья.101768@example-shop.ru,email
101769,Мария,Краснодар,mass,2025-05-10 08:56:24,мария.101769@example-shop.ru,email
101770,Анна,Казань,mass,2025-03-23 20:55:34,анна.101770@example-shop.ru,email
101771,Максим,Санкт-Петербург,vip,2025-07-05 14:05:55,максим.101771@example-shop.ru,email
101772,Ольга,Нижний Новгород,premium,2025-06-24 05:13:33,ольга.101772@example-shop.ru,context
101773,Ольга,Екатеринбург,vip,2025-10-07 08:42:27,ольга.101773@example-shop.ru,social
101774,Ольга,Тюмень,mass,2025-09-08 00:23:19,ольга.101774@example-shop.ru,email
101775,Дарья,Новосибирск,mass,2025-03-04 04:59:58,дарья.101775@example-shop.ru,context
101776,Иван,Казань,premium,2025-03-23 17:54:50,иван.101776@example-shop.ru,referral
101777,Максим,Казань,standard,2026-03-24 04:59:02,максим.101777@example-shop.ru,organic
101778,Анна,Новосибирск,mass,2025-10-26 17:50:39,анна.101778@example-shop.ru,social
101779,Максим,Санкт-Петербург,mass,2026-05-18 13:04:03,максим.101779@example-shop.ru,organic
101780,Екатерина,Ростов-на-Дону,mass,2025-03-13 04:52:16,екатерина.101780@example-shop.ru,referral
101781,Алексей,Казань,standard,2025-06-17 23:10:54,алексей.101781@example-shop.ru,context
101782,Максим,Казань,premium,2025-03-28 00:18:53,максим.101782@example-shop.ru,organic
101783,Алексей,Нижний Новгород,mass,2026-05-19 14:18:19,алексей.101783@example-shop.ru,context
101784,Полина,Москва,mass,2025-03-28 14:19:48,полина.101784@example-shop.ru,referral
101785,Роман,Самара,mass,2026-03-13 11:22:23,роман.101785@example-shop.ru,marketplace
101786,Дмитрий,Екатеринбург,standard,2025-04-15 20:22:12,дмитрий.101786@example-shop.ru,organic
101787,Анна,Екатеринбург,mass,2026-02-01 15:57:24,анна.101787@example-shop.ru,organic
101788,Мария,Ростов-на-Дону,mass,2025-09-06 03:05:41,мария.101788@example-shop.ru,referral
101789,Наталья,Ростов-на-Дону,standard,2026-06-13 04:31:50,наталья.101789@example-shop.ru,social
101790,Дарья,Краснодар,mass,2025-02-08 02:30:06,дарья.101790@example-shop.ru,context
101791,Виктория,Казань,standard,2025-06-26 22:25:26,виктория.101791@example-shop.ru,referral
101792,Ксения,Санкт-Петербург,standard,2026-01-30 02:15:09,ксения.101792@example-shop.ru,email
101793,Максим,Ростов-на-Дону,mass,2026-05-15 00:36:28,максим.101793@example-shop.ru,organic
101794,Елена,Нижний Новгород,standard,2025-10-21 18:59:02,елена.101794@example-shop.ru,social
101795,Наталья,Нижний Новгород,standard,2025-02-23 15:07:08,наталья.101795@example-shop.ru,organic
101796,Дмитрий,Новосибирск,standard,2025-12-09 23:19:24,дмитрий.101796@example-shop.ru,marketplace
101797,Полина,Уфа,standard,2025-09-18 12:25:30,полина.101797@example-shop.ru,email
101798,Анна,Москва,mass,2026-02-27 07:33:18,анна.101798@example-shop.ru,social
101799,Наталья,Новосибирск,mass,2025-10-28 20:18:26,наталья.101799@example-shop.ru,marketplace
101800,Артём,Москва,mass,2026-05-05 08:33:45,артём.101800@example-shop.ru,organic
101801,Мария,Казань,mass,2025-03-08 22:21:46,МАРИЯ.101801@EXAMPLE-SHOP.RU,referral
101802,Наталья,Самара,mass,2025-12-07 00:47:22,наталья.101802@example-shop.ru,email
101803,Наталья,Екатеринбург,mass,2026-02-06 20:35:25,наталья.101803@example-shop.ru,email
101804,Елена,Казань,standard,2025-08-10 05:22:21,елена.101804@example-shop.ru,referral
101805,Иван,Воронеж,mass,2025-09-16 23:20:27,иван.101805@example-shop.ru,organic
101806,Алексей,Уфа,premium,2026-01-14 22:55:39,алексей.101806@example-shop.ru,organic
101807,Алексей,Новосибирск,standard,2025-09-06 06:28:08,алексей.101807@example-shop.ru,organic
101808,Наталья,Омск,mass,2025-08-02 23:11:41,наталья.101808@example-shop.ru,email
101809,Мария,Казань,standard,2025-11-13 21:13:50,мария.101809@example-shop.ru,context
101810,Полина,Уфа,mass,2026-03-14 23:54:52,полина.101810@example-shop.ru,social
101811,Дмитрий,Москва,premium,2025-03-15 10:01:43,дмитрий.101811@example-shop.ru,organic
101812,Екатерина,Санкт-Петербург,premium,2026-04-22 07:50:09,екатерина.101812@example-shop.ru,social
101813,Екатерина,Санкт-Петербург,premium,2025-04-20 00:19:44,екатерина.101813@example-shop.ru,context
101814,Наталья,Москва,standard,2025-02-23 06:22:03,наталья.101814@example-shop.ru,social
101815,Ксения,Екатеринбург,premium,2025-04-09 11:21:08,ксения.101815@example-shop.ru,context
101816,Иван,Москва,standard,2025-02-11 18:06:49,,organic
101817,Дмитрий,Нижний Новгород,premium,2026-06-03 19:16:42,дмитрий.101817@example-shop.ru,organic
101818,Елена,Москва,mass,2025-06-09 01:27:09,елена.101818@example-shop.ru,marketplace
101819,Иван,Москва,premium,2026-02-26 09:19:25,иван.101819@example-shop.ru,social
101820,Елена,Омск,standard,2025-04-10 10:09:58,елена.101820@example-shop.ru,social
101821,Максим,Самара,mass,2025-10-16 09:53:47,максим.101821@example-shop.ru,marketplace
101822,Дарья,Пермь,vip,2025-08-21 03:41:41,дарья.101822@example-shop.ru,social
101823,Максим,Екатеринбург,standard,2025-12-26 09:40:23,максим.101823@example-shop.ru,social
101824,Ксения,Москва,premium,2026-06-23 16:39:09,ксения.101824@example-shop.ru,social
101825,Дарья,Новосибирск,mass,2025-12-21 05:42:49,дарья.101825@example-shop.ru,organic
101826,Никита,Новосибирск,standard,2026-01-18 13:57:45,никита.101826@example-shop.ru,context
101827,Иван,Москва,standard,2025-05-23 23:28:21,иван.101827@example-shop.ru,marketplace
101828,Полина,Воронеж,mass,2025-03-08 11:15:08,полина.101828@example-shop.ru,context
101829,Михаил,Нижний Новгород,standard,2025-02-17 04:49:49,михаил.101829@example-shop.ru,organic
101830,Полина,Ростов-на-Дону,standard,2025-06-13 14:18:10,полина.101830@example-shop.ru,email
101831,Ольга,Екатеринбург,mass,2025-10-30 10:35:56,ольга.101831@example-shop.ru,organic
101832,Полина,Нижний Новгород,standard,2025-02-02 22:28:35,полина.101832@example-shop.ru,social
101833,Виктория,Санкт-Петербург,mass,2025-05-24 08:35:44,виктория.101833@example-shop.ru,referral
101834,Мария,Тюмень,standard,2025-12-11 01:08:30,мария.101834@example-shop.ru,context
101835,Сергей,Казань,premium,2026-04-22 01:00:32,сергей.101835@example-shop.ru,organic
101836,Иван,Москва,mass,2026-06-24 07:23:59,иван.101836@example-shop.ru,context
101837,Никита,Москва,mass,2025-05-09 15:34:25,никита.101837@example-shop.ru,email
101838,Максим,Нижний Новгород,mass,2025-02-25 15:27:11,максим.101838@example-shop.ru,marketplace
101839,Дмитрий,Тюмень,mass,2025-11-09 05:01:41,дмитрий.101839@example-shop.ru,email
101840,Виктория,Воронеж,premium,2026-05-27 07:00:08,виктория.101840@example-shop.ru,organic
101841,Сергей,Ростов-на-Дону,mass,2025-08-17 22:48:54,сергей.101841@example-shop.ru,organic
101842,Мария,Тюмень,mass,2026-05-08 18:47:56,мария.101842@example-shop.ru,social
101843,Андрей,Ростов-на-Дону,mass,2026-02-09 21:10:08,андрей.101843@example-shop.ru,referral
101844,Андрей,Санкт-Петербург,standard,2026-05-05 19:52:07,андрей.101844@example-shop.ru,organic
101845,Роман,Нижний Новгород,standard,2026-06-03 03:45:37,,organic
101846,Михаил,Москва,mass,2025-02-28 12:17:14,михаил.101846@example-shop.ru,organic
101847,Сергей,Москва,mass,2025-08-13 07:20:58,сергей.101847@example-shop.ru,context
101848,Артём,Казань,mass,2025-01-28 05:08:37,артём.101848@example-shop.ru,referral
101849,Артём,Москва,mass,2025-01-25 04:09:25,артём.101849@example-shop.ru,marketplace
101850,Анна,Омск,mass,2025-09-16 23:19:54,анна.101850@example-shop.ru,organic
101851,Мария,Тюмень,standard,2025-12-27 11:31:21,мария.101851@example-shop.ru,social
101852,Елена,Казань,mass,2026-04-28 21:20:11,елена.101852@example-shop.ru,context
101853,Наталья,Ростов-на-Дону,mass,2025-03-12 09:44:17,наталья.101853@example-shop.ru,context
101854,Анна,Казань,standard,2025-01-19 02:58:31,анна.101854@example-shop.ru,organic
101855,Иван,Москва,standard,2025-02-26 22:52:46,иван.101855@example-shop.ru,context
101856,Ксения,Санкт-Петербург,mass,2026-05-21 02:09:38,ксения.101856@example-shop.ru,organic
101857,Ольга,Москва,mass,2025-12-27 13:10:49,ольга.101857@example-shop.ru,referral
101858,Виктория,Санкт-Петербург,standard,2025-09-20 07:33:04,виктория.101858@example-shop.ru,social
101859,Артём,Москва,mass,2025-02-26 00:47:07,артём.101859@example-shop.ru,social
101860,Роман,Москва,standard,2025-07-22 02:26:56,роман.101860@example-shop.ru,social
101861,Роман,Москва,standard,2025-03-12 04:24:17,роман.101861@example-shop.ru,context
101862,Елена,Пермь,premium,2025-01-17 09:38:42,елена.101862@example-shop.ru,organic
101863,Андрей,Москва,mass,2025-08-28 07:10:33,андрей.101863@example-shop.ru,organic
101864,Ольга,Санкт-Петербург,mass,2025-10-01 22:36:02,ольга.101864@example-shop.ru,organic
101865,Андрей,Новосибирск,premium,2025-09-04 12:25:30,андрей.101865@example-shop.ru,organic
101866,Сергей,Санкт-Петербург,mass,2026-04-20 23:19:52,сергей.101866@example-shop.ru,marketplace
101867,Иван,Новосибирск,mass,2026-05-13 23:22:59,иван.101867@example-shop.ru,marketplace
101868,Дарья,Москва,standard,2025-03-08 06:58:58,дарья.101868@example-shop.ru,email
101869,Алексей,Самара,mass,2025-05-31 11:50:07,алексей.101869@example-shop.ru,social
101870,Дарья,Новосибирск,standard,2025-10-01 00:53:09,дарья.101870@example-shop.ru,referral
101871,Алексей,,premium,2025-08-07 12:13:52,алексей.101871@example-shop.ru,social
101872,Дмитрий,Новосибирск,standard,2025-08-26 13:05:10,дмитрий.101872@example-shop.ru,social
101873,Михаил,Казань,mass,2026-01-21 14:22:30,михаил.101873@example-shop.ru,organic
101874,Никита,Санкт-Петербург,vip,2025-04-09 01:51:25,никита.101874@example-shop.ru,marketplace
101875,Сергей,Москва,standard,2026-03-27 17:25:14,сергей.101875@example-shop.ru,email
101876,Иван,Екатеринбург,mass,2025-05-25 07:26:31,иван.101876@example-shop.ru,organic
101877,Дмитрий,Москва,standard,2025-07-10 06:29:39,дмитрий.101877@example-shop.ru,social
101878,Ксения,Санкт-Петербург,mass,2025-05-01 19:59:51,ксения.101878@example-shop.ru,email
101879,Роман,Самара,mass,2025-12-10 22:29:33,роман.101879@example-shop.ru,marketplace
101880,Иван,Москва,standard,2026-01-15 02:24:52,иван.101880@example-shop.ru,context
101881,Ольга,Москва,mass,2025-12-07 04:21:05,ольга.101881@example-shop.ru,social
101882,Елена,Самара,mass,2025-09-27 00:04:52,елена.101882@example-shop.ru,context
101883,Анна,Казань,standard,2025-06-15 05:57:20,анна.101883@example-shop.ru,context
101884,Андрей,Уфа,mass,2026-01-10 19:21:20,андрей.101884@example-shop.ru,organic
101885,Михаил,Пермь,mass,2025-03-06 15:33:54,михаил.101885@example-shop.ru,organic
101886,Анна,Омск,mass,2025-06-19 23:46:26,анна.101886@example-shop.ru,context
101887,Екатерина,Казань,standard,2026-01-07 23:19:24,екатерина.101887@example-shop.ru,context
101888,Сергей,Санкт-Петербург,premium,2026-01-13 06:04:08,,email
101889,Мария,Нижний Новгород,mass,2025-05-27 02:19:49,мария.101889@example-shop.ru,social
101890,Сергей,Нижний Новгород,standard,2025-07-05 23:23:14,сергей.101890@example-shop.ru,context
101891,Анна,Нижний Новгород,mass,2025-06-23 11:07:59,анна.101891@example-shop.ru,context
101892,Дмитрий,Санкт-Петербург,mass,2026-04-29 07:17:04,дмитрий.101892@example-shop.ru,email
101893,Ксения,Москва,mass,2025-11-08 22:24:20,ксения.101893@example-shop.ru,social
101894,Роман,Москва,mass,2025-03-06 15:43:52,роман.101894@example-shop.ru,social
101895,Иван,Москва,mass,2025-03-29 15:22:51,иван.101895@example-shop.ru,organic
101896,Ксения,Москва,standard,2025-02-07 16:42:00,ксения.101896@example-shop.ru,organic
101897,Виктория,Пермь,standard,2025-05-12 14:47:51,виктория.101897@example-shop.ru,marketplace
101898,Ксения,Москва,vip,2025-05-02 04:05:36,ксения.101898@example-shop.ru,organic
101899,Роман,Нижний Новгород,premium,2025-09-01 02:42:39,роман.101899@example-shop.ru,context
101900,Максим,Омск,mass,2026-02-12 06:54:13,максим.101900@example-shop.ru,organic
101901,Артём,Санкт-Петербург,mass,2026-04-24 18:33:40,артём.101901@example-shop.ru,social
101902,Артём,Новосибирск,mass,2025-11-01 09:35:55,артём.101902@example-shop.ru,referral
101903,Роман,Самара,mass,2026-02-25 21:06:36,роман.101903@example-shop.ru,referral
101904,Дмитрий,Санкт-Петербург,premium,2025-12-23 23:21:22,дмитрий.101904@example-shop.ru,email
101905,Максим,Екатеринбург,mass,2025-06-23 02:10:00,максим.101905@example-shop.ru,context
101906,Дмитрий,Краснодар,mass,2025-11-30 12:43:35,дмитрий.101906@example-shop.ru,context
101907,Елена,Ростов-на-Дону,mass,2025-06-14 15:03:39,елена.101907@example-shop.ru,marketplace
101908,Анна,Уфа,premium,2025-06-18 07:08:00,анна.101908@example-shop.ru,context
101909,Алексей,Тюмень,mass,2026-06-23 02:28:17,алексей.101909@example-shop.ru,email
101910,Никита,Казань,standard,2026-05-12 07:36:12,никита.101910@example-shop.ru,social
101911,Мария,Ростов-на-Дону,mass,2025-12-23 02:15:58,мария.101911@example-shop.ru,organic
101912,Ксения,Нижний Новгород,mass,2025-11-20 05:05:14,ксения.101912@example-shop.ru,marketplace
101913,Алексей,Самара,mass,2026-01-09 14:47:06,алексей.101913@example-shop.ru,context
101914,Дарья,Ростов-на-Дону,standard,2026-02-15 09:02:08,дарья.101914@example-shop.ru,social
101915,Максим,Ростов-на-Дону,standard,2025-01-31 01:01:34,максим.101915@example-shop.ru,organic
101916,Артём,Воронеж,mass,2025-07-15 09:03:30,артём.101916@example-shop.ru,social
101917,Елена,Санкт-Петербург,mass,2025-02-27 05:02:26,елена.101917@example-shop.ru,social
101918,Наталья,Самара,mass,2025-10-16 09:31:22,наталья.101918@example-shop.ru,organic
101919,Наталья,Санкт-Петербург,mass,2025-06-10 11:27:12,наталья.101919@example-shop.ru,marketplace
101920,Артём,Нижний Новгород,mass,2025-06-29 21:57:13,артём.101920@example-shop.ru,organic
101921,Ольга,Ростов-на-Дону,mass,2026-04-04 21:30:19,ольга.101921@example-shop.ru,context
101922,Артём,Уфа,standard,2025-04-22 05:17:00,артём.101922@example-shop.ru,organic
101923,Андрей,Казань,standard,2026-05-12 07:33:17,андрей.101923@example-shop.ru,referral
101924,Сергей,Екатеринбург,standard,2025-08-18 08:54:06,сергей.101924@example-shop.ru,context
101925,Ольга,Санкт-Петербург,standard,2025-04-15 02:39:49,ольга.101925@example-shop.ru,social
101926,Иван,Москва,vip,2025-03-20 02:03:20,иван.101926@example-shop.ru,referral
101927,Ольга,Санкт-Петербург,vip,2026-01-25 05:41:37,ольга.101927@example-shop.ru,email
101928,Иван,Пермь,mass,2026-05-07 22:21:10,иван.101928@example-shop.ru,marketplace
101929,Анна,Санкт-Петербург,mass,2026-04-22 09:43:12,анна.101929@example-shop.ru,email
101930,Полина,Тюмень,mass,2025-04-03 19:22:41,полина.101930@example-shop.ru,context
101931,Мария,Москва,premium,2026-04-25 00:01:25,мария.101931@example-shop.ru,referral
101932,Наталья,Ростов-на-Дону,mass,2025-05-03 21:43:39,наталья.101932@example-shop.ru,organic
101933,Андрей,Новосибирск,mass,2025-09-08 01:11:56,андрей.101933@example-shop.ru,organic
101934,Полина,Самара,mass,2025-01-04 00:37:05,полина.101934@example-shop.ru,context
101935,Иван,Самара,standard,2025-05-22 00:49:21,иван.101935@example-shop.ru,context
101936,Анна,Ростов-на-Дону,standard,2025-06-24 08:30:52,анна.101936@example-shop.ru,social
101937,Ольга,Пермь,standard,2026-06-06 04:11:38,ольга.101937@example-shop.ru,context
101938,Виктория,Новосибирск,standard,2025-06-01 16:22:16,виктория.101938@example-shop.ru,social
101939,Полина,Москва,premium,2025-05-31 17:42:26,полина.101939@example-shop.ru,marketplace
101940,Дмитрий,Санкт-Петербург,mass,2025-05-29 23:40:15,дмитрий.101940@example-shop.ru,organic
101941,Анна,Ростов-на-Дону,premium,2025-05-18 17:15:05,анна.101941@example-shop.ru,context
101942,Елена,Екатеринбург,standard,2025-10-22 06:44:20,елена.101942@example-shop.ru,organic
101943,Ксения,Новосибирск,mass,2025-04-23 02:19:55,ксения.101943@example-shop.ru,organic
101944,Алексей,Нижний Новгород,vip,2025-06-08 08:06:40,алексей.101944@example-shop.ru,marketplace
101945,Ольга,Казань,premium,2025-10-18 05:33:49,ольга.101945@example-shop.ru,organic
101946,Иван,Уфа,premium,2026-02-17 05:51:00,иван.101946@example-shop.ru,organic
101947,Анна,Ростов-на-Дону,premium,2025-02-28 09:58:16,анна.101947@example-shop.ru,context
101948,Никита,Ростов-на-Дону,mass,2025-07-09 22:55:44,никита.101948@example-shop.ru,context
101949,Алексей,Ростов-на-Дону,mass,2025-11-08 00:35:40,алексей.101949@example-shop.ru,social
101950,Максим,Воронеж,mass,2026-05-15 15:18:04,максим.101950@example-shop.ru,marketplace
101951,Никита,Нижний Новгород,premium,2026-05-30 07:27:21,никита.101951@example-shop.ru,referral
101952,Михаил,Омск,standard,2026-04-21 08:13:15,михаил.101952@example-shop.ru,context
101953,Мария,Москва,vip,2025-10-03 04:59:50,мария.101953@example-shop.ru,referral
101954,Наталья,Нижний Новгород,premium,2025-02-23 11:57:27,наталья.101954@example-shop.ru,marketplace
101955,Полина,Ростов-на-Дону,standard,2026-06-11 02:44:47,полина.101955@example-shop.ru,organic
101956,Сергей,Екатеринбург,mass,2025-12-05 18:33:28,сергей.101956@example-shop.ru,referral
101957,Артём,Санкт-Петербург,mass,2026-05-09 14:36:03,артём.101957@example-shop.ru,social
101958,Артём,Новосибирск,mass,2026-05-17 18:12:01,артём.101958@example-shop.ru,referral
101959,Екатерина,Санкт-Петербург,standard,2026-03-08 19:18:20,екатерина.101959@example-shop.ru,organic
101960,Анна,Пермь,mass,2025-08-18 00:36:08,анна.101960@example-shop.ru,referral
101961,Андрей,Санкт-Петербург,premium,2025-11-28 09:23:19,андрей.101961@example-shop.ru,email
101962,Полина,Москва,standard,2026-01-12 15:22:46,полина.101962@example-shop.ru,referral
101963,Иван,Новосибирск,mass,2026-04-25 23:15:59,иван.101963@example-shop.ru,organic
101964,Андрей,Казань,premium,2025-05-04 06:20:32,андрей.101964@example-shop.ru,organic
101965,Андрей,Москва,standard,2025-10-30 11:11:16,андрей.101965@example-shop.ru,referral
101966,Роман,Новосибирск,standard,2025-11-21 17:57:52,,social
101967,Ольга,Новосибирск,mass,2025-04-23 22:11:35,ольга.101967@example-shop.ru,marketplace
101968,Наталья,Москва,mass,2025-08-08 00:58:06,наталья.101968@example-shop.ru,context
101969,Андрей,Нижний Новгород,mass,2026-05-20 05:20:51,андрей.101969@example-shop.ru,organic
101970,Анна,Новосибирск,mass,2025-01-09 18:24:39,анна.101970@example-shop.ru,email
101971,Андрей,Уфа,standard,2025-10-01 16:38:37,андрей.101971@example-shop.ru,referral
101972,Никита,Санкт-Петербург,vip,2025-11-29 01:46:30,никита.101972@example-shop.ru,social
101973,Екатерина,Москва,premium,2026-05-10 17:20:41,екатерина.101973@example-shop.ru,referral
101974,Максим,Омск,mass,2025-06-04 11:00:05,максим.101974@example-shop.ru,context
101975,Виктория,Новосибирск,vip,2025-08-03 06:20:52,виктория.101975@example-shop.ru,organic
101976,Мария,Москва,mass,2025-02-13 19:45:26,мария.101976@example-shop.ru,organic
101977,Никита,Краснодар,mass,2025-07-02 23:16:26,никита.101977@example-shop.ru,context
101978,Максим,Москва,standard,2026-06-28 12:38:45,максим.101978@example-shop.ru,referral
101979,Мария,Уфа,premium,2026-02-22 11:09:59,мария.101979@example-shop.ru,organic
101980,Дарья,Ростов-на-Дону,premium,2025-08-22 11:15:07,дарья.101980@example-shop.ru,marketplace
101981,Екатерина,Омск,standard,2025-12-12 18:32:47,екатерина.101981@example-shop.ru,organic
101982,Михаил,Омск,mass,2026-06-10 16:09:08,михаил.101982@example-shop.ru,referral
101983,Мария,Санкт-Петербург,mass,2025-08-28 15:36:07,мария.101983@example-shop.ru,social
101984,Дарья,Уфа,mass,2025-06-10 14:00:34,дарья.101984@example-shop.ru,organic
101985,Михаил,Санкт-Петербург,standard,2026-04-24 19:56:42,михаил.101985@example-shop.ru,social
101986,Дарья,Нижний Новгород,mass,2026-04-09 12:27:21,дарья.101986@example-shop.ru,marketplace
101987,Андрей,Нижний Новгород,mass,2025-10-09 12:49:19,андрей.101987@example-shop.ru,marketplace
101988,Дмитрий,Москва,mass,2025-01-07 10:23:23,дмитрий.101988@example-shop.ru,context
101989,Дмитрий,Москва,standard,2025-01-07 23:18:28,дмитрий.101989@example-shop.ru,social
101990,Никита,Москва,standard,2025-03-06 01:50:14,,organic
101991,Артём,Москва,mass,2026-01-13 19:06:23,артём.101991@example-shop.ru,context
101992,Сергей,Санкт-Петербург,mass,2025-04-06 16:04:27,сергей.101992@example-shop.ru,context
101993,Елена,Пермь,standard,2025-02-04 10:05:21,елена.101993@example-shop.ru,marketplace
101994,Михаил,Новосибирск,standard,2026-01-07 14:28:21,михаил.101994@example-shop.ru,social
101995,Дарья,Уфа,mass,2025-09-20 04:49:04,дарья.101995@example-shop.ru,organic
101996,Алексей,Краснодар,mass,2025-10-17 03:24:08,алексей.101996@example-shop.ru,marketplace
101997,Виктория,Ростов-на-Дону,premium,2025-04-15 16:24:00,виктория.101997@example-shop.ru,referral
101998,Полина,Казань,standard,2025-04-28 00:36:08,полина.101998@example-shop.ru,organic
101999,Елена,Воронеж,mass,2025-05-12 21:08:38,елена.101999@example-shop.ru,email
102000,Елена,Ростов-на-Дону,standard,2025-12-18 00:08:28,елена.102000@example-shop.ru,social
102001,Ксения,Ростов-на-Дону,standard,2026-06-18 23:58:58,ксения.102001@example-shop.ru,context
102002,Мария,Пермь,mass,2026-05-15 02:33:36,мария.102002@example-shop.ru,organic
102003,Ольга,Нижний Новгород,mass,2025-03-03 20:18:33,ольга.102003@example-shop.ru,organic
102004,Наталья,Новосибирск,premium,2026-01-06 09:13:13,наталья.102004@example-shop.ru,organic
102005,Дарья,Воронеж,mass,2026-02-17 22:48:36,дарья.102005@example-shop.ru,email
102006,Иван,Екатеринбург,mass,2025-01-23 02:48:03,иван.102006@example-shop.ru,organic
102007,Сергей,Краснодар,standard,2025-12-14 09:46:56,сергей.102007@example-shop.ru,context
102008,Анна,Москва,mass,2025-08-31 05:54:59,анна.102008@example-shop.ru,marketplace
102009,Дарья,Москва,standard,2025-04-17 07:09:30,дарья.102009@example-shop.ru,marketplace
102010,Михаил,Новосибирск,mass,2026-03-07 08:32:21,михаил.102010@example-shop.ru,email
102011,Наталья,Москва,mass,2026-05-25 18:13:12,наталья.102011@example-shop.ru,email
102012,Ольга,Тюмень,mass,2025-11-23 01:32:32,ольга.102012@example-shop.ru,marketplace
102013,Анна,Москва,vip,2025-04-20 18:31:37,анна.102013@example-shop.ru,email
102014,Никита,Ростов-на-Дону,standard,2025-08-22 18:04:13,никита.102014@example-shop.ru,context
102015,Михаил,Москва,premium,2025-10-08 23:50:52,михаил.102015@example-shop.ru,organic
102016,Максим,Омск,mass,2026-05-07 17:57:46,максим.102016@example-shop.ru,organic
102017,Сергей,Казань,standard,2026-03-07 20:01:37,СЕРГЕЙ.102017@EXAMPLE-SHOP.RU,context
102018,Роман,Москва,mass,2026-01-01 12:32:04,роман.102018@example-shop.ru,organic
102019,Роман,Москва,standard,2026-02-21 03:30:38,роман.102019@example-shop.ru,context
102020,Наталья,Новосибирск,mass,2026-01-14 06:47:44,наталья.102020@example-shop.ru,organic
102021,Максим,Тюмень,standard,2025-06-24 05:46:50,максим.102021@example-shop.ru,social
102022,Екатерина,Тюмень,mass,2025-03-14 17:35:36,екатерина.102022@example-shop.ru,context
102023,Екатерина,Санкт-Петербург,mass,2026-04-03 09:40:57,екатерина.102023@example-shop.ru,organic
102024,Виктория,Екатеринбург,standard,2025-10-29 20:32:26,виктория.102024@example-shop.ru,social
102025,Мария,Москва,mass,2026-06-09 08:13:25,мария.102025@example-shop.ru,organic
102026,Наталья,Новосибирск,mass,2026-01-07 03:51:33,наталья.102026@example-shop.ru,context
102027,Михаил,Нижний Новгород,premium,2025-09-16 08:10:45,михаил.102027@example-shop.ru,organic
102028,Полина,Санкт-Петербург,mass,2025-12-19 11:38:25,полина.102028@example-shop.ru,referral
102029,Артём,Нижний Новгород,standard,2025-12-22 12:17:02,артём.102029@example-shop.ru,email
102030,Максим,Воронеж,premium,2026-06-19 22:14:04,максим.102030@example-shop.ru,organic
102031,Виктория,Москва,standard,2025-07-18 15:50:38,виктория.102031@example-shop.ru,email
102032,Анна,Москва,mass,2025-07-27 05:50:15,анна.102032@example-shop.ru,email
102033,Мария,Москва,standard,2025-07-12 23:24:12,мария.102033@example-shop.ru,marketplace
102034,Екатерина,Москва,mass,2025-02-28 19:09:46,екатерина.102034@example-shop.ru,email
102035,Полина,Москва,mass,2025-09-13 23:53:00,полина.102035@example-shop.ru,social
102036,Андрей,Нижний Новгород,standard,2025-08-31 17:02:38,андрей.102036@example-shop.ru,organic
102037,Виктория,Москва,vip,2025-04-18 10:30:03,виктория.102037@example-shop.ru,organic
102038,Алексей,Ростов-на-Дону,mass,2026-03-21 06:42:30,алексей.102038@example-shop.ru,organic
102039,Полина,Воронеж,mass,2026-01-11 17:22:18,полина.102039@example-shop.ru,context
102040,Сергей,Пермь,standard,2025-05-12 15:09:56,сергей.102040@example-shop.ru,marketplace
102041,Елена,Самара,mass,2025-04-01 05:43:17,елена.102041@example-shop.ru,organic
102042,Ксения,Москва,standard,2025-12-03 20:06:30,ксения.102042@example-shop.ru,social
102043,Роман,Москва,mass,2025-01-03 19:46:03,роман.102043@example-shop.ru,marketplace
102044,Роман,Москва,mass,2025-03-24 07:46:33,роман.102044@example-shop.ru,organic
102045,Елена,Омск,standard,2025-08-28 12:20:50,елена.102045@example-shop.ru,organic
102046,Полина,Омск,vip,2026-06-24 21:01:59,,organic
102047,Наталья,Казань,mass,2025-02-11 15:34:38,наталья.102047@example-shop.ru,organic
102048,Артём,Санкт-Петербург,premium,2025-10-16 03:13:01,артём.102048@example-shop.ru,social
102049,Дарья,Новосибирск,mass,2025-11-03 12:41:56,дарья.102049@example-shop.ru,context
102050,Екатерина,Санкт-Петербург,mass,2025-05-18 06:02:19,екатерина.102050@example-shop.ru,social
102051,Анна,Тюмень,mass,2025-10-11 14:25:37,анна.102051@example-shop.ru,organic
102052,Максим,Москва,mass,2025-12-12 15:21:56,максим.102052@example-shop.ru,referral
102053,Ольга,Санкт-Петербург,standard,2025-03-16 19:25:05,ольга.102053@example-shop.ru,organic
102054,Никита,Казань,mass,2026-06-05 00:36:26,никита.102054@example-shop.ru,context
102055,Роман,Москва,mass,2025-05-15 01:38:21,роман.102055@example-shop.ru,organic
102056,Ольга,Казань,mass,2025-07-20 23:02:36,ольга.102056@example-shop.ru,email
102057,Роман,Краснодар,standard,2025-01-14 07:50:06,роман.102057@example-shop.ru,social
102058,Роман,Москва,premium,2025-11-20 11:07:10,роман.102058@example-shop.ru,organic
102059,Ольга,Нижний Новгород,mass,2025-11-20 16:54:23,ольга.102059@example-shop.ru,social
102060,Сергей,Казань,mass,2025-03-05 07:13:43,сергей.102060@example-shop.ru,context
102061,Ксения,Москва,vip,2025-06-09 14:41:23,ксения.102061@example-shop.ru,email
102062,Виктория,Москва,mass,2026-02-22 20:43:52,виктория.102062@example-shop.ru,marketplace
102063,Иван,Санкт-Петербург,standard,2026-01-24 13:50:23,иван.102063@example-shop.ru,organic
102064,Роман,Москва,standard,2025-06-17 11:27:54,роман.102064@example-shop.ru,social
102065,Виктория,Казань,premium,2025-12-10 06:07:21,виктория.102065@example-shop.ru,organic
102066,Артём,Краснодар,mass,2026-02-12 03:12:05,артём.102066@example-shop.ru,referral
102067,Роман,Ростов-на-Дону,mass,2025-07-23 14:31:32,роман.102067@example-shop.ru,organic
102068,Никита,Омск,mass,2025-04-06 18:43:52,никита.102068@example-shop.ru,social
102069,Максим,Казань,mass,2025-01-12 20:08:20,максим.102069@example-shop.ru,email
102070,Сергей,Ростов-на-Дону,mass,2026-06-05 08:07:03,сергей.102070@example-shop.ru,context
102071,Анна,Самара,vip,2025-06-24 11:45:03,анна.102071@example-shop.ru,email
102072,Михаил,Москва,mass,2026-03-16 08:26:41,михаил.102072@example-shop.ru,organic
102073,Сергей,Санкт-Петербург,mass,2025-06-27 01:13:05,сергей.102073@example-shop.ru,marketplace
102074,Максим,Новосибирск,mass,2026-01-24 03:56:52,максим.102074@example-shop.ru,email
102075,Екатерина,Уфа,mass,2025-07-01 07:46:56,екатерина.102075@example-shop.ru,context
102076,Сергей,Екатеринбург,mass,2025-11-28 00:20:54,сергей.102076@example-shop.ru,organic
102077,Наталья,Москва,mass,2026-06-04 15:02:24,наталья.102077@example-shop.ru,social
102078,Сергей,Тюмень,standard,2026-02-15 18:48:54,сергей.102078@example-shop.ru,referral
102079,Елена,Москва,standard,2025-03-31 16:26:23,елена.102079@example-shop.ru,organic
102080,Иван,Омск,mass,2025-10-13 09:49:35,иван.102080@example-shop.ru,marketplace
102081,Андрей,Уфа,standard,2025-05-28 04:22:45,андрей.102081@example-shop.ru,email
102082,Мария,Краснодар,mass,2025-04-30 13:14:41,мария.102082@example-shop.ru,marketplace
102083,Максим,Уфа,mass,2026-03-30 15:46:41,максим.102083@example-shop.ru,context
102084,Екатерина,Москва,premium,2026-06-20 12:18:45,ЕКАТЕРИНА.102084@EXAMPLE-SHOP.RU,context
102085,Иван,Нижний Новгород,premium,2026-05-20 05:03:37,иван.102085@example-shop.ru,organic
102086,Екатерина,Ростов-на-Дону,mass,2026-04-03 06:47:58,екатерина.102086@example-shop.ru,organic
102087,Роман,Ростов-на-Дону,mass,2025-09-13 05:10:32,роман.102087@example-shop.ru,organic
102088,Екатерина,Санкт-Петербург,mass,2025-10-14 18:23:04,екатерина.102088@example-shop.ru,organic
102089,Максим,Москва,mass,2025-10-22 07:50:17,максим.102089@example-shop.ru,referral
102090,Алексей,Санкт-Петербург,standard,2026-02-06 05:50:46,алексей.102090@example-shop.ru,organic
102091,Ксения,Екатеринбург,mass,2025-01-29 19:23:15,ксения.102091@example-shop.ru,organic
102092,Максим,Новосибирск,premium,2026-03-27 14:44:23,максим.102092@example-shop.ru,social
102093,Андрей,Краснодар,standard,2026-03-17 09:08:33,андрей.102093@example-shop.ru,referral
102094,Анна,Уфа,mass,2026-06-27 08:28:16,анна.102094@example-shop.ru,email
102095,Анна,Самара,premium,2025-11-21 00:50:58,анна.102095@example-shop.ru,social
102096,Дарья,Санкт-Петербург,standard,2025-09-07 05:16:02,дарья.102096@example-shop.ru,organic
102097,Никита,Екатеринбург,mass,2025-09-19 01:27:05,никита.102097@example-shop.ru,social
102098,Ксения,Санкт-Петербург,mass,2025-12-05 00:03:54,ксения.102098@example-shop.ru,social
102099,Дарья,Москва,premium,2025-06-14 21:41:19,дарья.102099@example-shop.ru,organic
102100,Дмитрий,Москва,vip,2026-02-28 09:57:29,дмитрий.102100@example-shop.ru,organic
102101,Никита,Санкт-Петербург,mass,2025-08-30 20:31:28,никита.102101@example-shop.ru,marketplace
102102,Екатерина,Санкт-Петербург,standard,2025-06-03 13:26:59,екатерина.102102@example-shop.ru,organic
102103,Анна,Новосибирск,premium,2026-02-05 17:52:52,анна.102103@example-shop.ru,organic
102104,Иван,Москва,vip,2025-07-03 13:16:59,иван.102104@example-shop.ru,organic
102105,Ксения,Санкт-Петербург,mass,2025-02-14 00:31:33,ксения.102105@example-shop.ru,marketplace
102106,Елена,Москва,mass,2025-10-12 12:46:10,елена.102106@example-shop.ru,social
102107,Дарья,Самара,premium,2025-10-04 05:07:46,дарья.102107@example-shop.ru,marketplace
102108,Иван,Новосибирск,mass,2025-06-08 20:21:27,иван.102108@example-shop.ru,email
102109,Елена,Санкт-Петербург,mass,2025-01-19 21:03:57,елена.102109@example-shop.ru,email
102110,Елена,Москва,standard,2025-09-17 06:26:28,елена.102110@example-shop.ru,organic
102111,Елена,Омск,mass,2026-02-25 21:04:06,елена.102111@example-shop.ru,context
102112,Екатерина,Нижний Новгород,standard,2026-03-13 19:27:15,екатерина.102112@example-shop.ru,email
102113,Никита,Самара,mass,2025-04-26 00:06:50,никита.102113@example-shop.ru,marketplace
102114,Никита,Новосибирск,standard,2025-08-23 12:57:58,никита.102114@example-shop.ru,marketplace
102115,Роман,Уфа,mass,2026-05-08 08:18:39,роман.102115@example-shop.ru,marketplace
102116,Дмитрий,Воронеж,standard,2025-07-07 18:25:37,дмитрий.102116@example-shop.ru,social
102117,Полина,Казань,mass,2025-09-17 11:19:01,полина.102117@example-shop.ru,social
102118,Артём,Самара,mass,2026-01-06 08:58:05,артём.102118@example-shop.ru,social
102119,Артём,Москва,vip,2025-09-07 05:00:34,артём.102119@example-shop.ru,context
102120,Роман,Самара,standard,2026-04-04 12:42:54,роман.102120@example-shop.ru,organic
102121,Дарья,Казань,mass,2025-07-16 09:24:12,дарья.102121@example-shop.ru,context
102122,Полина,Москва,mass,2025-09-26 05:37:27,полина.102122@example-shop.ru,organic
102123,Виктория,Омск,standard,2025-10-09 10:00:02,виктория.102123@example-shop.ru,organic
102124,Михаил,Воронеж,vip,2026-02-10 15:56:24,михаил.102124@example-shop.ru,context
102125,Роман,Санкт-Петербург,mass,2025-07-04 05:24:18,роман.102125@example-shop.ru,referral
102126,Елена,Тюмень,premium,2025-05-31 01:29:10,елена.102126@example-shop.ru,social
102127,Максим,Санкт-Петербург,mass,2025-07-16 03:48:50,максим.102127@example-shop.ru,social
102128,Михаил,Екатеринбург,standard,2025-05-07 16:40:08,михаил.102128@example-shop.ru,referral
102129,Мария,Краснодар,mass,2025-04-17 14:36:52,мария.102129@example-shop.ru,context
102130,Максим,Санкт-Петербург,mass,2026-03-23 11:45:20,максим.102130@example-shop.ru,context
102131,Роман,Екатеринбург,premium,2025-05-28 03:45:41,роман.102131@example-shop.ru,social
102132,Полина,Самара,mass,2026-03-19 09:14:00,полина.102132@example-shop.ru,organic
102133,Артём,Москва,premium,2026-03-06 17:30:58,артём.102133@example-shop.ru,social
102134,Ольга,Казань,mass,2025-05-14 21:38:09,ольга.102134@example-shop.ru,email
102135,Сергей,Санкт-Петербург,mass,2025-06-16 03:31:44,сергей.102135@example-shop.ru,organic
102136,Екатерина,Самара,premium,2026-03-24 14:11:12,екатерина.102136@example-shop.ru,email
102137,Артём,Москва,standard,2025-06-01 10:56:18,артём.102137@example-shop.ru,organic
102138,Алексей,Москва,mass,2026-04-15 09:58:13,алексей.102138@example-shop.ru,social
102139,Артём,Ростов-на-Дону,standard,2025-12-03 15:16:51,артём.102139@example-shop.ru,marketplace
102140,Сергей,Москва,mass,2025-12-30 03:39:13,сергей.102140@example-shop.ru,referral
102141,Роман,Казань,premium,2025-10-19 00:16:41,роман.102141@example-shop.ru,social
102142,Ксения,Ростов-на-Дону,mass,2025-01-17 17:20:44,ксения.102142@example-shop.ru,social
102143,Полина,Уфа,mass,2026-03-26 08:49:25,полина.102143@example-shop.ru,organic
102144,Михаил,Москва,mass,2025-11-02 18:19:05,михаил.102144@example-shop.ru,referral
102145,Ольга,Краснодар,standard,2025-04-05 04:58:27,ольга.102145@example-shop.ru,social
102146,Сергей,Ростов-на-Дону,premium,2026-03-31 01:35:15,сергей.102146@example-shop.ru,organic
102147,Анна,Санкт-Петербург,premium,2025-06-09 22:40:06,анна.102147@example-shop.ru,organic
102148,Никита,Уфа,mass,2025-07-19 08:26:46,никита.102148@example-shop.ru,marketplace
102149,Андрей,Ростов-на-Дону,mass,2025-12-15 07:44:18,андрей.102149@example-shop.ru,organic
102150,Ксения,Нижний Новгород,mass,2025-06-04 03:18:56,ксения.102150@example-shop.ru,marketplace
102151,Максим,Новосибирск,premium,2025-01-04 12:30:16,максим.102151@example-shop.ru,organic
102152,Максим,Ростов-на-Дону,mass,2025-06-25 03:36:30,максим.102152@example-shop.ru,context
102153,Ксения,Тюмень,standard,2026-01-08 07:37:03,ксения.102153@example-shop.ru,social
102154,Артём,Новосибирск,mass,2025-08-19 13:50:21,артём.102154@example-shop.ru,social
102155,Роман,Уфа,vip,2026-01-24 06:01:04,роман.102155@example-shop.ru,social
102156,Наталья,Ростов-на-Дону,mass,2025-02-08 05:48:46,наталья.102156@example-shop.ru,context
102157,Сергей,Краснодар,mass,2025-05-21 08:02:44,сергей.102157@example-shop.ru,social
102158,Михаил,Омск,premium,2025-05-10 12:55:15,михаил.102158@example-shop.ru,referral
102159,Андрей,Москва,vip,2025-02-04 22:07:17,андрей.102159@example-shop.ru,context
102160,Максим,Москва,standard,2025-12-19 13:54:37,максим.102160@example-shop.ru,social
102161,Андрей,Нижний Новгород,standard,2025-04-25 14:32:24,андрей.102161@example-shop.ru,context
102162,Дмитрий,Екатеринбург,standard,2025-09-15 12:05:37,дмитрий.102162@example-shop.ru,context
102163,Сергей,Новосибирск,mass,2026-06-24 19:24:22,сергей.102163@example-shop.ru,context
102164,Никита,Уфа,mass,2025-05-15 19:13:29,никита.102164@example-shop.ru,organic
102165,Полина,Пермь,standard,2025-04-17 03:01:17,полина.102165@example-shop.ru,email
102166,Никита,Казань,standard,2026-05-23 07:53:57,никита.102166@example-shop.ru,marketplace
102167,Максим,Ростов-на-Дону,mass,2025-07-14 18:50:51,максим.102167@example-shop.ru,organic
102168,Андрей,Москва,mass,2025-06-11 01:41:39,андрей.102168@example-shop.ru,organic
102169,Никита,Новосибирск,standard,2026-01-28 04:44:10,никита.102169@example-shop.ru,marketplace
102170,Полина,Москва,mass,2025-03-12 11:28:39,полина.102170@example-shop.ru,context
102171,Алексей,Екатеринбург,standard,2025-07-26 02:58:44,алексей.102171@example-shop.ru,context
102172,Роман,Новосибирск,standard,2025-04-19 15:28:35,роман.102172@example-shop.ru,referral
102173,Полина,Ростов-на-Дону,mass,2026-05-02 00:28:23,полина.102173@example-shop.ru,context
102174,Дарья,Самара,mass,2025-06-11 15:19:45,дарья.102174@example-shop.ru,social
102175,Дмитрий,Санкт-Петербург,mass,2025-11-05 22:21:01,дмитрий.102175@example-shop.ru,marketplace
102176,Дарья,Москва,mass,2025-10-12 19:04:21,дарья.102176@example-shop.ru,social
102177,Иван,Москва,standard,2025-09-26 12:53:49,иван.102177@example-shop.ru,referral
102178,Наталья,Тюмень,standard,2025-02-06 03:28:28,наталья.102178@example-shop.ru,organic
102179,Михаил,Пермь,premium,2025-05-24 03:57:21,михаил.102179@example-shop.ru,organic
102180,Наталья,Санкт-Петербург,mass,2026-04-11 22:38:32,наталья.102180@example-shop.ru,marketplace
102181,Екатерина,Санкт-Петербург,standard,2025-10-26 17:44:13,екатерина.102181@example-shop.ru,marketplace
102182,Дмитрий,Казань,mass,2026-04-24 05:23:40,дмитрий.102182@example-shop.ru,email
102183,Михаил,Самара,premium,2025-11-01 21:42:06,михаил.102183@example-shop.ru,organic
102184,Михаил,Санкт-Петербург,mass,2025-06-23 12:01:32,михаил.102184@example-shop.ru,email
102185,Михаил,Москва,standard,2025-07-08 05:44:39,михаил.102185@example-shop.ru,organic
102186,Елена,Казань,mass,2026-02-27 13:05:11,елена.102186@example-shop.ru,social
102187,Максим,Санкт-Петербург,mass,2025-05-10 13:42:03,максим.102187@example-shop.ru,referral
102188,Елена,Санкт-Петербург,vip,2025-11-23 19:58:51,елена.102188@example-shop.ru,context
102189,Наталья,Москва,mass,2026-05-25 22:33:35,наталья.102189@example-shop.ru,context
102190,Виктория,Самара,mass,2026-04-06 18:24:27,виктория.102190@example-shop.ru,referral
102191,Ольга,Новосибирск,standard,2025-07-31 02:38:11,ольга.102191@example-shop.ru,marketplace
102192,Сергей,Санкт-Петербург,mass,2025-05-31 22:43:09,сергей.102192@example-shop.ru,organic
102193,Елена,Новосибирск,mass,2025-12-05 18:50:03,елена.102193@example-shop.ru,organic
102194,Дмитрий,Екатеринбург,mass,2025-11-29 13:53:00,дмитрий.102194@example-shop.ru,social
102195,Екатерина,Уфа,mass,2026-01-29 18:10:16,екатерина.102195@example-shop.ru,organic
102196,Андрей,Омск,premium,2025-02-09 14:50:53,андрей.102196@example-shop.ru,organic
102197,Елена,Москва,standard,2025-10-22 06:02:54,елена.102197@example-shop.ru,organic
102198,Ксения,Воронеж,mass,2025-01-06 03:37:58,ксения.102198@example-shop.ru,organic
102199,Виктория,Ростов-на-Дону,mass,2026-06-25 02:07:37,виктория.102199@example-shop.ru,context
102200,Анна,Самара,premium,2026-04-22 17:02:54,анна.102200@example-shop.ru,marketplace
102201,Ольга,Казань,premium,2026-02-08 04:29:25,ольга.102201@example-shop.ru,email
102202,Алексей,Санкт-Петербург,mass,2025-06-10 12:41:05,алексей.102202@example-shop.ru,social
102203,Алексей,Москва,standard,2026-02-11 18:30:04,алексей.102203@example-shop.ru,organic
102204,Максим,Тюмень,mass,2025-08-31 17:58:21,максим.102204@example-shop.ru,referral
102205,Наталья,Нижний Новгород,mass,2025-12-20 16:05:20,наталья.102205@example-shop.ru,context
102206,Дарья,Казань,premium,2025-05-07 07:40:27,дарья.102206@example-shop.ru,email
102207,Иван,Новосибирск,premium,2025-09-16 16:31:11,иван.102207@example-shop.ru,social
102208,Андрей,Москва,mass,2026-04-23 20:38:29,андрей.102208@example-shop.ru,referral
102209,Дмитрий,Москва,premium,2025-04-14 10:43:30,дмитрий.102209@example-shop.ru,organic
102210,Иван,Нижний Новгород,standard,2025-07-29 13:42:26,иван.102210@example-shop.ru,email
102211,Екатерина,Новосибирск,standard,2025-06-08 22:04:24,екатерина.102211@example-shop.ru,email
102212,Дарья,Уфа,standard,2025-04-08 14:52:23,дарья.102212@example-shop.ru,context
102213,Михаил,Самара,mass,2025-08-05 11:25:05,михаил.102213@example-shop.ru,marketplace
102214,Иван,Нижний Новгород,premium,2025-11-28 08:32:48,иван.102214@example-shop.ru,organic
102215,Иван,Краснодар,mass,2025-01-30 20:24:50,иван.102215@example-shop.ru,organic
102216,Ольга,Москва,mass,2025-04-22 23:27:37,ольга.102216@example-shop.ru,email
102217,Наталья,Самара,mass,2026-03-22 08:36:37,наталья.102217@example-shop.ru,social
102218,Полина,Ростов-на-Дону,standard,2025-05-23 01:49:25,полина.102218@example-shop.ru,organic
102219,Елена,Санкт-Петербург,mass,2025-07-02 23:32:30,елена.102219@example-shop.ru,organic
102220,Анна,Москва,mass,2026-01-02 16:09:33,анна.102220@example-shop.ru,organic
102221,Никита,Москва,standard,2026-02-11 19:04:21,никита.102221@example-shop.ru,organic
102222,Анна,Москва,mass,2026-06-07 18:35:25,анна.102222@example-shop.ru,context
102223,Алексей,Новосибирск,mass,2025-03-28 13:24:32,алексей.102223@example-shop.ru,organic
102224,Сергей,Москва,mass,2026-02-16 08:54:47,сергей.102224@example-shop.ru,social
102225,Сергей,Самара,standard,2026-01-30 10:43:56,,social
102226,Михаил,Москва,mass,2025-03-09 15:46:56,михаил.102226@example-shop.ru,referral
102227,Ксения,Москва,mass,2026-04-23 17:52:55,ксения.102227@example-shop.ru,marketplace
102228,Никита,Санкт-Петербург,mass,2025-06-20 08:14:53,никита.102228@example-shop.ru,organic
102229,Елена,Москва,premium,2025-08-19 13:58:19,елена.102229@example-shop.ru,organic
102230,Полина,Тюмень,standard,2026-03-11 00:27:12,полина.102230@example-shop.ru,organic
102231,Михаил,Санкт-Петербург,mass,2025-10-13 13:49:11,михаил.102231@example-shop.ru,context
102232,Мария,Москва,premium,2025-05-30 22:55:38,мария.102232@example-shop.ru,social
102233,Никита,Москва,premium,2025-06-25 10:59:44,никита.102233@example-shop.ru,organic
102234,Иван,Казань,standard,2026-02-08 08:06:35,иван.102234@example-shop.ru,referral
102235,Виктория,Нижний Новгород,mass,2025-04-10 21:05:49,виктория.102235@example-shop.ru,marketplace
102236,Дарья,Уфа,mass,2025-09-15 03:02:42,дарья.102236@example-shop.ru,organic
102237,Дмитрий,Санкт-Петербург,standard,2026-02-12 08:40:50,дмитрий.102237@example-shop.ru,organic
102238,Елена,Нижний Новгород,mass,2026-04-28 00:03:48,елена.102238@example-shop.ru,email
102239,Наталья,Екатеринбург,mass,2026-03-27 04:51:14,наталья.102239@example-shop.ru,email
102240,Ксения,Краснодар,mass,2025-07-15 17:40:12,ксения.102240@example-shop.ru,organic
102241,Дмитрий,Новосибирск,mass,2025-04-19 06:51:51,дмитрий.102241@example-shop.ru,social
102242,Екатерина,Санкт-Петербург,standard,2026-05-25 08:11:40,екатерина.102242@example-shop.ru,organic
102243,Наталья,Ростов-на-Дону,mass,2025-11-22 14:10:33,наталья.102243@example-shop.ru,social
102244,Иван,Краснодар,standard,2025-08-11 01:14:44,иван.102244@example-shop.ru,referral
102245,Роман,Екатеринбург,standard,2026-05-07 13:38:30,роман.102245@example-shop.ru,organic
102246,Андрей,Тюмень,mass,2026-01-31 19:09:47,андрей.102246@example-shop.ru,organic
102247,Виктория,Воронеж,mass,2025-09-17 16:35:13,виктория.102247@example-shop.ru,social
102248,Анна,Москва,mass,2025-04-17 09:08:41,анна.102248@example-shop.ru,social
102249,Анна,Уфа,mass,2025-02-14 12:06:10,анна.102249@example-shop.ru,marketplace
102250,Сергей,Нижний Новгород,standard,2025-10-17 06:43:33,сергей.102250@example-shop.ru,social
102251,Артём,Новосибирск,standard,2025-03-04 08:22:33,артём.102251@example-shop.ru,email
102252,Виктория,Новосибирск,premium,2025-06-19 00:33:57,виктория.102252@example-shop.ru,referral
102253,Дмитрий,Краснодар,vip,2026-01-07 08:11:21,дмитрий.102253@example-shop.ru,referral
102254,Артём,Нижний Новгород,mass,2025-01-07 22:27:47,артём.102254@example-shop.ru,organic
102255,Елена,Новосибирск,standard,2026-06-24 05:22:03,елена.102255@example-shop.ru,organic
102256,Екатерина,Москва,mass,2025-08-27 07:32:26,екатерина.102256@example-shop.ru,social
102257,Дарья,Екатеринбург,mass,2026-04-20 05:50:17,дарья.102257@example-shop.ru,organic
102258,Екатерина,Пермь,mass,2025-09-09 02:23:58,екатерина.102258@example-shop.ru,organic
102259,Алексей,Ростов-на-Дону,mass,2026-06-07 10:17:42,алексей.102259@example-shop.ru,organic
102260,Полина,Москва,standard,2025-12-11 14:50:24,полина.102260@example-shop.ru,marketplace
102261,Алексей,Воронеж,standard,2026-03-17 16:20:27,алексей.102261@example-shop.ru,referral
102262,Полина,Краснодар,mass,2026-01-09 08:30:29,полина.102262@example-shop.ru,email
102263,Алексей,Новосибирск,mass,2026-02-08 00:59:19,алексей.102263@example-shop.ru,marketplace
102264,Артём,Москва,standard,2025-07-18 13:57:27,артём.102264@example-shop.ru,referral
102265,Иван,Новосибирск,standard,2025-09-05 01:34:58,иван.102265@example-shop.ru,social
102266,Мария,Москва,standard,2025-01-27 23:14:24,мария.102266@example-shop.ru,context
102267,Екатерина,Санкт-Петербург,mass,2025-05-22 05:05:27,екатерина.102267@example-shop.ru,referral
102268,Роман,Нижний Новгород,mass,2025-02-05 03:46:59,роман.102268@example-shop.ru,email
102269,Иван,Пермь,standard,2025-06-26 18:40:07,иван.102269@example-shop.ru,email
102270,Полина,Санкт-Петербург,standard,2026-01-31 14:04:28,полина.102270@example-shop.ru,social
102271,Максим,Воронеж,mass,2025-04-22 09:04:59,максим.102271@example-shop.ru,email
102272,Максим,Пермь,mass,2025-09-18 19:04:08,максим.102272@example-shop.ru,context
102273,Елена,Москва,mass,2025-10-28 18:42:13,елена.102273@example-shop.ru,context
102274,Наталья,Москва,standard,2025-03-31 06:35:15,наталья.102274@example-shop.ru,context
102275,Анна,Ростов-на-Дону,mass,2026-03-19 03:29:43,анна.102275@example-shop.ru,organic
102276,Сергей,Ростов-на-Дону,standard,2026-02-25 07:28:04,сергей.102276@example-shop.ru,organic
102277,Дмитрий,Казань,premium,2025-04-13 03:20:03,дмитрий.102277@example-shop.ru,referral
102278,Мария,Самара,mass,2025-01-20 17:16:44,мария.102278@example-shop.ru,organic
102279,Ольга,Нижний Новгород,mass,2025-01-03 11:28:50,ольга.102279@example-shop.ru,marketplace
102280,Екатерина,Ростов-на-Дону,mass,2025-06-09 15:31:43,екатерина.102280@example-shop.ru,organic
102281,Дарья,Ростов-на-Дону,mass,2025-03-10 10:55:59,дарья.102281@example-shop.ru,organic
102282,Ольга,Москва,premium,2025-01-10 12:00:32,ольга.102282@example-shop.ru,social
102283,Максим,Москва,vip,2025-09-09 04:59:33,максим.102283@example-shop.ru,organic
102284,Дарья,Москва,mass,2025-10-14 03:00:21,дарья.102284@example-shop.ru,organic
102285,Екатерина,Пермь,premium,2025-01-11 03:14:09,екатерина.102285@example-shop.ru,organic
102286,Андрей,Пермь,mass,2025-11-23 06:23:34,андрей.102286@example-shop.ru,social
102287,Никита,Уфа,standard,2025-08-08 18:44:37,никита.102287@example-shop.ru,organic
102288,Андрей,,standard,2025-04-20 04:25:29,андрей.102288@example-shop.ru,social
102289,Никита,Новосибирск,mass,2025-03-02 13:56:51,никита.102289@example-shop.ru,organic
102290,Сергей,Москва,mass,2026-02-18 17:46:18,сергей.102290@example-shop.ru,organic
102291,Ольга,Санкт-Петербург,standard,2025-02-28 17:35:05,ольга.102291@example-shop.ru,organic
102292,Максим,Санкт-Петербург,mass,2025-04-20 06:26:51,максим.102292@example-shop.ru,organic
102293,Дмитрий,Краснодар,vip,2026-01-24 08:57:07,дмитрий.102293@example-shop.ru,email
102294,Роман,Москва,mass,2025-12-10 03:49:48,роман.102294@example-shop.ru,context
102295,Роман,Самара,mass,2026-06-29 17:25:24,роман.102295@example-shop.ru,social
102296,Андрей,Тюмень,premium,2025-01-23 00:51:16,андрей.102296@example-shop.ru,marketplace
102297,Анна,Самара,mass,2025-04-16 23:49:10,анна.102297@example-shop.ru,organic
102298,Наталья,Москва,mass,2025-12-27 13:50:39,наталья.102298@example-shop.ru,marketplace
102299,Дмитрий,Пермь,mass,2025-05-06 03:01:32,дмитрий.102299@example-shop.ru,referral
102300,Ксения,Самара,mass,2025-07-27 14:58:12,ксения.102300@example-shop.ru,referral
102301,Елена,Екатеринбург,mass,2025-06-11 13:09:01,елена.102301@example-shop.ru,marketplace
102302,Иван,Самара,mass,2026-03-17 13:24:26,иван.102302@example-shop.ru,organic
102303,Виктория,Воронеж,mass,2026-03-04 21:13:48,виктория.102303@example-shop.ru,social
102304,Ксения,Екатеринбург,mass,2026-03-16 03:50:34,ксения.102304@example-shop.ru,social
102305,Никита,Новосибирск,premium,2025-10-03 17:05:25,никита.102305@example-shop.ru,referral
102306,Мария,Екатеринбург,premium,2025-09-23 19:37:27,мария.102306@example-shop.ru,organic
102307,Максим,Москва,mass,2025-11-08 00:27:19,максим.102307@example-shop.ru,organic
102308,Анна,Уфа,premium,2025-02-06 16:27:12,анна.102308@example-shop.ru,marketplace
102309,Максим,Москва,premium,2025-10-25 20:18:48,максим.102309@example-shop.ru,context
102310,Артём,Казань,premium,2025-05-31 17:54:00,артём.102310@example-shop.ru,organic
102311,Елена,Казань,standard,2026-05-26 20:49:02,елена.102311@example-shop.ru,organic
102312,Мария,Санкт-Петербург,mass,2025-04-11 09:10:09,мария.102312@example-shop.ru,social
102313,Артём,Казань,mass,2025-01-19 23:52:36,артём.102313@example-shop.ru,organic
102314,Мария,Нижний Новгород,premium,2026-06-10 01:32:59,мария.102314@example-shop.ru,organic
102315,Дмитрий,Санкт-Петербург,mass,2025-03-28 01:32:10,дмитрий.102315@example-shop.ru,marketplace
102316,Алексей,Москва,premium,2025-10-10 00:50:35,алексей.102316@example-shop.ru,organic
102317,Мария,Воронеж,standard,2025-07-28 06:02:16,мария.102317@example-shop.ru,organic
102318,Сергей,Тюмень,mass,2025-05-27 18:32:35,сергей.102318@example-shop.ru,referral
102319,Ксения,Екатеринбург,mass,2025-09-23 23:26:42,ксения.102319@example-shop.ru,organic
102320,Дарья,Санкт-Петербург,vip,2026-02-04 04:09:55,дарья.102320@example-shop.ru,organic
102321,Мария,Москва,mass,2025-03-04 02:17:41,мария.102321@example-shop.ru,social
102322,Алексей,Москва,standard,2025-12-27 13:02:08,алексей.102322@example-shop.ru,referral
102323,Максим,Казань,vip,2026-05-02 18:39:32,максим.102323@example-shop.ru,context
102324,Екатерина,Пермь,mass,2025-06-08 04:29:49,екатерина.102324@example-shop.ru,email
102325,Роман,Ростов-на-Дону,mass,2026-01-05 10:23:40,роман.102325@example-shop.ru,email
102326,Андрей,Санкт-Петербург,mass,2026-05-17 13:55:15,андрей.102326@example-shop.ru,social
102327,Максим,Омск,premium,2026-05-24 01:44:35,максим.102327@example-shop.ru,social
102328,Анна,Казань,mass,2025-12-20 02:48:08,анна.102328@example-shop.ru,email
102329,Алексей,Санкт-Петербург,mass,2026-05-28 17:40:48,алексей.102329@example-shop.ru,organic
102330,Иван,Казань,mass,2026-02-28 14:33:13,иван.102330@example-shop.ru,social
102331,Мария,Москва,mass,2025-10-07 07:55:56,мария.102331@example-shop.ru,organic
102332,Ксения,Воронеж,mass,2025-03-10 13:45:11,ксения.102332@example-shop.ru,organic
102333,Елена,Санкт-Петербург,mass,2026-04-10 21:20:51,елена.102333@example-shop.ru,marketplace
102334,Андрей,Самара,premium,2025-06-06 04:49:30,андрей.102334@example-shop.ru,organic
102335,Виктория,Казань,mass,2026-02-06 12:45:00,виктория.102335@example-shop.ru,context
102336,Артём,Пермь,standard,2025-12-18 10:57:50,артём.102336@example-shop.ru,organic
102337,Наталья,Самара,premium,2025-07-16 11:26:48,наталья.102337@example-shop.ru,social
102338,Андрей,Екатеринбург,standard,2026-02-27 04:48:49,андрей.102338@example-shop.ru,email
102339,Алексей,Москва,standard,2025-12-25 06:07:42,алексей.102339@example-shop.ru,context
102340,Мария,Пермь,mass,2026-02-11 06:56:31,,email
102341,Сергей,Новосибирск,standard,2026-06-04 05:56:10,сергей.102341@example-shop.ru,context
102342,Ольга,Санкт-Петербург,mass,2025-05-30 18:47:29,ольга.102342@example-shop.ru,marketplace
102343,Артём,Воронеж,mass,2026-02-21 09:14:17,артём.102343@example-shop.ru,email
102344,Роман,,standard,2025-01-22 15:28:06,роман.102344@example-shop.ru,organic
102345,Виктория,Санкт-Петербург,mass,2026-01-22 15:06:37,виктория.102345@example-shop.ru,marketplace
102346,Елена,Новосибирск,mass,2025-03-26 17:51:14,елена.102346@example-shop.ru,organic
102347,Максим,Санкт-Петербург,standard,2025-05-01 22:04:44,максим.102347@example-shop.ru,social
102348,Дарья,Екатеринбург,mass,2025-04-17 14:23:14,дарья.102348@example-shop.ru,organic
102349,Дмитрий,Санкт-Петербург,mass,2026-03-29 23:09:38,дмитрий.102349@example-shop.ru,context
102350,Артём,Москва,mass,2025-07-23 18:01:47,артём.102350@example-shop.ru,marketplace
102351,Артём,Москва,mass,2025-08-01 08:48:53,артём.102351@example-shop.ru,email
102352,Дарья,Москва,mass,2025-07-16 22:39:37,дарья.102352@example-shop.ru,social
102353,Роман,Омск,mass,2025-12-07 02:56:20,роман.102353@example-shop.ru,marketplace
102354,Наталья,Новосибирск,mass,2026-05-15 05:07:43,наталья.102354@example-shop.ru,context
102355,Максим,Екатеринбург,standard,2026-01-05 08:40:13,максим.102355@example-shop.ru,organic
102356,Ольга,Казань,vip,2025-02-25 04:09:52,ольга.102356@example-shop.ru,email
102357,Сергей,Ростов-на-Дону,standard,2025-10-08 19:21:28,сергей.102357@example-shop.ru,organic
102358,Дмитрий,Москва,mass,2025-02-28 15:02:04,дмитрий.102358@example-shop.ru,email
102359,Михаил,Санкт-Петербург,standard,2025-04-01 05:51:18,михаил.102359@example-shop.ru,organic
102360,Дмитрий,Самара,premium,2025-04-18 04:36:02,дмитрий.102360@example-shop.ru,context
102361,Михаил,Екатеринбург,premium,2026-01-16 02:43:40,михаил.102361@example-shop.ru,context
102362,Дарья,Уфа,mass,2026-04-23 03:33:47,дарья.102362@example-shop.ru,context
102363,Полина,Воронеж,mass,2025-05-15 17:55:46,полина.102363@example-shop.ru,organic
102364,Иван,Краснодар,mass,2026-05-29 12:09:40,иван.102364@example-shop.ru,organic
102365,Дарья,Москва,standard,2025-05-25 14:58:06,дарья.102365@example-shop.ru,organic
102366,Мария,Москва,mass,2025-06-17 09:33:30,мария.102366@example-shop.ru,email
102367,Максим,Москва,premium,2025-03-11 02:25:57,максим.102367@example-shop.ru,context
102368,Анна,Уфа,mass,2025-01-26 11:01:39,анна.102368@example-shop.ru,organic
102369,Анна,Пермь,standard,2025-12-04 20:50:41,анна.102369@example-shop.ru,organic
102370,Анна,Пермь,mass,2025-08-11 01:40:24,анна.102370@example-shop.ru,organic
102371,Алексей,Санкт-Петербург,mass,2025-03-05 23:40:01,алексей.102371@example-shop.ru,context
102372,Андрей,Краснодар,mass,2025-11-04 18:12:57,андрей.102372@example-shop.ru,context
102373,Мария,Новосибирск,standard,2025-07-08 03:26:09,мария.102373@example-shop.ru,organic
102374,Ольга,Краснодар,mass,2025-08-03 02:20:38,ольга.102374@example-shop.ru,marketplace
102375,Екатерина,Новосибирск,mass,2026-04-30 18:57:01,екатерина.102375@example-shop.ru,organic
102376,Полина,Москва,standard,2025-08-08 21:40:14,полина.102376@example-shop.ru,context
102377,Ксения,Москва,premium,2025-09-04 22:06:13,ксения.102377@example-shop.ru,referral
102378,Иван,Омск,standard,2026-01-10 13:43:18,иван.102378@example-shop.ru,context
102379,Полина,Казань,standard,2026-05-03 12:07:18,полина.102379@example-shop.ru,organic
102380,Екатерина,Санкт-Петербург,mass,2026-02-07 07:38:34,екатерина.102380@example-shop.ru,context
102381,Анна,Санкт-Петербург,premium,2025-09-26 12:44:16,анна.102381@example-shop.ru,social
102382,Сергей,Казань,mass,2025-06-16 13:45:48,сергей.102382@example-shop.ru,email
102383,Никита,Омск,premium,2025-04-08 11:08:46,никита.102383@example-shop.ru,context
102384,Ольга,Москва,standard,2025-03-09 09:07:53,ольга.102384@example-shop.ru,marketplace
102385,Анна,Москва,mass,2026-02-18 14:37:02,анна.102385@example-shop.ru,social
102386,Ксения,Уфа,mass,2026-02-06 14:51:54,ксения.102386@example-shop.ru,referral
102387,Полина,Новосибирск,standard,2025-07-12 15:05:32,полина.102387@example-shop.ru,organic
102388,Полина,Москва,standard,2026-05-27 14:35:16,полина.102388@example-shop.ru,marketplace
102389,Полина,Москва,standard,2026-06-11 16:39:02,полина.102389@example-shop.ru,organic
102390,Ксения,Москва,vip,2025-12-05 07:29:52,ксения.102390@example-shop.ru,context
102391,Наталья,Санкт-Петербург,mass,2025-05-23 20:39:00,,social
102392,Анна,Москва,mass,2025-10-04 01:45:29,анна.102392@example-shop.ru,marketplace
102393,Михаил,Москва,standard,2026-03-25 01:41:17,михаил.102393@example-shop.ru,context
102394,Дмитрий,Ростов-на-Дону,mass,2025-10-04 06:32:37,дмитрий.102394@example-shop.ru,organic
102395,Наталья,Краснодар,standard,2025-09-27 03:41:36,наталья.102395@example-shop.ru,marketplace
102396,Екатерина,Воронеж,premium,2025-10-18 07:05:44,екатерина.102396@example-shop.ru,email
102397,Никита,Казань,mass,2026-04-04 23:05:24,никита.102397@example-shop.ru,referral
102398,Елена,Санкт-Петербург,premium,2025-08-12 19:45:14,елена.102398@example-shop.ru,context
102399,Елена,Тюмень,standard,2025-04-10 18:06:50,елена.102399@example-shop.ru,context
102400,Роман,Уфа,mass,2025-10-08 00:06:20,роман.102400@example-shop.ru,marketplace
102401,Алексей,Новосибирск,premium,2025-12-12 08:23:01,алексей.102401@example-shop.ru,organic
102402,Виктория,Санкт-Петербург,standard,2026-05-25 09:58:06,виктория.102402@example-shop.ru,email
102403,Роман,Санкт-Петербург,mass,2025-03-03 16:28:06,роман.102403@example-shop.ru,social
102404,Виктория,Новосибирск,mass,2026-05-29 18:00:41,виктория.102404@example-shop.ru,marketplace
102405,Ольга,Новосибирск,mass,2026-03-16 00:08:50,ольга.102405@example-shop.ru,social
102406,Андрей,Москва,standard,2026-01-23 04:55:08,андрей.102406@example-shop.ru,context
102407,Ольга,Омск,mass,2025-05-09 10:20:57,ольга.102407@example-shop.ru,email
102408,Роман,Новосибирск,mass,2025-04-23 11:20:24,роман.102408@example-shop.ru,marketplace
102409,Наталья,Нижний Новгород,premium,2025-08-22 00:41:14,наталья.102409@example-shop.ru,marketplace
102410,Алексей,Москва,standard,2025-04-10 11:48:44,алексей.102410@example-shop.ru,context
102411,Артём,Уфа,standard,2025-12-24 12:09:32,артём.102411@example-shop.ru,context
102412,Алексей,Ростов-на-Дону,premium,2026-02-14 23:58:19,алексей.102412@example-shop.ru,email
102413,Никита,Москва,mass,2025-09-18 15:02:50,никита.102413@example-shop.ru,social
102414,Михаил,Нижний Новгород,mass,2026-01-13 00:00:09,михаил.102414@example-shop.ru,organic
102415,Ольга,Самара,standard,2026-03-01 11:58:18,ольга.102415@example-shop.ru,organic
102416,Наталья,Краснодар,mass,2026-05-13 12:15:03,наталья.102416@example-shop.ru,organic
102417,Михаил,Москва,mass,2026-01-11 01:16:12,михаил.102417@example-shop.ru,organic
102418,Елена,Воронеж,standard,2025-05-08 09:05:27,елена.102418@example-shop.ru,context
102419,Елена,Екатеринбург,mass,2025-03-13 01:42:26,елена.102419@example-shop.ru,marketplace
102420,Сергей,Москва,mass,2026-05-28 11:58:02,сергей.102420@example-shop.ru,referral
102421,Елена,Москва,standard,2026-02-26 12:53:36,елена.102421@example-shop.ru,organic
102422,Дарья,Москва,standard,2026-04-08 21:48:23,дарья.102422@example-shop.ru,social
102423,Иван,Санкт-Петербург,mass,2025-08-19 19:08:55,иван.102423@example-shop.ru,context
102424,Андрей,Екатеринбург,mass,2025-03-27 20:07:12,андрей.102424@example-shop.ru,email
102425,Максим,Ростов-на-Дону,premium,2025-11-22 18:40:15,максим.102425@example-shop.ru,marketplace
102426,Виктория,Москва,premium,2025-12-15 15:32:51,виктория.102426@example-shop.ru,organic
102427,Анна,Тюмень,mass,2025-04-29 00:46:38,анна.102427@example-shop.ru,marketplace
102428,Ольга,Москва,mass,2025-09-14 02:15:58,ольга.102428@example-shop.ru,organic
102429,Дарья,Нижний Новгород,standard,2025-08-19 14:02:16,дарья.102429@example-shop.ru,referral
102430,Елена,Пермь,mass,2025-05-22 11:47:20,елена.102430@example-shop.ru,marketplace
102431,Иван,Краснодар,mass,2026-03-22 08:28:02,иван.102431@example-shop.ru,email
102432,Артём,Самара,mass,2025-09-22 17:23:46,артём.102432@example-shop.ru,organic
102433,Анна,Ростов-на-Дону,mass,2026-05-20 19:29:55,анна.102433@example-shop.ru,organic
102434,Максим,Москва,mass,2025-01-01 17:51:27,максим.102434@example-shop.ru,organic
102435,Наталья,Москва,mass,2026-05-27 14:08:29,наталья.102435@example-shop.ru,organic
102436,Виктория,Казань,premium,2025-12-27 14:29:34,виктория.102436@example-shop.ru,organic
102437,Михаил,Москва,mass,2026-01-17 13:09:43,михаил.102437@example-shop.ru,organic
102438,Екатерина,Санкт-Петербург,mass,2025-06-06 20:25:50,екатерина.102438@example-shop.ru,social
102439,Андрей,Москва,mass,2025-02-13 00:08:52,андрей.102439@example-shop.ru,organic
102440,Мария,Пермь,premium,2025-05-07 03:06:08,мария.102440@example-shop.ru,context
102441,Ольга,Воронеж,mass,2025-08-30 05:38:37,ольга.102441@example-shop.ru,referral
102442,Алексей,Краснодар,mass,2025-07-04 04:19:51,алексей.102442@example-shop.ru,organic
102443,Алексей,Ростов-на-Дону,standard,2025-04-16 05:22:16,алексей.102443@example-shop.ru,social
102444,Дмитрий,Москва,standard,2025-01-07 21:40:22,дмитрий.102444@example-shop.ru,email
102445,Виктория,Москва,standard,2026-01-16 04:47:54,виктория.102445@example-shop.ru,social
102446,Ксения,Самара,mass,2025-12-30 11:35:55,ксения.102446@example-shop.ru,context
102447,Дарья,Самара,mass,2025-03-29 22:44:04,дарья.102447@example-shop.ru,referral
102448,Михаил,Санкт-Петербург,mass,2026-03-03 19:45:50,михаил.102448@example-shop.ru,social
102449,Дарья,Екатеринбург,standard,2026-06-17 18:41:48,дарья.102449@example-shop.ru,social
102450,Анна,Екатеринбург,mass,2026-06-29 21:39:19,анна.102450@example-shop.ru,email
102451,Андрей,Москва,mass,2025-04-17 00:31:36,андрей.102451@example-shop.ru,email
102452,Ксения,Санкт-Петербург,mass,2025-08-21 19:43:33,ксения.102452@example-shop.ru,context
102453,Мария,Казань,premium,2025-01-29 17:29:43,мария.102453@example-shop.ru,context
102454,Наталья,Нижний Новгород,mass,2025-01-07 17:08:34,наталья.102454@example-shop.ru,email
102455,Андрей,Омск,mass,2026-04-05 17:35:36,андрей.102455@example-shop.ru,social
102456,Наталья,Новосибирск,premium,2026-06-12 14:08:44,наталья.102456@example-shop.ru,referral
102457,Андрей,Ростов-на-Дону,standard,2025-04-21 05:42:30,андрей.102457@example-shop.ru,organic
102458,Никита,Уфа,standard,2025-09-10 17:25:05,,organic
102459,Наталья,Москва,standard,2025-01-14 02:05:12,наталья.102459@example-shop.ru,social
102460,Мария,Самара,mass,2026-03-21 14:00:50,мария.102460@example-shop.ru,email
102461,Максим,Екатеринбург,standard,2025-10-26 16:51:15,максим.102461@example-shop.ru,context
102462,Дмитрий,Новосибирск,mass,2025-06-09 05:12:37,дмитрий.102462@example-shop.ru,marketplace
102463,Наталья,Москва,premium,2026-06-13 05:34:39,наталья.102463@example-shop.ru,email
102464,Виктория,Пермь,mass,2025-03-16 02:57:39,виктория.102464@example-shop.ru,email
102465,Наталья,Омск,standard,2025-05-26 18:52:09,наталья.102465@example-shop.ru,email
102466,Анна,Москва,mass,2026-02-12 12:16:15,анна.102466@example-shop.ru,organic
102467,Максим,Москва,mass,2025-08-11 18:05:47,максим.102467@example-shop.ru,context
102468,Екатерина,Москва,mass,2026-01-17 19:05:26,екатерина.102468@example-shop.ru,organic
102469,Алексей,Уфа,standard,2025-05-10 06:08:35,алексей.102469@example-shop.ru,context
102470,Дмитрий,Нижний Новгород,mass,2025-12-25 19:26:19,дмитрий.102470@example-shop.ru,organic
102471,Ксения,Москва,vip,2025-11-01 02:26:35,ксения.102471@example-shop.ru,email
102472,Мария,Краснодар,mass,2025-01-26 15:10:29,мария.102472@example-shop.ru,email
102473,Сергей,Санкт-Петербург,standard,2025-06-25 22:04:56,сергей.102473@example-shop.ru,organic
102474,Дмитрий,Екатеринбург,standard,2025-06-12 02:33:27,дмитрий.102474@example-shop.ru,social
102475,Иван,Казань,mass,2025-11-19 07:02:05,иван.102475@example-shop.ru,referral
102476,Сергей,Новосибирск,standard,2025-08-27 20:53:24,сергей.102476@example-shop.ru,referral
102477,Артём,Екатеринбург,standard,2025-09-18 12:30:49,артём.102477@example-shop.ru,marketplace
102478,Анна,Санкт-Петербург,standard,2025-04-03 09:20:53,анна.102478@example-shop.ru,organic
102479,Мария,Казань,standard,2026-05-22 06:12:42,мария.102479@example-shop.ru,organic
102480,Иван,Пермь,standard,2026-02-13 14:20:10,иван.102480@example-shop.ru,email
102481,Екатерина,Екатеринбург,mass,2026-01-01 03:49:43,екатерина.102481@example-shop.ru,organic
102482,Ксения,Пермь,mass,2025-05-31 05:35:10,ксения.102482@example-shop.ru,email
102483,Анна,Новосибирск,mass,2026-01-08 00:19:48,анна.102483@example-shop.ru,organic
102484,Максим,Уфа,standard,2025-05-09 00:37:55,максим.102484@example-shop.ru,context
102485,Максим,Санкт-Петербург,premium,2025-09-23 02:59:07,максим.102485@example-shop.ru,social
102486,Ольга,Уфа,mass,2025-05-27 04:41:50,ольга.102486@example-shop.ru,email
102487,Дмитрий,Санкт-Петербург,mass,2025-06-15 05:08:15,дмитрий.102487@example-shop.ru,organic
102488,Мария,Москва,mass,2025-12-20 22:04:01,мария.102488@example-shop.ru,email
102489,Артём,Москва,standard,2025-06-21 02:38:20,артём.102489@example-shop.ru,email
102490,Ольга,Москва,standard,2026-02-02 22:08:05,ольга.102490@example-shop.ru,email
102491,Максим,Омск,standard,2025-10-02 16:12:31,максим.102491@example-shop.ru,marketplace
102492,Елена,Тюмень,standard,2026-06-19 16:33:54,елена.102492@example-shop.ru,marketplace
102493,Никита,Уфа,standard,2025-04-15 14:11:53,никита.102493@example-shop.ru,email
102494,Михаил,Москва,mass,2026-05-30 22:41:38,михаил.102494@example-shop.ru,social
102495,Сергей,Воронеж,mass,2025-03-14 04:08:32,сергей.102495@example-shop.ru,email
102496,Дмитрий,Ростов-на-Дону,mass,2025-10-27 13:53:56,дмитрий.102496@example-shop.ru,marketplace
102497,Андрей,Санкт-Петербург,premium,2025-07-22 22:32:07,андрей.102497@example-shop.ru,social
102498,Ксения,Екатеринбург,standard,2026-02-15 00:02:47,ксения.102498@example-shop.ru,organic
102499,Алексей,Самара,mass,2025-03-13 02:37:08,алексей.102499@example-shop.ru,organic
102500,Никита,Москва,mass,2025-05-19 20:16:37,никита.102500@example-shop.ru,email
102501,Екатерина,Екатеринбург,mass,2025-05-06 18:21:41,екатерина.102501@example-shop.ru,marketplace
102502,Мария,Ростов-на-Дону,vip,2026-05-17 19:22:21,мария.102502@example-shop.ru,organic
102503,Дарья,Москва,mass,2025-10-19 14:06:39,дарья.102503@example-shop.ru,marketplace
102504,Иван,Екатеринбург,standard,2025-03-31 12:05:04,иван.102504@example-shop.ru,organic
102505,Мария,Новосибирск,mass,2026-03-07 14:26:24,мария.102505@example-shop.ru,context
102506,Иван,Ростов-на-Дону,standard,2025-06-05 15:15:08,иван.102506@example-shop.ru,marketplace
102507,Наталья,Омск,standard,2025-05-03 12:00:44,наталья.102507@example-shop.ru,marketplace
102508,Михаил,Краснодар,mass,2025-09-27 09:55:04,михаил.102508@example-shop.ru,social
102509,Сергей,Нижний Новгород,standard,2026-03-08 10:58:17,сергей.102509@example-shop.ru,marketplace
102510,Иван,Нижний Новгород,mass,2026-04-03 13:16:24,иван.102510@example-shop.ru,email
102511,Анна,Нижний Новгород,standard,2025-01-09 11:17:03,анна.102511@example-shop.ru,email
102512,Ксения,Новосибирск,mass,2026-05-05 10:51:50,ксения.102512@example-shop.ru,email
102513,Полина,Москва,standard,2026-06-28 09:03:26,полина.102513@example-shop.ru,context
102514,Дарья,,mass,2025-06-24 21:15:28,дарья.102514@example-shop.ru,organic
102515,Иван,Ростов-на-Дону,standard,2025-10-09 17:33:41,иван.102515@example-shop.ru,organic
102516,Андрей,Новосибирск,mass,2025-07-25 03:11:11,андрей.102516@example-shop.ru,organic
102517,Екатерина,Воронеж,standard,2025-09-17 08:36:23,екатерина.102517@example-shop.ru,organic
102518,Артём,Самара,mass,2025-12-22 12:29:22,артём.102518@example-shop.ru,organic
102519,Иван,Санкт-Петербург,mass,2025-12-21 13:16:13,иван.102519@example-shop.ru,organic
102520,Полина,Москва,standard,2025-09-16 16:54:13,полина.102520@example-shop.ru,social
102521,Сергей,Москва,mass,2025-09-16 23:18:03,сергей.102521@example-shop.ru,organic
102522,Алексей,Санкт-Петербург,mass,2025-09-24 06:31:26,алексей.102522@example-shop.ru,context
102523,Дмитрий,Екатеринбург,standard,2025-08-11 08:55:53,дмитрий.102523@example-shop.ru,organic
102524,Сергей,Москва,mass,2025-03-09 03:32:23,сергей.102524@example-shop.ru,organic
102525,Мария,Москва,premium,2025-07-22 04:27:41,мария.102525@example-shop.ru,referral
102526,Максим,Москва,mass,2026-01-25 23:08:17,максим.102526@example-shop.ru,marketplace
102527,Наталья,Уфа,premium,2026-06-17 22:03:20,наталья.102527@example-shop.ru,referral
102528,Никита,Уфа,premium,2026-03-19 21:54:46,НИКИТА.102528@EXAMPLE-SHOP.RU,referral
102529,Мария,Казань,mass,2026-04-15 12:22:37,мария.102529@example-shop.ru,marketplace
102530,Виктория,Москва,mass,2026-03-03 18:58:14,виктория.102530@example-shop.ru,referral
102531,Никита,Москва,standard,2025-10-01 19:31:49,никита.102531@example-shop.ru,organic
102532,Андрей,Москва,standard,2026-01-07 16:45:11,андрей.102532@example-shop.ru,organic
102533,Никита,Казань,mass,2026-04-01 20:48:00,никита.102533@example-shop.ru,social
102534,Анна,Москва,mass,2025-05-02 11:34:42,анна.102534@example-shop.ru,social
102535,Андрей,Санкт-Петербург,mass,2025-03-23 06:05:20,андрей.102535@example-shop.ru,email
102536,Полина,Омск,standard,2025-05-26 04:01:00,ПОЛИНА.102536@EXAMPLE-SHOP.RU,organic
102537,Максим,Екатеринбург,standard,2025-10-16 13:08:24,максим.102537@example-shop.ru,marketplace
102538,Наталья,Краснодар,mass,2026-03-05 11:30:10,наталья.102538@example-shop.ru,social
102539,Артём,Москва,mass,2025-09-03 08:14:22,артём.102539@example-shop.ru,marketplace
102540,Наталья,Санкт-Петербург,standard,2026-06-20 15:57:02,наталья.102540@example-shop.ru,social
102541,Елена,Омск,premium,2025-06-27 01:27:29,елена.102541@example-shop.ru,organic
102542,Полина,Казань,mass,2025-09-09 18:27:54,полина.102542@example-shop.ru,context
102543,Полина,Самара,mass,2026-05-16 13:11:40,полина.102543@example-shop.ru,organic
102544,Ольга,Тюмень,mass,2025-04-04 00:56:32,ольга.102544@example-shop.ru,organic
102545,Андрей,Новосибирск,standard,2026-03-30 17:00:42,андрей.102545@example-shop.ru,marketplace
102546,Ольга,Санкт-Петербург,mass,2025-03-24 07:12:45,ольга.102546@example-shop.ru,context
102547,Дарья,Новосибирск,mass,2026-05-10 08:41:03,дарья.102547@example-shop.ru,organic
102548,Виктория,Москва,standard,2025-06-26 03:43:03,виктория.102548@example-shop.ru,context
102549,Наталья,Москва,mass,2025-12-13 04:38:14,наталья.102549@example-shop.ru,social
102550,Иван,Москва,mass,2026-01-23 21:04:34,иван.102550@example-shop.ru,organic
102551,Екатерина,Воронеж,mass,2025-07-25 00:58:24,екатерина.102551@example-shop.ru,organic
102552,Максим,Самара,mass,2025-10-27 21:49:21,максим.102552@example-shop.ru,marketplace
102553,Дмитрий,Санкт-Петербург,mass,2026-02-17 11:06:30,дмитрий.102553@example-shop.ru,organic
102554,Анна,Москва,mass,2026-04-23 08:24:06,анна.102554@example-shop.ru,marketplace
102555,Полина,Самара,mass,2025-03-01 04:03:21,полина.102555@example-shop.ru,organic
102556,Иван,Пермь,mass,2025-09-28 00:31:51,иван.102556@example-shop.ru,referral
102557,Дарья,Санкт-Петербург,premium,2026-04-10 22:16:51,дарья.102557@example-shop.ru,referral
102558,Ксения,Санкт-Петербург,premium,2025-10-30 23:03:03,ксения.102558@example-shop.ru,organic
102559,Алексей,Краснодар,mass,2025-01-16 16:26:00,,referral
102560,Виктория,Воронеж,standard,2025-03-10 09:35:54,виктория.102560@example-shop.ru,context
102561,Виктория,Пермь,mass,2026-03-22 22:13:04,,context
102562,Ольга,Санкт-Петербург,standard,2025-08-19 17:26:46,ольга.102562@example-shop.ru,marketplace
102563,Екатерина,Москва,premium,2026-01-19 15:32:30,екатерина.102563@example-shop.ru,marketplace
102564,Сергей,Казань,standard,2026-05-02 11:31:51,сергей.102564@example-shop.ru,organic
102565,Сергей,Санкт-Петербург,standard,2025-02-18 05:03:44,сергей.102565@example-shop.ru,referral
102566,Сергей,Воронеж,mass,2025-09-06 00:51:40,сергей.102566@example-shop.ru,organic
102567,Андрей,Москва,mass,2025-03-22 02:43:54,андрей.102567@example-shop.ru,organic
102568,Михаил,Нижний Новгород,mass,2026-04-05 00:02:38,михаил.102568@example-shop.ru,organic
102569,Ольга,Пермь,mass,2025-09-04 13:16:48,ольга.102569@example-shop.ru,social
102570,Никита,Тюмень,standard,2026-04-23 18:38:07,никита.102570@example-shop.ru,referral
102571,Андрей,Самара,mass,2025-06-13 10:21:48,андрей.102571@example-shop.ru,social
102572,Никита,Омск,mass,2025-03-21 04:51:19,никита.102572@example-shop.ru,marketplace
102573,Роман,Москва,standard,2026-04-18 16:11:16,роман.102573@example-shop.ru,email
102574,Ольга,Санкт-Петербург,standard,2025-12-01 04:37:49,ольга.102574@example-shop.ru,organic
102575,Дарья,Москва,standard,2025-04-16 02:15:48,дарья.102575@example-shop.ru,organic
102576,Максим,Тюмень,mass,2026-01-14 09:09:40,максим.102576@example-shop.ru,social
102577,Елена,Пермь,premium,2025-08-16 07:24:21,елена.102577@example-shop.ru,context
102578,Наталья,Москва,mass,2025-01-26 09:55:56,наталья.102578@example-shop.ru,organic
102579,Полина,Москва,standard,2025-05-22 22:57:39,полина.102579@example-shop.ru,organic
102580,Виктория,Санкт-Петербург,mass,2026-02-13 19:08:17,виктория.102580@example-shop.ru,context
102581,Ольга,Санкт-Петербург,mass,2025-03-11 07:32:33,ольга.102581@example-shop.ru,social
102582,Наталья,Краснодар,vip,2025-07-04 00:29:10,наталья.102582@example-shop.ru,referral
102583,Елена,Москва,mass,2025-05-22 13:25:03,елена.102583@example-shop.ru,email
102584,Екатерина,Уфа,mass,2026-02-04 10:49:53,екатерина.102584@example-shop.ru,marketplace
102585,Ольга,Новосибирск,mass,2026-04-14 16:37:52,ольга.102585@example-shop.ru,email
102586,Виктория,Казань,vip,2026-03-06 05:34:13,виктория.102586@example-shop.ru,context
102587,Ольга,Москва,premium,2026-01-25 22:44:30,ольга.102587@example-shop.ru,social
102588,Максим,Тюмень,mass,2025-02-18 19:18:14,максим.102588@example-shop.ru,organic
102589,Полина,Нижний Новгород,standard,2026-05-14 06:15:33,полина.102589@example-shop.ru,marketplace
102590,Максим,Казань,mass,2025-03-30 04:40:18,максим.102590@example-shop.ru,social
102591,Мария,Казань,standard,2025-08-09 21:03:13,мария.102591@example-shop.ru,organic
102592,Ольга,Пермь,mass,2026-03-28 03:27:24,ольга.102592@example-shop.ru,referral
102593,Артём,Краснодар,mass,2025-05-12 00:35:52,артём.102593@example-shop.ru,social
102594,Мария,Краснодар,standard,2025-04-29 03:56:40,мария.102594@example-shop.ru,marketplace
102595,Максим,Нижний Новгород,premium,2025-01-15 08:14:00,максим.102595@example-shop.ru,organic
102596,Анна,Воронеж,mass,2025-07-15 05:23:49,анна.102596@example-shop.ru,context
102597,Артём,Санкт-Петербург,mass,2025-09-27 20:39:56,артём.102597@example-shop.ru,marketplace
102598,Роман,Ростов-на-Дону,premium,2025-01-22 15:38:48,роман.102598@example-shop.ru,context
102599,Полина,Казань,mass,2025-04-22 16:58:08,полина.102599@example-shop.ru,context
102600,Ольга,Нижний Новгород,mass,2025-01-03 07:55:00,ольга.102600@example-shop.ru,social
102601,Ксения,Тюмень,mass,2025-05-03 14:39:44,ксения.102601@example-shop.ru,referral
102602,Дмитрий,Тюмень,mass,2025-11-26 13:34:56,дмитрий.102602@example-shop.ru,organic
102603,Дарья,Новосибирск,mass,2025-01-05 18:05:59,дарья.102603@example-shop.ru,organic
102604,Виктория,Новосибирск,mass,2025-03-31 19:55:25,виктория.102604@example-shop.ru,context
102605,Дарья,Воронеж,mass,2025-10-24 11:34:58,дарья.102605@example-shop.ru,organic
102606,Дарья,Тюмень,mass,2025-11-02 01:54:26,дарья.102606@example-shop.ru,context
102607,Артём,Уфа,premium,2026-05-04 10:37:26,артём.102607@example-shop.ru,context
102608,Елена,Москва,mass,2025-11-09 13:40:36,елена.102608@example-shop.ru,referral
102609,Артём,Санкт-Петербург,standard,2026-05-20 14:30:02,артём.102609@example-shop.ru,social
102610,Андрей,Воронеж,mass,2026-01-30 11:48:58,андрей.102610@example-shop.ru,context
102611,Полина,Уфа,mass,2025-10-28 00:16:37,полина.102611@example-shop.ru,organic
102612,Никита,Ростов-на-Дону,mass,2025-07-28 19:19:21,никита.102612@example-shop.ru,context
102613,Анна,Самара,mass,2025-03-02 15:50:54,анна.102613@example-shop.ru,organic
102614,Виктория,Казань,standard,2026-01-20 07:26:02,виктория.102614@example-shop.ru,marketplace
102615,Иван,Казань,mass,2026-05-27 05:57:08,иван.102615@example-shop.ru,organic
102616,Екатерина,Уфа,standard,2025-07-19 10:49:41,екатерина.102616@example-shop.ru,email
102617,Полина,Санкт-Петербург,premium,2025-07-13 18:00:59,полина.102617@example-shop.ru,social
102618,Мария,Самара,mass,2025-02-23 07:03:18,мария.102618@example-shop.ru,email
102619,Екатерина,Ростов-на-Дону,premium,2025-11-22 17:25:51,екатерина.102619@example-shop.ru,marketplace
102620,Никита,Краснодар,mass,2025-06-18 22:40:13,никита.102620@example-shop.ru,email
102621,Андрей,Санкт-Петербург,mass,2025-01-06 12:55:01,андрей.102621@example-shop.ru,social
102622,Ольга,Ростов-на-Дону,mass,2025-01-05 02:58:50,ольга.102622@example-shop.ru,organic
102623,Иван,Москва,standard,2025-07-02 21:27:12,иван.102623@example-shop.ru,referral
102624,Никита,Москва,standard,2025-09-10 00:59:37,никита.102624@example-shop.ru,organic
102625,Никита,Казань,vip,2025-09-07 03:53:42,никита.102625@example-shop.ru,context
102626,Виктория,Москва,standard,2026-02-08 11:16:12,виктория.102626@example-shop.ru,email
102627,Полина,Омск,mass,2025-10-15 19:00:34,полина.102627@example-shop.ru,social
102628,Алексей,Пермь,premium,2026-03-04 16:29:52,алексей.102628@example-shop.ru,organic
102629,Михаил,Москва,premium,2025-06-11 20:57:19,михаил.102629@example-shop.ru,marketplace
102630,Алексей,Краснодар,standard,2025-05-07 11:49:30,алексей.102630@example-shop.ru,organic
102631,Никита,Екатеринбург,standard,2025-10-22 01:24:43,никита.102631@example-shop.ru,marketplace
102632,Екатерина,Ростов-на-Дону,standard,2025-02-27 13:48:43,екатерина.102632@example-shop.ru,email
102633,Никита,Воронеж,mass,2026-02-21 15:52:57,никита.102633@example-shop.ru,organic
102634,Виктория,Новосибирск,premium,2025-04-12 01:25:31,виктория.102634@example-shop.ru,organic
102635,Мария,Москва,vip,2026-05-14 17:29:55,мария.102635@example-shop.ru,marketplace
102636,Алексей,Москва,standard,2026-06-21 02:57:56,алексей.102636@example-shop.ru,organic
102637,Максим,Екатеринбург,mass,2025-10-20 22:26:03,максим.102637@example-shop.ru,marketplace
102638,Роман,Омск,mass,2025-06-20 02:18:14,роман.102638@example-shop.ru,context
102639,Анна,Новосибирск,premium,2025-07-04 13:54:24,анна.102639@example-shop.ru,context
102640,Ксения,Казань,premium,2025-08-22 23:02:26,ксения.102640@example-shop.ru,referral
102641,Дмитрий,Москва,standard,2025-09-19 04:54:36,дмитрий.102641@example-shop.ru,social
102642,Наталья,Пермь,premium,2025-02-11 05:11:43,,context
102643,Дмитрий,Санкт-Петербург,mass,2025-04-18 15:48:44,дмитрий.102643@example-shop.ru,social
102644,Наталья,Ростов-на-Дону,premium,2026-03-07 04:26:25,наталья.102644@example-shop.ru,context
102645,Наталья,Самара,mass,2025-01-29 17:21:20,наталья.102645@example-shop.ru,organic
102646,Алексей,Санкт-Петербург,mass,2025-09-02 10:15:13,алексей.102646@example-shop.ru,email
102647,Виктория,Москва,mass,2026-04-22 21:21:18,виктория.102647@example-shop.ru,social
102648,Дарья,Казань,mass,2025-02-17 15:09:52,дарья.102648@example-shop.ru,referral
102649,Никита,Санкт-Петербург,mass,2026-05-20 10:03:32,никита.102649@example-shop.ru,social
102650,Максим,Ростов-на-Дону,standard,2025-09-15 18:04:49,максим.102650@example-shop.ru,social
102651,Ксения,Краснодар,mass,2025-08-19 18:00:52,ксения.102651@example-shop.ru,organic
102652,Ксения,Москва,standard,2026-01-24 17:37:55,ксения.102652@example-shop.ru,marketplace
102653,Полина,Новосибирск,mass,2026-02-28 13:48:57,полина.102653@example-shop.ru,context
102654,Ольга,Москва,premium,2025-09-15 19:20:08,ольга.102654@example-shop.ru,marketplace
102655,Ксения,Москва,mass,2025-02-15 07:14:43,ксения.102655@example-shop.ru,email
102656,Виктория,Уфа,standard,2026-06-12 21:42:59,виктория.102656@example-shop.ru,referral
102657,Мария,Уфа,standard,2025-01-05 19:37:42,мария.102657@example-shop.ru,context
102658,Елена,Уфа,mass,2026-04-21 01:21:42,елена.102658@example-shop.ru,organic
102659,Екатерина,Москва,mass,2025-08-25 13:22:30,екатерина.102659@example-shop.ru,context
102660,Анна,Новосибирск,mass,2025-10-08 13:40:31,анна.102660@example-shop.ru,referral
102661,Сергей,Казань,mass,2026-02-21 22:36:06,сергей.102661@example-shop.ru,context
102662,Дарья,Тюмень,mass,2026-05-28 13:50:26,дарья.102662@example-shop.ru,organic
102663,Иван,Самара,mass,2025-03-23 23:27:13,иван.102663@example-shop.ru,social
102664,Наталья,Пермь,standard,2026-03-19 04:57:08,наталья.102664@example-shop.ru,organic
102665,Дмитрий,Москва,mass,2025-12-27 07:41:01,дмитрий.102665@example-shop.ru,context
102666,Артём,Екатеринбург,mass,2025-07-20 16:58:18,артём.102666@example-shop.ru,social
102667,Дмитрий,Уфа,mass,2025-08-21 00:36:12,дмитрий.102667@example-shop.ru,organic
102668,Полина,Санкт-Петербург,mass,2026-02-25 10:02:26,полина.102668@example-shop.ru,organic
102669,Мария,Нижний Новгород,mass,2025-03-18 07:33:00,мария.102669@example-shop.ru,organic
102670,Полина,Новосибирск,standard,2025-10-03 16:32:54,полина.102670@example-shop.ru,social
102671,Дарья,Тюмень,standard,2026-01-29 14:10:21,дарья.102671@example-shop.ru,marketplace
102672,Ксения,Москва,mass,2025-10-21 19:34:52,ксения.102672@example-shop.ru,organic
102673,Ксения,Пермь,mass,2025-09-02 01:58:41,ксения.102673@example-shop.ru,referral
102674,Анна,Казань,mass,2025-10-11 17:43:22,анна.102674@example-shop.ru,organic
102675,Никита,Екатеринбург,standard,2025-10-06 18:46:39,никита.102675@example-shop.ru,social
102676,Виктория,Новосибирск,mass,2026-03-15 00:06:55,виктория.102676@example-shop.ru,organic
102677,Полина,Санкт-Петербург,premium,2026-03-24 09:57:31,полина.102677@example-shop.ru,email
102678,Ксения,Омск,standard,2026-05-16 14:57:13,ксения.102678@example-shop.ru,referral
102679,Виктория,Пермь,standard,2025-02-09 07:24:00,виктория.102679@example-shop.ru,referral
102680,Ольга,Тюмень,mass,2025-06-24 03:17:28,ольга.102680@example-shop.ru,organic
102681,Иван,Тюмень,premium,2026-04-23 20:11:27,иван.102681@example-shop.ru,email
102682,Иван,Самара,mass,2025-12-16 20:19:39,иван.102682@example-shop.ru,organic
102683,Ольга,Екатеринбург,mass,2025-07-25 08:43:54,ольга.102683@example-shop.ru,social
102684,Андрей,Краснодар,premium,2025-12-09 11:35:16,андрей.102684@example-shop.ru,email
102685,Артём,Москва,standard,2025-09-10 09:58:46,артём.102685@example-shop.ru,social
102686,Наталья,Краснодар,mass,2026-04-29 16:27:50,наталья.102686@example-shop.ru,email
102687,Дмитрий,Екатеринбург,mass,2025-11-01 04:07:24,дмитрий.102687@example-shop.ru,referral
102688,Виктория,Самара,mass,2025-09-01 17:31:43,виктория.102688@example-shop.ru,email
102689,Михаил,Казань,standard,2025-12-06 20:20:14,михаил.102689@example-shop.ru,context
102690,Полина,Санкт-Петербург,mass,2025-04-14 15:17:59,полина.102690@example-shop.ru,context
102691,Роман,,mass,2026-02-25 01:19:06,роман.102691@example-shop.ru,social
102692,Михаил,Казань,mass,2025-04-21 16:21:47,михаил.102692@example-shop.ru,social
102693,Никита,Казань,vip,2025-01-13 22:14:02,никита.102693@example-shop.ru,referral
102694,Сергей,Москва,standard,2025-01-28 22:41:47,сергей.102694@example-shop.ru,social
102695,Никита,Москва,mass,2025-02-06 01:01:24,никита.102695@example-shop.ru,referral
102696,Ольга,Нижний Новгород,premium,2025-02-24 21:31:43,ольга.102696@example-shop.ru,organic
102697,Иван,Санкт-Петербург,mass,2025-01-28 14:51:10,ИВАН.102697@EXAMPLE-SHOP.RU,context
102698,Сергей,Краснодар,standard,2025-06-14 03:57:07,сергей.102698@example-shop.ru,marketplace
102699,Иван,Москва,standard,2026-06-08 15:10:11,иван.102699@example-shop.ru,organic
102700,Иван,Новосибирск,mass,2025-02-25 21:31:22,иван.102700@example-shop.ru,organic
102701,Ксения,Москва,standard,2026-01-04 11:24:51,ксения.102701@example-shop.ru,referral
102702,Дарья,Новосибирск,vip,2026-04-20 17:52:33,дарья.102702@example-shop.ru,organic
102703,Дмитрий,Новосибирск,mass,2026-03-18 00:37:23,дмитрий.102703@example-shop.ru,context
102704,Андрей,Самара,mass,2025-07-17 07:12:09,андрей.102704@example-shop.ru,referral
102705,Мария,Казань,standard,2025-01-29 18:02:22,мария.102705@example-shop.ru,social
102706,Елена,Екатеринбург,mass,2025-07-20 19:33:09,елена.102706@example-shop.ru,marketplace
102707,Роман,Москва,mass,2025-11-24 20:35:43,роман.102707@example-shop.ru,marketplace
102708,Максим,Екатеринбург,mass,2026-02-17 20:11:00,максим.102708@example-shop.ru,social
102709,Роман,Казань,premium,2025-03-19 06:49:23,роман.102709@example-shop.ru,marketplace
102710,Ксения,Самара,standard,2025-06-14 05:29:46,ксения.102710@example-shop.ru,context
102711,Мария,Казань,premium,2025-11-24 19:28:27,мария.102711@example-shop.ru,organic
102712,Алексей,Уфа,mass,2026-01-25 18:35:03,алексей.102712@example-shop.ru,referral
102713,Никита,Казань,vip,2025-06-19 10:49:51,никита.102713@example-shop.ru,social
102714,Артём,Москва,mass,2026-03-25 05:17:34,артём.102714@example-shop.ru,organic
102715,Артём,Санкт-Петербург,standard,2026-03-13 23:37:20,артём.102715@example-shop.ru,context
102716,Наталья,Москва,standard,2025-07-16 07:07:43,наталья.102716@example-shop.ru,organic
102717,Сергей,Новосибирск,mass,2025-10-20 03:54:14,сергей.102717@example-shop.ru,organic
102718,Екатерина,Краснодар,standard,2025-09-18 09:46:48,екатерина.102718@example-shop.ru,context
102719,Виктория,Уфа,mass,2025-12-31 12:06:16,виктория.102719@example-shop.ru,marketplace
102720,Анна,Казань,mass,2025-06-25 14:45:16,анна.102720@example-shop.ru,email
102721,Михаил,Москва,standard,2025-06-29 14:55:35,михаил.102721@example-shop.ru,social
102722,Екатерина,Воронеж,mass,2025-08-19 14:59:16,екатерина.102722@example-shop.ru,context
102723,Иван,Москва,standard,2025-04-28 15:12:50,иван.102723@example-shop.ru,organic
102724,Ольга,Казань,mass,2025-11-13 12:10:21,ольга.102724@example-shop.ru,context
102725,Дарья,Краснодар,mass,2026-06-07 03:30:14,дарья.102725@example-shop.ru,social
102726,Михаил,Казань,standard,2025-07-10 13:17:14,михаил.102726@example-shop.ru,email
102727,Иван,Москва,mass,2026-04-15 05:39:52,иван.102727@example-shop.ru,context
102728,Алексей,Санкт-Петербург,vip,2025-09-10 22:51:34,алексей.102728@example-shop.ru,marketplace
102729,Виктория,Нижний Новгород,vip,2025-04-01 08:26:31,виктория.102729@example-shop.ru,email
102730,Наталья,Москва,mass,2025-09-28 10:36:21,наталья.102730@example-shop.ru,organic
102731,Полина,Самара,mass,2025-09-30 04:22:16,полина.102731@example-shop.ru,marketplace
102732,Артём,Казань,mass,2025-01-14 08:30:34,артём.102732@example-shop.ru,organic
102733,Никита,Санкт-Петербург,standard,2025-09-19 05:53:31,,marketplace
102734,Дмитрий,Москва,mass,2025-03-31 04:31:42,дмитрий.102734@example-shop.ru,social
102735,Сергей,Краснодар,premium,2026-03-09 23:04:59,сергей.102735@example-shop.ru,context
102736,Иван,Казань,vip,2025-10-23 01:10:35,иван.102736@example-shop.ru,context
102737,Виктория,Ростов-на-Дону,mass,2025-06-15 18:31:53,виктория.102737@example-shop.ru,social
102738,Анна,Екатеринбург,standard,2025-01-02 10:40:14,анна.102738@example-shop.ru,email
102739,Наталья,Москва,mass,2025-11-08 04:39:49,наталья.102739@example-shop.ru,email
102740,Максим,Екатеринбург,mass,2026-01-19 18:51:10,максим.102740@example-shop.ru,context
102741,Анна,Екатеринбург,mass,2025-08-20 03:00:33,анна.102741@example-shop.ru,email
102742,Мария,Екатеринбург,standard,2026-05-09 11:28:55,мария.102742@example-shop.ru,context
102743,Артём,Краснодар,mass,2025-04-17 23:03:27,артём.102743@example-shop.ru,context
102744,Никита,Пермь,premium,2026-02-16 05:45:50,никита.102744@example-shop.ru,organic
102745,Анна,Уфа,mass,2025-09-28 03:31:27,анна.102745@example-shop.ru,email
102746,Сергей,Нижний Новгород,standard,2025-06-21 05:05:51,сергей.102746@example-shop.ru,social
102747,Дмитрий,Новосибирск,premium,2025-06-07 01:30:20,дмитрий.102747@example-shop.ru,context
102748,Андрей,Самара,standard,2025-09-03 03:55:11,андрей.102748@example-shop.ru,referral
102749,Сергей,Санкт-Петербург,mass,2025-02-13 21:53:11,сергей.102749@example-shop.ru,email
102750,Полина,Краснодар,mass,2025-12-21 15:22:32,полина.102750@example-shop.ru,organic
102751,Дмитрий,Краснодар,mass,2025-08-11 19:13:54,дмитрий.102751@example-shop.ru,context
102752,Мария,Санкт-Петербург,mass,2026-01-06 20:06:54,мария.102752@example-shop.ru,context
102753,Виктория,Пермь,premium,2025-10-08 19:18:19,виктория.102753@example-shop.ru,organic
102754,Екатерина,Краснодар,mass,2026-06-17 17:39:34,екатерина.102754@example-shop.ru,context
102755,Полина,Казань,mass,2025-02-15 00:46:29,полина.102755@example-shop.ru,email
102756,Ксения,Пермь,standard,2025-09-26 16:11:22,ксения.102756@example-shop.ru,organic
102757,Ксения,Москва,mass,2025-10-20 06:33:03,ксения.102757@example-shop.ru,email
102758,Михаил,Москва,premium,2025-05-16 23:54:56,михаил.102758@example-shop.ru,marketplace
102759,Ольга,Санкт-Петербург,mass,2026-01-02 10:35:51,ольга.102759@example-shop.ru,organic
102760,Сергей,Новосибирск,mass,2025-07-17 09:28:09,сергей.102760@example-shop.ru,context
102761,Иван,Санкт-Петербург,standard,2026-02-21 02:56:25,иван.102761@example-shop.ru,organic
102762,Сергей,Омск,mass,2026-05-18 17:33:13,сергей.102762@example-shop.ru,referral
102763,Ольга,Санкт-Петербург,premium,2026-04-11 05:36:05,ольга.102763@example-shop.ru,social
102764,Алексей,Санкт-Петербург,mass,2025-12-11 19:50:28,алексей.102764@example-shop.ru,social
102765,Дмитрий,Нижний Новгород,mass,2026-01-27 06:47:31,дмитрий.102765@example-shop.ru,email
102766,Артём,Москва,mass,2026-04-17 00:24:30,артём.102766@example-shop.ru,email
102767,Ольга,Ростов-на-Дону,mass,2026-06-19 10:51:46,ольга.102767@example-shop.ru,social
102768,Полина,Казань,standard,2026-01-30 15:02:22,полина.102768@example-shop.ru,marketplace
102769,Наталья,Тюмень,mass,2026-05-13 13:51:29,наталья.102769@example-shop.ru,marketplace
102770,Полина,Самара,standard,2026-06-11 03:49:44,полина.102770@example-shop.ru,social
102771,Екатерина,Москва,premium,2025-04-06 20:44:17,екатерина.102771@example-shop.ru,organic
102772,Алексей,Москва,mass,2025-10-01 04:05:20,алексей.102772@example-shop.ru,email
102773,Дмитрий,Москва,standard,2025-07-14 18:52:30,дмитрий.102773@example-shop.ru,marketplace
102774,Роман,Омск,mass,2026-06-02 16:45:38,роман.102774@example-shop.ru,social
102775,Артём,Самара,standard,2026-02-10 11:53:30,артём.102775@example-shop.ru,referral
102776,Максим,Казань,mass,2026-04-28 19:26:38,максим.102776@example-shop.ru,context
102777,Артём,Москва,standard,2025-07-10 12:36:26,артём.102777@example-shop.ru,social
102778,Никита,Воронеж,mass,2026-04-05 11:40:32,,email
102779,Ольга,Москва,mass,2025-02-14 06:14:58,ольга.102779@example-shop.ru,marketplace
102780,Алексей,Ростов-на-Дону,mass,2026-05-27 19:20:22,алексей.102780@example-shop.ru,organic
102781,Максим,Уфа,mass,2025-05-06 07:11:41,максим.102781@example-shop.ru,organic
102782,Никита,Санкт-Петербург,premium,2025-10-14 10:01:56,никита.102782@example-shop.ru,context
102783,Дарья,Екатеринбург,mass,2026-01-26 09:40:52,дарья.102783@example-shop.ru,context
102784,Андрей,Москва,vip,2026-02-09 20:12:17,андрей.102784@example-shop.ru,email
102785,Никита,Казань,mass,2025-04-26 15:43:27,никита.102785@example-shop.ru,organic
102786,Иван,Омск,mass,2025-10-30 15:47:30,иван.102786@example-shop.ru,email
102787,Елена,Самара,mass,2025-10-17 03:07:34,елена.102787@example-shop.ru,social
102788,Мария,Краснодар,mass,2026-02-28 01:29:35,мария.102788@example-shop.ru,referral
102789,Алексей,Новосибирск,premium,2025-06-24 21:02:04,алексей.102789@example-shop.ru,social
102790,Андрей,Москва,mass,2026-02-21 05:52:57,андрей.102790@example-shop.ru,email
102791,Никита,Ростов-на-Дону,premium,2025-12-02 20:57:04,никита.102791@example-shop.ru,context
102792,Анна,Екатеринбург,mass,2026-02-18 07:55:36,анна.102792@example-shop.ru,context
102793,Роман,Москва,mass,2026-04-22 23:44:17,роман.102793@example-shop.ru,social
102794,Артём,Казань,mass,2025-08-22 12:06:52,артём.102794@example-shop.ru,context
102795,Мария,Нижний Новгород,standard,2025-08-24 13:07:07,мария.102795@example-shop.ru,context
102796,Никита,Ростов-на-Дону,mass,2026-03-10 23:26:43,никита.102796@example-shop.ru,marketplace
102797,Ксения,Москва,premium,2026-03-03 02:49:51,ксения.102797@example-shop.ru,referral
102798,Виктория,Воронеж,mass,2026-04-23 16:28:49,виктория.102798@example-shop.ru,organic
102799,Роман,Казань,mass,2025-10-27 23:32:20,роман.102799@example-shop.ru,referral
102800,Ольга,Санкт-Петербург,standard,2025-12-13 18:12:56,ольга.102800@example-shop.ru,organic
102801,Дарья,Москва,standard,2025-02-02 05:13:49,дарья.102801@example-shop.ru,context
102802,Сергей,Уфа,standard,2025-09-05 18:51:37,сергей.102802@example-shop.ru,organic
102803,Полина,Санкт-Петербург,mass,2025-05-15 05:22:25,полина.102803@example-shop.ru,organic
102804,Мария,Екатеринбург,standard,2026-04-11 00:29:13,мария.102804@example-shop.ru,context
102805,Анна,Москва,mass,2025-03-08 17:25:33,анна.102805@example-shop.ru,social
102806,Полина,Самара,vip,2026-03-01 06:07:48,полина.102806@example-shop.ru,context
102807,Елена,Уфа,mass,2026-04-02 01:46:43,елена.102807@example-shop.ru,organic
102808,Максим,Санкт-Петербург,standard,2025-09-13 22:22:09,максим.102808@example-shop.ru,organic
102809,Дарья,Омск,mass,2025-12-31 03:56:46,дарья.102809@example-shop.ru,organic
102810,Анна,Москва,standard,2025-11-13 00:41:13,анна.102810@example-shop.ru,social
102811,Артём,Москва,premium,2026-01-11 14:06:22,артём.102811@example-shop.ru,context
102812,Елена,Нижний Новгород,premium,2026-01-09 18:35:39,елена.102812@example-shop.ru,social
102813,Анна,Ростов-на-Дону,mass,2025-05-18 22:01:13,анна.102813@example-shop.ru,context
102814,Полина,Санкт-Петербург,mass,2026-01-11 03:14:46,полина.102814@example-shop.ru,organic
102815,Анна,Новосибирск,premium,2026-05-07 11:07:45,анна.102815@example-shop.ru,referral
102816,Мария,Санкт-Петербург,standard,2025-06-19 12:21:56,мария.102816@example-shop.ru,referral
102817,Екатерина,Новосибирск,standard,2025-06-17 01:34:07,екатерина.102817@example-shop.ru,referral
102818,Ксения,Самара,mass,2025-06-09 12:24:25,ксения.102818@example-shop.ru,context
102819,Иван,Тюмень,mass,2026-05-12 21:32:20,иван.102819@example-shop.ru,context
102820,Роман,Екатеринбург,mass,2026-04-29 14:29:50,роман.102820@example-shop.ru,social
102821,Артём,Самара,standard,2025-07-09 12:59:21,артём.102821@example-shop.ru,marketplace
102822,Андрей,Новосибирск,mass,2026-05-26 16:06:20,андрей.102822@example-shop.ru,context
102823,Иван,Санкт-Петербург,mass,2026-02-19 23:58:46,иван.102823@example-shop.ru,referral
102824,Полина,Санкт-Петербург,premium,2025-08-08 03:00:42,полина.102824@example-shop.ru,context
102825,Михаил,Тюмень,mass,2026-03-26 16:56:02,михаил.102825@example-shop.ru,marketplace
102826,Андрей,Москва,premium,2026-05-13 18:58:11,андрей.102826@example-shop.ru,organic
102827,Ольга,Уфа,mass,2026-04-19 08:05:37,ольга.102827@example-shop.ru,context
102828,Никита,Москва,mass,2025-09-14 12:39:17,никита.102828@example-shop.ru,social
102829,Михаил,Уфа,mass,2025-04-29 02:04:00,михаил.102829@example-shop.ru,referral
102830,Иван,Москва,mass,2025-04-02 03:00:25,иван.102830@example-shop.ru,referral
102831,Никита,Омск,standard,2026-03-27 21:58:02,никита.102831@example-shop.ru,referral
102832,Дарья,Самара,mass,2026-02-04 10:04:34,дарья.102832@example-shop.ru,referral
102833,Максим,Москва,mass,2026-01-22 07:38:39,максим.102833@example-shop.ru,context
102834,Артём,Самара,mass,2025-01-26 00:10:37,артём.102834@example-shop.ru,organic
102835,Ольга,Нижний Новгород,standard,2026-06-11 02:38:36,ольга.102835@example-shop.ru,marketplace
102836,Артём,Санкт-Петербург,premium,2025-03-04 02:01:34,артём.102836@example-shop.ru,context
102837,Полина,Санкт-Петербург,mass,2025-11-13 08:59:51,полина.102837@example-shop.ru,organic
102838,Ксения,Ростов-на-Дону,mass,2026-05-28 20:21:10,ксения.102838@example-shop.ru,organic
102839,Дмитрий,Ростов-на-Дону,mass,2025-05-12 22:39:21,дмитрий.102839@example-shop.ru,social
102840,Полина,Санкт-Петербург,standard,2025-10-10 02:29:32,полина.102840@example-shop.ru,context
102841,Сергей,Воронеж,mass,2026-04-03 21:42:15,сергей.102841@example-shop.ru,referral
102842,Роман,Санкт-Петербург,mass,2025-05-26 04:12:10,роман.102842@example-shop.ru,social
102843,Дарья,Москва,standard,2025-02-25 10:16:29,дарья.102843@example-shop.ru,organic
102844,Наталья,Нижний Новгород,mass,2025-09-19 19:45:21,наталья.102844@example-shop.ru,context
102845,Наталья,Москва,standard,2026-03-10 06:58:57,наталья.102845@example-shop.ru,marketplace
102846,Наталья,Санкт-Петербург,mass,2025-11-12 02:33:48,наталья.102846@example-shop.ru,email
102847,Ксения,Екатеринбург,premium,2025-08-30 05:42:20,ксения.102847@example-shop.ru,marketplace
102848,Ольга,Санкт-Петербург,mass,2025-12-15 05:00:52,ольга.102848@example-shop.ru,organic
102849,Елена,Москва,mass,2025-01-29 05:31:09,елена.102849@example-shop.ru,marketplace
102850,Ольга,Ростов-на-Дону,mass,2025-07-09 18:44:52,ольга.102850@example-shop.ru,email
102851,Анна,Новосибирск,mass,2026-04-24 11:57:33,анна.102851@example-shop.ru,context
102852,Ольга,Краснодар,standard,2025-07-31 03:13:50,ольга.102852@example-shop.ru,referral
102853,Иван,Нижний Новгород,mass,2026-06-11 00:18:52,иван.102853@example-shop.ru,organic
102854,Мария,Екатеринбург,mass,2025-10-27 14:54:11,мария.102854@example-shop.ru,referral
102855,Роман,Санкт-Петербург,standard,2026-05-24 23:19:55,роман.102855@example-shop.ru,email
102856,Мария,Уфа,mass,2025-12-08 12:46:20,мария.102856@example-shop.ru,social
102857,Виктория,Москва,standard,2025-08-17 06:51:21,виктория.102857@example-shop.ru,organic
102858,Дарья,Москва,standard,2026-05-18 03:20:32,дарья.102858@example-shop.ru,context
102859,Роман,Краснодар,mass,2025-05-28 03:26:26,роман.102859@example-shop.ru,referral
102860,Сергей,Ростов-на-Дону,standard,2025-08-02 18:58:18,сергей.102860@example-shop.ru,referral
102861,Анна,Нижний Новгород,premium,2026-01-29 17:44:41,анна.102861@example-shop.ru,social
102862,Никита,Москва,standard,2026-04-22 16:54:31,никита.102862@example-shop.ru,marketplace
102863,Андрей,Москва,mass,2025-04-16 08:19:36,андрей.102863@example-shop.ru,organic
102864,Михаил,Екатеринбург,mass,2026-06-26 07:17:35,михаил.102864@example-shop.ru,organic
102865,Мария,Ростов-на-Дону,premium,2025-08-23 16:20:55,мария.102865@example-shop.ru,organic
102866,Алексей,Екатеринбург,standard,2025-07-04 18:09:56,алексей.102866@example-shop.ru,email
102867,Максим,Москва,mass,2025-03-12 01:25:27,максим.102867@example-shop.ru,email
102868,Анна,Москва,mass,2025-01-15 20:52:50,анна.102868@example-shop.ru,email
102869,Ксения,Нижний Новгород,standard,2025-10-31 18:43:35,ксения.102869@example-shop.ru,marketplace
102870,Дмитрий,Самара,standard,2025-11-26 09:10:32,дмитрий.102870@example-shop.ru,context
102871,Елена,Москва,premium,2025-02-21 03:38:11,елена.102871@example-shop.ru,context
102872,Полина,Москва,premium,2026-05-08 11:42:41,полина.102872@example-shop.ru,social
102873,Андрей,Санкт-Петербург,mass,2025-10-24 10:06:58,андрей.102873@example-shop.ru,context
102874,Дмитрий,Москва,standard,2025-01-30 02:19:40,дмитрий.102874@example-shop.ru,social
102875,Ольга,Новосибирск,mass,2026-04-04 13:09:21,ольга.102875@example-shop.ru,organic
102876,Артём,Москва,mass,2025-04-18 10:43:11,артём.102876@example-shop.ru,context
102877,Екатерина,Самара,mass,2026-01-02 17:27:55,екатерина.102877@example-shop.ru,context
102878,Никита,Уфа,premium,2026-01-04 12:02:51,никита.102878@example-shop.ru,organic
102879,Ксения,Тюмень,mass,2026-03-18 15:48:45,ксения.102879@example-shop.ru,marketplace
102880,Полина,Омск,mass,2026-03-18 06:15:35,полина.102880@example-shop.ru,organic
102881,Алексей,Санкт-Петербург,mass,2026-06-22 04:07:23,алексей.102881@example-shop.ru,marketplace
102882,Дмитрий,Москва,mass,2025-02-17 05:15:14,дмитрий.102882@example-shop.ru,organic
102883,Виктория,Санкт-Петербург,mass,2025-07-18 20:58:16,виктория.102883@example-shop.ru,email
102884,Алексей,Ростов-на-Дону,mass,2025-07-18 05:41:28,алексей.102884@example-shop.ru,social
102885,Ольга,,mass,2025-07-25 01:06:33,ольга.102885@example-shop.ru,organic
102886,Анна,Санкт-Петербург,mass,2025-05-11 02:42:00,анна.102886@example-shop.ru,organic
102887,Никита,Санкт-Петербург,standard,2025-05-08 11:00:18,никита.102887@example-shop.ru,context
102888,Мария,Москва,standard,2026-06-10 20:35:01,мария.102888@example-shop.ru,email
102889,Иван,Ростов-на-Дону,premium,2026-05-05 21:11:57,иван.102889@example-shop.ru,organic
102890,Анна,Самара,mass,2026-01-07 22:41:32,анна.102890@example-shop.ru,organic
102891,Иван,Новосибирск,mass,2025-10-30 10:59:19,иван.102891@example-shop.ru,referral
102892,Виктория,Пермь,mass,2025-09-17 05:21:05,виктория.102892@example-shop.ru,social
102893,Ольга,Москва,vip,2026-01-07 17:50:30,ольга.102893@example-shop.ru,context
102894,Никита,Москва,mass,2026-04-15 23:34:04,никита.102894@example-shop.ru,organic
102895,Елена,Казань,mass,2025-08-21 07:30:25,елена.102895@example-shop.ru,social
102896,Артём,Самара,premium,2025-10-21 00:37:23,артём.102896@example-shop.ru,organic
102897,Екатерина,Нижний Новгород,premium,2026-05-13 02:32:33,екатерина.102897@example-shop.ru,social
102898,Михаил,Москва,mass,2026-05-12 16:15:00,михаил.102898@example-shop.ru,organic
102899,Дарья,Омск,standard,2025-05-06 07:09:24,дарья.102899@example-shop.ru,marketplace
102900,Дмитрий,Санкт-Петербург,mass,2025-05-11 03:36:49,дмитрий.102900@example-shop.ru,social
102901,Артём,Санкт-Петербург,mass,2025-04-22 08:01:27,артём.102901@example-shop.ru,social
102902,Андрей,Нижний Новгород,mass,2025-01-15 21:35:10,андрей.102902@example-shop.ru,email
102903,Ксения,Омск,vip,2026-01-14 11:24:04,ксения.102903@example-shop.ru,marketplace
102904,Михаил,Самара,mass,2025-08-22 15:53:57,михаил.102904@example-shop.ru,email
102905,Екатерина,Омск,standard,2025-01-18 06:46:20,екатерина.102905@example-shop.ru,social
102906,Ксения,Москва,mass,2025-04-22 07:56:46,ксения.102906@example-shop.ru,email
102907,Михаил,Нижний Новгород,standard,2025-10-18 00:33:41,михаил.102907@example-shop.ru,organic
102908,Никита,Краснодар,standard,2026-04-01 11:21:44,никита.102908@example-shop.ru,email
102909,Иван,Екатеринбург,standard,2025-12-28 07:05:40,иван.102909@example-shop.ru,referral
102910,Максим,Санкт-Петербург,premium,2025-10-18 10:38:26,максим.102910@example-shop.ru,social
102911,Иван,Тюмень,standard,2025-04-12 14:45:15,иван.102911@example-shop.ru,email
102912,Мария,Москва,standard,2025-06-07 07:43:12,мария.102912@example-shop.ru,referral
102913,Наталья,Казань,mass,2026-03-03 03:21:46,наталья.102913@example-shop.ru,referral
102914,Дмитрий,Воронеж,vip,2026-02-26 14:20:47,дмитрий.102914@example-shop.ru,marketplace
102915,Сергей,Пермь,mass,2026-04-19 03:47:06,сергей.102915@example-shop.ru,referral
102916,Сергей,Тюмень,mass,2025-10-15 03:39:38,сергей.102916@example-shop.ru,organic
102917,Михаил,Воронеж,mass,2025-05-29 19:40:26,михаил.102917@example-shop.ru,organic
102918,Никита,Москва,mass,2025-10-02 00:33:16,никита.102918@example-shop.ru,social
102919,Андрей,Пермь,standard,2026-05-04 10:33:04,андрей.102919@example-shop.ru,organic
102920,Ольга,Казань,mass,2025-04-09 12:43:49,ольга.102920@example-shop.ru,referral
102921,Максим,Самара,mass,2026-04-07 13:54:12,максим.102921@example-shop.ru,email
102922,Дарья,Казань,premium,2026-06-27 09:24:54,дарья.102922@example-shop.ru,context
102923,Иван,Краснодар,premium,2026-03-23 19:44:27,иван.102923@example-shop.ru,marketplace
102924,Артём,Новосибирск,mass,2025-12-26 03:57:22,артём.102924@example-shop.ru,referral
102925,Сергей,Краснодар,vip,2025-08-12 00:18:51,сергей.102925@example-shop.ru,marketplace
102926,Анна,Москва,mass,2026-04-11 21:05:28,анна.102926@example-shop.ru,organic
102927,Михаил,Москва,mass,2025-03-29 15:23:32,михаил.102927@example-shop.ru,context
102928,Максим,Екатеринбург,premium,2026-02-19 01:17:56,максим.102928@example-shop.ru,social
102929,Анна,Москва,standard,2025-08-07 21:59:08,анна.102929@example-shop.ru,email
102930,Екатерина,Самара,standard,2025-10-02 02:22:29,екатерина.102930@example-shop.ru,marketplace
102931,Анна,Санкт-Петербург,mass,2025-09-10 10:35:05,анна.102931@example-shop.ru,marketplace
102932,Екатерина,Новосибирск,mass,2025-01-06 07:17:20,екатерина.102932@example-shop.ru,organic
102933,Анна,Москва,mass,2026-06-22 17:28:43,анна.102933@example-shop.ru,context
102934,Сергей,Москва,vip,2025-12-30 08:02:46,сергей.102934@example-shop.ru,referral
102935,Андрей,Нижний Новгород,mass,2025-11-24 00:20:12,андрей.102935@example-shop.ru,organic
102936,Дмитрий,Санкт-Петербург,mass,2025-02-24 21:44:08,дмитрий.102936@example-shop.ru,marketplace
102937,Дарья,Москва,mass,2026-03-01 10:47:54,дарья.102937@example-shop.ru,referral
102938,Роман,Москва,standard,2026-06-08 23:57:45,роман.102938@example-shop.ru,email
102939,Никита,Москва,mass,2026-03-20 23:32:36,никита.102939@example-shop.ru,marketplace
102940,Анна,Нижний Новгород,standard,2025-05-16 20:23:08,анна.102940@example-shop.ru,organic
102941,Роман,Москва,mass,2025-04-09 20:53:06,роман.102941@example-shop.ru,context
102942,Никита,Санкт-Петербург,mass,2025-07-20 04:42:54,никита.102942@example-shop.ru,referral
102943,Дарья,Самара,mass,2025-01-13 07:38:16,дарья.102943@example-shop.ru,email
102944,Анна,Новосибирск,mass,2025-10-28 14:23:50,анна.102944@example-shop.ru,referral
102945,Андрей,Нижний Новгород,standard,2025-09-07 17:42:12,андрей.102945@example-shop.ru,organic
102946,Иван,Санкт-Петербург,standard,2025-10-01 22:11:49,иван.102946@example-shop.ru,social
102947,Виктория,Пермь,mass,2026-06-24 13:03:40,виктория.102947@example-shop.ru,context
102948,Наталья,Казань,mass,2025-12-24 01:20:06,наталья.102948@example-shop.ru,context
102949,Артём,Санкт-Петербург,mass,2025-08-16 04:31:38,артём.102949@example-shop.ru,marketplace
102950,Артём,Пермь,premium,2026-03-03 23:29:41,артём.102950@example-shop.ru,organic
102951,Алексей,Самара,vip,2025-07-21 12:10:11,алексей.102951@example-shop.ru,organic
102952,Артём,Нижний Новгород,standard,2026-02-17 21:58:58,артём.102952@example-shop.ru,context
102953,Никита,Воронеж,mass,2026-05-24 08:21:43,никита.102953@example-shop.ru,email
102954,Сергей,Москва,mass,2026-05-10 21:45:34,сергей.102954@example-shop.ru,organic
102955,Елена,Краснодар,vip,2025-10-10 18:59:37,елена.102955@example-shop.ru,organic
102956,Полина,Самара,mass,2025-09-14 02:30:27,полина.102956@example-shop.ru,context
102957,Мария,Санкт-Петербург,standard,2025-08-05 16:14:31,мария.102957@example-shop.ru,social
102958,Наталья,Санкт-Петербург,premium,2025-10-19 02:58:41,наталья.102958@example-shop.ru,organic
102959,Артём,Москва,standard,2026-05-26 05:30:09,артём.102959@example-shop.ru,email
102960,Наталья,Омск,standard,2026-04-22 08:55:47,наталья.102960@example-shop.ru,email
102961,Никита,Москва,mass,2025-11-27 12:43:37,никита.102961@example-shop.ru,social
102962,Сергей,Санкт-Петербург,premium,2025-06-03 20:53:27,сергей.102962@example-shop.ru,organic
102963,Полина,Самара,mass,2025-07-25 05:01:54,полина.102963@example-shop.ru,social
102964,Мария,Ростов-на-Дону,premium,2025-05-15 00:38:09,мария.102964@example-shop.ru,organic
102965,Роман,Москва,mass,2025-04-12 15:36:17,роман.102965@example-shop.ru,context
102966,Виктория,Краснодар,standard,2025-01-05 23:20:07,виктория.102966@example-shop.ru,email
102967,Дмитрий,Новосибирск,premium,2026-02-26 18:21:26,дмитрий.102967@example-shop.ru,organic
102968,Дмитрий,Краснодар,standard,2026-02-07 11:19:30,дмитрий.102968@example-shop.ru,organic
102969,Роман,Москва,mass,2025-04-08 14:29:02,роман.102969@example-shop.ru,organic
102970,Михаил,Москва,mass,2026-01-10 17:37:13,михаил.102970@example-shop.ru,organic
102971,Михаил,Нижний Новгород,standard,2025-04-01 03:17:19,михаил.102971@example-shop.ru,organic
102972,Мария,Москва,standard,2025-05-31 19:30:06,мария.102972@example-shop.ru,context
102973,Виктория,Новосибирск,mass,2025-05-21 21:46:46,виктория.102973@example-shop.ru,email
102974,Полина,Москва,premium,2025-03-12 19:17:39,полина.102974@example-shop.ru,organic
102975,Алексей,Уфа,premium,2026-02-02 07:44:28,алексей.102975@example-shop.ru,context
102976,Наталья,Воронеж,premium,2025-01-24 04:18:16,наталья.102976@example-shop.ru,marketplace
102977,Наталья,Краснодар,standard,2025-08-09 22:13:03,наталья.102977@example-shop.ru,social
102978,Ксения,Омск,vip,2025-09-23 21:14:47,ксения.102978@example-shop.ru,email
102979,Елена,Пермь,premium,2025-11-11 12:52:47,елена.102979@example-shop.ru,social
102980,Наталья,Екатеринбург,mass,2025-04-16 10:44:53,наталья.102980@example-shop.ru,organic
102981,Роман,Казань,vip,2025-09-14 21:58:40,роман.102981@example-shop.ru,organic
102982,Мария,Воронеж,mass,2026-03-09 09:38:03,мария.102982@example-shop.ru,email
102983,Андрей,Пермь,premium,2025-07-23 23:53:12,андрей.102983@example-shop.ru,email
102984,Андрей,Тюмень,standard,2026-06-02 18:26:28,андрей.102984@example-shop.ru,context
102985,Роман,Уфа,standard,2025-08-23 05:46:01,роман.102985@example-shop.ru,social
102986,Михаил,Москва,mass,2026-02-28 09:19:16,михаил.102986@example-shop.ru,context
102987,Роман,Омск,mass,2025-03-04 05:05:55,роман.102987@example-shop.ru,organic
102988,Дарья,Омск,mass,2026-04-10 02:52:03,дарья.102988@example-shop.ru,organic
102989,Никита,Самара,standard,2025-09-19 10:55:15,никита.102989@example-shop.ru,marketplace
102990,Сергей,Краснодар,premium,2026-06-24 23:33:48,сергей.102990@example-shop.ru,organic
102991,Наталья,Новосибирск,mass,2026-01-17 20:03:31,наталья.102991@example-shop.ru,context
102992,Михаил,Омск,mass,2026-02-08 17:48:02,михаил.102992@example-shop.ru,referral
102993,Анна,Москва,standard,2025-03-22 21:58:22,анна.102993@example-shop.ru,context
102994,Ксения,Воронеж,mass,2025-11-06 04:35:36,ксения.102994@example-shop.ru,marketplace
102995,Дарья,Москва,mass,2026-02-07 05:47:54,дарья.102995@example-shop.ru,organic
102996,Михаил,Санкт-Петербург,mass,2026-03-18 10:56:48,михаил.102996@example-shop.ru,marketplace
102997,Максим,Москва,standard,2025-07-25 02:35:19,максим.102997@example-shop.ru,organic
102998,Максим,Екатеринбург,standard,2025-11-04 07:10:47,максим.102998@example-shop.ru,organic
102999,Сергей,Москва,premium,2025-04-05 11:54:38,сергей.102999@example-shop.ru,social
103000,Екатерина,Омск,mass,2025-08-24 17:17:50,екатерина.103000@example-shop.ru,marketplace
103001,Дарья,Новосибирск,mass,2025-09-17 08:51:08,,context
103002,Екатерина,Воронеж,standard,2025-01-18 17:09:54,екатерина.103002@example-shop.ru,context
103003,Никита,Санкт-Петербург,vip,2026-05-15 13:11:23,никита.103003@example-shop.ru,context
103004,Полина,Москва,mass,2025-12-17 10:11:00,полина.103004@example-shop.ru,organic
103005,Роман,Уфа,premium,2025-04-10 17:47:02,роман.103005@example-shop.ru,email
103006,Ольга,Ростов-на-Дону,standard,2026-05-05 03:32:09,ольга.103006@example-shop.ru,marketplace
103007,Виктория,Новосибирск,premium,2026-01-12 19:45:07,виктория.103007@example-shop.ru,referral
103008,Сергей,Краснодар,mass,2026-01-13 18:25:16,сергей.103008@example-shop.ru,context
103009,Михаил,Краснодар,mass,2026-05-24 10:50:04,михаил.103009@example-shop.ru,social
103010,Андрей,Нижний Новгород,mass,2025-08-09 06:13:59,андрей.103010@example-shop.ru,social
103011,Ольга,Омск,standard,2025-07-13 13:12:48,ольга.103011@example-shop.ru,organic
103012,Артём,Ростов-на-Дону,premium,2025-12-03 05:02:38,артём.103012@example-shop.ru,context
103013,Алексей,Самара,mass,2026-04-30 05:51:53,алексей.103013@example-shop.ru,referral
103014,Роман,Санкт-Петербург,mass,2026-03-20 01:28:00,роман.103014@example-shop.ru,email
103015,Наталья,Москва,mass,2026-03-05 17:23:07,наталья.103015@example-shop.ru,context
103016,Наталья,Москва,standard,2026-02-21 12:15:39,наталья.103016@example-shop.ru,email
103017,Артём,Уфа,premium,2025-01-20 01:42:49,артём.103017@example-shop.ru,email
103018,Дмитрий,Ростов-на-Дону,mass,2025-09-25 16:36:50,дмитрий.103018@example-shop.ru,marketplace
103019,Виктория,Санкт-Петербург,standard,2025-07-13 20:33:49,виктория.103019@example-shop.ru,marketplace
103020,Роман,Нижний Новгород,mass,2025-07-17 02:44:03,роман.103020@example-shop.ru,organic
103021,Максим,Москва,premium,2026-04-12 12:24:43,максим.103021@example-shop.ru,context
103022,Иван,Санкт-Петербург,premium,2025-08-05 06:58:41,иван.103022@example-shop.ru,email
103023,Ольга,Омск,mass,2026-04-02 01:28:37,ольга.103023@example-shop.ru,email
103024,Анна,Казань,standard,2026-05-10 19:27:05,анна.103024@example-shop.ru,organic
103025,Ольга,Москва,premium,2025-09-06 01:08:18,ольга.103025@example-shop.ru,social
103026,Михаил,Екатеринбург,premium,2025-04-03 13:41:09,михаил.103026@example-shop.ru,marketplace
103027,Иван,Казань,standard,2026-01-16 15:26:13,иван.103027@example-shop.ru,organic
103028,Роман,Ростов-на-Дону,mass,2026-04-16 07:46:23,роман.103028@example-shop.ru,context
103029,Дмитрий,Омск,standard,2025-08-10 07:33:35,дмитрий.103029@example-shop.ru,context
103030,Ксения,Нижний Новгород,standard,2025-04-17 10:18:39,ксения.103030@example-shop.ru,context
103031,Роман,Нижний Новгород,mass,2025-10-11 16:57:49,роман.103031@example-shop.ru,social
103032,Елена,Санкт-Петербург,vip,2026-06-19 14:02:16,елена.103032@example-shop.ru,organic
103033,Виктория,Новосибирск,mass,2025-10-09 19:18:30,виктория.103033@example-shop.ru,email
103034,Иван,Санкт-Петербург,premium,2025-09-02 08:19:32,иван.103034@example-shop.ru,organic
103035,Мария,Москва,mass,2025-08-28 18:39:22,мария.103035@example-shop.ru,email
103036,Полина,Воронеж,mass,2026-02-04 17:16:13,полина.103036@example-shop.ru,organic
103037,Андрей,Казань,mass,2025-07-05 19:54:03,андрей.103037@example-shop.ru,email
103038,Анна,Екатеринбург,standard,2026-02-02 12:13:03,анна.103038@example-shop.ru,context
103039,Елена,Москва,premium,2026-06-22 15:51:44,елена.103039@example-shop.ru,referral
103040,Анна,Краснодар,mass,2026-02-26 00:42:22,анна.103040@example-shop.ru,organic
103041,Ольга,Москва,mass,2026-05-22 02:45:10,ольга.103041@example-shop.ru,social
103042,Елена,Казань,premium,2026-03-07 05:17:52,елена.103042@example-shop.ru,context
103043,Максим,Краснодар,standard,2026-04-05 19:00:58,максим.103043@example-shop.ru,organic
103044,Артём,Екатеринбург,mass,2025-01-22 07:05:50,артём.103044@example-shop.ru,referral
103045,Анна,Пермь,premium,2025-07-12 08:52:21,анна.103045@example-shop.ru,organic
103046,Ксения,Москва,mass,2025-05-29 23:12:48,ксения.103046@example-shop.ru,marketplace
103047,Роман,Ростов-на-Дону,mass,2026-04-16 10:43:52,роман.103047@example-shop.ru,social
103048,Дарья,Тюмень,mass,2025-05-06 04:36:00,дарья.103048@example-shop.ru,organic
103049,Анна,Новосибирск,standard,2026-06-12 10:35:19,анна.103049@example-shop.ru,marketplace
103050,Роман,Самара,mass,2026-01-16 17:35:57,роман.103050@example-shop.ru,organic
103051,Андрей,Казань,premium,2025-03-09 13:17:14,андрей.103051@example-shop.ru,email
103052,Анна,Ростов-на-Дону,mass,2026-01-08 09:47:32,анна.103052@example-shop.ru,context
103053,Дарья,Пермь,vip,2025-07-06 17:21:22,дарья.103053@example-shop.ru,social
103054,Ольга,Ростов-на-Дону,mass,2025-06-11 21:11:52,ольга.103054@example-shop.ru,email
103055,Дарья,Пермь,mass,2026-06-26 18:19:55,дарья.103055@example-shop.ru,organic
103056,Наталья,Нижний Новгород,mass,2026-03-09 11:31:42,наталья.103056@example-shop.ru,referral
103057,Андрей,Новосибирск,mass,2026-02-21 00:47:09,андрей.103057@example-shop.ru,organic
103058,Иван,,mass,2025-06-19 19:59:49,иван.103058@example-shop.ru,referral
103059,Ольга,Ростов-на-Дону,premium,2025-12-28 02:14:27,ольга.103059@example-shop.ru,organic
103060,Елена,Воронеж,standard,2025-07-06 21:35:33,ЕЛЕНА.103060@EXAMPLE-SHOP.RU,organic
103061,Дмитрий,Самара,standard,2025-11-25 15:05:53,дмитрий.103061@example-shop.ru,organic
103062,Максим,Москва,mass,2025-08-06 08:58:09,максим.103062@example-shop.ru,social
103063,Ольга,Новосибирск,premium,2025-11-29 04:37:58,ольга.103063@example-shop.ru,marketplace
103064,Иван,Ростов-на-Дону,mass,2026-02-10 19:14:00,иван.103064@example-shop.ru,marketplace
103065,Роман,Пермь,standard,2025-06-21 18:03:50,роман.103065@example-shop.ru,referral
103066,Виктория,Москва,standard,2025-01-07 10:03:19,виктория.103066@example-shop.ru,email
103067,Андрей,Москва,mass,2025-02-22 18:12:13,андрей.103067@example-shop.ru,marketplace
103068,Роман,Казань,mass,2026-05-10 00:33:55,роман.103068@example-shop.ru,social
103069,Иван,Москва,premium,2026-06-07 20:52:55,иван.103069@example-shop.ru,organic
103070,Мария,Тюмень,mass,2026-01-13 04:04:42,мария.103070@example-shop.ru,referral
103071,Сергей,Казань,standard,2025-02-28 08:11:28,сергей.103071@example-shop.ru,organic
103072,Наталья,Новосибирск,premium,2025-11-16 16:42:24,наталья.103072@example-shop.ru,email
103073,Дмитрий,Москва,mass,2025-08-24 16:27:56,дмитрий.103073@example-shop.ru,context
103074,Дарья,Екатеринбург,mass,2025-05-10 08:17:52,дарья.103074@example-shop.ru,organic
103075,Виктория,Тюмень,mass,2025-07-26 16:56:56,виктория.103075@example-shop.ru,email
103076,Роман,Екатеринбург,standard,2026-03-05 02:30:51,роман.103076@example-shop.ru,organic
103077,Иван,Москва,mass,2026-06-28 00:29:07,иван.103077@example-shop.ru,marketplace
103078,Андрей,Москва,mass,2026-04-21 16:04:08,андрей.103078@example-shop.ru,marketplace
103079,Дмитрий,Тюмень,mass,2025-04-22 01:50:51,дмитрий.103079@example-shop.ru,social
103080,Сергей,Тюмень,vip,2025-10-01 08:13:51,сергей.103080@example-shop.ru,referral
103081,Сергей,Москва,premium,2025-10-15 20:45:13,сергей.103081@example-shop.ru,organic
103082,Андрей,Нижний Новгород,standard,2025-06-09 09:23:15,андрей.103082@example-shop.ru,context
103083,Елена,Москва,vip,2025-08-26 02:41:45,елена.103083@example-shop.ru,marketplace
103084,Дмитрий,Новосибирск,standard,2025-07-27 09:38:16,дмитрий.103084@example-shop.ru,organic
103085,Максим,Москва,premium,2025-02-07 22:08:30,максим.103085@example-shop.ru,context
103086,Ольга,Краснодар,mass,2025-08-15 20:33:47,ольга.103086@example-shop.ru,context
103087,Анна,Пермь,mass,2025-07-18 11:12:12,анна.103087@example-shop.ru,referral
103088,Анна,Москва,premium,2025-06-16 17:22:23,анна.103088@example-shop.ru,referral
103089,Дмитрий,Екатеринбург,mass,2025-12-01 12:05:41,дмитрий.103089@example-shop.ru,organic
103090,Наталья,Москва,mass,2026-01-24 03:25:32,наталья.103090@example-shop.ru,organic
103091,Максим,Санкт-Петербург,standard,2025-01-26 13:59:19,максим.103091@example-shop.ru,email
103092,Ольга,Москва,standard,2025-07-06 11:38:23,ольга.103092@example-shop.ru,organic
103093,Роман,Санкт-Петербург,mass,2025-01-17 19:43:01,роман.103093@example-shop.ru,context
103094,Дмитрий,Тюмень,mass,2026-03-24 13:31:15,дмитрий.103094@example-shop.ru,organic
103095,Никита,Москва,mass,2026-05-21 07:50:55,никита.103095@example-shop.ru,email
103096,Дарья,Краснодар,mass,2025-09-10 17:04:43,дарья.103096@example-shop.ru,organic
103097,Анна,Москва,mass,2026-05-31 00:46:59,анна.103097@example-shop.ru,context
103098,Максим,Новосибирск,mass,2025-12-09 18:47:56,максим.103098@example-shop.ru,social
103099,Анна,Екатеринбург,standard,2026-04-19 14:56:50,анна.103099@example-shop.ru,organic
103100,Елена,Пермь,mass,2026-06-01 15:12:58,елена.103100@example-shop.ru,marketplace
103101,Ольга,Москва,mass,2025-11-16 22:25:43,ольга.103101@example-shop.ru,email
103102,Иван,Москва,standard,2025-09-01 02:22:55,иван.103102@example-shop.ru,social
103103,Алексей,Ростов-на-Дону,mass,2026-02-09 08:42:59,алексей.103103@example-shop.ru,context
103104,Сергей,Ростов-на-Дону,mass,2025-04-03 20:07:42,сергей.103104@example-shop.ru,organic
103105,Роман,Самара,mass,2025-06-11 16:19:38,роман.103105@example-shop.ru,social
103106,Максим,Москва,standard,2025-10-27 16:59:02,максим.103106@example-shop.ru,organic
103107,Ксения,Санкт-Петербург,mass,2025-04-20 17:34:39,ксения.103107@example-shop.ru,social
103108,Ольга,Краснодар,mass,2025-09-28 16:30:57,ольга.103108@example-shop.ru,organic
103109,Никита,Нижний Новгород,standard,2026-04-12 10:53:28,никита.103109@example-shop.ru,referral
103110,Дмитрий,Нижний Новгород,premium,2026-03-03 12:11:22,дмитрий.103110@example-shop.ru,context
103111,Артём,Санкт-Петербург,standard,2026-05-01 18:00:26,артём.103111@example-shop.ru,social
103112,Дарья,Санкт-Петербург,premium,2026-04-14 19:24:32,дарья.103112@example-shop.ru,organic
103113,Мария,Омск,standard,2025-07-01 03:26:03,мария.103113@example-shop.ru,organic
103114,Никита,Ростов-на-Дону,mass,2026-01-24 09:03:59,никита.103114@example-shop.ru,context
103115,Ольга,Москва,mass,2025-07-22 18:05:15,ольга.103115@example-shop.ru,context
103116,Наталья,Пермь,mass,2026-06-14 10:37:39,наталья.103116@example-shop.ru,marketplace
103117,Михаил,Нижний Новгород,mass,2025-04-07 07:58:56,михаил.103117@example-shop.ru,context
103118,Михаил,Санкт-Петербург,mass,2025-05-27 17:03:59,михаил.103118@example-shop.ru,organic
103119,Алексей,Казань,mass,2026-05-29 03:54:38,алексей.103119@example-shop.ru,social
103120,Ксения,Ростов-на-Дону,standard,2025-05-11 08:40:40,ксения.103120@example-shop.ru,context
103121,Михаил,Казань,standard,2025-12-04 14:13:47,михаил.103121@example-shop.ru,marketplace
103122,Полина,Новосибирск,mass,2025-06-08 18:01:53,полина.103122@example-shop.ru,organic
103123,Наталья,,mass,2025-06-05 01:01:47,наталья.103123@example-shop.ru,email
103124,Михаил,Москва,mass,2026-01-01 15:28:02,михаил.103124@example-shop.ru,referral
103125,Сергей,Омск,mass,2026-03-10 04:47:06,сергей.103125@example-shop.ru,organic
103126,Ксения,Санкт-Петербург,mass,2025-05-07 17:38:11,ксения.103126@example-shop.ru,context
103127,Андрей,Казань,mass,2026-06-20 16:01:12,андрей.103127@example-shop.ru,social
103128,Никита,Самара,mass,2025-02-18 04:29:59,никита.103128@example-shop.ru,social
103129,Артём,Нижний Новгород,vip,2025-02-24 12:44:29,артём.103129@example-shop.ru,context
103130,Дарья,Екатеринбург,mass,2026-06-17 20:36:22,дарья.103130@example-shop.ru,social
103131,Ольга,Самара,standard,2025-01-31 04:57:04,ольга.103131@example-shop.ru,referral
103132,Наталья,Пермь,mass,2025-06-21 11:06:31,наталья.103132@example-shop.ru,social
103133,Дарья,Уфа,mass,2025-03-08 00:40:31,дарья.103133@example-shop.ru,social
103134,Мария,Краснодар,mass,2025-05-02 04:55:20,мария.103134@example-shop.ru,email
103135,Роман,Санкт-Петербург,vip,2025-02-10 07:56:01,роман.103135@example-shop.ru,social
103136,Алексей,Казань,mass,2025-07-15 12:26:13,алексей.103136@example-shop.ru,context
103137,Виктория,Новосибирск,mass,2025-06-11 03:16:31,виктория.103137@example-shop.ru,organic
103138,Наталья,Москва,vip,2025-03-28 08:12:03,наталья.103138@example-shop.ru,organic
103139,Наталья,Уфа,mass,2026-01-27 16:19:26,наталья.103139@example-shop.ru,context
103140,Наталья,Санкт-Петербург,mass,2025-01-20 11:50:34,наталья.103140@example-shop.ru,context
103141,Наталья,Санкт-Петербург,standard,2025-09-16 11:42:05,наталья.103141@example-shop.ru,email
103142,Сергей,Санкт-Петербург,mass,2025-06-16 10:25:01,сергей.103142@example-shop.ru,organic
103143,Наталья,Санкт-Петербург,premium,2025-12-21 09:23:58,наталья.103143@example-shop.ru,referral
103144,Виктория,Санкт-Петербург,mass,2025-07-04 03:14:49,виктория.103144@example-shop.ru,organic
103145,Дарья,Нижний Новгород,standard,2025-09-15 14:38:28,дарья.103145@example-shop.ru,organic
103146,Виктория,Нижний Новгород,mass,2026-03-19 00:05:32,виктория.103146@example-shop.ru,context
103147,Михаил,Санкт-Петербург,standard,2025-03-20 16:51:40,михаил.103147@example-shop.ru,context
103148,Андрей,Москва,premium,2025-08-26 10:07:44,андрей.103148@example-shop.ru,organic
103149,Полина,Краснодар,premium,2025-11-03 08:58:00,полина.103149@example-shop.ru,organic
103150,Иван,Москва,premium,2026-02-06 12:43:11,иван.103150@example-shop.ru,social
103151,Роман,Новосибирск,standard,2025-10-20 10:25:41,роман.103151@example-shop.ru,context
103152,Дмитрий,Новосибирск,mass,2026-02-05 23:07:15,дмитрий.103152@example-shop.ru,context
103153,Анна,Новосибирск,mass,2026-03-10 17:56:56,анна.103153@example-shop.ru,context
103154,Дарья,Воронеж,mass,2026-03-07 00:00:58,дарья.103154@example-shop.ru,context
103155,Мария,Нижний Новгород,mass,2025-12-02 10:02:00,мария.103155@example-shop.ru,organic
103156,Андрей,Тюмень,mass,2026-05-16 14:05:46,андрей.103156@example-shop.ru,organic
103157,Дарья,Воронеж,standard,2025-01-13 08:45:58,дарья.103157@example-shop.ru,social
103158,Полина,Москва,standard,2025-09-29 18:05:52,полина.103158@example-shop.ru,social
103159,Екатерина,Москва,vip,2026-03-14 02:49:48,екатерина.103159@example-shop.ru,marketplace
103160,Ксения,Санкт-Петербург,mass,2025-02-26 15:42:32,ксения.103160@example-shop.ru,email
103161,Иван,Казань,standard,2026-03-22 22:00:47,иван.103161@example-shop.ru,organic
103162,Ксения,Новосибирск,standard,2025-01-22 01:42:40,ксения.103162@example-shop.ru,organic
103163,Анна,Москва,vip,2026-03-05 15:46:25,анна.103163@example-shop.ru,marketplace
103164,Максим,Москва,standard,2025-04-12 20:46:36,максим.103164@example-shop.ru,context
103165,Иван,Казань,mass,2025-12-30 19:10:41,иван.103165@example-shop.ru,context
103166,Сергей,Самара,mass,2026-03-28 22:05:18,сергей.103166@example-shop.ru,referral
103167,Роман,Самара,vip,2026-03-20 17:44:46,роман.103167@example-shop.ru,social
103168,Елена,Тюмень,standard,2025-11-10 00:29:29,елена.103168@example-shop.ru,organic
103169,Андрей,Москва,standard,2026-05-11 02:01:58,андрей.103169@example-shop.ru,organic
103170,Михаил,Казань,standard,2025-03-18 08:44:47,михаил.103170@example-shop.ru,organic
103171,Михаил,Омск,standard,2025-05-09 21:11:45,михаил.103171@example-shop.ru,organic
103172,Никита,Самара,standard,2025-03-14 06:52:55,никита.103172@example-shop.ru,organic
103173,Сергей,Нижний Новгород,premium,2026-01-28 01:40:26,сергей.103173@example-shop.ru,social
103174,Максим,Новосибирск,premium,2026-05-01 20:51:30,максим.103174@example-shop.ru,context
103175,Полина,Москва,mass,2026-05-23 01:53:48,полина.103175@example-shop.ru,organic
103176,Виктория,Воронеж,mass,2025-10-11 09:59:49,виктория.103176@example-shop.ru,organic
103177,Михаил,Нижний Новгород,mass,2025-03-13 23:09:55,михаил.103177@example-shop.ru,marketplace
103178,Елена,Новосибирск,mass,2025-04-04 16:25:16,елена.103178@example-shop.ru,organic
103179,Дмитрий,,premium,2025-12-08 08:23:00,дмитрий.103179@example-shop.ru,organic
103180,Анна,Казань,premium,2026-05-04 17:27:31,анна.103180@example-shop.ru,social
103181,Дмитрий,Санкт-Петербург,mass,2026-06-23 10:51:59,дмитрий.103181@example-shop.ru,organic
103182,Анна,Ростов-на-Дону,mass,2026-01-28 19:06:41,анна.103182@example-shop.ru,organic
103183,Роман,Екатеринбург,mass,2026-04-26 01:15:12,роман.103183@example-shop.ru,organic
103184,Мария,Москва,premium,2025-09-18 09:12:53,мария.103184@example-shop.ru,marketplace
103185,Михаил,Казань,standard,2025-04-17 20:56:29,михаил.103185@example-shop.ru,social
103186,Никита,Пермь,mass,2025-09-11 11:03:21,никита.103186@example-shop.ru,social
103187,Дарья,Казань,mass,2025-02-24 04:26:17,дарья.103187@example-shop.ru,marketplace
103188,Сергей,Казань,standard,2026-01-02 14:17:07,сергей.103188@example-shop.ru,social
103189,Мария,Нижний Новгород,mass,2025-06-29 13:20:21,мария.103189@example-shop.ru,organic
103190,Андрей,Уфа,premium,2025-07-04 09:05:03,андрей.103190@example-shop.ru,context
103191,Алексей,Самара,premium,2025-01-02 15:22:54,алексей.103191@example-shop.ru,context
103192,Екатерина,Краснодар,mass,2026-06-29 22:49:29,екатерина.103192@example-shop.ru,context
103193,Екатерина,Москва,mass,2025-08-21 22:16:45,екатерина.103193@example-shop.ru,email
103194,Анна,Пермь,mass,2026-03-04 13:58:25,анна.103194@example-shop.ru,organic
103195,Роман,Пермь,mass,2025-10-11 04:03:43,роман.103195@example-shop.ru,organic
103196,Анна,Новосибирск,mass,2025-12-16 07:45:17,анна.103196@example-shop.ru,context
103197,Дмитрий,Нижний Новгород,mass,2025-09-13 00:26:20,дмитрий.103197@example-shop.ru,organic
103198,Андрей,Москва,mass,2026-01-10 15:52:40,андрей.103198@example-shop.ru,marketplace
103199,Полина,Екатеринбург,premium,2025-04-19 21:42:28,полина.103199@example-shop.ru,social
103200,Елена,Москва,mass,2026-06-27 20:46:37,елена.103200@example-shop.ru,organic
103201,Никита,Москва,standard,2025-08-22 04:17:09,никита.103201@example-shop.ru,social
103202,Никита,Тюмень,mass,2025-01-06 21:01:26,никита.103202@example-shop.ru,email
103203,Дарья,Санкт-Петербург,mass,2026-06-04 02:52:13,дарья.103203@example-shop.ru,context
103204,Иван,Нижний Новгород,mass,2025-01-13 10:32:48,иван.103204@example-shop.ru,social
103205,Елена,Санкт-Петербург,mass,2025-09-15 09:40:40,елена.103205@example-shop.ru,referral
103206,Екатерина,Казань,mass,2026-03-04 20:09:52,екатерина.103206@example-shop.ru,organic
103207,Полина,Казань,premium,2025-07-21 21:41:42,полина.103207@example-shop.ru,social
103208,Андрей,Санкт-Петербург,premium,2025-04-25 02:50:48,андрей.103208@example-shop.ru,social
103209,Сергей,Нижний Новгород,mass,2025-05-12 01:48:39,сергей.103209@example-shop.ru,email
103210,Дмитрий,Омск,mass,2026-01-09 09:58:43,дмитрий.103210@example-shop.ru,marketplace
103211,Полина,Казань,mass,2025-11-09 16:57:49,полина.103211@example-shop.ru,marketplace
103212,Елена,Тюмень,standard,2025-10-02 07:41:34,елена.103212@example-shop.ru,organic
103213,Максим,Самара,mass,2025-10-08 06:31:46,максим.103213@example-shop.ru,email
103214,Полина,Нижний Новгород,mass,2025-06-23 16:12:18,полина.103214@example-shop.ru,referral
103215,Виктория,Москва,premium,2026-05-25 14:46:41,виктория.103215@example-shop.ru,context
103216,Елена,Москва,premium,2025-05-07 01:55:38,елена.103216@example-shop.ru,marketplace
103217,Алексей,Краснодар,standard,2026-04-02 11:01:20,алексей.103217@example-shop.ru,email
103218,Сергей,Новосибирск,mass,2026-02-28 07:50:10,сергей.103218@example-shop.ru,email
103219,Полина,Казань,mass,2025-01-04 15:53:32,полина.103219@example-shop.ru,organic
103220,Сергей,Краснодар,mass,2025-04-04 04:26:36,сергей.103220@example-shop.ru,organic
103221,Екатерина,Санкт-Петербург,standard,2025-10-28 23:48:43,екатерина.103221@example-shop.ru,marketplace
103222,Елена,Уфа,standard,2025-03-28 12:04:14,елена.103222@example-shop.ru,marketplace
103223,Дарья,Санкт-Петербург,mass,2026-04-10 14:55:41,дарья.103223@example-shop.ru,organic
103224,Дарья,Пермь,premium,2025-08-29 20:28:42,дарья.103224@example-shop.ru,organic
103225,Михаил,Санкт-Петербург,mass,2026-04-02 01:50:36,михаил.103225@example-shop.ru,social
103226,Дарья,Москва,standard,2025-03-07 00:08:25,дарья.103226@example-shop.ru,organic
103227,Виктория,Самара,mass,2025-01-14 02:01:02,виктория.103227@example-shop.ru,social
103228,Ольга,Москва,mass,2025-12-16 14:58:30,ольга.103228@example-shop.ru,marketplace
103229,Роман,Омск,mass,2026-03-14 03:04:56,роман.103229@example-shop.ru,context
103230,Андрей,Самара,standard,2026-06-25 14:58:40,андрей.103230@example-shop.ru,referral
103231,Андрей,Москва,mass,2026-03-06 05:24:40,андрей.103231@example-shop.ru,social
103232,Дмитрий,Москва,mass,2026-02-12 14:42:21,дмитрий.103232@example-shop.ru,context
103233,Екатерина,Пермь,standard,2025-02-01 14:05:02,екатерина.103233@example-shop.ru,context
103234,Алексей,Нижний Новгород,standard,2025-11-25 18:18:47,алексей.103234@example-shop.ru,social
103235,Виктория,Воронеж,standard,2026-01-24 21:58:25,виктория.103235@example-shop.ru,email
103236,Виктория,Москва,standard,2025-08-04 01:52:17,виктория.103236@example-shop.ru,social
103237,Ольга,Пермь,standard,2026-06-29 13:15:18,ольга.103237@example-shop.ru,marketplace
103238,Полина,Новосибирск,standard,2026-06-23 10:54:17,полина.103238@example-shop.ru,organic
103239,Ксения,Самара,mass,2026-04-12 13:14:16,ксения.103239@example-shop.ru,marketplace
103240,Алексей,Казань,mass,2026-04-25 13:39:27,алексей.103240@example-shop.ru,social
103241,Дмитрий,Москва,mass,2025-11-06 13:49:01,дмитрий.103241@example-shop.ru,context
103242,Дмитрий,Омск,mass,2026-03-24 05:19:39,дмитрий.103242@example-shop.ru,organic
103243,Ксения,Тюмень,mass,2025-02-08 19:53:26,ксения.103243@example-shop.ru,context
103244,Артём,Санкт-Петербург,mass,2025-05-06 08:29:14,артём.103244@example-shop.ru,context
103245,Роман,Омск,mass,2025-12-28 20:29:52,роман.103245@example-shop.ru,marketplace
103246,Андрей,Москва,standard,2025-03-09 08:26:07,андрей.103246@example-shop.ru,email
103247,Дарья,Москва,standard,2026-03-20 01:32:14,дарья.103247@example-shop.ru,organic
103248,Мария,Москва,standard,2025-04-07 23:28:09,мария.103248@example-shop.ru,context
103249,Иван,Казань,premium,2025-07-10 07:39:41,иван.103249@example-shop.ru,social
103250,Ольга,Москва,mass,2025-05-21 23:39:12,ольга.103250@example-shop.ru,email
103251,Максим,Казань,mass,2025-10-22 23:15:23,максим.103251@example-shop.ru,email
103252,Роман,Москва,mass,2025-02-14 12:37:14,роман.103252@example-shop.ru,organic
103253,Анна,Ростов-на-Дону,mass,2026-03-19 15:28:22,анна.103253@example-shop.ru,organic
103254,Ольга,Краснодар,mass,2026-04-30 04:33:50,ольга.103254@example-shop.ru,organic
103255,Дмитрий,Самара,premium,2026-02-12 03:27:25,дмитрий.103255@example-shop.ru,social
103256,Анна,Москва,mass,2025-04-11 22:25:48,анна.103256@example-shop.ru,organic
103257,Анна,Уфа,mass,2025-06-08 08:36:37,анна.103257@example-shop.ru,organic
103258,Анна,Москва,mass,2025-05-04 12:03:12,анна.103258@example-shop.ru,email
103259,Виктория,Ростов-на-Дону,mass,2025-11-25 03:16:58,виктория.103259@example-shop.ru,context
103260,Сергей,Новосибирск,standard,2026-04-30 01:06:40,сергей.103260@example-shop.ru,marketplace
103261,Сергей,Санкт-Петербург,standard,2026-04-25 04:08:34,сергей.103261@example-shop.ru,email
103262,Наталья,Москва,standard,2026-06-07 04:30:47,наталья.103262@example-shop.ru,organic
103263,Роман,Краснодар,standard,2026-01-11 19:04:29,роман.103263@example-shop.ru,organic
103264,Ксения,Пермь,mass,2025-05-01 20:53:49,ксения.103264@example-shop.ru,social
103265,Артём,Самара,mass,2025-08-06 00:01:17,артём.103265@example-shop.ru,referral
103266,Михаил,Омск,standard,2025-06-10 07:55:40,михаил.103266@example-shop.ru,context
103267,Роман,Пермь,mass,2025-02-04 16:01:43,роман.103267@example-shop.ru,marketplace
103268,Екатерина,Москва,mass,2026-03-13 01:20:45,екатерина.103268@example-shop.ru,email
103269,Иван,Ростов-на-Дону,mass,2025-11-12 01:16:38,иван.103269@example-shop.ru,social
103270,Полина,Санкт-Петербург,standard,2026-06-13 19:03:05,полина.103270@example-shop.ru,organic
103271,Анна,Екатеринбург,mass,2026-04-04 11:30:50,анна.103271@example-shop.ru,context
103272,Сергей,Москва,vip,2025-12-21 01:45:48,сергей.103272@example-shop.ru,social
103273,Екатерина,Тюмень,mass,2025-01-24 19:49:49,екатерина.103273@example-shop.ru,organic
103274,Сергей,Ростов-на-Дону,mass,2025-08-30 05:00:27,сергей.103274@example-shop.ru,email
103275,Дмитрий,Санкт-Петербург,mass,2025-09-16 19:35:20,,context
103276,Никита,Казань,mass,2026-01-03 15:30:01,,organic
103277,Мария,Казань,mass,2025-11-06 00:26:11,мария.103277@example-shop.ru,email
103278,Дмитрий,Ростов-на-Дону,standard,2026-03-02 06:06:29,дмитрий.103278@example-shop.ru,social
103279,Полина,Пермь,mass,2025-01-13 00:30:14,полина.103279@example-shop.ru,organic
103280,Роман,Санкт-Петербург,mass,2025-03-03 09:32:21,роман.103280@example-shop.ru,social
103281,Мария,Екатеринбург,mass,2026-06-04 05:13:13,мария.103281@example-shop.ru,referral
103282,Дарья,Нижний Новгород,mass,2025-08-26 05:42:08,дарья.103282@example-shop.ru,context
103283,Полина,Казань,premium,2026-03-25 08:48:53,полина.103283@example-shop.ru,context
103284,Мария,Екатеринбург,mass,2026-04-13 05:30:39,мария.103284@example-shop.ru,referral
103285,Сергей,Москва,standard,2025-03-07 17:27:44,,referral
103286,Наталья,Москва,mass,2026-01-20 10:57:17,наталья.103286@example-shop.ru,organic
103287,Иван,Казань,mass,2025-04-05 18:20:20,иван.103287@example-shop.ru,organic
103288,Дмитрий,Пермь,standard,2025-03-25 19:22:04,дмитрий.103288@example-shop.ru,social
103289,Анна,Санкт-Петербург,mass,2025-05-14 03:17:10,анна.103289@example-shop.ru,organic
103290,Анна,Москва,premium,2026-02-16 14:11:18,анна.103290@example-shop.ru,marketplace
103291,Сергей,Ростов-на-Дону,mass,2025-02-20 18:25:07,сергей.103291@example-shop.ru,organic
103292,Наталья,Омск,mass,2025-12-30 18:07:47,наталья.103292@example-shop.ru,referral
103293,Дмитрий,Екатеринбург,premium,2025-07-27 19:14:42,дмитрий.103293@example-shop.ru,marketplace
103294,Елена,Москва,mass,2025-05-25 05:36:21,елена.103294@example-shop.ru,context
103295,Анна,Самара,vip,2025-05-11 17:38:41,анна.103295@example-shop.ru,social
103296,Дарья,Казань,premium,2025-07-07 11:33:27,дарья.103296@example-shop.ru,organic
103297,Дмитрий,Самара,mass,2025-07-10 06:14:44,дмитрий.103297@example-shop.ru,social
103298,Никита,Санкт-Петербург,mass,2025-06-21 08:26:13,никита.103298@example-shop.ru,marketplace
103299,Артём,Москва,standard,2025-10-10 10:17:48,артём.103299@example-shop.ru,marketplace
103300,Андрей,Санкт-Петербург,mass,2026-06-26 07:41:27,андрей.103300@example-shop.ru,context
103301,Михаил,Ростов-на-Дону,standard,2025-09-04 01:58:05,михаил.103301@example-shop.ru,email
103302,Елена,Казань,mass,2025-04-11 03:04:32,елена.103302@example-shop.ru,email
103303,Михаил,Москва,mass,2025-11-30 08:14:58,михаил.103303@example-shop.ru,context
103304,Елена,Екатеринбург,mass,2026-03-29 00:45:07,,email
103305,Иван,Ростов-на-Дону,standard,2025-11-23 19:48:02,иван.103305@example-shop.ru,organic
103306,Елена,Москва,standard,2025-10-17 04:42:40,елена.103306@example-shop.ru,marketplace
103307,Елена,Самара,standard,2025-12-31 14:47:47,елена.103307@example-shop.ru,email
103308,Иван,Самара,mass,2026-04-25 21:13:25,иван.103308@example-shop.ru,social
103309,Алексей,Казань,mass,2025-02-11 17:22:55,алексей.103309@example-shop.ru,context
103310,Никита,Тюмень,mass,2026-06-20 02:44:37,никита.103310@example-shop.ru,marketplace
103311,Артём,Воронеж,mass,2026-05-02 18:59:25,артём.103311@example-shop.ru,organic
103312,Сергей,Санкт-Петербург,mass,2026-06-08 18:58:00,сергей.103312@example-shop.ru,social
103313,Никита,Москва,standard,2025-09-29 13:20:44,никита.103313@example-shop.ru,social
103314,Дмитрий,Санкт-Петербург,mass,2026-04-11 13:37:47,дмитрий.103314@example-shop.ru,context
103315,Сергей,Москва,mass,2025-02-14 14:09:56,сергей.103315@example-shop.ru,organic
103316,Андрей,Новосибирск,standard,2025-08-14 09:31:28,андрей.103316@example-shop.ru,organic
103317,Михаил,Пермь,mass,2026-04-25 08:39:01,михаил.103317@example-shop.ru,marketplace
103318,Ольга,Воронеж,vip,2025-05-28 20:14:13,ольга.103318@example-shop.ru,email
103319,Елена,Санкт-Петербург,mass,2026-02-21 03:23:14,елена.103319@example-shop.ru,email
103320,Алексей,Казань,mass,2025-06-24 03:01:33,алексей.103320@example-shop.ru,social
103321,Мария,Москва,premium,2025-11-18 02:06:17,мария.103321@example-shop.ru,referral
103322,Анна,Новосибирск,standard,2025-12-22 23:02:43,анна.103322@example-shop.ru,social
103323,Дарья,Москва,standard,2026-04-24 11:04:13,дарья.103323@example-shop.ru,referral
103324,Михаил,Пермь,mass,2025-07-06 07:32:09,михаил.103324@example-shop.ru,email
103325,Сергей,Воронеж,mass,2026-03-06 04:29:53,сергей.103325@example-shop.ru,organic
103326,Дарья,Москва,standard,2025-08-26 00:20:36,дарья.103326@example-shop.ru,marketplace
103327,Анна,Самара,mass,2025-08-03 09:13:41,анна.103327@example-shop.ru,marketplace
103328,Дмитрий,Новосибирск,standard,2025-02-13 10:57:07,дмитрий.103328@example-shop.ru,context
103329,Ольга,Уфа,mass,2025-02-11 14:22:02,ольга.103329@example-shop.ru,marketplace
103330,Никита,Екатеринбург,mass,2026-02-25 04:49:55,никита.103330@example-shop.ru,marketplace
103331,Михаил,Москва,mass,2025-02-27 00:16:42,михаил.103331@example-shop.ru,organic
103332,Ксения,Нижний Новгород,standard,2025-03-02 18:01:09,ксения.103332@example-shop.ru,organic
103333,Дмитрий,Москва,mass,2025-04-12 00:40:24,дмитрий.103333@example-shop.ru,referral
103334,Андрей,Нижний Новгород,vip,2025-07-03 16:18:26,андрей.103334@example-shop.ru,email
103335,Мария,Москва,mass,2025-03-30 16:44:19,мария.103335@example-shop.ru,organic
103336,Дмитрий,Самара,mass,2025-11-18 18:52:34,дмитрий.103336@example-shop.ru,social
103337,Артём,Краснодар,mass,2026-03-25 00:50:58,артём.103337@example-shop.ru,social
103338,Мария,Москва,standard,2025-10-17 11:46:01,мария.103338@example-shop.ru,context
103339,Ксения,Казань,standard,2025-12-29 11:29:33,ксения.103339@example-shop.ru,organic
103340,Ксения,Ростов-на-Дону,mass,2026-05-02 18:08:51,ксения.103340@example-shop.ru,organic
103341,Артём,Москва,mass,2026-05-03 12:15:49,артём.103341@example-shop.ru,email
103342,Максим,Новосибирск,standard,2025-12-25 23:38:26,максим.103342@example-shop.ru,organic
103343,Мария,Самара,mass,2025-02-07 03:52:51,мария.103343@example-shop.ru,social
103344,Михаил,Санкт-Петербург,standard,2026-03-07 00:42:20,михаил.103344@example-shop.ru,social
103345,Артём,Краснодар,standard,2026-02-17 21:35:17,артём.103345@example-shop.ru,marketplace
103346,Дарья,Новосибирск,mass,2025-06-15 09:04:21,дарья.103346@example-shop.ru,marketplace
103347,Михаил,Нижний Новгород,standard,2025-03-30 10:43:32,михаил.103347@example-shop.ru,marketplace
103348,Иван,Москва,standard,2025-03-14 01:55:33,иван.103348@example-shop.ru,social
103349,Иван,Москва,mass,2025-05-31 14:08:09,иван.103349@example-shop.ru,organic
103350,Дарья,Москва,mass,2026-02-10 02:45:22,дарья.103350@example-shop.ru,organic
103351,Анна,Пермь,mass,2026-05-31 13:23:23,анна.103351@example-shop.ru,context
103352,Никита,Воронеж,standard,2025-03-25 16:48:46,никита.103352@example-shop.ru,organic
103353,Иван,Уфа,standard,2025-08-15 02:22:17,иван.103353@example-shop.ru,organic
103354,Роман,Москва,mass,2026-03-31 14:53:38,роман.103354@example-shop.ru,context
103355,Полина,Новосибирск,mass,2025-02-16 19:14:29,полина.103355@example-shop.ru,context
103356,Сергей,Уфа,mass,2026-05-29 22:40:05,сергей.103356@example-shop.ru,social
103357,Мария,Самара,mass,2025-01-10 22:10:10,мария.103357@example-shop.ru,marketplace
103358,Ксения,Москва,mass,2025-06-04 04:41:47,ксения.103358@example-shop.ru,context
103359,Анна,Воронеж,mass,2025-01-18 16:47:32,анна.103359@example-shop.ru,organic
103360,Артём,Москва,mass,2026-02-19 17:56:45,артём.103360@example-shop.ru,social
103361,Полина,Москва,standard,2025-08-21 17:15:58,полина.103361@example-shop.ru,context
103362,Роман,Пермь,standard,2025-08-27 08:23:06,роман.103362@example-shop.ru,marketplace
103363,Алексей,Екатеринбург,mass,2025-10-25 21:21:58,алексей.103363@example-shop.ru,context
103364,Андрей,Казань,standard,2025-06-12 22:53:07,андрей.103364@example-shop.ru,context
103365,Анна,Новосибирск,mass,2026-02-17 13:50:37,анна.103365@example-shop.ru,referral
103366,Роман,Тюмень,mass,2025-08-23 23:21:17,роман.103366@example-shop.ru,social
103367,Михаил,Москва,vip,2026-03-10 19:07:26,михаил.103367@example-shop.ru,social
103368,Елена,Ростов-на-Дону,mass,2025-12-19 11:42:57,елена.103368@example-shop.ru,organic
103369,Сергей,Санкт-Петербург,mass,2026-01-03 20:20:55,сергей.103369@example-shop.ru,context
103370,Иван,Москва,mass,2026-06-23 11:55:58,иван.103370@example-shop.ru,organic
103371,Полина,Казань,standard,2025-10-04 01:41:28,полина.103371@example-shop.ru,email
103372,Дмитрий,Новосибирск,mass,2025-06-13 12:34:19,дмитрий.103372@example-shop.ru,organic
103373,Максим,Москва,vip,2026-02-01 17:12:53,максим.103373@example-shop.ru,organic
103374,Артём,Казань,mass,2026-01-20 17:44:13,артём.103374@example-shop.ru,social
103375,Екатерина,Нижний Новгород,mass,2025-09-21 11:39:51,екатерина.103375@example-shop.ru,social
103376,Артём,Новосибирск,mass,2025-07-02 12:06:03,артём.103376@example-shop.ru,context
103377,Артём,Ростов-на-Дону,standard,2026-05-23 00:13:12,артём.103377@example-shop.ru,marketplace
103378,Виктория,Краснодар,mass,2025-05-18 00:14:04,виктория.103378@example-shop.ru,social
103379,Ксения,Казань,premium,2025-02-12 23:25:13,ксения.103379@example-shop.ru,marketplace
103380,Ольга,Казань,premium,2025-12-11 08:29:42,ольга.103380@example-shop.ru,context
103381,Андрей,Екатеринбург,mass,2025-02-14 07:26:18,андрей.103381@example-shop.ru,social
103382,Дарья,Новосибирск,mass,2026-02-19 21:38:51,дарья.103382@example-shop.ru,context
103383,Полина,Москва,mass,2026-04-04 23:52:39,полина.103383@example-shop.ru,context
103384,Никита,Санкт-Петербург,standard,2026-01-26 23:24:33,никита.103384@example-shop.ru,organic
103385,Дарья,Москва,standard,2025-05-09 16:43:23,дарья.103385@example-shop.ru,organic
103386,Дмитрий,Казань,mass,2026-05-29 17:01:14,дмитрий.103386@example-shop.ru,email
103387,Дарья,Тюмень,premium,2025-02-18 06:28:46,дарья.103387@example-shop.ru,email
103388,Роман,Нижний Новгород,mass,2025-02-28 12:23:19,роман.103388@example-shop.ru,organic
103389,Елена,Казань,standard,2025-06-15 17:28:58,елена.103389@example-shop.ru,organic
103390,Екатерина,Новосибирск,premium,2025-10-22 15:52:50,екатерина.103390@example-shop.ru,organic
103391,Елена,Самара,mass,2026-01-23 02:47:13,елена.103391@example-shop.ru,social
103392,Артём,Казань,mass,2025-06-08 12:14:12,артём.103392@example-shop.ru,organic
103393,Дарья,Екатеринбург,mass,2026-05-14 22:53:38,дарья.103393@example-shop.ru,email
103394,Анна,Ростов-на-Дону,premium,2026-03-22 05:47:54,анна.103394@example-shop.ru,organic
103395,Максим,Москва,mass,2025-05-06 18:41:56,максим.103395@example-shop.ru,referral
103396,Дарья,Новосибирск,premium,2025-02-03 19:18:26,дарья.103396@example-shop.ru,marketplace
103397,Наталья,Новосибирск,mass,2026-01-18 12:02:54,НАТАЛЬЯ.103397@EXAMPLE-SHOP.RU,organic
103398,Полина,Ростов-на-Дону,mass,2025-04-06 19:30:32,полина.103398@example-shop.ru,email
103399,Алексей,Тюмень,premium,2025-06-03 14:10:59,алексей.103399@example-shop.ru,marketplace
103400,Роман,Уфа,mass,2026-02-25 18:08:00,роман.103400@example-shop.ru,social
103401,Андрей,Екатеринбург,standard,2025-04-14 01:50:02,андрей.103401@example-shop.ru,context
103402,Никита,Москва,mass,2025-07-13 06:42:30,никита.103402@example-shop.ru,social
103403,Анна,Нижний Новгород,mass,2026-05-21 10:25:58,анна.103403@example-shop.ru,context
103404,Полина,Краснодар,mass,2026-01-07 13:56:43,полина.103404@example-shop.ru,marketplace
103405,Ольга,Пермь,mass,2025-12-04 21:51:50,ольга.103405@example-shop.ru,social
103406,Ольга,Краснодар,standard,2026-06-29 04:27:15,ольга.103406@example-shop.ru,email
103407,Ольга,Москва,mass,2026-02-24 22:31:11,ольга.103407@example-shop.ru,social
103408,Михаил,Ростов-на-Дону,mass,2025-09-08 14:49:34,михаил.103408@example-shop.ru,context
103409,Екатерина,Воронеж,mass,2025-12-29 03:55:27,екатерина.103409@example-shop.ru,social
103410,Наталья,Самара,standard,2025-10-18 11:26:01,наталья.103410@example-shop.ru,marketplace
103411,Мария,Самара,standard,2025-07-18 02:41:49,мария.103411@example-shop.ru,context
103412,Полина,Екатеринбург,standard,2026-06-16 13:17:27,полина.103412@example-shop.ru,context
103413,Дмитрий,Нижний Новгород,vip,2025-11-20 08:47:20,дмитрий.103413@example-shop.ru,marketplace
103414,Мария,Санкт-Петербург,mass,2026-02-11 18:49:36,мария.103414@example-shop.ru,context
103415,Виктория,Москва,mass,2025-08-12 10:43:40,виктория.103415@example-shop.ru,email
103416,Сергей,Краснодар,mass,2025-04-18 05:34:53,сергей.103416@example-shop.ru,organic
103417,Михаил,Омск,mass,2025-03-08 17:55:38,михаил.103417@example-shop.ru,email
103418,Ксения,Краснодар,standard,2026-03-15 08:14:48,ксения.103418@example-shop.ru,social
103419,Мария,Санкт-Петербург,standard,2025-10-12 00:01:29,мария.103419@example-shop.ru,organic
103420,Елена,Москва,mass,2025-10-09 03:25:40,елена.103420@example-shop.ru,organic
103421,Артём,Санкт-Петербург,premium,2025-03-08 00:10:02,артём.103421@example-shop.ru,context
103422,Дарья,Краснодар,mass,2026-03-06 02:47:30,дарья.103422@example-shop.ru,referral
103423,Михаил,Самара,standard,2025-05-24 16:03:09,михаил.103423@example-shop.ru,context
103424,Ольга,Омск,mass,2025-11-23 05:04:01,ольга.103424@example-shop.ru,organic
103425,Михаил,Санкт-Петербург,standard,2025-07-10 22:05:26,михаил.103425@example-shop.ru,social
103426,Полина,Новосибирск,mass,2025-05-04 21:29:43,полина.103426@example-shop.ru,marketplace
103427,Наталья,Уфа,premium,2025-03-30 22:57:32,наталья.103427@example-shop.ru,organic
103428,Ксения,Москва,premium,2026-03-20 20:52:10,ксения.103428@example-shop.ru,social
103429,Дарья,Омск,mass,2025-02-21 18:32:44,дарья.103429@example-shop.ru,marketplace
103430,Максим,Нижний Новгород,mass,2025-01-02 02:30:25,максим.103430@example-shop.ru,social
103431,Дмитрий,Москва,standard,2025-06-17 02:50:17,дмитрий.103431@example-shop.ru,marketplace
103432,Дарья,Москва,standard,2026-04-29 23:26:07,дарья.103432@example-shop.ru,social
103433,Дмитрий,Воронеж,mass,2026-01-18 15:01:04,дмитрий.103433@example-shop.ru,referral
103434,Максим,Самара,standard,2026-03-23 03:24:31,максим.103434@example-shop.ru,email
103435,Дмитрий,Уфа,premium,2025-04-22 12:08:37,дмитрий.103435@example-shop.ru,organic
103436,Михаил,Уфа,standard,2026-06-13 17:25:51,михаил.103436@example-shop.ru,social
103437,Елена,Казань,mass,2025-03-06 02:58:49,елена.103437@example-shop.ru,social
103438,Екатерина,Уфа,premium,2025-01-20 08:50:01,екатерина.103438@example-shop.ru,organic
103439,Никита,Пермь,mass,2025-09-18 00:24:04,никита.103439@example-shop.ru,context
103440,Андрей,Москва,mass,2025-08-27 12:15:33,андрей.103440@example-shop.ru,email
103441,Никита,Уфа,vip,2025-06-08 15:52:28,никита.103441@example-shop.ru,organic
103442,Алексей,Санкт-Петербург,mass,2025-04-03 04:14:26,алексей.103442@example-shop.ru,context
103443,Наталья,Санкт-Петербург,mass,2025-06-25 01:17:05,наталья.103443@example-shop.ru,organic
103444,Дмитрий,Казань,standard,2025-07-23 19:46:59,дмитрий.103444@example-shop.ru,organic
103445,Никита,Воронеж,standard,2025-11-24 18:03:29,НИКИТА.103445@EXAMPLE-SHOP.RU,social
103446,Роман,Москва,mass,2025-07-16 02:04:17,роман.103446@example-shop.ru,organic
103447,Максим,Казань,mass,2025-05-14 03:48:32,максим.103447@example-shop.ru,context
103448,Виктория,Самара,mass,2025-11-22 16:05:55,виктория.103448@example-shop.ru,organic
103449,Михаил,Москва,mass,2025-11-14 12:17:23,михаил.103449@example-shop.ru,marketplace
103450,Наталья,Уфа,mass,2025-08-27 09:35:03,наталья.103450@example-shop.ru,marketplace
103451,Наталья,Омск,mass,2025-03-01 23:16:11,наталья.103451@example-shop.ru,organic
103452,Мария,Москва,premium,2026-06-11 05:41:51,мария.103452@example-shop.ru,organic
103453,Наталья,Москва,standard,2025-10-11 05:13:02,наталья.103453@example-shop.ru,organic
103454,Максим,Тюмень,premium,2025-06-01 09:16:51,максим.103454@example-shop.ru,organic
103455,Андрей,Москва,premium,2026-01-31 13:23:53,андрей.103455@example-shop.ru,referral
103456,Ксения,Москва,premium,2025-08-17 05:15:21,ксения.103456@example-shop.ru,social
103457,Дарья,Омск,standard,2025-03-31 11:32:32,дарья.103457@example-shop.ru,social
103458,Алексей,Воронеж,mass,2026-01-17 20:33:53,алексей.103458@example-shop.ru,email
103459,Андрей,Самара,standard,2025-02-20 12:30:24,андрей.103459@example-shop.ru,email
103460,Ольга,Новосибирск,mass,2025-05-31 17:11:13,ольга.103460@example-shop.ru,context
103461,Сергей,Пермь,mass,2025-12-28 04:06:43,сергей.103461@example-shop.ru,social
103462,Никита,Самара,mass,2026-01-30 11:26:56,никита.103462@example-shop.ru,context
103463,Ксения,Самара,mass,2026-06-25 05:11:43,ксения.103463@example-shop.ru,social
103464,Мария,Краснодар,mass,2026-01-22 05:57:33,мария.103464@example-shop.ru,organic
103465,Ольга,Самара,standard,2025-05-07 07:05:52,ольга.103465@example-shop.ru,context
103466,Роман,Екатеринбург,mass,2026-01-24 04:04:33,роман.103466@example-shop.ru,organic
103467,Артём,Казань,mass,2026-02-14 14:14:15,артём.103467@example-shop.ru,organic
103468,Елена,Екатеринбург,mass,2026-01-03 21:59:58,елена.103468@example-shop.ru,context
103469,Артём,Новосибирск,premium,2026-02-11 15:10:49,артём.103469@example-shop.ru,referral
103470,Ксения,Санкт-Петербург,mass,2026-03-22 12:22:53,ксения.103470@example-shop.ru,context
103471,Дмитрий,Екатеринбург,mass,2025-11-06 16:04:36,дмитрий.103471@example-shop.ru,marketplace
103472,Роман,Уфа,standard,2026-06-27 05:42:23,роман.103472@example-shop.ru,context
103473,Роман,Казань,premium,2025-12-18 04:49:14,роман.103473@example-shop.ru,marketplace
103474,Ксения,Москва,mass,2025-01-31 03:48:02,ксения.103474@example-shop.ru,organic
103475,Елена,Санкт-Петербург,standard,2025-04-05 00:42:34,,context
103476,Дмитрий,Москва,mass,2025-09-28 22:40:41,дмитрий.103476@example-shop.ru,organic
103477,Артём,Уфа,premium,2025-08-26 06:38:36,артём.103477@example-shop.ru,organic
103478,Артём,Екатеринбург,standard,2026-03-20 03:05:54,артём.103478@example-shop.ru,organic
103479,Сергей,Санкт-Петербург,standard,2026-01-02 13:02:14,сергей.103479@example-shop.ru,social
103480,Дарья,Краснодар,mass,2025-01-01 00:37:03,дарья.103480@example-shop.ru,organic
103481,Дарья,Москва,standard,2025-09-06 08:17:13,ДАРЬЯ.103481@EXAMPLE-SHOP.RU,organic
103482,Дмитрий,Москва,mass,2025-10-25 02:36:15,дмитрий.103482@example-shop.ru,organic
103483,Дарья,Краснодар,mass,2026-06-19 12:33:54,дарья.103483@example-shop.ru,referral
103484,Дмитрий,Новосибирск,standard,2025-12-26 14:09:38,дмитрий.103484@example-shop.ru,context
103485,Сергей,Уфа,standard,2025-04-09 07:20:02,сергей.103485@example-shop.ru,organic
103486,Алексей,Краснодар,mass,2025-04-15 11:59:39,алексей.103486@example-shop.ru,organic
103487,Максим,Омск,premium,2025-06-22 05:00:31,максим.103487@example-shop.ru,referral
103488,Полина,Москва,mass,2025-08-07 10:43:55,полина.103488@example-shop.ru,referral
103489,Сергей,Уфа,standard,2025-03-01 05:06:25,сергей.103489@example-shop.ru,context
103490,Роман,Ростов-на-Дону,mass,2026-03-07 06:01:17,роман.103490@example-shop.ru,social
103491,Иван,Москва,mass,2025-02-06 22:19:51,иван.103491@example-shop.ru,organic
103492,Михаил,Пермь,premium,2025-02-06 08:12:35,михаил.103492@example-shop.ru,social
103493,Ольга,Казань,mass,2025-03-11 08:19:07,ольга.103493@example-shop.ru,referral
103494,Роман,Воронеж,premium,2025-03-15 12:03:24,роман.103494@example-shop.ru,email
103495,Никита,Нижний Новгород,mass,2025-11-04 09:30:51,никита.103495@example-shop.ru,context
103496,Артём,Новосибирск,standard,2026-03-22 20:20:55,артём.103496@example-shop.ru,referral
103497,Иван,Москва,mass,2026-05-29 16:13:28,иван.103497@example-shop.ru,social
103498,Наталья,Пермь,standard,2026-03-18 00:24:28,наталья.103498@example-shop.ru,referral
103499,Иван,Новосибирск,premium,2026-01-09 17:37:26,,referral
103500,Сергей,Москва,standard,2025-11-18 18:28:33,сергей.103500@example-shop.ru,email
103501,Мария,Москва,mass,2025-06-18 15:16:25,мария.103501@example-shop.ru,organic
103502,Михаил,Уфа,standard,2025-08-15 19:43:17,михаил.103502@example-shop.ru,context
103503,Максим,Москва,standard,2026-04-21 11:41:50,максим.103503@example-shop.ru,organic
103504,Дмитрий,Нижний Новгород,mass,2025-02-27 13:55:29,дмитрий.103504@example-shop.ru,context
103505,Алексей,Самара,standard,2026-03-26 20:13:16,алексей.103505@example-shop.ru,context
103506,Ксения,,standard,2026-03-19 05:35:59,ксения.103506@example-shop.ru,referral
103507,Андрей,Новосибирск,standard,2025-02-01 08:28:00,андрей.103507@example-shop.ru,social
103508,Андрей,Москва,mass,2025-05-12 18:01:45,андрей.103508@example-shop.ru,social
103509,Мария,Омск,mass,2025-06-18 22:53:53,мария.103509@example-shop.ru,social
103510,Максим,Воронеж,vip,2026-05-13 16:32:11,максим.103510@example-shop.ru,organic
103511,Полина,Санкт-Петербург,standard,2025-08-28 03:57:52,полина.103511@example-shop.ru,organic
103512,Виктория,Новосибирск,mass,2026-02-27 19:57:39,виктория.103512@example-shop.ru,organic
103513,Иван,Екатеринбург,vip,2025-11-24 09:02:15,иван.103513@example-shop.ru,email
103514,Иван,Омск,mass,2025-02-14 02:38:26,иван.103514@example-shop.ru,organic
103515,Елена,Казань,mass,2025-12-30 11:00:06,елена.103515@example-shop.ru,context
103516,Полина,Новосибирск,standard,2025-12-13 08:14:59,полина.103516@example-shop.ru,context
103517,Анна,Пермь,standard,2026-04-20 14:30:25,анна.103517@example-shop.ru,social
103518,Никита,Москва,vip,2026-05-17 17:47:17,никита.103518@example-shop.ru,marketplace
103519,Екатерина,Новосибирск,standard,2025-11-17 03:13:28,,marketplace
103520,Никита,Москва,mass,2026-04-25 03:31:12,никита.103520@example-shop.ru,organic
103521,Андрей,Нижний Новгород,mass,2025-03-17 23:09:03,андрей.103521@example-shop.ru,social
103522,Максим,Санкт-Петербург,mass,2025-12-01 06:39:20,максим.103522@example-shop.ru,organic
103523,Андрей,Омск,premium,2025-11-11 17:57:10,андрей.103523@example-shop.ru,email
103524,Анна,Казань,mass,2025-04-04 17:13:26,анна.103524@example-shop.ru,context
103525,Елена,Москва,mass,2025-10-21 15:37:42,елена.103525@example-shop.ru,organic
103526,Дмитрий,Краснодар,mass,2026-01-06 17:33:46,дмитрий.103526@example-shop.ru,social
103527,Иван,Краснодар,mass,2025-08-15 06:48:53,иван.103527@example-shop.ru,context
103528,Мария,Самара,mass,2025-12-30 01:08:17,мария.103528@example-shop.ru,marketplace
103529,Анна,Ростов-на-Дону,standard,2026-02-11 02:59:11,анна.103529@example-shop.ru,organic
103530,Иван,Санкт-Петербург,mass,2025-11-17 20:39:00,иван.103530@example-shop.ru,marketplace
103531,Ольга,Самара,vip,2025-08-05 23:43:29,ольга.103531@example-shop.ru,organic
103532,Мария,Москва,premium,2025-05-25 19:54:59,мария.103532@example-shop.ru,organic
103533,Мария,Москва,mass,2025-12-27 03:04:32,мария.103533@example-shop.ru,referral
103534,Полина,Пермь,premium,2026-05-06 15:52:56,полина.103534@example-shop.ru,social
103535,Мария,Ростов-на-Дону,mass,2025-09-09 16:52:04,мария.103535@example-shop.ru,marketplace
103536,Мария,Москва,mass,2025-10-01 21:42:21,мария.103536@example-shop.ru,social
103537,Алексей,Москва,mass,2026-05-13 02:33:05,алексей.103537@example-shop.ru,social
103538,Иван,Омск,standard,2025-06-11 22:16:01,иван.103538@example-shop.ru,organic
103539,Артём,Москва,standard,2026-03-17 03:31:22,артём.103539@example-shop.ru,marketplace
103540,Андрей,Санкт-Петербург,mass,2025-05-20 02:18:17,андрей.103540@example-shop.ru,referral
103541,Роман,Москва,standard,2025-05-21 13:55:44,роман.103541@example-shop.ru,social
103542,Виктория,Москва,standard,2025-06-03 03:42:47,виктория.103542@example-shop.ru,email
103543,Мария,Санкт-Петербург,standard,2025-01-29 16:25:27,мария.103543@example-shop.ru,organic
103544,Дарья,Тюмень,mass,2025-09-09 07:06:41,дарья.103544@example-shop.ru,email
103545,Алексей,Санкт-Петербург,standard,2025-07-12 18:41:13,алексей.103545@example-shop.ru,social
103546,Михаил,Екатеринбург,standard,2025-05-06 19:32:15,михаил.103546@example-shop.ru,email
103547,Сергей,Ростов-на-Дону,mass,2026-02-17 08:16:44,сергей.103547@example-shop.ru,referral
103548,Ксения,Новосибирск,standard,2025-10-09 23:46:57,ксения.103548@example-shop.ru,context
103549,Максим,Ростов-на-Дону,mass,2025-04-17 17:02:47,максим.103549@example-shop.ru,email
103550,Михаил,Самара,standard,2025-04-15 15:40:02,михаил.103550@example-shop.ru,referral
103551,Сергей,Нижний Новгород,standard,2026-03-18 04:38:27,сергей.103551@example-shop.ru,organic
103552,Артём,Самара,mass,2025-05-28 16:03:05,артём.103552@example-shop.ru,referral
103553,Никита,Уфа,mass,2025-08-04 04:00:19,никита.103553@example-shop.ru,social
103554,Роман,Ростов-на-Дону,standard,2025-03-07 05:13:26,роман.103554@example-shop.ru,email
103555,Сергей,Уфа,premium,2026-03-15 07:09:49,сергей.103555@example-shop.ru,email
103556,Сергей,Москва,premium,2025-07-14 18:43:19,сергей.103556@example-shop.ru,organic
103557,Роман,Самара,standard,2026-01-20 04:02:16,роман.103557@example-shop.ru,organic
103558,Максим,Ростов-на-Дону,mass,2025-08-10 06:04:59,максим.103558@example-shop.ru,organic
103559,Анна,Санкт-Петербург,mass,2026-03-13 21:16:33,анна.103559@example-shop.ru,referral
103560,Наталья,Воронеж,standard,2025-08-09 00:37:34,наталья.103560@example-shop.ru,marketplace
103561,Мария,Санкт-Петербург,mass,2026-05-04 02:54:00,мария.103561@example-shop.ru,referral
103562,Анна,Москва,standard,2026-01-31 01:31:42,анна.103562@example-shop.ru,email
103563,Сергей,Воронеж,mass,2025-09-20 01:49:38,сергей.103563@example-shop.ru,social
103564,Дарья,Москва,mass,2025-09-21 10:21:50,дарья.103564@example-shop.ru,social
103565,Дарья,Казань,standard,2025-12-05 01:54:30,дарья.103565@example-shop.ru,marketplace
103566,Елена,Санкт-Петербург,standard,2026-01-13 16:30:33,елена.103566@example-shop.ru,organic
103567,Сергей,Воронеж,standard,2026-01-21 01:50:15,сергей.103567@example-shop.ru,context
103568,Анна,Екатеринбург,mass,2025-01-19 01:28:21,анна.103568@example-shop.ru,organic
103569,Дарья,Самара,standard,2025-05-25 09:00:58,дарья.103569@example-shop.ru,organic
103570,Дмитрий,Уфа,mass,2025-08-26 22:34:46,дмитрий.103570@example-shop.ru,social
103571,Дарья,Нижний Новгород,standard,2025-10-20 15:43:23,дарья.103571@example-shop.ru,organic
103572,Андрей,Омск,standard,2025-02-18 22:33:18,андрей.103572@example-shop.ru,context
103573,Екатерина,Уфа,mass,2025-04-19 19:42:32,екатерина.103573@example-shop.ru,organic
103574,Максим,Казань,standard,2025-09-09 20:17:39,максим.103574@example-shop.ru,context
103575,Полина,Омск,standard,2025-09-01 15:13:35,полина.103575@example-shop.ru,organic
103576,Екатерина,Новосибирск,mass,2025-12-02 06:48:34,екатерина.103576@example-shop.ru,marketplace
103577,Михаил,Москва,standard,2025-02-07 22:48:37,,social
103578,Ксения,Санкт-Петербург,mass,2026-03-11 05:21:04,ксения.103578@example-shop.ru,email
103579,Ксения,Нижний Новгород,premium,2025-06-14 03:29:11,ксения.103579@example-shop.ru,social
103580,Мария,Москва,mass,2025-10-27 20:51:57,мария.103580@example-shop.ru,organic
103581,Ксения,Нижний Новгород,mass,2026-06-01 07:06:18,ксения.103581@example-shop.ru,referral
103582,Дарья,Санкт-Петербург,standard,2025-07-26 19:53:23,дарья.103582@example-shop.ru,organic
103583,Дмитрий,Новосибирск,mass,2025-06-20 21:13:33,дмитрий.103583@example-shop.ru,context
103584,Максим,Москва,vip,2025-05-25 03:10:07,максим.103584@example-shop.ru,social
103585,Дарья,Краснодар,mass,2025-12-22 13:27:21,дарья.103585@example-shop.ru,email
103586,Дмитрий,Санкт-Петербург,mass,2026-06-06 19:21:07,дмитрий.103586@example-shop.ru,marketplace
103587,Наталья,Москва,mass,2025-11-02 02:09:58,наталья.103587@example-shop.ru,organic
103588,Екатерина,Казань,mass,2025-04-19 01:34:26,екатерина.103588@example-shop.ru,referral
103589,Екатерина,Екатеринбург,mass,2026-05-31 15:06:35,екатерина.103589@example-shop.ru,context
103590,Никита,Нижний Новгород,mass,2025-01-24 02:48:21,никита.103590@example-shop.ru,email
103591,Иван,Новосибирск,mass,2025-08-12 15:14:41,иван.103591@example-shop.ru,marketplace
103592,Елена,Москва,mass,2025-03-10 14:30:08,елена.103592@example-shop.ru,social
103593,Полина,Воронеж,mass,2025-01-19 02:27:03,полина.103593@example-shop.ru,context
103594,Виктория,Екатеринбург,mass,2026-06-28 15:22:00,виктория.103594@example-shop.ru,email
103595,Дмитрий,Москва,mass,2025-02-16 07:49:08,дмитрий.103595@example-shop.ru,social
103596,Елена,Уфа,mass,2026-05-09 20:02:59,елена.103596@example-shop.ru,marketplace
103597,Максим,Самара,mass,2025-10-25 00:18:11,максим.103597@example-shop.ru,social
103598,Виктория,Самара,mass,2025-06-24 12:58:22,ВИКТОРИЯ.103598@EXAMPLE-SHOP.RU,marketplace
103599,Елена,Казань,mass,2026-04-16 06:19:00,елена.103599@example-shop.ru,organic
103600,Михаил,Казань,mass,2025-01-03 02:20:50,михаил.103600@example-shop.ru,referral
103601,Сергей,Новосибирск,premium,2026-01-12 05:41:30,сергей.103601@example-shop.ru,context
103602,Михаил,Москва,mass,2026-02-23 03:03:17,михаил.103602@example-shop.ru,referral
103603,Анна,Санкт-Петербург,mass,2025-07-18 08:35:12,анна.103603@example-shop.ru,marketplace
103604,Михаил,Тюмень,standard,2025-06-13 19:00:51,михаил.103604@example-shop.ru,referral
103605,Никита,Самара,mass,2025-01-05 23:37:12,никита.103605@example-shop.ru,referral
103606,Иван,Казань,mass,2025-01-13 01:42:47,иван.103606@example-shop.ru,organic
103607,Максим,Москва,standard,2025-01-24 23:05:30,максим.103607@example-shop.ru,organic
103608,Екатерина,Ростов-на-Дону,standard,2025-09-06 20:23:16,екатерина.103608@example-shop.ru,social
103609,Михаил,Санкт-Петербург,vip,2025-10-17 06:47:19,михаил.103609@example-shop.ru,context
103610,Екатерина,Москва,premium,2025-08-20 03:57:35,екатерина.103610@example-shop.ru,organic
103611,Виктория,Москва,standard,2026-01-18 20:49:37,виктория.103611@example-shop.ru,referral
103612,Екатерина,Ростов-на-Дону,standard,2025-07-17 03:48:08,екатерина.103612@example-shop.ru,referral
103613,Михаил,Самара,mass,2026-03-07 18:08:51,михаил.103613@example-shop.ru,organic
103614,Мария,Москва,premium,2025-12-23 02:02:44,мария.103614@example-shop.ru,organic
103615,Дарья,Москва,standard,2026-05-26 16:06:53,дарья.103615@example-shop.ru,context
103616,Сергей,Нижний Новгород,mass,2026-01-31 16:16:03,сергей.103616@example-shop.ru,social
103617,Мария,Новосибирск,mass,2025-03-11 18:10:18,мария.103617@example-shop.ru,marketplace
103618,Сергей,Самара,standard,2025-11-01 18:07:25,сергей.103618@example-shop.ru,context
103619,Сергей,Москва,mass,2025-12-25 05:39:59,сергей.103619@example-shop.ru,organic
103620,Мария,Ростов-на-Дону,standard,2025-01-08 14:56:49,мария.103620@example-shop.ru,email
103621,Полина,Пермь,mass,2025-01-24 23:39:31,полина.103621@example-shop.ru,organic
103622,Дмитрий,Нижний Новгород,standard,2025-01-13 05:12:03,дмитрий.103622@example-shop.ru,social
103623,Максим,Москва,mass,2025-04-04 10:04:47,максим.103623@example-shop.ru,context
103624,Сергей,Самара,standard,2026-04-26 13:12:30,сергей.103624@example-shop.ru,marketplace
103625,Андрей,Санкт-Петербург,mass,2025-05-11 21:21:07,андрей.103625@example-shop.ru,referral
103626,Роман,Москва,mass,2025-04-12 14:40:11,роман.103626@example-shop.ru,organic
103627,Дарья,Санкт-Петербург,mass,2025-09-01 03:12:30,дарья.103627@example-shop.ru,context
103628,Дмитрий,Пермь,mass,2025-08-05 22:40:55,дмитрий.103628@example-shop.ru,organic
103629,Андрей,Казань,mass,2026-06-26 08:51:25,андрей.103629@example-shop.ru,context
103630,Андрей,Воронеж,standard,2025-02-26 10:08:12,андрей.103630@example-shop.ru,context
103631,Наталья,Екатеринбург,mass,2026-04-04 06:05:22,наталья.103631@example-shop.ru,social
103632,Артём,Новосибирск,standard,2025-05-05 23:15:24,артём.103632@example-shop.ru,email
103633,Алексей,Москва,standard,2025-06-18 22:12:10,алексей.103633@example-shop.ru,organic
103634,Дарья,Нижний Новгород,mass,2025-09-22 12:25:33,дарья.103634@example-shop.ru,context
103635,Полина,Москва,premium,2026-06-16 14:26:35,полина.103635@example-shop.ru,email
103636,Наталья,Екатеринбург,standard,2025-05-09 08:56:56,наталья.103636@example-shop.ru,context
103637,Артём,Санкт-Петербург,standard,2025-07-07 10:44:59,артём.103637@example-shop.ru,social
103638,Наталья,Казань,standard,2025-12-26 04:48:03,наталья.103638@example-shop.ru,email
103639,Мария,Новосибирск,standard,2026-01-01 04:17:00,мария.103639@example-shop.ru,referral
103640,Михаил,Москва,vip,2025-07-20 04:23:38,михаил.103640@example-shop.ru,social
103641,Роман,Санкт-Петербург,mass,2025-03-13 12:58:46,роман.103641@example-shop.ru,marketplace
103642,Никита,Тюмень,mass,2026-03-06 17:08:43,никита.103642@example-shop.ru,organic
103643,Никита,Москва,standard,2026-05-06 17:57:33,никита.103643@example-shop.ru,organic
103644,Наталья,Санкт-Петербург,mass,2025-11-25 01:30:42,наталья.103644@example-shop.ru,context
103645,Полина,Санкт-Петербург,standard,2026-04-21 16:21:57,полина.103645@example-shop.ru,organic
103646,Артём,Казань,mass,2025-05-19 09:51:46,артём.103646@example-shop.ru,organic
103647,Михаил,Самара,mass,2026-04-16 21:33:07,михаил.103647@example-shop.ru,organic
103648,Михаил,Москва,premium,2026-03-17 13:38:57,михаил.103648@example-shop.ru,referral
103649,Полина,Екатеринбург,mass,2026-05-07 18:57:01,полина.103649@example-shop.ru,context
103650,Роман,Самара,mass,2026-05-23 23:41:55,роман.103650@example-shop.ru,email
103651,Иван,Санкт-Петербург,standard,2025-07-08 05:36:02,иван.103651@example-shop.ru,organic
103652,Мария,Омск,standard,2025-03-07 10:10:45,мария.103652@example-shop.ru,social
103653,Сергей,Тюмень,premium,2026-02-13 05:03:08,сергей.103653@example-shop.ru,organic
103654,Артём,Москва,mass,2025-12-31 23:11:53,артём.103654@example-shop.ru,organic
103655,Екатерина,Санкт-Петербург,premium,2025-12-19 23:16:50,екатерина.103655@example-shop.ru,referral
103656,Наталья,Москва,standard,2025-12-10 18:48:18,наталья.103656@example-shop.ru,organic
103657,Артём,Москва,standard,2025-01-23 06:03:16,артём.103657@example-shop.ru,referral
103658,Никита,Екатеринбург,mass,2025-12-31 23:50:33,никита.103658@example-shop.ru,referral
103659,Максим,Новосибирск,mass,2025-09-21 20:51:19,максим.103659@example-shop.ru,referral
103660,Наталья,Казань,mass,2025-01-17 23:54:34,наталья.103660@example-shop.ru,social
103661,Виктория,Санкт-Петербург,standard,2026-04-12 06:17:44,ВИКТОРИЯ.103661@EXAMPLE-SHOP.RU,marketplace
103662,Наталья,Санкт-Петербург,mass,2025-01-16 07:53:10,наталья.103662@example-shop.ru,organic
103663,Полина,Тюмень,mass,2025-05-08 06:21:16,полина.103663@example-shop.ru,marketplace
103664,Полина,Пермь,standard,2025-06-10 16:08:03,полина.103664@example-shop.ru,organic
103665,Артём,Москва,mass,2026-03-03 15:43:08,артём.103665@example-shop.ru,social
103666,Наталья,Самара,mass,2025-02-13 17:26:55,наталья.103666@example-shop.ru,marketplace
103667,Виктория,Екатеринбург,mass,2025-07-29 11:54:37,виктория.103667@example-shop.ru,organic
103668,Анна,Самара,premium,2025-07-19 12:17:59,анна.103668@example-shop.ru,email
103669,Сергей,Нижний Новгород,standard,2025-08-15 01:09:23,сергей.103669@example-shop.ru,social
103670,Дмитрий,Воронеж,standard,2026-04-21 11:15:45,дмитрий.103670@example-shop.ru,email
103671,Иван,Москва,premium,2025-06-27 07:17:03,иван.103671@example-shop.ru,organic
103672,Мария,Санкт-Петербург,standard,2025-07-13 04:01:35,мария.103672@example-shop.ru,social
103673,Виктория,Тюмень,mass,2025-08-11 19:41:59,виктория.103673@example-shop.ru,organic
103674,Алексей,Москва,standard,2025-08-03 02:25:44,алексей.103674@example-shop.ru,organic
103675,Михаил,Москва,vip,2026-06-04 23:41:39,михаил.103675@example-shop.ru,referral
103676,Сергей,Ростов-на-Дону,mass,2025-05-26 19:11:17,сергей.103676@example-shop.ru,referral
103677,Ольга,Уфа,standard,2025-03-03 20:34:45,ольга.103677@example-shop.ru,referral
103678,Дарья,Самара,mass,2025-08-18 18:34:11,дарья.103678@example-shop.ru,referral
103679,Артём,Уфа,standard,2025-02-15 13:11:13,артём.103679@example-shop.ru,email
103680,Роман,Самара,standard,2026-03-11 15:27:31,роман.103680@example-shop.ru,context
103681,Роман,Москва,premium,2026-05-02 05:58:17,роман.103681@example-shop.ru,context
103682,Алексей,Нижний Новгород,standard,2026-03-29 20:03:31,алексей.103682@example-shop.ru,email
103683,Дмитрий,Уфа,mass,2026-03-15 15:44:05,дмитрий.103683@example-shop.ru,referral
103684,Виктория,Воронеж,mass,2025-08-18 11:27:04,виктория.103684@example-shop.ru,organic
103685,Полина,Москва,premium,2026-01-16 14:50:48,полина.103685@example-shop.ru,context
103686,Анна,Москва,mass,2025-08-05 06:56:10,анна.103686@example-shop.ru,organic
103687,Иван,Уфа,mass,2026-04-11 17:12:12,иван.103687@example-shop.ru,email
103688,Никита,Санкт-Петербург,standard,2025-04-17 07:27:22,никита.103688@example-shop.ru,organic
103689,Полина,Москва,mass,2025-03-18 16:07:03,полина.103689@example-shop.ru,social
103690,Анна,Краснодар,mass,2026-06-16 16:52:10,анна.103690@example-shop.ru,referral
103691,Сергей,Екатеринбург,mass,2025-07-16 11:22:18,сергей.103691@example-shop.ru,marketplace
103692,Михаил,Санкт-Петербург,mass,2025-06-19 11:49:07,михаил.103692@example-shop.ru,context
103693,Анна,Москва,standard,2025-12-31 07:11:03,анна.103693@example-shop.ru,marketplace
103694,Максим,Москва,mass,2025-07-06 17:45:56,максим.103694@example-shop.ru,referral
103695,Ольга,Уфа,mass,2026-02-12 07:52:36,ольга.103695@example-shop.ru,organic
103696,Михаил,Екатеринбург,standard,2025-08-23 06:31:20,михаил.103696@example-shop.ru,context
103697,Максим,Москва,mass,2026-03-04 06:36:27,максим.103697@example-shop.ru,context
103698,Сергей,Санкт-Петербург,standard,2025-02-13 20:04:13,сергей.103698@example-shop.ru,organic
103699,Елена,Москва,mass,2026-02-01 12:45:15,елена.103699@example-shop.ru,context
103700,Дарья,Москва,mass,2025-06-29 01:16:19,дарья.103700@example-shop.ru,organic
103701,Анна,Санкт-Петербург,standard,2025-08-19 12:00:57,анна.103701@example-shop.ru,email
103702,Дмитрий,Новосибирск,standard,2026-05-23 04:02:52,дмитрий.103702@example-shop.ru,context
103703,Дмитрий,Москва,premium,2025-09-20 19:42:34,дмитрий.103703@example-shop.ru,organic
103704,Никита,Санкт-Петербург,mass,2025-02-10 13:34:03,никита.103704@example-shop.ru,social
103705,Никита,Екатеринбург,mass,2025-09-07 19:47:14,никита.103705@example-shop.ru,email
103706,Артём,Казань,mass,2025-05-12 01:32:49,артём.103706@example-shop.ru,marketplace
103707,Анна,Москва,mass,2025-09-16 17:38:36,анна.103707@example-shop.ru,marketplace
103708,Дарья,Москва,mass,2025-04-29 16:10:59,дарья.103708@example-shop.ru,marketplace
103709,Наталья,Москва,premium,2025-12-17 11:01:29,наталья.103709@example-shop.ru,context
103710,Андрей,Санкт-Петербург,standard,2025-05-09 02:42:33,андрей.103710@example-shop.ru,social
103711,Ольга,Ростов-на-Дону,mass,2025-09-11 14:53:18,ольга.103711@example-shop.ru,context
103712,Полина,Москва,mass,2026-06-05 06:22:27,полина.103712@example-shop.ru,marketplace
103713,Андрей,Уфа,mass,2025-12-14 14:47:27,андрей.103713@example-shop.ru,organic
103714,Дмитрий,Ростов-на-Дону,mass,2026-01-22 03:54:20,дмитрий.103714@example-shop.ru,social
103715,Роман,Москва,standard,2026-02-25 22:16:32,роман.103715@example-shop.ru,organic
103716,Елена,Москва,premium,2026-05-17 06:52:33,елена.103716@example-shop.ru,email
103717,Максим,Москва,mass,2026-04-28 22:37:54,максим.103717@example-shop.ru,context
103718,Елена,Москва,mass,2026-04-13 09:32:47,елена.103718@example-shop.ru,email
103719,Екатерина,Новосибирск,mass,2025-07-05 20:56:24,екатерина.103719@example-shop.ru,marketplace
103720,Елена,Москва,mass,2025-12-07 11:40:44,елена.103720@example-shop.ru,organic
103721,Михаил,Уфа,premium,2026-03-22 20:39:33,михаил.103721@example-shop.ru,email
103722,Виктория,Екатеринбург,standard,2025-11-02 02:17:49,виктория.103722@example-shop.ru,context
103723,Дарья,Ростов-на-Дону,standard,2025-03-11 07:31:55,дарья.103723@example-shop.ru,context
103724,Полина,Ростов-на-Дону,premium,2025-10-05 11:01:36,полина.103724@example-shop.ru,organic
103725,Алексей,Екатеринбург,mass,2025-04-28 19:30:50,алексей.103725@example-shop.ru,social
103726,Полина,Пермь,standard,2026-01-11 19:05:35,полина.103726@example-shop.ru,context
103727,Иван,Тюмень,standard,2026-04-14 12:04:27,иван.103727@example-shop.ru,referral
103728,Артём,Санкт-Петербург,mass,2026-01-18 11:52:06,артём.103728@example-shop.ru,email
103729,Максим,Москва,mass,2025-10-28 06:06:22,максим.103729@example-shop.ru,context
103730,Михаил,Санкт-Петербург,standard,2025-11-23 16:54:14,михаил.103730@example-shop.ru,organic
103731,Роман,Москва,premium,2025-10-21 11:57:06,роман.103731@example-shop.ru,organic
103732,Ксения,Новосибирск,mass,2025-09-02 16:09:13,ксения.103732@example-shop.ru,organic
103733,Сергей,Казань,premium,2025-05-04 16:48:31,сергей.103733@example-shop.ru,marketplace
103734,Никита,Екатеринбург,premium,2026-01-04 01:45:18,никита.103734@example-shop.ru,context
103735,Максим,Уфа,premium,2025-07-10 11:28:28,максим.103735@example-shop.ru,referral
103736,Дмитрий,Санкт-Петербург,mass,2025-03-27 09:25:44,дмитрий.103736@example-shop.ru,marketplace
103737,Ольга,Новосибирск,mass,2026-03-13 02:32:46,ольга.103737@example-shop.ru,context
103738,Артём,Санкт-Петербург,standard,2025-10-28 14:03:38,артём.103738@example-shop.ru,social
103739,Екатерина,Уфа,mass,2025-10-11 14:23:16,екатерина.103739@example-shop.ru,email
103740,Андрей,Нижний Новгород,mass,2025-10-11 00:26:31,андрей.103740@example-shop.ru,social
103741,Дмитрий,Москва,standard,2025-02-12 09:31:57,дмитрий.103741@example-shop.ru,organic
103742,Максим,Самара,mass,2025-10-19 09:32:49,максим.103742@example-shop.ru,email
103743,Никита,Москва,mass,2025-10-24 06:23:43,никита.103743@example-shop.ru,marketplace
103744,Сергей,Ростов-на-Дону,premium,2025-10-06 09:30:32,сергей.103744@example-shop.ru,email
103745,Дмитрий,Новосибирск,mass,2025-01-04 19:33:57,дмитрий.103745@example-shop.ru,email
103746,Полина,Казань,premium,2026-02-13 21:26:40,полина.103746@example-shop.ru,email
103747,Сергей,Самара,mass,2025-12-01 15:53:47,сергей.103747@example-shop.ru,social
103748,Полина,Краснодар,mass,2026-02-17 20:00:25,полина.103748@example-shop.ru,organic
103749,Никита,Уфа,mass,2025-10-02 14:20:50,никита.103749@example-shop.ru,marketplace
103750,Никита,Новосибирск,mass,2025-06-29 14:56:32,никита.103750@example-shop.ru,organic
103751,Виктория,Ростов-на-Дону,mass,2026-03-31 02:08:17,виктория.103751@example-shop.ru,email
103752,Дарья,Казань,premium,2025-07-11 03:50:48,дарья.103752@example-shop.ru,context
103753,Полина,Уфа,premium,2025-09-05 00:43:36,полина.103753@example-shop.ru,referral
103754,Елена,Краснодар,mass,2025-01-09 23:38:14,елена.103754@example-shop.ru,email
103755,Алексей,Москва,mass,2025-03-30 17:36:36,алексей.103755@example-shop.ru,email
103756,Максим,Москва,standard,2025-03-03 17:54:46,максим.103756@example-shop.ru,organic
103757,Михаил,Санкт-Петербург,mass,2025-08-19 19:28:24,михаил.103757@example-shop.ru,social
103758,Артём,Москва,mass,2025-05-23 23:12:43,артём.103758@example-shop.ru,organic
103759,Мария,Казань,mass,2025-07-01 04:27:25,мария.103759@example-shop.ru,organic
103760,Виктория,Москва,mass,2026-02-22 07:29:28,виктория.103760@example-shop.ru,social
103761,Анна,Нижний Новгород,mass,2026-01-08 05:32:09,анна.103761@example-shop.ru,marketplace
103762,Артём,Москва,mass,2026-03-11 20:23:33,артём.103762@example-shop.ru,marketplace
103763,Виктория,Санкт-Петербург,standard,2026-03-21 15:29:45,виктория.103763@example-shop.ru,social
103764,Михаил,Самара,mass,2025-05-16 04:02:16,михаил.103764@example-shop.ru,email
103765,Сергей,Казань,mass,2025-12-02 12:09:11,сергей.103765@example-shop.ru,organic
103766,Сергей,Казань,mass,2026-04-20 00:23:55,сергей.103766@example-shop.ru,organic
103767,Екатерина,Уфа,mass,2025-06-16 02:30:44,екатерина.103767@example-shop.ru,referral
103768,Роман,Тюмень,premium,2025-07-24 18:07:45,роман.103768@example-shop.ru,email
103769,Андрей,Новосибирск,standard,2025-10-17 15:19:36,андрей.103769@example-shop.ru,referral
103770,Максим,Москва,premium,2026-03-11 22:31:10,максим.103770@example-shop.ru,organic
103771,Сергей,Москва,mass,2025-03-22 06:12:33,сергей.103771@example-shop.ru,context
103772,Максим,Омск,mass,2025-09-12 10:26:50,максим.103772@example-shop.ru,organic
103773,Артём,Самара,mass,2025-05-13 02:12:23,артём.103773@example-shop.ru,email
103774,Иван,Ростов-на-Дону,mass,2026-01-24 08:48:55,иван.103774@example-shop.ru,context
103775,Сергей,Самара,standard,2025-05-12 20:16:38,сергей.103775@example-shop.ru,context
103776,Анна,Москва,mass,2025-07-14 04:34:29,анна.103776@example-shop.ru,social
103777,Артём,Екатеринбург,mass,2025-07-08 18:41:13,артём.103777@example-shop.ru,organic
103778,Ксения,Уфа,mass,2025-02-08 11:32:01,ксения.103778@example-shop.ru,context
103779,Полина,Воронеж,mass,2025-12-31 02:52:22,полина.103779@example-shop.ru,referral
103780,Сергей,Москва,mass,2025-05-19 10:59:38,сергей.103780@example-shop.ru,context
103781,Мария,Нижний Новгород,standard,2025-09-25 12:02:22,мария.103781@example-shop.ru,social
103782,Дмитрий,Москва,premium,2026-01-15 21:55:30,дмитрий.103782@example-shop.ru,marketplace
103783,Иван,Омск,mass,2026-03-05 20:16:26,иван.103783@example-shop.ru,organic
103784,Дарья,Санкт-Петербург,mass,2026-05-16 06:52:38,дарья.103784@example-shop.ru,organic
103785,Полина,Ростов-на-Дону,mass,2025-03-10 17:22:51,полина.103785@example-shop.ru,referral
103786,Виктория,Москва,mass,2025-12-09 10:03:13,виктория.103786@example-shop.ru,social
103787,Анна,Нижний Новгород,standard,2025-06-28 22:20:26,анна.103787@example-shop.ru,marketplace
103788,Алексей,Самара,mass,2026-02-24 01:54:42,алексей.103788@example-shop.ru,organic
103789,Полина,Санкт-Петербург,vip,2025-07-31 20:46:17,полина.103789@example-shop.ru,marketplace
103790,Максим,Краснодар,premium,2025-01-08 16:44:03,максим.103790@example-shop.ru,social
103791,Иван,Воронеж,mass,2026-04-12 12:41:49,иван.103791@example-shop.ru,organic
103792,Анна,Краснодар,premium,2026-02-19 05:37:28,анна.103792@example-shop.ru,social
103793,Елена,Санкт-Петербург,standard,2025-06-30 01:54:44,елена.103793@example-shop.ru,context
103794,Екатерина,Ростов-на-Дону,vip,2026-04-01 08:49:49,екатерина.103794@example-shop.ru,organic
103795,Ксения,Новосибирск,mass,2025-08-12 16:32:21,ксения.103795@example-shop.ru,organic
103796,Елена,Нижний Новгород,vip,2025-08-13 21:28:42,елена.103796@example-shop.ru,context
103797,Екатерина,Екатеринбург,mass,2025-06-13 10:54:44,екатерина.103797@example-shop.ru,social
103798,Мария,Нижний Новгород,mass,2025-09-27 04:05:55,мария.103798@example-shop.ru,organic
103799,Алексей,Москва,premium,2026-06-26 23:52:45,алексей.103799@example-shop.ru,organic
103800,Мария,Казань,mass,2025-01-29 13:02:23,мария.103800@example-shop.ru,context
103801,Никита,Москва,mass,2025-11-20 08:59:55,никита.103801@example-shop.ru,referral
103802,Виктория,Санкт-Петербург,mass,2025-04-06 04:14:03,виктория.103802@example-shop.ru,marketplace
103803,Андрей,Москва,mass,2025-03-09 11:31:02,андрей.103803@example-shop.ru,organic
103804,Алексей,Москва,mass,2025-01-31 18:43:16,алексей.103804@example-shop.ru,marketplace
103805,Алексей,Уфа,mass,2025-05-29 22:04:23,алексей.103805@example-shop.ru,referral
103806,Андрей,Новосибирск,mass,2026-02-03 14:17:52,андрей.103806@example-shop.ru,marketplace
103807,Иван,Москва,standard,2026-02-06 05:38:35,иван.103807@example-shop.ru,social
103808,Анна,Уфа,mass,2026-03-12 22:13:18,анна.103808@example-shop.ru,context
103809,Артём,Пермь,premium,2025-03-21 05:17:16,артём.103809@example-shop.ru,email
103810,Михаил,Воронеж,standard,2025-03-01 05:21:44,михаил.103810@example-shop.ru,social
103811,Дмитрий,Краснодар,standard,2026-06-20 05:26:39,дмитрий.103811@example-shop.ru,marketplace
103812,Сергей,Тюмень,standard,2026-05-18 06:28:33,сергей.103812@example-shop.ru,marketplace
103813,Екатерина,Нижний Новгород,premium,2026-01-17 12:31:47,екатерина.103813@example-shop.ru,social
103814,Сергей,Омск,mass,2026-04-03 13:00:31,сергей.103814@example-shop.ru,social
103815,Ольга,Омск,standard,2026-03-15 09:23:30,ольга.103815@example-shop.ru,context
103816,Мария,Санкт-Петербург,premium,2025-11-11 01:48:26,мария.103816@example-shop.ru,referral
103817,Наталья,Воронеж,standard,2025-09-17 05:53:09,наталья.103817@example-shop.ru,referral
103818,Андрей,Уфа,mass,2026-06-18 04:00:30,андрей.103818@example-shop.ru,referral
103819,Михаил,Уфа,standard,2026-01-04 13:41:16,михаил.103819@example-shop.ru,organic
103820,Ксения,Воронеж,standard,2026-04-26 22:40:36,ксения.103820@example-shop.ru,marketplace
103821,Иван,Казань,mass,2025-04-23 21:37:07,иван.103821@example-shop.ru,context
103822,Алексей,Казань,standard,2025-05-02 08:09:16,алексей.103822@example-shop.ru,organic
103823,Артём,Самара,premium,2025-12-10 05:02:41,артём.103823@example-shop.ru,organic
103824,Анна,Ростов-на-Дону,mass,2026-06-04 22:47:12,анна.103824@example-shop.ru,organic
103825,Виктория,Воронеж,mass,2025-12-05 05:06:06,виктория.103825@example-shop.ru,context
103826,Никита,Воронеж,mass,2025-08-30 09:54:32,никита.103826@example-shop.ru,organic
103827,Максим,Ростов-на-Дону,standard,2025-01-14 13:00:24,максим.103827@example-shop.ru,organic
103828,Артём,Омск,mass,2025-03-26 09:38:46,артём.103828@example-shop.ru,organic
103829,Екатерина,Москва,standard,2025-05-06 19:20:13,екатерина.103829@example-shop.ru,organic
103830,Анна,Омск,mass,2025-04-20 01:10:26,анна.103830@example-shop.ru,marketplace
103831,Ксения,Москва,premium,2026-01-18 18:25:48,ксения.103831@example-shop.ru,social
103832,Дмитрий,Новосибирск,standard,2026-01-08 21:15:51,дмитрий.103832@example-shop.ru,organic
103833,Андрей,Москва,standard,2025-07-26 21:41:53,андрей.103833@example-shop.ru,social
103834,Екатерина,Новосибирск,mass,2026-06-23 05:15:50,екатерина.103834@example-shop.ru,social
103835,Иван,Казань,mass,2025-08-03 12:47:14,иван.103835@example-shop.ru,social
103836,Роман,Москва,standard,2025-08-31 16:09:13,роман.103836@example-shop.ru,context
103837,Анна,Самара,mass,2025-10-14 19:00:55,анна.103837@example-shop.ru,referral
103838,Виктория,Ростов-на-Дону,mass,2025-11-09 08:36:08,виктория.103838@example-shop.ru,organic
103839,Полина,Москва,mass,2025-04-15 04:08:23,полина.103839@example-shop.ru,organic
103840,Полина,Самара,mass,2025-06-13 15:08:01,полина.103840@example-shop.ru,marketplace
103841,Ксения,Москва,standard,2026-01-11 00:13:51,ксения.103841@example-shop.ru,context
103842,Наталья,Москва,mass,2026-04-06 18:35:03,наталья.103842@example-shop.ru,organic
103843,Виктория,Москва,mass,2025-08-19 19:01:48,виктория.103843@example-shop.ru,organic
103844,Максим,Нижний Новгород,mass,2025-03-04 18:14:23,максим.103844@example-shop.ru,referral
103845,Никита,Уфа,mass,2026-04-10 02:13:15,никита.103845@example-shop.ru,organic
103846,Наталья,Нижний Новгород,mass,2025-11-14 07:47:43,наталья.103846@example-shop.ru,context
103847,Дарья,Уфа,premium,2025-08-26 18:10:13,,context
103848,Ольга,Нижний Новгород,premium,2025-11-16 11:45:50,ольга.103848@example-shop.ru,organic
103849,Роман,Уфа,premium,2026-03-25 10:37:56,роман.103849@example-shop.ru,context
103850,Дмитрий,Тюмень,mass,2025-01-01 14:54:27,дмитрий.103850@example-shop.ru,organic
103851,Роман,Казань,mass,2025-07-16 06:32:19,роман.103851@example-shop.ru,context
103852,Алексей,Москва,mass,2026-05-28 14:33:21,алексей.103852@example-shop.ru,organic
103853,Иван,Москва,standard,2025-06-13 22:13:35,иван.103853@example-shop.ru,marketplace
103854,Ольга,Нижний Новгород,standard,2026-06-16 00:23:54,ольга.103854@example-shop.ru,social
103855,Наталья,Новосибирск,standard,2025-06-03 09:14:53,наталья.103855@example-shop.ru,organic
103856,Роман,Москва,mass,2025-09-12 18:33:09,роман.103856@example-shop.ru,organic
103857,Ольга,Воронеж,standard,2025-02-08 03:19:07,ольга.103857@example-shop.ru,referral
103858,Алексей,Омск,vip,2026-01-31 11:23:30,алексей.103858@example-shop.ru,referral
103859,Максим,Санкт-Петербург,mass,2025-05-11 11:59:37,максим.103859@example-shop.ru,context
103860,Сергей,Москва,standard,2026-04-08 13:09:07,сергей.103860@example-shop.ru,organic
103861,Артём,Москва,standard,2025-03-12 17:36:29,артём.103861@example-shop.ru,social
103862,Михаил,Казань,mass,2025-03-05 14:30:04,михаил.103862@example-shop.ru,organic
103863,Дмитрий,Краснодар,premium,2025-09-13 18:00:18,дмитрий.103863@example-shop.ru,organic
103864,Михаил,Нижний Новгород,premium,2025-02-16 02:48:54,михаил.103864@example-shop.ru,context
103865,Михаил,Москва,standard,2025-06-29 09:56:18,михаил.103865@example-shop.ru,email
103866,Дарья,Екатеринбург,mass,2026-01-11 16:10:20,дарья.103866@example-shop.ru,context
103867,Артём,Москва,mass,2025-10-03 02:38:56,артём.103867@example-shop.ru,organic
103868,Андрей,Казань,standard,2025-11-01 22:09:33,андрей.103868@example-shop.ru,organic
103869,Дмитрий,,mass,2025-02-19 10:35:44,дмитрий.103869@example-shop.ru,social
103870,Роман,Самара,mass,2026-01-06 06:28:09,роман.103870@example-shop.ru,social
103871,Алексей,Новосибирск,mass,2025-02-19 16:51:30,алексей.103871@example-shop.ru,referral
103872,Иван,Воронеж,mass,2025-11-08 17:42:51,иван.103872@example-shop.ru,social
103873,Ксения,Москва,standard,2026-03-07 23:15:06,ксения.103873@example-shop.ru,social
103874,Наталья,Уфа,mass,2026-01-31 21:12:15,наталья.103874@example-shop.ru,context
103875,Михаил,Москва,mass,2025-07-12 07:57:40,михаил.103875@example-shop.ru,marketplace
103876,Михаил,Санкт-Петербург,mass,2025-03-26 10:12:47,михаил.103876@example-shop.ru,email
103877,Екатерина,Воронеж,mass,2026-03-29 16:45:16,екатерина.103877@example-shop.ru,context
103878,Дмитрий,Самара,mass,2025-04-28 12:17:06,дмитрий.103878@example-shop.ru,referral
103879,Анна,Москва,mass,2025-09-28 03:35:53,анна.103879@example-shop.ru,organic
103880,Алексей,Екатеринбург,mass,2025-05-10 04:15:46,алексей.103880@example-shop.ru,organic
103881,Ксения,Ростов-на-Дону,mass,2025-01-17 05:36:14,ксения.103881@example-shop.ru,context
103882,Дмитрий,Пермь,standard,2025-08-16 00:04:58,дмитрий.103882@example-shop.ru,email
103883,Виктория,Нижний Новгород,mass,2025-10-27 22:06:48,виктория.103883@example-shop.ru,marketplace
103884,Наталья,Москва,standard,2026-02-18 23:02:57,наталья.103884@example-shop.ru,referral
103885,Анна,Екатеринбург,mass,2026-01-31 13:20:19,анна.103885@example-shop.ru,referral
103886,Сергей,Москва,standard,2026-03-30 02:40:13,сергей.103886@example-shop.ru,organic
103887,Мария,Москва,standard,2026-03-20 14:14:38,мария.103887@example-shop.ru,marketplace
103888,Анна,Нижний Новгород,mass,2025-08-07 16:57:34,анна.103888@example-shop.ru,organic
103889,Иван,Уфа,standard,2025-07-05 22:18:57,иван.103889@example-shop.ru,marketplace
103890,Андрей,Москва,standard,2025-11-25 02:48:40,андрей.103890@example-shop.ru,organic
103891,Виктория,Уфа,mass,2025-09-19 09:39:31,виктория.103891@example-shop.ru,organic
103892,Никита,Ростов-на-Дону,standard,2025-06-10 20:56:00,никита.103892@example-shop.ru,social
103893,Сергей,Ростов-на-Дону,standard,2025-01-18 07:53:52,сергей.103893@example-shop.ru,organic
103894,Дмитрий,Москва,mass,2025-09-17 07:09:42,дмитрий.103894@example-shop.ru,organic
103895,Михаил,Казань,premium,2025-09-13 18:31:08,михаил.103895@example-shop.ru,referral
103896,Никита,Москва,mass,2026-05-28 19:06:34,никита.103896@example-shop.ru,referral
103897,Артём,Москва,standard,2026-03-19 19:44:59,артём.103897@example-shop.ru,context
103898,Алексей,Санкт-Петербург,premium,2025-05-27 18:15:34,алексей.103898@example-shop.ru,social
103899,Максим,Санкт-Петербург,vip,2025-03-02 03:25:55,максим.103899@example-shop.ru,social
103900,Никита,Москва,standard,2026-03-06 10:18:11,никита.103900@example-shop.ru,organic
103901,Артём,Москва,standard,2025-09-23 12:54:04,артём.103901@example-shop.ru,context
103902,Полина,Пермь,mass,2025-01-23 23:54:01,полина.103902@example-shop.ru,social
103903,Артём,Уфа,mass,2026-02-15 19:54:31,артём.103903@example-shop.ru,marketplace
103904,Алексей,Санкт-Петербург,premium,2025-07-08 03:46:40,алексей.103904@example-shop.ru,context
103905,Ксения,Омск,mass,2025-04-04 06:33:48,ксения.103905@example-shop.ru,referral
103906,Дарья,Москва,standard,2025-12-26 00:51:32,дарья.103906@example-shop.ru,social
103907,Роман,Казань,mass,2026-03-04 22:25:41,роман.103907@example-shop.ru,referral
103908,Полина,Краснодар,mass,2026-02-27 22:05:33,полина.103908@example-shop.ru,email
103909,Анна,Екатеринбург,mass,2025-05-30 11:24:33,анна.103909@example-shop.ru,social
103910,Никита,Москва,mass,2025-11-19 17:46:57,никита.103910@example-shop.ru,organic
103911,Дмитрий,Санкт-Петербург,mass,2025-09-11 21:06:48,дмитрий.103911@example-shop.ru,marketplace
103912,Полина,Екатеринбург,mass,2026-04-19 17:25:31,полина.103912@example-shop.ru,social
103913,Анна,Нижний Новгород,vip,2025-04-14 09:44:55,анна.103913@example-shop.ru,social
103914,Виктория,Казань,standard,2026-03-24 07:52:42,виктория.103914@example-shop.ru,social
103915,Дарья,Казань,standard,2025-07-08 17:54:24,дарья.103915@example-shop.ru,organic
103916,Мария,Санкт-Петербург,mass,2025-12-03 12:57:57,мария.103916@example-shop.ru,social
103917,Мария,Новосибирск,mass,2025-10-01 16:26:38,мария.103917@example-shop.ru,social
103918,Андрей,Москва,standard,2025-07-09 17:26:55,андрей.103918@example-shop.ru,context
103919,Мария,Воронеж,mass,2025-05-07 03:25:03,мария.103919@example-shop.ru,organic
103920,Михаил,Ростов-на-Дону,mass,2025-07-18 05:20:00,михаил.103920@example-shop.ru,email
103921,Никита,Казань,premium,2025-11-28 00:59:44,никита.103921@example-shop.ru,context
103922,Михаил,Ростов-на-Дону,mass,2025-12-02 05:28:03,михаил.103922@example-shop.ru,referral
103923,Наталья,Москва,premium,2025-12-06 16:25:48,наталья.103923@example-shop.ru,organic
103924,Сергей,Санкт-Петербург,mass,2025-12-24 19:41:46,сергей.103924@example-shop.ru,social
103925,Михаил,Екатеринбург,mass,2025-01-28 20:57:26,михаил.103925@example-shop.ru,organic
103926,Виктория,Екатеринбург,mass,2025-08-04 01:11:41,виктория.103926@example-shop.ru,referral
103927,Артём,Ростов-на-Дону,premium,2025-06-21 16:10:12,артём.103927@example-shop.ru,social
103928,Анна,Омск,standard,2025-08-05 15:31:39,анна.103928@example-shop.ru,context
103929,Екатерина,Казань,standard,2025-07-28 08:01:40,екатерина.103929@example-shop.ru,marketplace
103930,Роман,Санкт-Петербург,mass,2025-04-07 08:16:43,роман.103930@example-shop.ru,context
103931,Роман,Нижний Новгород,premium,2026-06-10 20:34:50,роман.103931@example-shop.ru,context
103932,Мария,Санкт-Петербург,standard,2025-01-01 03:45:38,мария.103932@example-shop.ru,referral
103933,Роман,Москва,standard,2025-11-21 14:14:13,роман.103933@example-shop.ru,social
103934,Роман,Омск,standard,2025-09-09 12:18:32,роман.103934@example-shop.ru,referral
103935,Анна,Уфа,standard,2026-01-19 08:52:16,анна.103935@example-shop.ru,marketplace
103936,Андрей,Омск,standard,2026-03-29 19:24:12,андрей.103936@example-shop.ru,referral
103937,Артём,Москва,mass,2025-12-20 15:14:07,артём.103937@example-shop.ru,organic
103938,Наталья,Москва,premium,2026-02-22 18:21:34,наталья.103938@example-shop.ru,organic
103939,Роман,Казань,mass,2025-05-30 06:04:43,роман.103939@example-shop.ru,email
103940,Артём,Пермь,vip,2026-06-26 16:44:22,артём.103940@example-shop.ru,organic
103941,Артём,Москва,mass,2025-02-17 13:29:51,артём.103941@example-shop.ru,social
103942,Максим,Москва,mass,2025-12-31 19:49:39,максим.103942@example-shop.ru,marketplace
103943,Никита,Москва,mass,2025-03-21 21:10:32,никита.103943@example-shop.ru,email
103944,Полина,Уфа,standard,2025-05-08 11:34:54,полина.103944@example-shop.ru,organic
103945,Иван,Уфа,mass,2026-03-26 18:25:53,иван.103945@example-shop.ru,referral
103946,Роман,Самара,standard,2026-01-05 03:43:20,роман.103946@example-shop.ru,context
103947,Алексей,Москва,standard,2025-12-12 05:53:02,алексей.103947@example-shop.ru,marketplace
103948,Ольга,Ростов-на-Дону,mass,2026-03-28 12:30:09,ольга.103948@example-shop.ru,social
103949,Полина,Екатеринбург,mass,2025-06-01 17:59:37,полина.103949@example-shop.ru,social
103950,Анна,Москва,standard,2025-12-16 08:14:27,анна.103950@example-shop.ru,organic
103951,Ольга,Санкт-Петербург,premium,2025-04-21 01:10:03,ольга.103951@example-shop.ru,organic
103952,Дмитрий,Екатеринбург,mass,2025-09-20 12:57:10,дмитрий.103952@example-shop.ru,context
103953,Роман,Санкт-Петербург,premium,2025-08-09 15:29:06,роман.103953@example-shop.ru,referral
103954,Наталья,Омск,mass,2025-12-04 02:08:35,наталья.103954@example-shop.ru,social
103955,Виктория,Екатеринбург,standard,2025-02-05 09:40:22,виктория.103955@example-shop.ru,email
103956,Никита,Казань,standard,2025-01-15 01:29:53,никита.103956@example-shop.ru,organic
103957,Артём,Самара,mass,2025-01-18 05:40:41,артём.103957@example-shop.ru,context
103958,Роман,Самара,mass,2025-05-25 11:40:17,роман.103958@example-shop.ru,social
103959,Мария,Москва,standard,2025-11-10 23:11:38,мария.103959@example-shop.ru,referral
103960,Дмитрий,Нижний Новгород,mass,2025-03-27 23:12:13,дмитрий.103960@example-shop.ru,social
103961,Никита,Москва,mass,2026-06-25 05:32:13,никита.103961@example-shop.ru,context
103962,Ксения,Казань,mass,2025-08-14 07:28:26,ксения.103962@example-shop.ru,organic
103963,Екатерина,Ростов-на-Дону,standard,2025-06-15 05:48:03,екатерина.103963@example-shop.ru,referral
103964,Ольга,Новосибирск,mass,2026-05-02 16:55:04,ольга.103964@example-shop.ru,marketplace
103965,Анна,Санкт-Петербург,mass,2025-04-06 11:45:34,анна.103965@example-shop.ru,email
103966,Ксения,Москва,vip,2025-04-13 10:22:44,ксения.103966@example-shop.ru,referral
103967,Дарья,Екатеринбург,standard,2025-07-27 12:43:26,дарья.103967@example-shop.ru,social
103968,Дмитрий,Санкт-Петербург,mass,2025-02-08 16:28:43,дмитрий.103968@example-shop.ru,email
103969,Виктория,Пермь,mass,2026-01-07 08:43:40,виктория.103969@example-shop.ru,email
103970,Михаил,Новосибирск,mass,2026-02-28 10:08:20,михаил.103970@example-shop.ru,organic
103971,Наталья,Воронеж,mass,2025-07-12 16:53:37,наталья.103971@example-shop.ru,context
103972,Никита,Казань,mass,2026-04-19 00:10:17,никита.103972@example-shop.ru,email
103973,Иван,Краснодар,mass,2025-01-04 23:50:20,иван.103973@example-shop.ru,email
103974,Елена,Москва,mass,2025-10-17 14:38:39,елена.103974@example-shop.ru,referral
103975,Мария,Санкт-Петербург,standard,2026-02-02 20:34:14,мария.103975@example-shop.ru,context
103976,Екатерина,Москва,mass,2025-07-25 05:29:26,екатерина.103976@example-shop.ru,email
103977,Михаил,Москва,mass,2026-05-31 21:52:47,михаил.103977@example-shop.ru,organic
103978,Полина,Пермь,premium,2025-08-23 15:23:50,полина.103978@example-shop.ru,organic
103979,Артём,,mass,2026-05-16 08:04:53,артём.103979@example-shop.ru,social
103980,Анна,Нижний Новгород,standard,2025-12-26 03:36:41,анна.103980@example-shop.ru,social
103981,Наталья,Новосибирск,mass,2025-05-06 19:08:22,наталья.103981@example-shop.ru,context
103982,Мария,Новосибирск,standard,2026-03-30 00:46:09,мария.103982@example-shop.ru,social
103983,Екатерина,Нижний Новгород,mass,2025-01-17 18:21:29,екатерина.103983@example-shop.ru,referral
103984,Екатерина,Краснодар,mass,2025-04-14 05:52:50,екатерина.103984@example-shop.ru,organic
103985,Ксения,Нижний Новгород,standard,2026-03-02 00:13:58,ксения.103985@example-shop.ru,context
103986,Максим,Ростов-на-Дону,mass,2026-05-07 17:32:20,максим.103986@example-shop.ru,referral
103987,Максим,Санкт-Петербург,mass,2025-07-31 11:38:13,максим.103987@example-shop.ru,marketplace
103988,Мария,Тюмень,mass,2025-12-25 06:39:43,мария.103988@example-shop.ru,marketplace
103989,Сергей,Москва,mass,2026-01-16 02:47:46,сергей.103989@example-shop.ru,organic
103990,Наталья,Казань,mass,2026-02-07 08:50:25,наталья.103990@example-shop.ru,social
103991,Дарья,Воронеж,mass,2026-05-09 14:14:09,дарья.103991@example-shop.ru,email
103992,Дарья,Москва,mass,2025-02-17 08:48:44,дарья.103992@example-shop.ru,organic
103993,Иван,Москва,standard,2025-04-15 22:53:39,иван.103993@example-shop.ru,social
103994,Елена,Санкт-Петербург,standard,2026-05-16 11:56:54,елена.103994@example-shop.ru,context
103995,Артём,Казань,mass,2025-10-24 19:04:36,артём.103995@example-shop.ru,referral
103996,Максим,Пермь,premium,2025-10-15 20:47:06,максим.103996@example-shop.ru,organic
103997,Алексей,Краснодар,mass,2025-08-08 14:22:06,алексей.103997@example-shop.ru,context
103998,Андрей,Екатеринбург,mass,2025-07-17 08:21:39,андрей.103998@example-shop.ru,context
103999,Роман,Тюмень,standard,2025-05-14 10:10:09,роман.103999@example-shop.ru,context
104000,Артём,Самара,standard,2025-08-06 10:06:01,артём.104000@example-shop.ru,organic
104001,Максим,Воронеж,mass,2025-02-09 23:37:01,максим.104001@example-shop.ru,context
104002,Андрей,Москва,vip,2025-06-09 16:53:06,андрей.104002@example-shop.ru,social
104003,Алексей,Екатеринбург,premium,2026-06-26 11:51:16,алексей.104003@example-shop.ru,organic
104004,Сергей,Москва,mass,2025-03-30 19:40:45,сергей.104004@example-shop.ru,context
104005,Андрей,Москва,standard,2026-02-04 01:25:18,андрей.104005@example-shop.ru,organic
104006,Полина,Ростов-на-Дону,standard,2025-01-19 21:20:17,полина.104006@example-shop.ru,marketplace
104007,Елена,Москва,premium,2026-02-04 22:22:54,елена.104007@example-shop.ru,organic
104008,Екатерина,Новосибирск,standard,2025-05-25 02:27:31,екатерина.104008@example-shop.ru,social
104009,Анна,Самара,mass,2026-01-18 19:01:01,анна.104009@example-shop.ru,context
104010,Иван,Москва,standard,2025-09-28 15:40:52,иван.104010@example-shop.ru,context
104011,Ольга,Екатеринбург,mass,2026-02-27 17:11:39,ольга.104011@example-shop.ru,email
104012,Ксения,Самара,standard,2025-12-30 09:13:44,ксения.104012@example-shop.ru,referral
104013,Екатерина,Воронеж,standard,2025-11-01 03:29:50,екатерина.104013@example-shop.ru,social
104014,Наталья,Санкт-Петербург,standard,2026-02-04 16:10:20,наталья.104014@example-shop.ru,organic
104015,Елена,Тюмень,mass,2026-06-11 09:45:29,елена.104015@example-shop.ru,organic
104016,Иван,Краснодар,mass,2025-11-21 14:30:04,иван.104016@example-shop.ru,organic
104017,Елена,Самара,standard,2025-04-05 18:14:18,елена.104017@example-shop.ru,context
104018,Анна,Казань,mass,2025-03-05 06:05:34,анна.104018@example-shop.ru,marketplace
104019,Анна,Ростов-на-Дону,mass,2025-10-26 10:42:19,анна.104019@example-shop.ru,context
104020,Екатерина,Краснодар,mass,2025-08-24 04:39:19,екатерина.104020@example-shop.ru,context
104021,Иван,Санкт-Петербург,premium,2025-11-28 15:53:51,иван.104021@example-shop.ru,organic
104022,Алексей,Тюмень,mass,2025-12-30 17:39:54,алексей.104022@example-shop.ru,context
104023,Артём,Пермь,standard,2025-04-12 21:25:21,артём.104023@example-shop.ru,organic
104024,Елена,Екатеринбург,mass,2026-02-10 00:44:17,елена.104024@example-shop.ru,context
104025,Наталья,Ростов-на-Дону,premium,2026-06-25 06:37:27,наталья.104025@example-shop.ru,marketplace
104026,Иван,Новосибирск,mass,2025-06-26 20:32:57,иван.104026@example-shop.ru,social
104027,Дмитрий,Уфа,mass,2026-05-22 03:52:24,дмитрий.104027@example-shop.ru,organic
104028,Сергей,Краснодар,mass,2026-05-22 00:00:46,сергей.104028@example-shop.ru,context
104029,Екатерина,Москва,mass,2025-08-17 02:39:53,екатерина.104029@example-shop.ru,social
104030,Сергей,Москва,premium,2026-03-10 11:35:25,сергей.104030@example-shop.ru,organic
104031,Артём,Санкт-Петербург,standard,2026-05-24 03:31:15,артём.104031@example-shop.ru,marketplace
104032,Артём,Пермь,standard,2026-04-10 04:38:26,артём.104032@example-shop.ru,social
104033,Елена,Казань,standard,2025-07-31 19:02:31,елена.104033@example-shop.ru,social
104034,Елена,Воронеж,standard,2025-12-30 06:24:30,елена.104034@example-shop.ru,referral
104035,Сергей,Екатеринбург,vip,2025-11-19 22:45:38,сергей.104035@example-shop.ru,organic
104036,Алексей,Санкт-Петербург,standard,2025-08-14 11:59:13,алексей.104036@example-shop.ru,organic
104037,Екатерина,Пермь,mass,2025-12-15 12:44:35,екатерина.104037@example-shop.ru,social
104038,Михаил,Новосибирск,mass,2026-05-25 02:55:26,михаил.104038@example-shop.ru,organic
104039,Максим,Санкт-Петербург,standard,2025-01-15 04:18:40,максим.104039@example-shop.ru,organic
104040,Ольга,Москва,standard,2026-05-07 06:54:11,,marketplace
104041,Максим,Москва,standard,2025-07-20 14:09:54,максим.104041@example-shop.ru,email
104042,Екатерина,Москва,mass,2026-03-28 12:27:29,екатерина.104042@example-shop.ru,organic
104043,Дарья,Санкт-Петербург,standard,2025-02-28 18:30:40,дарья.104043@example-shop.ru,marketplace
104044,Иван,Нижний Новгород,mass,2026-05-01 15:56:34,иван.104044@example-shop.ru,organic
104045,Сергей,Санкт-Петербург,mass,2025-09-02 04:19:08,сергей.104045@example-shop.ru,email
104046,Алексей,Москва,premium,2026-05-15 13:16:09,алексей.104046@example-shop.ru,context
104047,Наталья,Санкт-Петербург,standard,2025-08-22 03:06:16,наталья.104047@example-shop.ru,social
104048,Дмитрий,Казань,mass,2026-02-11 18:21:10,дмитрий.104048@example-shop.ru,referral
104049,Максим,Тюмень,mass,2025-11-21 21:14:26,максим.104049@example-shop.ru,organic
104050,Наталья,Казань,standard,2025-04-20 04:23:50,наталья.104050@example-shop.ru,marketplace
104051,Максим,Москва,mass,2025-05-16 21:31:29,максим.104051@example-shop.ru,organic
104052,Ольга,Нижний Новгород,mass,2025-10-21 12:11:53,ольга.104052@example-shop.ru,marketplace
104053,Дарья,Пермь,standard,2025-09-23 06:51:54,дарья.104053@example-shop.ru,organic
104054,Андрей,Уфа,standard,2025-12-02 17:12:03,,organic
104055,Алексей,Краснодар,mass,2026-03-16 17:20:26,алексей.104055@example-shop.ru,organic
104056,Ольга,Пермь,mass,2026-02-26 11:43:29,ольга.104056@example-shop.ru,context
104057,Андрей,Нижний Новгород,standard,2025-02-01 22:30:15,андрей.104057@example-shop.ru,social
104058,Артём,Тюмень,mass,2025-09-27 20:31:32,артём.104058@example-shop.ru,social
104059,Дмитрий,Москва,mass,2025-03-22 19:06:15,дмитрий.104059@example-shop.ru,email
104060,Виктория,Краснодар,mass,2025-10-07 12:21:16,виктория.104060@example-shop.ru,social
104061,Иван,Краснодар,mass,2025-10-20 02:05:07,иван.104061@example-shop.ru,social
104062,Алексей,Пермь,standard,2026-06-27 13:59:25,алексей.104062@example-shop.ru,context
104063,Михаил,Екатеринбург,mass,2025-07-31 15:51:33,михаил.104063@example-shop.ru,referral
104064,Артём,Уфа,vip,2025-09-04 10:50:40,артём.104064@example-shop.ru,marketplace
104065,Дарья,Москва,mass,2025-10-06 18:19:50,дарья.104065@example-shop.ru,context
104066,Максим,Нижний Новгород,standard,2025-03-12 20:31:43,максим.104066@example-shop.ru,context
104067,Ксения,Санкт-Петербург,mass,2025-02-02 15:40:23,ксения.104067@example-shop.ru,context
104068,Сергей,Нижний Новгород,standard,2026-01-22 18:39:50,сергей.104068@example-shop.ru,organic
104069,Роман,Самара,premium,2025-06-13 20:06:36,роман.104069@example-shop.ru,social
104070,Иван,Санкт-Петербург,mass,2025-07-17 14:02:41,ИВАН.104070@EXAMPLE-SHOP.RU,organic
104071,Мария,Москва,mass,2026-06-25 18:15:10,мария.104071@example-shop.ru,email
104072,Дарья,Санкт-Петербург,premium,2025-05-16 10:53:21,дарья.104072@example-shop.ru,organic
104073,Андрей,Самара,premium,2026-05-08 18:15:25,андрей.104073@example-shop.ru,organic
104074,Никита,Самара,vip,2025-12-09 12:16:57,никита.104074@example-shop.ru,organic
104075,Максим,Ростов-на-Дону,mass,2025-05-25 12:00:51,максим.104075@example-shop.ru,context
104076,Алексей,Москва,mass,2026-06-05 03:07:44,алексей.104076@example-shop.ru,email
104077,Полина,Краснодар,mass,2025-12-06 03:02:41,полина.104077@example-shop.ru,marketplace
104078,Михаил,Самара,standard,2025-06-20 11:32:23,михаил.104078@example-shop.ru,context
104079,Дмитрий,Москва,mass,2025-09-03 23:44:22,дмитрий.104079@example-shop.ru,organic
104080,Дарья,Санкт-Петербург,mass,2025-07-22 21:18:28,ДАРЬЯ.104080@EXAMPLE-SHOP.RU,referral
104081,Никита,Екатеринбург,standard,2026-04-06 18:41:18,никита.104081@example-shop.ru,referral
104082,Елена,Санкт-Петербург,mass,2025-09-11 16:36:34,елена.104082@example-shop.ru,referral
104083,Дарья,Москва,standard,2025-01-21 01:45:13,дарья.104083@example-shop.ru,context
104084,Дарья,Москва,mass,2026-01-10 22:58:02,дарья.104084@example-shop.ru,social
104085,Артём,Москва,premium,2026-02-17 12:42:32,артём.104085@example-shop.ru,organic
104086,Михаил,Москва,mass,2025-08-04 19:00:39,михаил.104086@example-shop.ru,organic
104087,Елена,Санкт-Петербург,standard,2026-05-18 09:57:02,елена.104087@example-shop.ru,marketplace
104088,Никита,Краснодар,mass,2025-08-20 16:10:27,никита.104088@example-shop.ru,organic
104089,Полина,Новосибирск,mass,2025-05-24 22:46:42,полина.104089@example-shop.ru,context
104090,Полина,Казань,mass,2026-01-17 23:50:33,полина.104090@example-shop.ru,organic
104091,Роман,Самара,premium,2025-03-11 14:07:15,роман.104091@example-shop.ru,organic
104092,Алексей,Новосибирск,mass,2026-06-21 21:34:00,алексей.104092@example-shop.ru,marketplace
104093,Ольга,Москва,mass,2026-01-08 10:19:18,ольга.104093@example-shop.ru,organic
104094,Сергей,Москва,standard,2025-06-22 11:52:23,сергей.104094@example-shop.ru,social
104095,Полина,Москва,mass,2025-02-14 13:02:14,полина.104095@example-shop.ru,email
104096,Артём,Нижний Новгород,mass,2025-11-16 00:05:00,артём.104096@example-shop.ru,organic
104097,Артём,Екатеринбург,mass,2025-11-16 15:48:56,артём.104097@example-shop.ru,organic
104098,Иван,Казань,mass,2026-03-09 22:48:24,иван.104098@example-shop.ru,context
104099,Дарья,Новосибирск,mass,2025-06-04 13:11:26,дарья.104099@example-shop.ru,organic
104100,Максим,Тюмень,mass,2025-04-26 14:38:00,максим.104100@example-shop.ru,organic
104101,Мария,Санкт-Петербург,mass,2025-08-13 22:46:52,мария.104101@example-shop.ru,social
104102,Полина,Новосибирск,mass,2026-03-22 23:36:51,полина.104102@example-shop.ru,organic
104103,Анна,Екатеринбург,standard,2026-05-10 21:26:47,анна.104103@example-shop.ru,social
104104,Алексей,Ростов-на-Дону,standard,2025-07-13 10:29:33,алексей.104104@example-shop.ru,marketplace
104105,Мария,Ростов-на-Дону,mass,2025-01-26 23:02:35,мария.104105@example-shop.ru,organic
104106,Наталья,Ростов-на-Дону,mass,2025-03-02 12:10:47,наталья.104106@example-shop.ru,organic
104107,Иван,Москва,standard,2025-10-24 17:03:19,иван.104107@example-shop.ru,organic
104108,Андрей,Екатеринбург,mass,2025-01-14 13:43:40,андрей.104108@example-shop.ru,organic
104109,Артём,Краснодар,premium,2026-01-30 12:02:07,артём.104109@example-shop.ru,context
104110,Максим,Казань,mass,2025-01-19 00:46:33,максим.104110@example-shop.ru,social
104111,Алексей,Тюмень,mass,2025-08-19 21:16:01,алексей.104111@example-shop.ru,organic
104112,Наталья,Санкт-Петербург,mass,2026-03-11 17:09:44,наталья.104112@example-shop.ru,context
104113,Анна,Екатеринбург,standard,2025-09-12 23:54:10,анна.104113@example-shop.ru,organic
104114,Полина,Екатеринбург,mass,2026-01-03 20:11:49,полина.104114@example-shop.ru,referral
104115,Елена,Казань,mass,2025-07-01 22:26:28,елена.104115@example-shop.ru,context
104116,Наталья,Краснодар,mass,2026-03-09 10:51:03,наталья.104116@example-shop.ru,referral
104117,Алексей,Москва,standard,2025-08-21 13:13:10,алексей.104117@example-shop.ru,social
104118,Иван,Новосибирск,mass,2026-02-15 08:33:26,иван.104118@example-shop.ru,context
104119,Дмитрий,Нижний Новгород,standard,2026-06-03 22:13:59,дмитрий.104119@example-shop.ru,social
104120,Мария,Краснодар,mass,2025-07-27 15:09:26,мария.104120@example-shop.ru,organic
104121,Роман,Нижний Новгород,mass,2025-05-07 10:09:35,роман.104121@example-shop.ru,referral
104122,Никита,Омск,mass,2026-05-24 11:52:57,никита.104122@example-shop.ru,context
104123,Полина,Воронеж,vip,2026-01-07 02:00:43,полина.104123@example-shop.ru,social
104124,Елена,Санкт-Петербург,mass,2026-04-24 11:31:41,елена.104124@example-shop.ru,social
104125,Дарья,Краснодар,mass,2025-07-26 05:18:57,дарья.104125@example-shop.ru,social
104126,Артём,Омск,premium,2025-07-09 20:26:21,артём.104126@example-shop.ru,referral
104127,Алексей,Санкт-Петербург,mass,2025-03-09 14:38:11,алексей.104127@example-shop.ru,organic
104128,Мария,Нижний Новгород,mass,2026-02-26 06:04:06,мария.104128@example-shop.ru,social
104129,Артём,Санкт-Петербург,mass,2026-04-06 01:42:59,артём.104129@example-shop.ru,organic
104130,Сергей,Самара,standard,2026-03-23 17:07:44,сергей.104130@example-shop.ru,organic
104131,Алексей,Москва,mass,2025-06-08 16:32:41,алексей.104131@example-shop.ru,organic
104132,Никита,Ростов-на-Дону,premium,2025-09-24 05:06:51,никита.104132@example-shop.ru,social
104133,Роман,Казань,standard,2025-09-26 18:25:49,роман.104133@example-shop.ru,social
104134,Артём,Нижний Новгород,mass,2025-03-07 15:04:45,артём.104134@example-shop.ru,email
104135,Полина,Москва,mass,2025-01-01 02:08:32,полина.104135@example-shop.ru,social
104136,Полина,Самара,standard,2025-07-02 01:27:47,полина.104136@example-shop.ru,referral
104137,Полина,Екатеринбург,premium,2025-10-06 02:59:39,полина.104137@example-shop.ru,marketplace
104138,Елена,Нижний Новгород,premium,2026-06-23 21:39:05,елена.104138@example-shop.ru,organic
104139,Ксения,Санкт-Петербург,mass,2026-04-22 05:06:31,ксения.104139@example-shop.ru,referral
104140,Артём,Москва,standard,2026-01-26 04:26:04,артём.104140@example-shop.ru,context
104141,Роман,Казань,standard,2026-06-09 16:51:42,роман.104141@example-shop.ru,organic
104142,Ксения,Омск,premium,2026-02-27 05:13:05,ксения.104142@example-shop.ru,marketplace
104143,Анна,Москва,mass,2025-10-14 19:18:03,анна.104143@example-shop.ru,organic
104144,Сергей,Самара,standard,2026-05-12 23:58:11,сергей.104144@example-shop.ru,marketplace
104145,Иван,Москва,standard,2026-05-17 08:13:40,иван.104145@example-shop.ru,email
104146,Елена,Ростов-на-Дону,premium,2025-04-21 12:08:18,елена.104146@example-shop.ru,marketplace
104147,Сергей,Москва,standard,2025-06-04 00:55:21,сергей.104147@example-shop.ru,social
104148,Ксения,Екатеринбург,premium,2026-06-12 18:43:28,ксения.104148@example-shop.ru,social
104149,Ксения,Санкт-Петербург,mass,2025-01-04 02:39:58,ксения.104149@example-shop.ru,context
104150,Ольга,Москва,mass,2025-10-10 09:17:50,ольга.104150@example-shop.ru,context
104151,Максим,Санкт-Петербург,mass,2025-07-28 15:12:02,максим.104151@example-shop.ru,email
104152,Артём,Санкт-Петербург,standard,2026-02-10 20:23:42,артём.104152@example-shop.ru,context
104153,Никита,Новосибирск,mass,2026-06-07 06:05:30,никита.104153@example-shop.ru,social
104154,Полина,Тюмень,standard,2025-06-23 10:11:27,полина.104154@example-shop.ru,marketplace
104155,Дмитрий,Екатеринбург,vip,2025-05-01 03:12:38,дмитрий.104155@example-shop.ru,context
104156,Анна,Пермь,premium,2025-06-29 12:38:33,анна.104156@example-shop.ru,email
104157,Роман,Екатеринбург,standard,2026-01-26 00:24:41,роман.104157@example-shop.ru,organic
104158,Максим,Москва,standard,2025-07-15 23:33:52,максим.104158@example-shop.ru,organic
104159,Анна,Москва,mass,2025-12-17 02:30:11,анна.104159@example-shop.ru,social
104160,Алексей,Казань,mass,2025-07-09 16:36:36,алексей.104160@example-shop.ru,context
104161,Сергей,Санкт-Петербург,mass,2026-02-08 12:50:38,сергей.104161@example-shop.ru,email
104162,Ольга,Воронеж,standard,2025-02-04 01:32:30,ольга.104162@example-shop.ru,organic
104163,Виктория,Самара,mass,2025-07-06 17:24:14,виктория.104163@example-shop.ru,organic
104164,Дмитрий,Новосибирск,mass,2025-06-18 17:13:55,дмитрий.104164@example-shop.ru,email
104165,Роман,Екатеринбург,standard,2025-11-22 20:43:01,роман.104165@example-shop.ru,social
104166,Екатерина,Казань,mass,2025-12-19 19:44:23,екатерина.104166@example-shop.ru,social
104167,Наталья,Нижний Новгород,premium,2026-02-01 06:57:43,наталья.104167@example-shop.ru,organic
104168,Анна,Москва,mass,2026-05-07 13:48:21,анна.104168@example-shop.ru,marketplace
104169,Артём,Москва,premium,2026-03-10 23:21:30,артём.104169@example-shop.ru,marketplace
104170,Екатерина,Санкт-Петербург,mass,2025-01-23 16:58:57,екатерина.104170@example-shop.ru,social
104171,Ольга,Москва,standard,2026-01-05 07:31:44,ольга.104171@example-shop.ru,organic
104172,Елена,Самара,standard,2025-01-10 01:29:55,елена.104172@example-shop.ru,marketplace
104173,Артём,Москва,mass,2025-08-14 09:35:05,артём.104173@example-shop.ru,marketplace
104174,Ольга,Москва,mass,2025-11-19 20:34:49,ольга.104174@example-shop.ru,social
104175,Сергей,Пермь,premium,2025-06-23 22:38:50,сергей.104175@example-shop.ru,social
104176,Максим,Тюмень,mass,2026-01-17 07:44:23,максим.104176@example-shop.ru,context
104177,Максим,Екатеринбург,standard,2026-03-10 20:05:01,максим.104177@example-shop.ru,organic
104178,Роман,Екатеринбург,mass,2025-11-28 11:45:36,роман.104178@example-shop.ru,referral
104179,Наталья,Уфа,standard,2025-10-14 01:47:54,наталья.104179@example-shop.ru,referral
104180,Наталья,Москва,mass,2026-06-15 07:24:24,наталья.104180@example-shop.ru,social
104181,Екатерина,Казань,standard,2025-12-22 12:40:34,екатерина.104181@example-shop.ru,email
104182,Ольга,Москва,standard,2025-05-05 17:35:49,ольга.104182@example-shop.ru,context
104183,Иван,Казань,mass,2025-12-24 18:33:16,иван.104183@example-shop.ru,email
104184,Ксения,Тюмень,mass,2025-09-20 06:40:54,ксения.104184@example-shop.ru,organic
104185,Мария,Ростов-на-Дону,premium,2025-01-13 22:51:13,мария.104185@example-shop.ru,marketplace
104186,Виктория,Тюмень,standard,2026-05-15 03:59:53,виктория.104186@example-shop.ru,organic
104187,Елена,Ростов-на-Дону,vip,2026-03-10 16:57:00,елена.104187@example-shop.ru,organic
104188,Дмитрий,Нижний Новгород,standard,2025-12-03 12:51:51,дмитрий.104188@example-shop.ru,social
104189,Алексей,Ростов-на-Дону,standard,2026-01-02 18:42:36,алексей.104189@example-shop.ru,organic
104190,Никита,Самара,standard,2025-11-11 12:45:19,никита.104190@example-shop.ru,organic
104191,Сергей,Екатеринбург,premium,2025-07-06 23:48:10,сергей.104191@example-shop.ru,referral
104192,Максим,Санкт-Петербург,mass,2026-05-24 09:34:07,максим.104192@example-shop.ru,context
104193,Роман,Новосибирск,mass,2025-10-29 11:49:06,роман.104193@example-shop.ru,email
104194,Алексей,Санкт-Петербург,premium,2025-07-04 16:50:55,алексей.104194@example-shop.ru,organic
104195,Виктория,Екатеринбург,premium,2026-01-09 04:43:16,виктория.104195@example-shop.ru,context
104196,Наталья,Москва,mass,2025-03-27 15:51:35,наталья.104196@example-shop.ru,context
104197,Виктория,Новосибирск,mass,2025-06-24 03:36:55,виктория.104197@example-shop.ru,social
104198,Иван,Москва,standard,2025-03-12 10:20:24,иван.104198@example-shop.ru,context
104199,Полина,Санкт-Петербург,standard,2025-02-16 08:45:40,полина.104199@example-shop.ru,context
104200,Дмитрий,Екатеринбург,mass,2026-03-24 22:05:22,дмитрий.104200@example-shop.ru,context
104201,Екатерина,Москва,standard,2025-08-27 05:05:43,екатерина.104201@example-shop.ru,organic
104202,Роман,Омск,mass,2026-04-13 00:53:05,роман.104202@example-shop.ru,social
104203,Максим,Екатеринбург,mass,2025-12-14 10:22:38,максим.104203@example-shop.ru,context
104204,Иван,Санкт-Петербург,standard,2025-05-08 11:07:43,,context
104205,Елена,Москва,mass,2025-04-26 04:54:55,елена.104205@example-shop.ru,organic
104206,Андрей,Краснодар,standard,2025-09-07 02:29:35,андрей.104206@example-shop.ru,marketplace
104207,Никита,Нижний Новгород,mass,2025-02-21 15:28:31,никита.104207@example-shop.ru,organic
104208,Никита,Казань,standard,2025-11-15 17:51:38,никита.104208@example-shop.ru,marketplace
104209,Дмитрий,Москва,mass,2025-09-08 08:44:26,дмитрий.104209@example-shop.ru,organic
104210,Михаил,Ростов-на-Дону,premium,2025-03-17 18:33:57,михаил.104210@example-shop.ru,marketplace
104211,Анна,Омск,standard,2025-10-13 23:04:24,анна.104211@example-shop.ru,context
104212,Роман,Казань,mass,2026-04-08 14:26:34,роман.104212@example-shop.ru,social
104213,Сергей,Москва,vip,2026-05-11 05:56:13,сергей.104213@example-shop.ru,context
104214,Роман,Москва,mass,2025-08-17 06:55:39,роман.104214@example-shop.ru,marketplace
104215,Екатерина,Москва,mass,2025-02-09 20:45:57,екатерина.104215@example-shop.ru,context
104216,Полина,Ростов-на-Дону,premium,2026-04-16 14:14:12,полина.104216@example-shop.ru,referral
104217,Наталья,Тюмень,premium,2025-10-28 07:15:31,наталья.104217@example-shop.ru,organic
104218,Максим,Тюмень,standard,2026-02-19 05:48:09,максим.104218@example-shop.ru,social
104219,Артём,Уфа,vip,2025-01-25 15:28:05,артём.104219@example-shop.ru,referral
104220,Анна,Москва,mass,2025-06-10 18:00:06,анна.104220@example-shop.ru,context
104221,Иван,Тюмень,mass,2025-06-05 15:42:29,иван.104221@example-shop.ru,social
104222,Артём,Санкт-Петербург,mass,2026-01-26 12:47:26,артём.104222@example-shop.ru,email
104223,Андрей,Санкт-Петербург,mass,2026-01-07 05:57:33,андрей.104223@example-shop.ru,social
104224,Артём,Самара,standard,2026-02-08 16:25:18,артём.104224@example-shop.ru,organic
104225,Дарья,Москва,mass,2025-08-05 10:43:40,дарья.104225@example-shop.ru,context
104226,Анна,Краснодар,standard,2025-06-19 15:19:15,,referral
104227,Сергей,Тюмень,mass,2025-04-14 02:49:29,сергей.104227@example-shop.ru,organic
104228,Михаил,Уфа,mass,2025-05-19 06:51:41,михаил.104228@example-shop.ru,social
104229,Максим,Уфа,standard,2025-03-31 11:46:18,максим.104229@example-shop.ru,organic
104230,Алексей,Казань,mass,2026-03-25 18:26:07,,marketplace
104231,Мария,Москва,standard,2026-01-05 07:06:34,мария.104231@example-shop.ru,social
104232,Никита,Уфа,standard,2026-01-05 11:21:51,никита.104232@example-shop.ru,context
104233,Михаил,Нижний Новгород,standard,2026-04-28 19:52:03,михаил.104233@example-shop.ru,email
104234,Елена,Пермь,premium,2026-02-08 01:37:04,елена.104234@example-shop.ru,email
104235,Елена,Москва,premium,2025-06-24 16:51:26,елена.104235@example-shop.ru,organic
104236,Алексей,Санкт-Петербург,mass,2025-06-20 14:45:45,алексей.104236@example-shop.ru,context
104237,Никита,Санкт-Петербург,standard,2025-03-11 08:54:57,никита.104237@example-shop.ru,context
104238,Иван,Самара,mass,2026-01-29 14:17:52,иван.104238@example-shop.ru,context
104239,Дарья,Уфа,mass,2026-04-22 12:12:56,дарья.104239@example-shop.ru,context
104240,Дмитрий,Омск,standard,2026-01-25 07:07:47,дмитрий.104240@example-shop.ru,context
104241,Максим,Санкт-Петербург,standard,2025-09-14 11:30:46,максим.104241@example-shop.ru,organic
104242,Елена,Екатеринбург,premium,2025-07-01 15:14:09,елена.104242@example-shop.ru,organic
104243,Андрей,Москва,standard,2025-08-27 20:25:06,андрей.104243@example-shop.ru,organic
104244,Алексей,Санкт-Петербург,standard,2025-05-28 09:37:02,алексей.104244@example-shop.ru,organic
104245,Ольга,Казань,standard,2025-04-01 04:07:00,ольга.104245@example-shop.ru,social
104246,Елена,Нижний Новгород,mass,2025-08-24 02:38:40,елена.104246@example-shop.ru,organic
104247,Елена,Екатеринбург,mass,2025-05-10 00:20:35,елена.104247@example-shop.ru,organic
104248,Анна,Санкт-Петербург,mass,2026-02-07 19:19:33,анна.104248@example-shop.ru,email
104249,Никита,Нижний Новгород,standard,2026-05-10 01:09:22,никита.104249@example-shop.ru,social
104250,Ольга,Краснодар,mass,2025-04-16 12:07:27,ольга.104250@example-shop.ru,marketplace
104251,Сергей,Москва,mass,2025-01-04 06:56:49,сергей.104251@example-shop.ru,marketplace
104252,Ольга,Санкт-Петербург,mass,2026-04-22 11:21:07,ольга.104252@example-shop.ru,social
104253,Полина,Ростов-на-Дону,standard,2025-06-10 04:32:41,полина.104253@example-shop.ru,email
104254,Максим,Уфа,mass,2025-05-20 03:00:37,максим.104254@example-shop.ru,organic
104255,Максим,Краснодар,mass,2026-04-12 04:18:04,максим.104255@example-shop.ru,referral
104256,Максим,Москва,mass,2026-04-03 14:24:31,максим.104256@example-shop.ru,social
104257,Максим,Новосибирск,mass,2025-11-13 10:36:44,максим.104257@example-shop.ru,referral
104258,Мария,Пермь,mass,2025-03-26 21:59:20,мария.104258@example-shop.ru,organic
104259,Михаил,,premium,2026-01-20 12:44:29,михаил.104259@example-shop.ru,marketplace
104260,Алексей,Казань,mass,2026-02-07 23:53:03,алексей.104260@example-shop.ru,context
104261,Дмитрий,Тюмень,mass,2025-08-30 14:44:09,дмитрий.104261@example-shop.ru,email
104262,Дмитрий,Москва,standard,2025-11-02 23:02:44,дмитрий.104262@example-shop.ru,marketplace
104263,Елена,Ростов-на-Дону,standard,2025-10-20 08:40:59,елена.104263@example-shop.ru,marketplace
104264,Дарья,Краснодар,mass,2025-12-27 11:53:00,дарья.104264@example-shop.ru,context
104265,Виктория,Москва,mass,2025-10-09 00:37:07,виктория.104265@example-shop.ru,context
104266,Полина,Ростов-на-Дону,premium,2026-06-15 21:42:24,полина.104266@example-shop.ru,social
104267,Ольга,Екатеринбург,premium,2025-01-20 04:16:35,ольга.104267@example-shop.ru,social
104268,Никита,Краснодар,mass,2025-01-29 15:27:25,никита.104268@example-shop.ru,context
104269,Алексей,Пермь,standard,2025-03-24 09:21:57,алексей.104269@example-shop.ru,referral
104270,Артём,Воронеж,mass,2025-03-23 06:34:50,артём.104270@example-shop.ru,marketplace
104271,Дарья,Москва,mass,2025-09-29 19:38:33,дарья.104271@example-shop.ru,context
104272,Артём,Ростов-на-Дону,mass,2025-02-13 02:25:45,артём.104272@example-shop.ru,organic
104273,Никита,Пермь,standard,2025-04-15 04:56:07,никита.104273@example-shop.ru,referral
104274,Максим,Нижний Новгород,mass,2025-10-11 04:51:05,максим.104274@example-shop.ru,social
104275,Алексей,Нижний Новгород,mass,2026-05-06 07:06:49,алексей.104275@example-shop.ru,marketplace
104276,Дарья,Москва,mass,2026-03-14 12:43:07,дарья.104276@example-shop.ru,referral
104277,Мария,Краснодар,mass,2025-04-29 02:54:12,МАРИЯ.104277@EXAMPLE-SHOP.RU,context
104278,Дарья,Москва,mass,2025-01-30 21:06:29,дарья.104278@example-shop.ru,social
104279,Роман,Санкт-Петербург,mass,2026-02-07 17:56:07,роман.104279@example-shop.ru,email
104280,Андрей,Пермь,standard,2026-03-01 18:38:21,андрей.104280@example-shop.ru,context
104281,Наталья,Омск,mass,2026-05-22 07:46:11,наталья.104281@example-shop.ru,organic
104282,Ксения,Тюмень,mass,2025-08-25 00:22:12,ксения.104282@example-shop.ru,social
104283,Анна,Екатеринбург,standard,2025-02-01 20:14:56,анна.104283@example-shop.ru,organic
104284,Сергей,Москва,mass,2026-05-29 01:53:12,сергей.104284@example-shop.ru,marketplace
104285,Иван,Екатеринбург,mass,2025-06-06 14:47:41,иван.104285@example-shop.ru,organic
104286,Дарья,Москва,premium,2025-07-28 13:39:54,дарья.104286@example-shop.ru,context
104287,Роман,Воронеж,standard,2025-08-14 17:57:49,роман.104287@example-shop.ru,marketplace
104288,Андрей,Новосибирск,mass,2026-06-21 14:32:28,андрей.104288@example-shop.ru,organic
104289,Дарья,Казань,mass,2025-07-16 20:15:11,дарья.104289@example-shop.ru,organic
104290,Максим,Москва,mass,2025-10-31 07:18:06,максим.104290@example-shop.ru,organic
104291,Мария,Казань,mass,2025-10-02 19:27:42,мария.104291@example-shop.ru,marketplace
104292,Никита,Воронеж,premium,2026-06-24 13:06:38,никита.104292@example-shop.ru,marketplace
104293,Наталья,Ростов-на-Дону,standard,2026-06-04 00:34:37,наталья.104293@example-shop.ru,context
104294,Мария,Москва,mass,2025-12-11 09:04:05,мария.104294@example-shop.ru,referral
104295,Никита,Москва,mass,2025-02-27 16:12:31,никита.104295@example-shop.ru,referral
104296,Полина,Казань,mass,2025-07-08 18:04:19,полина.104296@example-shop.ru,organic
104297,Сергей,Москва,mass,2025-12-29 23:55:03,сергей.104297@example-shop.ru,organic
104298,Дарья,Пермь,mass,2026-03-14 20:35:08,дарья.104298@example-shop.ru,marketplace
104299,Алексей,Самара,mass,2026-02-14 18:11:05,алексей.104299@example-shop.ru,organic
104300,Мария,Москва,premium,2025-09-23 09:26:18,мария.104300@example-shop.ru,social
104301,Елена,Уфа,standard,2026-01-01 11:05:51,,organic
104302,Екатерина,Санкт-Петербург,premium,2025-06-18 07:12:30,екатерина.104302@example-shop.ru,social
104303,Иван,Москва,premium,2025-12-13 14:08:28,иван.104303@example-shop.ru,organic
104304,Алексей,Новосибирск,premium,2025-09-18 16:37:37,алексей.104304@example-shop.ru,organic
104305,Екатерина,Москва,vip,2026-01-08 15:49:18,екатерина.104305@example-shop.ru,organic
104306,Дарья,Екатеринбург,mass,2026-04-21 04:37:00,дарья.104306@example-shop.ru,marketplace
104307,Роман,Краснодар,mass,2026-03-23 22:11:34,роман.104307@example-shop.ru,organic
104308,Дарья,Пермь,mass,2026-02-04 02:34:50,дарья.104308@example-shop.ru,context
104309,Андрей,Санкт-Петербург,standard,2026-02-23 11:39:58,андрей.104309@example-shop.ru,context
104310,Михаил,Самара,standard,2025-04-05 16:53:46,михаил.104310@example-shop.ru,context
104311,Артём,Москва,mass,2025-04-11 18:23:48,артём.104311@example-shop.ru,email
104312,Ксения,Новосибирск,standard,2026-04-03 00:51:34,ксения.104312@example-shop.ru,context
104313,Максим,Санкт-Петербург,standard,2025-10-22 19:04:39,максим.104313@example-shop.ru,social
104314,Мария,Новосибирск,standard,2025-08-24 02:57:17,мария.104314@example-shop.ru,social
104315,Дарья,Москва,mass,2025-12-29 10:32:27,дарья.104315@example-shop.ru,email
104316,Елена,Омск,mass,2025-02-15 03:55:11,елена.104316@example-shop.ru,email
104317,Полина,Воронеж,mass,2025-03-31 23:23:03,полина.104317@example-shop.ru,organic
104318,Сергей,Санкт-Петербург,mass,2025-03-22 05:00:40,сергей.104318@example-shop.ru,email
104319,Ксения,Уфа,standard,2025-11-05 12:48:29,ксения.104319@example-shop.ru,email
104320,Алексей,Москва,mass,2025-02-06 01:25:17,алексей.104320@example-shop.ru,marketplace
104321,Екатерина,Ростов-на-Дону,mass,2025-01-25 08:02:30,екатерина.104321@example-shop.ru,marketplace
104322,Сергей,Санкт-Петербург,mass,2026-01-04 17:46:06,сергей.104322@example-shop.ru,referral
104323,Наталья,Москва,standard,2026-02-05 11:46:22,наталья.104323@example-shop.ru,context
104324,Елена,Самара,mass,2025-05-21 08:56:48,елена.104324@example-shop.ru,context
104325,Полина,Екатеринбург,vip,2026-01-12 14:10:15,полина.104325@example-shop.ru,email
104326,Ольга,Новосибирск,mass,2025-02-22 12:14:41,ольга.104326@example-shop.ru,marketplace
104327,Ксения,Новосибирск,premium,2025-08-12 03:33:38,ксения.104327@example-shop.ru,organic
104328,Сергей,Москва,mass,2025-07-19 06:57:32,сергей.104328@example-shop.ru,social
104329,Алексей,Москва,mass,2025-07-08 19:10:25,алексей.104329@example-shop.ru,organic
104330,Ксения,Нижний Новгород,vip,2026-04-18 11:55:01,ксения.104330@example-shop.ru,organic
104331,Анна,Нижний Новгород,standard,2025-02-12 18:23:47,анна.104331@example-shop.ru,context
104332,Елена,Москва,standard,2025-12-09 15:45:46,елена.104332@example-shop.ru,context
104333,Ксения,Казань,standard,2025-05-30 04:06:45,ксения.104333@example-shop.ru,referral
104334,Ксения,Нижний Новгород,mass,2025-09-22 23:51:17,ксения.104334@example-shop.ru,organic
104335,Никита,Самара,standard,2025-04-20 15:56:28,никита.104335@example-shop.ru,social
104336,Сергей,Краснодар,mass,2026-02-04 14:11:10,сергей.104336@example-shop.ru,social
104337,Дарья,Казань,standard,2025-02-03 04:21:56,дарья.104337@example-shop.ru,email
104338,Максим,Новосибирск,premium,2025-02-11 08:42:25,максим.104338@example-shop.ru,organic
104339,Роман,Новосибирск,premium,2025-06-29 04:41:17,роман.104339@example-shop.ru,context
104340,Артём,Санкт-Петербург,standard,2026-04-27 02:39:14,артём.104340@example-shop.ru,referral
104341,Мария,Москва,standard,2025-01-14 00:17:29,мария.104341@example-shop.ru,referral
104342,Сергей,Москва,mass,2025-04-07 20:47:21,сергей.104342@example-shop.ru,context
104343,Наталья,Краснодар,mass,2025-09-26 00:23:10,наталья.104343@example-shop.ru,context
104344,Елена,Москва,premium,2025-01-12 15:40:18,елена.104344@example-shop.ru,marketplace
104345,Ольга,Нижний Новгород,standard,2025-10-19 04:33:08,ольга.104345@example-shop.ru,context
104346,Артём,Новосибирск,mass,2025-07-17 11:40:26,артём.104346@example-shop.ru,organic
104347,Алексей,Казань,standard,2025-12-18 20:50:15,алексей.104347@example-shop.ru,marketplace
104348,Анна,Краснодар,mass,2025-02-01 20:29:28,анна.104348@example-shop.ru,email
104349,Дарья,Самара,standard,2025-04-07 07:13:49,дарья.104349@example-shop.ru,organic
104350,Ольга,Москва,standard,2025-04-02 01:23:26,ольга.104350@example-shop.ru,email
104351,Михаил,Уфа,mass,2026-02-06 21:41:24,михаил.104351@example-shop.ru,organic
104352,Виктория,Екатеринбург,mass,2026-02-07 18:06:07,виктория.104352@example-shop.ru,email
104353,Виктория,Санкт-Петербург,standard,2025-03-05 09:07:33,виктория.104353@example-shop.ru,social
104354,Сергей,Ростов-на-Дону,mass,2025-08-09 13:54:31,сергей.104354@example-shop.ru,social
104355,Наталья,Самара,vip,2026-01-19 14:47:36,наталья.104355@example-shop.ru,marketplace
104356,Андрей,Санкт-Петербург,mass,2025-01-04 18:14:12,андрей.104356@example-shop.ru,email
104357,Полина,Тюмень,mass,2025-02-24 20:06:31,полина.104357@example-shop.ru,organic
104358,Елена,Самара,mass,2025-12-17 20:20:40,елена.104358@example-shop.ru,referral
104359,Екатерина,Нижний Новгород,standard,2025-11-04 17:58:56,екатерина.104359@example-shop.ru,email
104360,Полина,Москва,standard,2026-01-21 09:00:47,полина.104360@example-shop.ru,social
104361,Алексей,Санкт-Петербург,premium,2025-09-12 07:29:37,алексей.104361@example-shop.ru,organic
104362,Дарья,Екатеринбург,vip,2026-05-07 13:40:56,дарья.104362@example-shop.ru,organic
104363,Наталья,Нижний Новгород,standard,2025-03-10 09:32:16,наталья.104363@example-shop.ru,marketplace
104364,Полина,Новосибирск,mass,2025-03-26 06:12:07,полина.104364@example-shop.ru,context
104365,Виктория,Уфа,mass,2025-12-13 05:54:18,виктория.104365@example-shop.ru,social
104366,Андрей,Санкт-Петербург,premium,2026-04-13 03:43:40,андрей.104366@example-shop.ru,social
104367,Анна,Ростов-на-Дону,mass,2025-01-13 11:33:48,анна.104367@example-shop.ru,organic
104368,Иван,Краснодар,premium,2026-01-22 05:53:59,иван.104368@example-shop.ru,organic
104369,Никита,Уфа,premium,2026-06-15 01:04:54,никита.104369@example-shop.ru,organic
104370,Артём,Уфа,standard,2025-11-04 04:11:09,артём.104370@example-shop.ru,organic
104371,Виктория,Воронеж,standard,2026-03-29 22:37:05,виктория.104371@example-shop.ru,marketplace
104372,Анна,Москва,premium,2025-05-23 15:57:04,анна.104372@example-shop.ru,organic
104373,Дмитрий,Самара,standard,2026-03-15 16:49:41,дмитрий.104373@example-shop.ru,organic
104374,Андрей,Омск,standard,2025-09-07 12:34:58,андрей.104374@example-shop.ru,social
104375,Максим,Новосибирск,mass,2025-06-12 16:33:23,МАКСИМ.104375@EXAMPLE-SHOP.RU,marketplace
104376,Виктория,Москва,mass,2025-04-19 01:22:43,виктория.104376@example-shop.ru,organic
104377,Максим,Тюмень,mass,2026-04-10 19:40:34,максим.104377@example-shop.ru,organic
104378,Елена,Москва,premium,2026-01-27 03:26:34,елена.104378@example-shop.ru,referral
104379,Анна,Санкт-Петербург,standard,2026-03-06 19:17:30,анна.104379@example-shop.ru,social
104380,Никита,Москва,standard,2026-01-19 10:57:16,никита.104380@example-shop.ru,social
104381,Никита,Екатеринбург,mass,2025-05-20 08:08:41,никита.104381@example-shop.ru,organic
104382,Иван,Казань,premium,2025-04-15 09:12:40,иван.104382@example-shop.ru,email
104383,Ольга,Екатеринбург,mass,2025-12-20 01:01:10,ольга.104383@example-shop.ru,social
104384,Виктория,Пермь,standard,2025-05-18 16:13:35,виктория.104384@example-shop.ru,email
104385,Ольга,Екатеринбург,mass,2025-12-20 04:08:10,ольга.104385@example-shop.ru,marketplace
104386,Роман,Новосибирск,premium,2026-05-07 02:32:33,роман.104386@example-shop.ru,referral
104387,Елена,Воронеж,standard,2026-02-13 04:02:17,елена.104387@example-shop.ru,organic
104388,Мария,Краснодар,mass,2025-09-15 01:38:16,мария.104388@example-shop.ru,referral
104389,Максим,Москва,mass,2026-05-11 07:40:59,максим.104389@example-shop.ru,social
104390,Виктория,Москва,mass,2025-10-28 08:36:46,виктория.104390@example-shop.ru,organic
104391,Анна,Нижний Новгород,mass,2025-09-14 02:31:48,анна.104391@example-shop.ru,organic
104392,Андрей,Краснодар,mass,2026-06-07 10:49:08,андрей.104392@example-shop.ru,organic
104393,Алексей,,mass,2025-07-02 15:01:04,алексей.104393@example-shop.ru,marketplace
104394,Мария,Москва,mass,2025-04-23 19:52:17,мария.104394@example-shop.ru,email
104395,Артём,Ростов-на-Дону,mass,2025-03-17 17:41:27,артём.104395@example-shop.ru,referral
104396,Артём,Самара,standard,2025-12-08 18:51:47,артём.104396@example-shop.ru,email
104397,Елена,Новосибирск,mass,2025-10-05 22:43:29,елена.104397@example-shop.ru,social
104398,Елена,Воронеж,mass,2026-02-26 20:06:56,елена.104398@example-shop.ru,email
104399,Мария,Уфа,premium,2025-03-21 22:36:02,мария.104399@example-shop.ru,organic
104400,Екатерина,Самара,mass,2025-06-24 02:16:15,екатерина.104400@example-shop.ru,organic
104401,Ольга,Самара,standard,2025-03-07 20:22:28,ольга.104401@example-shop.ru,social
104402,Иван,Самара,premium,2025-06-18 07:19:25,иван.104402@example-shop.ru,email
104403,Ольга,Новосибирск,standard,2026-06-08 08:41:00,ольга.104403@example-shop.ru,email
104404,Никита,Екатеринбург,mass,2026-05-04 18:23:47,никита.104404@example-shop.ru,marketplace
104405,Елена,Ростов-на-Дону,mass,2025-09-28 08:54:25,елена.104405@example-shop.ru,email
104406,Ксения,Нижний Новгород,premium,2025-02-24 04:13:47,ксения.104406@example-shop.ru,organic
104407,Елена,Екатеринбург,standard,2026-06-27 05:26:03,елена.104407@example-shop.ru,organic
104408,Анна,Москва,mass,2025-03-27 18:12:42,анна.104408@example-shop.ru,context
104409,Елена,Ростов-на-Дону,standard,2025-02-25 02:55:15,елена.104409@example-shop.ru,referral
104410,Максим,Самара,premium,2025-08-12 23:17:38,максим.104410@example-shop.ru,social
104411,Иван,Санкт-Петербург,standard,2026-05-28 22:26:07,иван.104411@example-shop.ru,organic
104412,Виктория,Санкт-Петербург,mass,2026-03-12 02:57:13,виктория.104412@example-shop.ru,social
104413,Максим,Москва,mass,2025-07-15 23:13:59,максим.104413@example-shop.ru,email
104414,Роман,Омск,mass,2025-09-05 23:17:24,роман.104414@example-shop.ru,organic
104415,Наталья,Воронеж,mass,2025-02-03 00:44:10,наталья.104415@example-shop.ru,social
104416,Сергей,Новосибирск,standard,2025-05-28 11:00:09,сергей.104416@example-shop.ru,organic
104417,Наталья,Казань,mass,2026-01-01 04:53:27,наталья.104417@example-shop.ru,social
104418,Анна,Ростов-на-Дону,mass,2025-08-18 01:27:32,анна.104418@example-shop.ru,referral
104419,Роман,Новосибирск,mass,2026-06-18 11:51:45,роман.104419@example-shop.ru,organic
104420,Иван,Тюмень,premium,2025-08-31 18:37:21,иван.104420@example-shop.ru,referral
104421,Роман,Москва,premium,2026-04-07 12:49:59,роман.104421@example-shop.ru,referral
104422,Полина,Москва,standard,2026-02-01 05:29:23,полина.104422@example-shop.ru,context
104423,Дарья,Новосибирск,premium,2025-10-04 16:34:52,дарья.104423@example-shop.ru,marketplace
104424,Наталья,Москва,premium,2026-04-19 11:15:03,наталья.104424@example-shop.ru,email
104425,Максим,Нижний Новгород,mass,2026-04-20 15:05:06,максим.104425@example-shop.ru,social
104426,Ксения,,mass,2025-06-25 01:57:50,ксения.104426@example-shop.ru,organic
104427,Елена,Москва,standard,2025-06-01 17:59:03,елена.104427@example-shop.ru,context
104428,Наталья,Екатеринбург,standard,2026-01-22 03:41:53,наталья.104428@example-shop.ru,context
104429,Дарья,Самара,mass,2025-01-15 19:00:01,дарья.104429@example-shop.ru,organic
104430,Никита,Краснодар,vip,2026-01-18 06:09:36,никита.104430@example-shop.ru,social
104431,Никита,Екатеринбург,mass,2025-08-26 02:00:44,никита.104431@example-shop.ru,marketplace
104432,Мария,Москва,premium,2026-02-22 23:40:26,мария.104432@example-shop.ru,organic
104433,Ксения,Нижний Новгород,standard,2025-03-12 20:43:06,ксения.104433@example-shop.ru,referral
104434,Иван,Екатеринбург,mass,2025-11-10 12:24:32,иван.104434@example-shop.ru,social
104435,Виктория,Уфа,premium,2025-10-20 03:56:23,виктория.104435@example-shop.ru,referral
104436,Никита,Новосибирск,standard,2025-01-09 00:15:22,никита.104436@example-shop.ru,email
104437,Екатерина,Санкт-Петербург,standard,2025-10-13 21:52:16,екатерина.104437@example-shop.ru,context
104438,Никита,Ростов-на-Дону,standard,2025-12-24 10:44:41,никита.104438@example-shop.ru,social
104439,Максим,Новосибирск,mass,2025-08-09 20:03:33,максим.104439@example-shop.ru,organic
104440,Максим,Москва,mass,2025-11-30 16:51:08,максим.104440@example-shop.ru,context
104441,Максим,Новосибирск,mass,2025-06-27 20:08:11,максим.104441@example-shop.ru,social
104442,Ольга,Омск,mass,2025-11-30 06:40:28,ольга.104442@example-shop.ru,organic
104443,Екатерина,Ростов-на-Дону,mass,2025-05-13 15:41:26,екатерина.104443@example-shop.ru,organic
104444,Наталья,Санкт-Петербург,mass,2025-06-03 07:23:07,наталья.104444@example-shop.ru,organic
104445,Роман,Ростов-на-Дону,mass,2025-02-08 17:05:01,роман.104445@example-shop.ru,organic
104446,Сергей,Санкт-Петербург,standard,2025-02-23 08:20:29,сергей.104446@example-shop.ru,context
104447,Максим,Новосибирск,mass,2025-03-15 07:15:23,максим.104447@example-shop.ru,organic
104448,Анна,Новосибирск,mass,2025-04-14 04:43:54,анна.104448@example-shop.ru,organic
104449,Виктория,Москва,premium,2026-01-27 16:33:46,виктория.104449@example-shop.ru,referral
104450,Ксения,Санкт-Петербург,vip,2025-04-28 19:57:45,ксения.104450@example-shop.ru,referral
104451,Ксения,Омск,standard,2025-07-13 15:48:46,ксения.104451@example-shop.ru,marketplace
104452,Елена,Санкт-Петербург,mass,2025-04-05 14:48:44,елена.104452@example-shop.ru,marketplace
104453,Наталья,Уфа,standard,2025-08-20 01:00:26,наталья.104453@example-shop.ru,marketplace
104454,Роман,Самара,mass,2025-05-14 06:32:34,роман.104454@example-shop.ru,referral
104455,Михаил,Новосибирск,standard,2025-06-29 05:05:24,михаил.104455@example-shop.ru,organic
104456,Мария,Москва,premium,2025-02-07 10:29:13,мария.104456@example-shop.ru,organic
104457,Виктория,Москва,mass,2025-10-03 03:23:29,виктория.104457@example-shop.ru,marketplace
104458,Алексей,Москва,premium,2025-05-27 18:46:54,алексей.104458@example-shop.ru,marketplace
104459,Иван,Нижний Новгород,standard,2025-12-21 21:55:34,иван.104459@example-shop.ru,social
104460,Екатерина,Тюмень,mass,2026-06-28 20:20:19,екатерина.104460@example-shop.ru,social
104461,Иван,Воронеж,mass,2025-09-22 09:48:09,иван.104461@example-shop.ru,organic
104462,Максим,Москва,standard,2025-10-06 16:51:59,максим.104462@example-shop.ru,organic
104463,Виктория,Санкт-Петербург,mass,2026-03-29 14:29:55,виктория.104463@example-shop.ru,social
104464,Екатерина,Москва,mass,2025-07-07 17:03:03,екатерина.104464@example-shop.ru,organic
104465,Сергей,Тюмень,mass,2025-03-18 21:11:23,сергей.104465@example-shop.ru,context
104466,Мария,Москва,vip,2026-01-28 15:58:22,мария.104466@example-shop.ru,email
104467,Дарья,Москва,mass,2025-12-21 01:59:18,дарья.104467@example-shop.ru,email
104468,Никита,Нижний Новгород,vip,2025-09-13 20:32:33,никита.104468@example-shop.ru,email
104469,Ксения,Новосибирск,standard,2025-07-30 17:48:12,ксения.104469@example-shop.ru,organic
104470,Роман,Москва,mass,2025-01-17 01:50:00,роман.104470@example-shop.ru,context
104471,Сергей,Самара,mass,2025-10-31 14:34:26,сергей.104471@example-shop.ru,social
104472,Ксения,Москва,standard,2025-10-26 07:51:26,ксения.104472@example-shop.ru,social
104473,Наталья,Москва,mass,2025-10-09 00:54:26,наталья.104473@example-shop.ru,marketplace
104474,Иван,Москва,mass,2025-06-15 17:11:26,иван.104474@example-shop.ru,organic
104475,Ксения,Санкт-Петербург,mass,2025-03-24 16:50:42,ксения.104475@example-shop.ru,organic
104476,Максим,Тюмень,premium,2025-11-08 07:05:07,максим.104476@example-shop.ru,context
104477,Никита,Новосибирск,standard,2025-12-04 21:40:48,никита.104477@example-shop.ru,social
104478,Ольга,Ростов-на-Дону,mass,2025-04-05 09:41:29,ольга.104478@example-shop.ru,context
104479,Ксения,Санкт-Петербург,mass,2025-03-07 16:43:32,ксения.104479@example-shop.ru,context
104480,Артём,Ростов-на-Дону,mass,2025-09-20 23:45:07,артём.104480@example-shop.ru,organic
104481,Наталья,Омск,standard,2025-01-27 02:38:55,наталья.104481@example-shop.ru,context
104482,Елена,Санкт-Петербург,mass,2025-04-16 12:48:49,елена.104482@example-shop.ru,referral
104483,Андрей,Тюмень,vip,2025-12-13 19:56:48,андрей.104483@example-shop.ru,organic
104484,Мария,Нижний Новгород,premium,2025-06-12 20:30:20,мария.104484@example-shop.ru,email
104485,Наталья,Ростов-на-Дону,mass,2025-09-08 22:57:05,наталья.104485@example-shop.ru,social
104486,Ольга,Санкт-Петербург,premium,2026-01-10 12:06:53,ольга.104486@example-shop.ru,organic
104487,Артём,Самара,standard,2025-04-07 07:48:59,артём.104487@example-shop.ru,organic
104488,Елена,Новосибирск,standard,2025-05-05 01:41:53,елена.104488@example-shop.ru,organic
104489,Екатерина,Омск,mass,2025-06-12 02:20:01,екатерина.104489@example-shop.ru,organic
104490,Ольга,Пермь,premium,2025-08-16 08:09:24,ольга.104490@example-shop.ru,social
104491,Анна,Казань,mass,2025-11-02 03:24:55,анна.104491@example-shop.ru,marketplace
104492,Анна,Омск,standard,2025-02-09 20:39:09,анна.104492@example-shop.ru,organic
104493,Екатерина,Воронеж,mass,2025-09-16 05:41:23,екатерина.104493@example-shop.ru,context
104494,Елена,Нижний Новгород,mass,2026-01-10 12:04:55,елена.104494@example-shop.ru,email
104495,Максим,Москва,vip,2026-04-10 00:29:58,максим.104495@example-shop.ru,social
104496,Михаил,Москва,mass,2025-10-21 17:22:36,михаил.104496@example-shop.ru,context
104497,Максим,Москва,mass,2025-12-08 02:14:19,максим.104497@example-shop.ru,context
104498,Ольга,Москва,premium,2026-03-20 12:22:43,ольга.104498@example-shop.ru,organic
104499,Дмитрий,Тюмень,mass,2026-02-01 07:56:58,дмитрий.104499@example-shop.ru,organic
104500,Максим,Москва,premium,2025-10-19 14:47:12,максим.104500@example-shop.ru,marketplace
104501,Екатерина,Самара,premium,2025-11-05 14:37:12,екатерина.104501@example-shop.ru,social
104502,Артём,Нижний Новгород,mass,2026-06-26 20:18:57,артём.104502@example-shop.ru,context
104503,Полина,Нижний Новгород,standard,2026-02-17 14:11:09,полина.104503@example-shop.ru,marketplace
104504,Дарья,Москва,vip,2025-05-12 10:00:17,дарья.104504@example-shop.ru,context
104505,Алексей,Новосибирск,premium,2025-09-05 07:00:27,алексей.104505@example-shop.ru,organic
104506,Ольга,Нижний Новгород,mass,2026-02-09 10:45:10,ольга.104506@example-shop.ru,marketplace
104507,Елена,Новосибирск,standard,2025-10-12 13:15:36,елена.104507@example-shop.ru,referral
104508,Виктория,Москва,standard,2025-08-24 14:49:57,виктория.104508@example-shop.ru,email
104509,Елена,Ростов-на-Дону,mass,2025-11-28 13:20:51,елена.104509@example-shop.ru,organic
104510,Полина,Москва,standard,2025-07-24 21:36:57,полина.104510@example-shop.ru,context
104511,Елена,Нижний Новгород,mass,2026-01-05 14:45:06,елена.104511@example-shop.ru,marketplace
104512,Артём,Казань,mass,2026-02-03 16:24:12,артём.104512@example-shop.ru,organic
104513,Иван,Санкт-Петербург,mass,2026-05-05 10:03:56,иван.104513@example-shop.ru,marketplace
104514,Никита,Уфа,premium,2026-06-05 18:41:09,никита.104514@example-shop.ru,email
104515,Никита,Москва,mass,2026-01-23 18:11:13,никита.104515@example-shop.ru,context
104516,Дарья,Пермь,mass,2026-02-16 18:56:43,дарья.104516@example-shop.ru,marketplace
104517,Ольга,Воронеж,mass,2026-02-25 21:05:41,ольга.104517@example-shop.ru,marketplace
104518,Мария,Санкт-Петербург,mass,2025-06-29 22:00:19,мария.104518@example-shop.ru,email
104519,Роман,Санкт-Петербург,vip,2026-05-14 23:08:53,роман.104519@example-shop.ru,context
104520,Сергей,Москва,mass,2025-10-05 21:22:58,сергей.104520@example-shop.ru,social
104521,Полина,Пермь,mass,2026-04-18 19:13:47,полина.104521@example-shop.ru,context
104522,Екатерина,Нижний Новгород,vip,2025-04-29 08:11:27,екатерина.104522@example-shop.ru,organic
104523,Артём,Москва,mass,2025-06-19 02:45:37,артём.104523@example-shop.ru,marketplace
104524,Полина,Новосибирск,mass,2025-12-05 00:43:25,полина.104524@example-shop.ru,marketplace
104525,Андрей,Москва,standard,2025-11-12 07:51:40,АНДРЕЙ.104525@EXAMPLE-SHOP.RU,organic
104526,Наталья,Новосибирск,standard,2025-08-08 09:50:21,наталья.104526@example-shop.ru,referral
104527,Алексей,Екатеринбург,mass,2025-05-01 09:29:55,алексей.104527@example-shop.ru,marketplace
104528,Мария,Москва,standard,2025-05-05 07:58:50,мария.104528@example-shop.ru,social
104529,Сергей,Краснодар,standard,2026-02-01 05:02:19,,organic
104530,Виктория,Санкт-Петербург,standard,2025-01-12 11:53:33,ВИКТОРИЯ.104530@EXAMPLE-SHOP.RU,organic
104531,Алексей,Новосибирск,mass,2025-03-07 01:48:47,алексей.104531@example-shop.ru,social
104532,Иван,Нижний Новгород,standard,2026-05-20 07:14:31,иван.104532@example-shop.ru,marketplace
104533,Роман,Омск,standard,2026-06-18 15:35:19,роман.104533@example-shop.ru,organic
104534,Дарья,Екатеринбург,standard,2025-02-12 22:58:35,дарья.104534@example-shop.ru,context
104535,Алексей,Пермь,premium,2025-03-19 13:32:35,алексей.104535@example-shop.ru,email
104536,Артём,Санкт-Петербург,premium,2025-06-29 11:22:01,артём.104536@example-shop.ru,email
104537,Мария,Краснодар,standard,2025-11-16 08:13:37,мария.104537@example-shop.ru,marketplace
104538,Роман,Москва,mass,2025-04-14 19:08:02,роман.104538@example-shop.ru,email
104539,Андрей,Ростов-на-Дону,mass,2026-06-20 08:22:19,андрей.104539@example-shop.ru,social
104540,Ксения,,standard,2025-09-27 07:11:05,ксения.104540@example-shop.ru,marketplace
104541,Виктория,Тюмень,mass,2025-10-20 17:00:03,виктория.104541@example-shop.ru,social
104542,Михаил,Омск,standard,2025-04-17 05:52:42,михаил.104542@example-shop.ru,social
104543,Никита,Екатеринбург,standard,2025-06-17 17:00:22,никита.104543@example-shop.ru,organic
104544,Михаил,Новосибирск,standard,2026-02-06 05:38:25,михаил.104544@example-shop.ru,context
104545,Сергей,Нижний Новгород,mass,2025-12-11 18:40:50,сергей.104545@example-shop.ru,organic
104546,Дарья,Санкт-Петербург,premium,2025-05-03 12:38:19,дарья.104546@example-shop.ru,marketplace
104547,Виктория,Самара,standard,2025-08-29 14:51:56,виктория.104547@example-shop.ru,organic
104548,Андрей,Самара,mass,2025-04-12 01:46:23,андрей.104548@example-shop.ru,context
104549,Артём,Новосибирск,standard,2025-08-11 02:20:31,артём.104549@example-shop.ru,marketplace
104550,Ксения,Москва,mass,2025-04-29 04:51:31,ксения.104550@example-shop.ru,email
104551,Алексей,Пермь,standard,2026-06-18 21:49:30,алексей.104551@example-shop.ru,email
104552,Алексей,Москва,mass,2025-06-12 04:07:41,алексей.104552@example-shop.ru,referral
104553,Мария,Нижний Новгород,standard,2025-09-16 05:19:58,мария.104553@example-shop.ru,organic
104554,Виктория,Москва,mass,2025-12-16 19:09:16,виктория.104554@example-shop.ru,context
104555,Роман,Москва,mass,2025-01-23 08:44:39,роман.104555@example-shop.ru,email
104556,Дмитрий,Москва,mass,2025-04-25 05:56:21,дмитрий.104556@example-shop.ru,marketplace
104557,Анна,Санкт-Петербург,mass,2026-06-23 23:07:41,анна.104557@example-shop.ru,context
104558,Ксения,Нижний Новгород,premium,2026-01-15 18:48:06,ксения.104558@example-shop.ru,organic
104559,Дарья,Новосибирск,standard,2025-05-12 20:33:45,дарья.104559@example-shop.ru,organic
104560,Михаил,Самара,mass,2025-08-23 10:38:06,михаил.104560@example-shop.ru,social
104561,Наталья,Самара,mass,2026-04-13 07:02:38,наталья.104561@example-shop.ru,context
104562,Сергей,Москва,standard,2025-04-18 08:52:19,сергей.104562@example-shop.ru,organic
104563,Алексей,Москва,mass,2025-06-12 21:40:31,алексей.104563@example-shop.ru,context
104564,Анна,Нижний Новгород,mass,2025-05-11 19:46:56,анна.104564@example-shop.ru,social
104565,Ксения,Самара,mass,2025-12-29 08:08:15,ксения.104565@example-shop.ru,social
104566,Максим,Новосибирск,standard,2025-10-15 09:31:34,максим.104566@example-shop.ru,context
104567,Роман,Москва,vip,2025-09-30 20:31:06,роман.104567@example-shop.ru,context
104568,Роман,Краснодар,mass,2025-07-26 08:27:56,роман.104568@example-shop.ru,context
104569,Максим,Москва,premium,2025-06-28 18:02:29,максим.104569@example-shop.ru,social
104570,Дмитрий,Нижний Новгород,premium,2025-10-07 23:30:04,дмитрий.104570@example-shop.ru,context
104571,Екатерина,Москва,vip,2026-03-12 11:47:30,екатерина.104571@example-shop.ru,marketplace
104572,Мария,Самара,standard,2026-03-19 20:32:27,мария.104572@example-shop.ru,context
104573,Наталья,Казань,premium,2026-03-04 13:39:57,наталья.104573@example-shop.ru,email
104574,Ксения,Ростов-на-Дону,standard,2025-01-25 23:28:27,ксения.104574@example-shop.ru,context
104575,Роман,Москва,premium,2025-09-25 03:24:33,роман.104575@example-shop.ru,social
104576,Дарья,Новосибирск,mass,2025-08-03 12:25:37,дарья.104576@example-shop.ru,referral
104577,Мария,Москва,standard,2026-05-25 16:48:43,мария.104577@example-shop.ru,organic
104578,Анна,Самара,standard,2025-08-15 09:59:30,анна.104578@example-shop.ru,context
104579,Елена,Москва,mass,2025-05-15 12:30:00,елена.104579@example-shop.ru,organic
104580,Елена,Москва,mass,2025-05-17 17:59:47,елена.104580@example-shop.ru,social
104581,Анна,Ростов-на-Дону,mass,2025-04-17 03:57:11,анна.104581@example-shop.ru,marketplace
104582,Полина,Москва,mass,2025-08-29 19:46:47,полина.104582@example-shop.ru,social
104583,Анна,Москва,mass,2025-05-24 23:04:03,анна.104583@example-shop.ru,referral
104584,Роман,Краснодар,mass,2025-11-05 19:33:38,роман.104584@example-shop.ru,context
104585,Виктория,Уфа,mass,2025-05-06 19:42:32,виктория.104585@example-shop.ru,context
104586,Михаил,Краснодар,standard,2025-11-15 19:15:12,михаил.104586@example-shop.ru,referral
104587,Дмитрий,Санкт-Петербург,mass,2025-12-02 12:45:49,дмитрий.104587@example-shop.ru,organic
104588,Максим,Новосибирск,mass,2026-01-01 01:25:11,максим.104588@example-shop.ru,organic
104589,Михаил,Уфа,mass,2026-04-26 23:27:19,михаил.104589@example-shop.ru,organic
104590,Елена,Москва,mass,2025-02-11 20:08:12,елена.104590@example-shop.ru,organic
104591,Екатерина,Ростов-на-Дону,mass,2025-01-29 20:30:49,екатерина.104591@example-shop.ru,marketplace
104592,Алексей,Москва,vip,2025-09-08 16:53:55,алексей.104592@example-shop.ru,organic
104593,Мария,Пермь,mass,2025-10-09 05:28:03,мария.104593@example-shop.ru,organic
104594,Роман,Нижний Новгород,mass,2026-02-17 21:34:20,роман.104594@example-shop.ru,organic
104595,Михаил,Екатеринбург,standard,2025-05-04 15:01:19,михаил.104595@example-shop.ru,organic
104596,Алексей,Екатеринбург,premium,2025-09-05 23:59:34,алексей.104596@example-shop.ru,context
104597,Ксения,Москва,mass,2025-11-30 04:13:23,ксения.104597@example-shop.ru,organic
104598,Алексей,Санкт-Петербург,mass,2025-12-24 18:50:14,алексей.104598@example-shop.ru,organic
104599,Полина,Ростов-на-Дону,standard,2025-10-23 22:59:45,полина.104599@example-shop.ru,organic
104600,Роман,Новосибирск,mass,2025-11-18 19:04:16,роман.104600@example-shop.ru,email
104601,Полина,Новосибирск,mass,2025-03-31 10:05:20,полина.104601@example-shop.ru,social
104602,Никита,Москва,vip,2025-09-11 06:31:24,никита.104602@example-shop.ru,referral
104603,Максим,Самара,vip,2025-10-23 03:03:58,максим.104603@example-shop.ru,organic
104604,Дарья,Казань,standard,2025-02-13 00:23:07,дарья.104604@example-shop.ru,context
104605,Дмитрий,Москва,mass,2026-06-12 22:26:24,дмитрий.104605@example-shop.ru,marketplace
104606,Наталья,Омск,standard,2025-12-12 02:34:58,наталья.104606@example-shop.ru,organic
104607,Дмитрий,Екатеринбург,premium,2026-01-27 04:14:28,дмитрий.104607@example-shop.ru,context
104608,Наталья,Новосибирск,premium,2025-10-19 07:25:48,наталья.104608@example-shop.ru,context
104609,Ксения,Тюмень,mass,2026-05-23 05:27:52,ксения.104609@example-shop.ru,organic
104610,Сергей,Санкт-Петербург,mass,2025-01-04 02:21:15,сергей.104610@example-shop.ru,social
104611,Мария,Омск,mass,2026-06-07 03:51:03,мария.104611@example-shop.ru,social
104612,Максим,Самара,standard,2025-04-23 17:41:08,максим.104612@example-shop.ru,context
104613,Дарья,Нижний Новгород,mass,2026-04-28 02:17:28,дарья.104613@example-shop.ru,context
104614,Артём,Москва,mass,2025-02-03 11:06:23,артём.104614@example-shop.ru,context
104615,Виктория,Москва,mass,2025-06-20 11:53:22,виктория.104615@example-shop.ru,context
104616,Сергей,Казань,mass,2025-11-07 18:39:50,сергей.104616@example-shop.ru,email
104617,Елена,Москва,premium,2025-12-25 09:31:02,елена.104617@example-shop.ru,referral
104618,Виктория,Москва,mass,2025-01-09 06:08:06,ВИКТОРИЯ.104618@EXAMPLE-SHOP.RU,context
104619,Михаил,Нижний Новгород,mass,2025-07-15 13:34:40,михаил.104619@example-shop.ru,organic
104620,Ксения,Ростов-на-Дону,standard,2026-04-05 02:51:57,ксения.104620@example-shop.ru,referral
104621,Михаил,Москва,standard,2025-04-10 18:46:41,михаил.104621@example-shop.ru,organic
104622,Полина,Ростов-на-Дону,standard,2026-06-01 08:41:53,полина.104622@example-shop.ru,marketplace
104623,Андрей,Омск,standard,2026-01-23 02:21:10,андрей.104623@example-shop.ru,email
104624,Мария,Ростов-на-Дону,mass,2026-06-16 16:34:23,мария.104624@example-shop.ru,organic
104625,Ольга,Уфа,mass,2026-05-08 06:51:55,ольга.104625@example-shop.ru,email
104626,Ольга,Ростов-на-Дону,mass,2025-05-04 11:43:29,ольга.104626@example-shop.ru,organic
104627,Алексей,Москва,standard,2026-05-28 22:18:09,алексей.104627@example-shop.ru,organic
104628,Анна,Санкт-Петербург,premium,2025-09-27 20:26:32,анна.104628@example-shop.ru,marketplace
104629,Дарья,Омск,mass,2025-05-21 20:21:07,дарья.104629@example-shop.ru,email
104630,Ольга,Самара,standard,2026-05-01 16:29:15,ольга.104630@example-shop.ru,social
104631,Иван,Уфа,standard,2025-09-14 10:15:40,иван.104631@example-shop.ru,email
104632,Елена,Омск,vip,2026-01-10 14:20:31,елена.104632@example-shop.ru,organic
104633,Елена,Москва,mass,2025-11-29 11:37:35,елена.104633@example-shop.ru,referral
104634,Анна,Санкт-Петербург,mass,2025-06-12 19:35:54,анна.104634@example-shop.ru,marketplace
104635,Иван,Самара,standard,2026-06-20 17:27:08,иван.104635@example-shop.ru,email
104636,Дарья,Москва,standard,2026-03-31 12:05:26,дарья.104636@example-shop.ru,context
104637,Андрей,Новосибирск,standard,2025-10-16 10:07:37,андрей.104637@example-shop.ru,context
104638,Наталья,Уфа,premium,2025-11-09 19:05:07,наталья.104638@example-shop.ru,marketplace
104639,Михаил,Нижний Новгород,mass,2025-02-07 22:11:37,михаил.104639@example-shop.ru,context
104640,Никита,Санкт-Петербург,standard,2026-02-02 20:11:51,никита.104640@example-shop.ru,marketplace
104641,Андрей,Ростов-на-Дону,mass,2026-05-11 20:20:07,андрей.104641@example-shop.ru,context
104642,Алексей,Москва,mass,2026-06-13 07:52:31,алексей.104642@example-shop.ru,organic
104643,Полина,Воронеж,mass,2025-11-02 04:32:21,полина.104643@example-shop.ru,organic
104644,Мария,Москва,mass,2026-06-28 15:25:20,мария.104644@example-shop.ru,social
104645,Алексей,Воронеж,mass,2026-03-12 02:11:00,алексей.104645@example-shop.ru,organic
104646,Сергей,Екатеринбург,standard,2025-10-03 03:04:07,сергей.104646@example-shop.ru,context
104647,Роман,Казань,premium,2026-03-13 05:02:00,роман.104647@example-shop.ru,marketplace
104648,Мария,Екатеринбург,mass,2025-03-27 08:29:30,мария.104648@example-shop.ru,organic
104649,Елена,Москва,mass,2026-01-04 06:36:29,елена.104649@example-shop.ru,social
104650,Елена,Екатеринбург,mass,2025-12-04 15:50:03,елена.104650@example-shop.ru,context
104651,Ольга,Краснодар,mass,2025-09-26 19:00:13,ольга.104651@example-shop.ru,social
104652,Полина,Уфа,mass,2025-12-17 21:36:13,полина.104652@example-shop.ru,social
104653,Максим,Москва,standard,2026-04-10 09:50:52,максим.104653@example-shop.ru,marketplace
104654,Дмитрий,Самара,premium,2025-11-08 19:39:18,дмитрий.104654@example-shop.ru,context
104655,Иван,Краснодар,mass,2025-07-26 13:42:26,иван.104655@example-shop.ru,social
104656,Анна,Краснодар,standard,2025-08-19 00:23:56,анна.104656@example-shop.ru,organic
104657,Иван,Казань,standard,2025-11-06 17:20:25,иван.104657@example-shop.ru,social
104658,Виктория,Москва,mass,2025-11-13 22:48:28,виктория.104658@example-shop.ru,organic
104659,Сергей,Пермь,mass,2025-06-20 21:18:29,сергей.104659@example-shop.ru,social
104660,Наталья,Казань,mass,2025-10-19 01:14:49,наталья.104660@example-shop.ru,context
104661,Андрей,Санкт-Петербург,mass,2025-06-06 17:17:07,андрей.104661@example-shop.ru,email
104662,Виктория,,premium,2026-05-30 20:34:46,виктория.104662@example-shop.ru,context
104663,Анна,Санкт-Петербург,mass,2025-10-19 08:20:47,анна.104663@example-shop.ru,social
104664,Ольга,Краснодар,mass,2026-04-02 11:48:49,ольга.104664@example-shop.ru,organic
104665,Максим,Москва,mass,2025-07-26 19:42:14,максим.104665@example-shop.ru,referral
104666,Андрей,Ростов-на-Дону,mass,2025-08-03 13:27:13,андрей.104666@example-shop.ru,marketplace
104667,Максим,Омск,premium,2025-06-07 05:16:48,максим.104667@example-shop.ru,context
104668,Иван,Тюмень,mass,2025-11-08 02:56:03,иван.104668@example-shop.ru,organic
104669,Роман,Пермь,standard,2025-12-02 20:44:08,роман.104669@example-shop.ru,social
104670,Сергей,Воронеж,mass,2025-11-05 11:58:18,сергей.104670@example-shop.ru,organic
104671,Мария,Санкт-Петербург,mass,2026-04-02 03:27:56,мария.104671@example-shop.ru,context
104672,Екатерина,Омск,mass,2025-10-06 08:11:37,екатерина.104672@example-shop.ru,organic
104673,Дмитрий,Пермь,premium,2026-03-24 11:13:45,дмитрий.104673@example-shop.ru,context
104674,Ксения,Новосибирск,mass,2025-02-01 15:29:50,ксения.104674@example-shop.ru,marketplace
104675,Андрей,Казань,standard,2025-07-16 04:59:58,андрей.104675@example-shop.ru,organic
104676,Ольга,Москва,mass,2026-01-24 08:44:09,ольга.104676@example-shop.ru,social
104677,Виктория,Нижний Новгород,standard,2025-07-28 23:56:19,виктория.104677@example-shop.ru,organic
104678,Виктория,Ростов-на-Дону,standard,2026-02-03 13:01:10,виктория.104678@example-shop.ru,organic
104679,Екатерина,Казань,standard,2025-11-19 14:09:54,екатерина.104679@example-shop.ru,social
104680,Мария,Казань,mass,2025-09-21 21:08:14,мария.104680@example-shop.ru,referral
104681,Максим,Новосибирск,mass,2025-11-01 00:33:12,максим.104681@example-shop.ru,marketplace
104682,Анна,Москва,premium,2026-05-07 08:34:27,анна.104682@example-shop.ru,organic
104683,Екатерина,Омск,standard,2026-01-05 19:45:14,екатерина.104683@example-shop.ru,organic
104684,Мария,Санкт-Петербург,mass,2026-06-21 05:42:07,мария.104684@example-shop.ru,context
104685,Артём,Москва,mass,2025-02-22 04:30:03,артём.104685@example-shop.ru,social
104686,Роман,Москва,mass,2026-03-20 00:53:57,роман.104686@example-shop.ru,referral
104687,Никита,Краснодар,mass,2026-05-01 17:35:27,никита.104687@example-shop.ru,email
104688,Елена,Воронеж,mass,2026-05-21 16:26:55,елена.104688@example-shop.ru,email
104689,Алексей,Москва,mass,2025-10-21 19:30:32,алексей.104689@example-shop.ru,organic
104690,Роман,Москва,mass,2025-09-23 16:32:06,роман.104690@example-shop.ru,marketplace
104691,Алексей,Екатеринбург,standard,2025-11-15 02:50:53,алексей.104691@example-shop.ru,marketplace
104692,Мария,Москва,premium,2026-05-14 06:16:33,мария.104692@example-shop.ru,organic
104693,Полина,Ростов-на-Дону,standard,2026-04-18 09:12:51,полина.104693@example-shop.ru,context
104694,Ксения,Москва,mass,2026-05-25 14:09:02,ксения.104694@example-shop.ru,email
104695,Роман,Новосибирск,standard,2026-06-13 03:18:50,роман.104695@example-shop.ru,context
104696,Андрей,Казань,mass,2025-12-06 20:15:27,андрей.104696@example-shop.ru,organic
104697,Мария,Екатеринбург,standard,2025-05-22 04:11:51,мария.104697@example-shop.ru,context
104698,Мария,Казань,mass,2025-03-24 03:25:56,мария.104698@example-shop.ru,social
104699,Максим,Москва,mass,2026-05-05 05:25:50,максим.104699@example-shop.ru,marketplace
104700,Алексей,Москва,standard,2025-03-25 00:11:03,алексей.104700@example-shop.ru,email
104701,Ксения,Москва,mass,2025-02-08 08:53:32,ксения.104701@example-shop.ru,marketplace
104702,Мария,Москва,standard,2025-09-15 09:45:37,мария.104702@example-shop.ru,context
104703,Артём,Тюмень,standard,2026-02-10 01:12:44,артём.104703@example-shop.ru,email
104704,Ксения,Санкт-Петербург,mass,2026-02-05 21:23:34,ксения.104704@example-shop.ru,organic
104705,Роман,Санкт-Петербург,mass,2025-05-19 12:13:14,роман.104705@example-shop.ru,social
104706,Дмитрий,Москва,standard,2025-10-01 06:14:10,дмитрий.104706@example-shop.ru,marketplace
104707,Наталья,Ростов-на-Дону,standard,2026-05-03 10:57:42,наталья.104707@example-shop.ru,email
104708,Артём,Пермь,standard,2026-03-12 22:02:08,артём.104708@example-shop.ru,referral
104709,Дарья,Уфа,mass,2026-05-15 15:01:30,дарья.104709@example-shop.ru,organic
104710,Сергей,Нижний Новгород,premium,2026-02-24 12:49:57,сергей.104710@example-shop.ru,organic
104711,Елена,Краснодар,mass,2025-02-19 16:12:57,елена.104711@example-shop.ru,referral
104712,Дарья,Казань,mass,2025-04-21 23:11:39,дарья.104712@example-shop.ru,context
104713,Ксения,Краснодар,standard,2025-04-03 03:07:01,ксения.104713@example-shop.ru,context
104714,Наталья,Уфа,mass,2025-03-14 08:33:33,наталья.104714@example-shop.ru,email
104715,Алексей,Москва,mass,2026-04-13 21:03:15,алексей.104715@example-shop.ru,organic
104716,Артём,Екатеринбург,mass,2026-01-20 16:18:56,артём.104716@example-shop.ru,context
104717,Ксения,Санкт-Петербург,standard,2026-05-13 23:35:34,ксения.104717@example-shop.ru,organic
104718,Полина,Москва,premium,2025-06-24 14:34:34,полина.104718@example-shop.ru,organic
104719,Сергей,Краснодар,vip,2026-06-19 00:05:46,сергей.104719@example-shop.ru,organic
104720,Анна,Москва,mass,2026-05-23 14:40:16,анна.104720@example-shop.ru,organic
104721,Виктория,Ростов-на-Дону,mass,2025-02-27 18:46:26,виктория.104721@example-shop.ru,social
104722,Андрей,Тюмень,standard,2026-04-19 08:04:52,андрей.104722@example-shop.ru,context
104723,Никита,,mass,2025-03-02 08:45:59,никита.104723@example-shop.ru,context
104724,Мария,Казань,mass,2025-09-03 22:11:37,мария.104724@example-shop.ru,marketplace
104725,Елена,Нижний Новгород,mass,2025-04-09 12:36:42,елена.104725@example-shop.ru,social
104726,Наталья,Уфа,standard,2025-11-13 09:00:58,наталья.104726@example-shop.ru,social
104727,Мария,Москва,standard,2025-01-10 15:13:59,мария.104727@example-shop.ru,social
104728,Ксения,Санкт-Петербург,mass,2026-04-07 16:07:10,ксения.104728@example-shop.ru,social
104729,Иван,Нижний Новгород,mass,2025-09-17 14:41:14,иван.104729@example-shop.ru,context
104730,Екатерина,Пермь,standard,2026-04-20 21:30:32,екатерина.104730@example-shop.ru,marketplace
104731,Никита,Санкт-Петербург,standard,2025-08-25 04:14:51,никита.104731@example-shop.ru,context
104732,Екатерина,Казань,mass,2025-10-31 13:13:27,екатерина.104732@example-shop.ru,social
104733,Дарья,Тюмень,mass,2026-02-07 05:57:18,дарья.104733@example-shop.ru,social
104734,Елена,Москва,premium,2026-06-14 16:37:26,елена.104734@example-shop.ru,email
104735,Андрей,Москва,standard,2025-07-23 23:22:02,андрей.104735@example-shop.ru,social
104736,Сергей,Нижний Новгород,standard,2025-10-11 22:16:12,сергей.104736@example-shop.ru,context
104737,Мария,Москва,standard,2025-06-26 19:25:01,мария.104737@example-shop.ru,context
104738,Ольга,Москва,premium,2025-01-23 09:41:17,ольга.104738@example-shop.ru,email
104739,Максим,Нижний Новгород,mass,2026-04-21 19:45:11,максим.104739@example-shop.ru,context
104740,Артём,Самара,mass,2025-11-03 16:03:09,артём.104740@example-shop.ru,marketplace
104741,Елена,Новосибирск,mass,2025-07-22 23:12:21,елена.104741@example-shop.ru,email
104742,Наталья,Казань,standard,2026-02-28 11:15:00,наталья.104742@example-shop.ru,organic
104743,Сергей,Новосибирск,mass,2026-03-23 04:28:42,сергей.104743@example-shop.ru,context
104744,Максим,Самара,mass,2026-06-21 18:57:06,максим.104744@example-shop.ru,marketplace
104745,Екатерина,Уфа,mass,2025-08-27 01:43:20,екатерина.104745@example-shop.ru,organic
104746,Максим,Уфа,standard,2025-02-27 10:13:15,максим.104746@example-shop.ru,context
104747,Дарья,Самара,standard,2025-09-22 12:00:15,дарья.104747@example-shop.ru,organic
104748,Елена,Воронеж,mass,2025-08-29 02:13:35,елена.104748@example-shop.ru,organic
104749,Ксения,Краснодар,mass,2025-04-24 01:51:48,ксения.104749@example-shop.ru,context
104750,Ольга,Москва,standard,2025-11-16 17:22:49,ольга.104750@example-shop.ru,email
104751,Алексей,Омск,mass,2025-08-14 16:35:02,алексей.104751@example-shop.ru,referral
104752,Иван,Воронеж,standard,2026-04-26 09:32:37,иван.104752@example-shop.ru,organic
104753,Андрей,Санкт-Петербург,mass,2025-01-26 23:59:04,андрей.104753@example-shop.ru,social
104754,Ксения,Москва,premium,2026-01-26 03:50:27,ксения.104754@example-shop.ru,context
104755,Дмитрий,Нижний Новгород,mass,2025-11-25 01:20:42,дмитрий.104755@example-shop.ru,social
104756,Михаил,Казань,standard,2025-05-07 00:42:04,михаил.104756@example-shop.ru,context
104757,Виктория,Ростов-на-Дону,mass,2025-07-12 01:45:10,виктория.104757@example-shop.ru,marketplace
104758,Иван,Новосибирск,mass,2026-04-14 08:48:37,иван.104758@example-shop.ru,email
104759,Наталья,Москва,standard,2025-07-18 10:16:54,наталья.104759@example-shop.ru,referral
104760,Екатерина,Москва,standard,2025-12-29 00:18:07,екатерина.104760@example-shop.ru,social
104761,Полина,Воронеж,standard,2025-10-07 07:55:09,полина.104761@example-shop.ru,social
104762,Андрей,Москва,standard,2026-05-03 20:39:08,андрей.104762@example-shop.ru,context
104763,Мария,Ростов-на-Дону,standard,2025-12-27 00:17:03,мария.104763@example-shop.ru,email
104764,Дмитрий,Санкт-Петербург,premium,2026-03-31 17:36:37,дмитрий.104764@example-shop.ru,marketplace
104765,Сергей,Екатеринбург,mass,2026-05-08 11:04:35,сергей.104765@example-shop.ru,marketplace
104766,Анна,Новосибирск,premium,2025-03-12 10:45:11,анна.104766@example-shop.ru,social
104767,Виктория,Санкт-Петербург,mass,2026-03-31 09:14:34,виктория.104767@example-shop.ru,referral
104768,Алексей,Самара,mass,2026-06-08 10:57:21,алексей.104768@example-shop.ru,context
104769,Иван,Самара,standard,2025-01-20 17:33:32,иван.104769@example-shop.ru,organic
104770,Алексей,Москва,mass,2025-09-05 14:11:50,алексей.104770@example-shop.ru,referral
104771,Елена,Казань,mass,2025-05-19 21:34:02,елена.104771@example-shop.ru,marketplace
104772,Дарья,Ростов-на-Дону,mass,2026-06-20 11:47:12,дарья.104772@example-shop.ru,email
104773,Анна,Ростов-на-Дону,mass,2025-07-11 19:40:23,анна.104773@example-shop.ru,marketplace
104774,Полина,Новосибирск,standard,2025-04-12 22:03:12,полина.104774@example-shop.ru,context
104775,Елена,Уфа,mass,2025-02-22 02:41:43,елена.104775@example-shop.ru,referral
104776,Алексей,Москва,mass,2026-03-09 08:36:00,алексей.104776@example-shop.ru,social
104777,Максим,Москва,mass,2025-02-02 01:03:47,максим.104777@example-shop.ru,social
104778,Роман,Самара,mass,2025-06-16 03:58:55,роман.104778@example-shop.ru,organic
104779,Иван,Самара,mass,2025-10-30 03:27:25,иван.104779@example-shop.ru,social
104780,Мария,Краснодар,mass,2025-01-25 10:03:12,мария.104780@example-shop.ru,context
104781,Андрей,Москва,premium,2025-04-06 06:22:38,андрей.104781@example-shop.ru,referral
104782,Виктория,Новосибирск,standard,2026-06-26 18:02:55,виктория.104782@example-shop.ru,marketplace
104783,Максим,Самара,mass,2025-09-07 12:48:35,максим.104783@example-shop.ru,referral
104784,Дарья,Москва,mass,2025-06-15 10:14:31,дарья.104784@example-shop.ru,organic
104785,Андрей,Новосибирск,mass,2026-04-20 00:51:34,андрей.104785@example-shop.ru,context
104786,Ольга,Нижний Новгород,mass,2025-02-13 21:11:30,ольга.104786@example-shop.ru,social
104787,Виктория,Москва,mass,2025-05-24 23:26:08,виктория.104787@example-shop.ru,referral
104788,Алексей,Казань,premium,2026-04-14 23:18:11,алексей.104788@example-shop.ru,organic
104789,Максим,Москва,standard,2026-02-15 08:04:45,максим.104789@example-shop.ru,social
104790,Виктория,Пермь,mass,2025-08-24 10:49:31,виктория.104790@example-shop.ru,email
104791,Анна,Москва,mass,2026-06-19 12:13:43,анна.104791@example-shop.ru,organic
104792,Полина,Москва,standard,2025-11-11 03:59:51,полина.104792@example-shop.ru,referral
104793,Полина,Москва,premium,2026-02-11 05:42:38,полина.104793@example-shop.ru,marketplace
104794,Елена,Москва,mass,2026-06-21 17:45:19,елена.104794@example-shop.ru,email
104795,Ольга,Москва,premium,2025-10-02 20:31:53,ольга.104795@example-shop.ru,marketplace
104796,Анна,Нижний Новгород,mass,2025-09-19 23:40:28,анна.104796@example-shop.ru,email
104797,Артём,Москва,standard,2025-12-28 16:28:40,артём.104797@example-shop.ru,social
104798,Иван,Санкт-Петербург,mass,2025-02-06 13:38:54,иван.104798@example-shop.ru,context
104799,Ольга,Москва,standard,2025-08-22 14:16:30,ольга.104799@example-shop.ru,organic
104800,Виктория,Казань,mass,2026-01-12 16:42:52,виктория.104800@example-shop.ru,organic
104801,Михаил,Москва,mass,2025-07-26 13:17:41,михаил.104801@example-shop.ru,social
104802,Виктория,Нижний Новгород,standard,2026-01-23 06:38:28,виктория.104802@example-shop.ru,organic
104803,Дмитрий,Самара,standard,2025-08-08 19:34:34,дмитрий.104803@example-shop.ru,context
104804,Дарья,Ростов-на-Дону,standard,2025-04-16 20:14:37,дарья.104804@example-shop.ru,email
104805,Екатерина,Москва,mass,2025-03-21 17:35:29,екатерина.104805@example-shop.ru,organic
104806,Дарья,Воронеж,standard,2025-10-25 05:59:16,дарья.104806@example-shop.ru,context
104807,Наталья,Самара,mass,2025-04-16 11:22:30,НАТАЛЬЯ.104807@EXAMPLE-SHOP.RU,referral
104808,Ксения,Москва,standard,2025-07-21 05:24:35,ксения.104808@example-shop.ru,organic
104809,Ольга,Екатеринбург,mass,2025-10-11 08:58:24,,social
104810,Андрей,Уфа,mass,2025-01-28 04:58:27,андрей.104810@example-shop.ru,organic
104811,Дмитрий,Санкт-Петербург,mass,2025-08-18 03:01:31,дмитрий.104811@example-shop.ru,email
104812,Дмитрий,Казань,vip,2025-06-19 19:45:35,дмитрий.104812@example-shop.ru,social
104813,Артём,Нижний Новгород,standard,2025-06-21 02:22:48,артём.104813@example-shop.ru,social
104814,Виктория,Москва,mass,2026-05-11 16:41:11,виктория.104814@example-shop.ru,organic
104815,Роман,Омск,standard,2026-05-20 01:33:32,роман.104815@example-shop.ru,referral
104816,Елена,Москва,mass,2025-06-13 15:14:06,елена.104816@example-shop.ru,context
104817,Ксения,Москва,mass,2026-04-26 02:37:57,ксения.104817@example-shop.ru,social
104818,Максим,Москва,mass,2025-05-02 13:39:56,максим.104818@example-shop.ru,organic
104819,Артём,Казань,standard,2025-07-09 01:09:55,артём.104819@example-shop.ru,organic
104820,Никита,Воронеж,premium,2026-05-28 19:08:24,никита.104820@example-shop.ru,organic
104821,Артём,Краснодар,premium,2025-02-25 09:00:35,артём.104821@example-shop.ru,organic
104822,Екатерина,Пермь,mass,2025-07-28 08:50:05,екатерина.104822@example-shop.ru,organic
104823,Никита,Новосибирск,mass,2026-03-15 17:36:27,никита.104823@example-shop.ru,organic
104824,Полина,Екатеринбург,standard,2026-05-28 14:30:44,полина.104824@example-shop.ru,marketplace
104825,Наталья,Казань,mass,2026-06-01 22:39:11,наталья.104825@example-shop.ru,social
104826,Сергей,Москва,standard,2026-04-25 17:27:55,сергей.104826@example-shop.ru,social
104827,Анна,Пермь,vip,2026-06-10 15:02:46,анна.104827@example-shop.ru,context
104828,Артём,Екатеринбург,mass,2025-09-14 09:40:32,артём.104828@example-shop.ru,organic
104829,Никита,Екатеринбург,mass,2025-06-26 02:06:25,никита.104829@example-shop.ru,marketplace
104830,Наталья,Новосибирск,premium,2025-07-29 19:17:54,наталья.104830@example-shop.ru,organic
104831,Максим,Уфа,standard,2025-03-07 17:41:44,максим.104831@example-shop.ru,email
104832,Иван,Москва,premium,2025-03-17 01:21:02,иван.104832@example-shop.ru,referral
104833,Ольга,Ростов-на-Дону,standard,2026-06-15 15:37:13,ольга.104833@example-shop.ru,context
104834,Дмитрий,Ростов-на-Дону,mass,2025-04-14 21:15:48,дмитрий.104834@example-shop.ru,referral
104835,Полина,Краснодар,standard,2025-12-02 21:19:53,полина.104835@example-shop.ru,email
104836,Артём,Москва,standard,2025-05-07 16:21:24,артём.104836@example-shop.ru,marketplace
104837,Иван,Москва,premium,2025-12-28 21:40:02,иван.104837@example-shop.ru,social
104838,Мария,Екатеринбург,mass,2025-09-14 08:13:44,мария.104838@example-shop.ru,organic
104839,Ксения,Краснодар,mass,2025-02-27 06:45:35,ксения.104839@example-shop.ru,social
104840,Никита,Омск,mass,2025-07-22 19:14:37,никита.104840@example-shop.ru,organic
104841,Дарья,Нижний Новгород,mass,2026-02-03 05:50:48,дарья.104841@example-shop.ru,context
104842,Иван,Москва,vip,2026-03-13 05:01:37,иван.104842@example-shop.ru,social
104843,Мария,Москва,vip,2025-06-07 19:23:48,мария.104843@example-shop.ru,organic
104844,Анна,Нижний Новгород,mass,2025-06-11 16:31:17,анна.104844@example-shop.ru,email
104845,Дарья,Москва,premium,2026-02-02 15:10:53,дарья.104845@example-shop.ru,marketplace
104846,Дарья,Новосибирск,mass,2025-08-20 08:43:03,дарья.104846@example-shop.ru,organic
104847,Андрей,Краснодар,premium,2025-02-08 05:38:30,андрей.104847@example-shop.ru,organic
104848,Мария,Казань,standard,2025-03-08 21:00:47,мария.104848@example-shop.ru,context
104849,Анна,Казань,standard,2025-07-23 15:50:37,анна.104849@example-shop.ru,organic
104850,Никита,Москва,standard,2025-05-28 19:33:26,никита.104850@example-shop.ru,organic
104851,Никита,Санкт-Петербург,standard,2025-03-06 18:52:19,никита.104851@example-shop.ru,marketplace
104852,Роман,Самара,premium,2026-03-03 17:54:12,роман.104852@example-shop.ru,organic
104853,Иван,Санкт-Петербург,mass,2025-09-08 02:44:53,иван.104853@example-shop.ru,organic
104854,Мария,Москва,premium,2026-01-21 08:52:24,мария.104854@example-shop.ru,context
104855,Мария,Москва,mass,2025-01-02 02:00:01,мария.104855@example-shop.ru,organic
104856,Екатерина,Москва,mass,2025-08-08 05:02:32,екатерина.104856@example-shop.ru,email
104857,Андрей,Самара,standard,2025-09-18 12:44:40,андрей.104857@example-shop.ru,email
104858,Михаил,Нижний Новгород,standard,2025-11-11 17:20:58,михаил.104858@example-shop.ru,context
104859,Елена,Новосибирск,premium,2026-06-12 14:39:17,елена.104859@example-shop.ru,organic
104860,Дарья,Екатеринбург,mass,2025-09-07 19:00:14,дарья.104860@example-shop.ru,marketplace
104861,Мария,Москва,mass,2025-09-24 16:23:08,мария.104861@example-shop.ru,referral
104862,Андрей,Екатеринбург,mass,2026-05-03 21:29:05,андрей.104862@example-shop.ru,social
104863,Ксения,Москва,premium,2025-08-06 03:27:25,ксения.104863@example-shop.ru,context
104864,Роман,Пермь,vip,2025-08-04 02:33:18,роман.104864@example-shop.ru,social
104865,Ксения,Москва,premium,2025-03-29 01:41:00,ксения.104865@example-shop.ru,organic
104866,Виктория,Казань,mass,2026-01-29 13:15:26,виктория.104866@example-shop.ru,context
104867,Наталья,Москва,premium,2025-01-11 14:49:24,наталья.104867@example-shop.ru,referral
104868,Максим,Уфа,mass,2025-04-30 02:21:40,максим.104868@example-shop.ru,context
104869,Никита,Москва,premium,2025-08-16 20:42:44,никита.104869@example-shop.ru,referral
104870,Екатерина,Пермь,standard,2025-08-25 13:59:25,екатерина.104870@example-shop.ru,referral
104871,Анна,Москва,mass,2025-01-22 00:32:55,анна.104871@example-shop.ru,email
104872,Полина,Краснодар,standard,2025-10-16 11:39:17,полина.104872@example-shop.ru,social
104873,Мария,Самара,standard,2026-06-14 17:22:32,мария.104873@example-shop.ru,organic
104874,Виктория,Москва,mass,2025-02-27 00:46:48,виктория.104874@example-shop.ru,referral
104875,Анна,Москва,mass,2025-09-27 00:15:15,анна.104875@example-shop.ru,email
104876,Екатерина,Санкт-Петербург,standard,2025-11-17 03:26:01,екатерина.104876@example-shop.ru,organic
104877,Сергей,Краснодар,premium,2025-06-26 14:16:48,сергей.104877@example-shop.ru,marketplace
104878,Сергей,Воронеж,standard,2025-11-10 04:37:05,сергей.104878@example-shop.ru,marketplace
104879,Екатерина,Москва,mass,2025-07-05 17:45:05,екатерина.104879@example-shop.ru,referral
104880,Дарья,Санкт-Петербург,standard,2025-03-28 12:29:16,дарья.104880@example-shop.ru,organic
104881,Ольга,Москва,mass,2026-04-04 00:28:50,ольга.104881@example-shop.ru,referral
104882,Полина,Москва,mass,2026-06-29 06:20:08,полина.104882@example-shop.ru,context
104883,Наталья,Самара,mass,2025-07-30 07:47:35,наталья.104883@example-shop.ru,context
104884,Анна,Санкт-Петербург,mass,2025-02-20 09:48:43,анна.104884@example-shop.ru,organic
104885,Алексей,Москва,mass,2025-03-31 02:36:49,алексей.104885@example-shop.ru,referral
104886,Дмитрий,Воронеж,mass,2026-05-03 22:34:10,дмитрий.104886@example-shop.ru,social
104887,Екатерина,Ростов-на-Дону,mass,2026-04-26 01:11:53,екатерина.104887@example-shop.ru,context
104888,Артём,Уфа,standard,2025-09-25 21:01:28,артём.104888@example-shop.ru,context
104889,Максим,Москва,mass,2026-04-20 21:33:40,,context
104890,Наталья,Пермь,mass,2025-05-02 08:58:51,наталья.104890@example-shop.ru,context
104891,Андрей,Новосибирск,mass,2025-08-07 04:26:20,андрей.104891@example-shop.ru,context
104892,Виктория,Екатеринбург,standard,2025-03-03 11:24:26,виктория.104892@example-shop.ru,organic
104893,Мария,Москва,premium,2025-10-24 22:26:07,мария.104893@example-shop.ru,context
104894,Алексей,Воронеж,mass,2026-01-17 04:24:54,алексей.104894@example-shop.ru,organic
104895,Наталья,Новосибирск,standard,2026-06-09 01:34:50,наталья.104895@example-shop.ru,email
104896,Сергей,Краснодар,premium,2026-02-16 04:12:41,сергей.104896@example-shop.ru,social
104897,Ксения,Самара,standard,2025-12-29 08:47:00,ксения.104897@example-shop.ru,email
104898,Виктория,Уфа,mass,2026-01-03 00:36:14,виктория.104898@example-shop.ru,context
104899,Дарья,Самара,mass,2025-12-09 20:23:26,дарья.104899@example-shop.ru,organic
104900,Виктория,Пермь,mass,2025-08-17 19:54:39,виктория.104900@example-shop.ru,context
104901,Максим,Москва,mass,2025-09-30 12:24:39,максим.104901@example-shop.ru,organic
104902,Екатерина,Москва,mass,2025-04-05 01:15:50,екатерина.104902@example-shop.ru,context
104903,Михаил,Ростов-на-Дону,premium,2025-01-11 21:41:40,михаил.104903@example-shop.ru,email
104904,Роман,Екатеринбург,mass,2026-03-07 07:09:20,роман.104904@example-shop.ru,organic
104905,Анна,Нижний Новгород,mass,2025-09-28 08:24:27,анна.104905@example-shop.ru,context
104906,Михаил,Ростов-на-Дону,vip,2026-04-20 19:41:40,михаил.104906@example-shop.ru,organic
104907,Елена,Новосибирск,standard,2025-03-08 09:04:28,,context
104908,Дарья,Уфа,mass,2025-08-02 13:40:17,дарья.104908@example-shop.ru,social
104909,Дарья,Санкт-Петербург,vip,2025-05-21 06:21:12,дарья.104909@example-shop.ru,organic
104910,Михаил,Краснодар,mass,2026-04-04 11:07:32,михаил.104910@example-shop.ru,organic
104911,Никита,Москва,mass,2025-07-25 09:30:10,никита.104911@example-shop.ru,referral
104912,Артём,Нижний Новгород,mass,2025-12-13 09:39:03,артём.104912@example-shop.ru,context
104913,Алексей,Воронеж,mass,2025-02-15 22:59:01,алексей.104913@example-shop.ru,context
104914,Михаил,Санкт-Петербург,standard,2025-10-15 04:52:35,михаил.104914@example-shop.ru,referral
104915,Дарья,Санкт-Петербург,mass,2025-08-29 12:45:11,дарья.104915@example-shop.ru,organic
104916,Иван,Санкт-Петербург,standard,2025-11-29 18:43:02,иван.104916@example-shop.ru,email
104917,Иван,Новосибирск,mass,2025-11-15 23:45:08,иван.104917@example-shop.ru,email
104918,Елена,Казань,premium,2025-02-28 17:22:55,елена.104918@example-shop.ru,context
104919,Андрей,Москва,mass,2025-01-28 06:07:37,андрей.104919@example-shop.ru,context
104920,Артём,Воронеж,premium,2025-04-29 15:33:57,артём.104920@example-shop.ru,context
104921,Полина,Москва,mass,2026-02-01 01:17:11,полина.104921@example-shop.ru,email
104922,Ксения,Новосибирск,premium,2025-05-27 17:04:41,ксения.104922@example-shop.ru,organic
104923,Виктория,Нижний Новгород,premium,2026-06-13 14:54:28,виктория.104923@example-shop.ru,referral
104924,Екатерина,Москва,standard,2025-02-17 06:31:33,екатерина.104924@example-shop.ru,context
104925,Максим,Москва,mass,2025-10-04 18:04:41,максим.104925@example-shop.ru,email
104926,Мария,Тюмень,standard,2026-01-26 02:46:19,мария.104926@example-shop.ru,marketplace
104927,Ольга,Самара,standard,2025-01-30 10:19:45,ольга.104927@example-shop.ru,organic
104928,Виктория,Москва,standard,2025-10-08 03:52:55,виктория.104928@example-shop.ru,context
104929,Анна,Уфа,standard,2025-02-07 02:23:58,анна.104929@example-shop.ru,social
104930,Дмитрий,Екатеринбург,vip,2026-03-07 11:02:57,дмитрий.104930@example-shop.ru,social
104931,Алексей,Москва,vip,2025-09-12 17:07:48,алексей.104931@example-shop.ru,organic
104932,Роман,Самара,mass,2026-04-17 06:07:49,роман.104932@example-shop.ru,social
104933,Ксения,Екатеринбург,mass,2025-12-25 10:15:07,ксения.104933@example-shop.ru,referral
104934,Андрей,Москва,mass,2025-06-22 16:55:59,андрей.104934@example-shop.ru,marketplace
104935,Ольга,Воронеж,standard,2025-03-26 09:47:11,ольга.104935@example-shop.ru,referral
104936,Виктория,Санкт-Петербург,vip,2025-03-28 06:48:53,виктория.104936@example-shop.ru,social
104937,Полина,Санкт-Петербург,mass,2025-01-19 00:05:47,полина.104937@example-shop.ru,organic
104938,Виктория,Санкт-Петербург,mass,2025-06-13 16:04:44,виктория.104938@example-shop.ru,organic
104939,Елена,Уфа,mass,2026-02-02 13:27:29,елена.104939@example-shop.ru,social
104940,Максим,Ростов-на-Дону,mass,2025-07-13 07:41:08,максим.104940@example-shop.ru,social
104941,Роман,Пермь,vip,2025-03-21 15:24:00,роман.104941@example-shop.ru,email
104942,Сергей,Москва,standard,2025-02-13 14:48:33,сергей.104942@example-shop.ru,context
104943,Андрей,Уфа,mass,2025-08-27 19:23:39,андрей.104943@example-shop.ru,organic
104944,Ксения,Новосибирск,mass,2025-04-25 09:14:31,ксения.104944@example-shop.ru,organic
104945,Алексей,Санкт-Петербург,mass,2026-02-05 02:30:03,алексей.104945@example-shop.ru,context
104946,Роман,Москва,standard,2025-07-03 13:52:22,роман.104946@example-shop.ru,context
104947,Ольга,Краснодар,standard,2025-03-10 06:51:30,ольга.104947@example-shop.ru,organic
104948,Артём,Москва,mass,2025-05-29 15:14:34,артём.104948@example-shop.ru,organic
104949,Елена,Нижний Новгород,mass,2025-08-30 07:12:41,елена.104949@example-shop.ru,context
104950,Ольга,Новосибирск,premium,2025-01-21 12:36:39,ольга.104950@example-shop.ru,context
104951,Максим,Москва,standard,2025-03-02 17:49:59,максим.104951@example-shop.ru,marketplace
104952,Мария,Тюмень,standard,2026-06-08 17:29:19,мария.104952@example-shop.ru,email
104953,Дарья,Краснодар,mass,2025-07-09 09:24:20,дарья.104953@example-shop.ru,organic
104954,Иван,Екатеринбург,vip,2026-02-12 17:54:16,иван.104954@example-shop.ru,email
104955,Ольга,Самара,standard,2026-05-13 06:37:39,ольга.104955@example-shop.ru,social
104956,Анна,Екатеринбург,premium,2025-03-03 21:01:22,анна.104956@example-shop.ru,marketplace
104957,Анна,Ростов-на-Дону,mass,2026-01-09 22:37:21,анна.104957@example-shop.ru,social
104958,Ольга,Москва,mass,2026-03-30 23:42:46,ольга.104958@example-shop.ru,organic
104959,Никита,Екатеринбург,mass,2025-01-13 14:03:29,никита.104959@example-shop.ru,organic
104960,Никита,Санкт-Петербург,premium,2025-06-19 09:24:31,никита.104960@example-shop.ru,marketplace
104961,Ольга,Екатеринбург,standard,2025-03-15 06:57:23,ольга.104961@example-shop.ru,marketplace
104962,Артём,Екатеринбург,mass,2025-01-18 08:43:19,артём.104962@example-shop.ru,social
104963,Полина,Москва,vip,2025-06-10 03:10:22,полина.104963@example-shop.ru,social
104964,Дмитрий,Тюмень,premium,2025-04-10 15:45:22,дмитрий.104964@example-shop.ru,social
104965,Никита,Москва,mass,2026-05-04 01:47:00,никита.104965@example-shop.ru,email
104966,Иван,Москва,standard,2025-05-10 08:28:22,иван.104966@example-shop.ru,context
104967,Дмитрий,Казань,standard,2026-02-12 03:53:21,дмитрий.104967@example-shop.ru,organic
104968,Максим,Нижний Новгород,mass,2025-01-29 01:19:54,максим.104968@example-shop.ru,context
104969,Алексей,Москва,standard,2025-12-03 12:48:28,алексей.104969@example-shop.ru,social
104970,Андрей,Новосибирск,mass,2026-01-14 17:50:26,андрей.104970@example-shop.ru,context
104971,Ксения,Ростов-на-Дону,premium,2025-03-25 03:56:23,ксения.104971@example-shop.ru,email
104972,Ольга,Москва,premium,2025-08-23 22:18:09,ольга.104972@example-shop.ru,marketplace
104973,Андрей,Тюмень,premium,2026-05-22 05:40:51,андрей.104973@example-shop.ru,organic
104974,Дарья,Санкт-Петербург,standard,2025-12-01 16:20:35,дарья.104974@example-shop.ru,marketplace
104975,Андрей,Самара,mass,2026-03-17 10:19:45,андрей.104975@example-shop.ru,referral
104976,Андрей,Москва,mass,2025-08-20 11:28:23,андрей.104976@example-shop.ru,social
104977,Виктория,Ростов-на-Дону,standard,2025-05-11 11:41:16,виктория.104977@example-shop.ru,organic
104978,Иван,Краснодар,mass,2025-09-14 01:44:30,иван.104978@example-shop.ru,context
104979,Никита,Москва,standard,2025-08-09 08:34:57,никита.104979@example-shop.ru,marketplace
104980,Михаил,Москва,mass,2026-06-20 16:26:54,михаил.104980@example-shop.ru,social
104981,Никита,Санкт-Петербург,mass,2025-08-22 11:15:36,никита.104981@example-shop.ru,social
104982,Полина,Москва,mass,2025-12-08 21:43:14,полина.104982@example-shop.ru,organic
104983,Анна,Тюмень,standard,2025-11-17 04:35:00,анна.104983@example-shop.ru,context
104984,Сергей,Нижний Новгород,mass,2025-07-22 12:09:28,сергей.104984@example-shop.ru,social
104985,Анна,Нижний Новгород,standard,2025-07-24 06:31:11,анна.104985@example-shop.ru,social
104986,Мария,Омск,mass,2026-04-06 07:54:43,мария.104986@example-shop.ru,email
104987,Полина,Краснодар,standard,2025-04-25 11:08:48,полина.104987@example-shop.ru,context
104988,Никита,Краснодар,standard,2025-08-15 16:36:15,никита.104988@example-shop.ru,organic
104989,Никита,Санкт-Петербург,standard,2025-12-30 12:13:22,никита.104989@example-shop.ru,context
104990,Ксения,Санкт-Петербург,mass,2025-01-31 20:00:45,ксения.104990@example-shop.ru,organic
104991,Михаил,Санкт-Петербург,mass,2026-01-05 06:25:11,михаил.104991@example-shop.ru,organic
104992,Артём,Санкт-Петербург,mass,2026-03-30 20:07:26,артём.104992@example-shop.ru,context
104993,Полина,Санкт-Петербург,standard,2025-08-30 02:24:10,полина.104993@example-shop.ru,email
104994,Виктория,Москва,mass,2025-11-14 17:27:36,виктория.104994@example-shop.ru,context
104995,Михаил,Санкт-Петербург,premium,2025-09-23 05:24:51,михаил.104995@example-shop.ru,email
104996,Дмитрий,Екатеринбург,standard,2025-12-29 22:15:04,дмитрий.104996@example-shop.ru,marketplace
104997,Роман,Санкт-Петербург,mass,2025-01-28 14:45:57,роман.104997@example-shop.ru,organic
104998,Андрей,Москва,premium,2025-12-03 11:23:59,андрей.104998@example-shop.ru,referral
104999,Екатерина,Казань,standard,2025-09-06 13:46:22,екатерина.104999@example-shop.ru,organic
105000,Наталья,Екатеринбург,mass,2025-01-20 10:53:19,наталья.105000@example-shop.ru,organic
105001,Анна,Ростов-на-Дону,standard,2026-03-13 05:12:32,анна.105001@example-shop.ru,organic
105002,Алексей,Ростов-на-Дону,vip,2025-03-24 17:02:40,алексей.105002@example-shop.ru,organic
105003,Михаил,Москва,mass,2025-11-19 08:35:27,михаил.105003@example-shop.ru,referral
105004,Екатерина,Москва,mass,2026-04-09 09:08:26,екатерина.105004@example-shop.ru,referral
105005,Дарья,Санкт-Петербург,standard,2026-05-17 18:44:35,дарья.105005@example-shop.ru,social
105006,Полина,Москва,mass,2025-12-09 08:44:57,полина.105006@example-shop.ru,social
105007,Наталья,Казань,standard,2026-01-26 11:59:41,наталья.105007@example-shop.ru,email
105008,Андрей,Тюмень,standard,2025-11-15 17:18:56,андрей.105008@example-shop.ru,email
105009,Роман,Москва,standard,2026-02-28 19:29:33,роман.105009@example-shop.ru,marketplace
105010,Елена,Санкт-Петербург,mass,2026-06-16 20:50:09,елена.105010@example-shop.ru,referral
105011,Андрей,Ростов-на-Дону,mass,2025-09-07 20:04:37,андрей.105011@example-shop.ru,context
105012,Мария,Екатеринбург,premium,2025-08-14 01:58:47,мария.105012@example-shop.ru,social
105013,Виктория,Москва,mass,2025-04-05 12:43:05,виктория.105013@example-shop.ru,social
105014,Никита,Москва,mass,2026-06-18 17:39:19,никита.105014@example-shop.ru,organic
105015,Екатерина,Пермь,mass,2026-05-13 03:22:51,екатерина.105015@example-shop.ru,email
105016,Никита,Москва,mass,2026-01-20 21:57:36,никита.105016@example-shop.ru,marketplace
105017,Мария,Нижний Новгород,mass,2025-12-26 06:17:24,мария.105017@example-shop.ru,marketplace
105018,Артём,Уфа,mass,2025-04-22 13:39:00,артём.105018@example-shop.ru,organic
105019,Дарья,Санкт-Петербург,standard,2026-05-11 15:55:40,дарья.105019@example-shop.ru,organic
105020,Михаил,Ростов-на-Дону,standard,2025-02-01 14:31:44,михаил.105020@example-shop.ru,organic
105021,Ксения,Москва,premium,2025-12-03 13:11:37,ксения.105021@example-shop.ru,email
105022,Наталья,Санкт-Петербург,premium,2025-05-19 04:11:29,наталья.105022@example-shop.ru,social
105023,Екатерина,Санкт-Петербург,mass,2025-09-05 16:36:38,екатерина.105023@example-shop.ru,email
105024,Сергей,Тюмень,mass,2025-02-21 20:17:40,сергей.105024@example-shop.ru,marketplace
105025,Ксения,Москва,premium,2025-03-15 10:23:16,ксения.105025@example-shop.ru,organic
105026,Иван,Москва,mass,2025-07-25 10:28:14,иван.105026@example-shop.ru,context
105027,Елена,Пермь,mass,2025-08-05 17:58:43,елена.105027@example-shop.ru,email
105028,Мария,Москва,mass,2026-04-26 11:03:00,мария.105028@example-shop.ru,organic
105029,Роман,Воронеж,standard,2025-11-22 15:59:58,роман.105029@example-shop.ru,social
105030,Дмитрий,Самара,mass,2025-01-18 01:15:32,дмитрий.105030@example-shop.ru,context
105031,Максим,Новосибирск,mass,2026-05-23 06:23:47,максим.105031@example-shop.ru,social
105032,Андрей,Ростов-на-Дону,mass,2025-11-29 16:23:41,андрей.105032@example-shop.ru,marketplace
105033,Ольга,Ростов-на-Дону,standard,2026-03-28 23:20:35,ольга.105033@example-shop.ru,organic
105034,Иван,Москва,mass,2026-05-19 14:51:24,иван.105034@example-shop.ru,social
105035,Алексей,Тюмень,standard,2025-10-07 15:53:34,алексей.105035@example-shop.ru,marketplace
105036,Дмитрий,Омск,mass,2025-04-08 17:08:58,дмитрий.105036@example-shop.ru,context
105037,Никита,Воронеж,mass,2025-09-02 03:43:15,никита.105037@example-shop.ru,referral
105038,Артём,Нижний Новгород,mass,2026-01-10 06:14:13,артём.105038@example-shop.ru,marketplace
105039,Полина,Новосибирск,mass,2025-01-19 03:12:56,полина.105039@example-shop.ru,organic
105040,Дмитрий,Новосибирск,mass,2026-05-31 14:23:58,дмитрий.105040@example-shop.ru,organic
105041,Ольга,Москва,premium,2025-07-11 09:32:39,ольга.105041@example-shop.ru,organic
105042,Анна,Екатеринбург,mass,2025-12-26 12:21:36,анна.105042@example-shop.ru,organic
105043,Ольга,Нижний Новгород,premium,2026-06-19 19:38:11,ольга.105043@example-shop.ru,context
105044,Виктория,Самара,mass,2026-04-17 14:55:48,виктория.105044@example-shop.ru,organic
105045,Андрей,Санкт-Петербург,mass,2026-02-08 20:36:42,андрей.105045@example-shop.ru,context
105046,Ольга,Екатеринбург,standard,2025-06-12 19:57:03,ольга.105046@example-shop.ru,email
105047,Дарья,Нижний Новгород,premium,2025-10-13 23:43:03,дарья.105047@example-shop.ru,context
105048,Михаил,Казань,mass,2025-10-01 06:29:35,михаил.105048@example-shop.ru,context
105049,Елена,Омск,mass,2026-04-15 22:52:42,елена.105049@example-shop.ru,organic
105050,Никита,Ростов-на-Дону,standard,2025-01-22 16:21:30,никита.105050@example-shop.ru,referral
105051,Сергей,Москва,mass,2025-01-13 13:34:13,сергей.105051@example-shop.ru,context
105052,Анна,Москва,standard,2025-03-06 10:02:08,анна.105052@example-shop.ru,organic
105053,Полина,Самара,standard,2026-06-06 21:43:29,полина.105053@example-shop.ru,marketplace
105054,Никита,Казань,mass,2025-10-22 14:09:29,никита.105054@example-shop.ru,email
105055,Алексей,Краснодар,premium,2026-01-17 07:40:01,алексей.105055@example-shop.ru,referral
105056,Никита,Москва,mass,2025-02-21 12:13:18,никита.105056@example-shop.ru,referral
105057,Никита,Москва,premium,2025-01-08 06:08:56,никита.105057@example-shop.ru,context
105058,Андрей,Казань,vip,2025-12-21 09:03:59,андрей.105058@example-shop.ru,context
105059,Елена,Ростов-на-Дону,standard,2026-01-20 12:21:21,елена.105059@example-shop.ru,social
105060,Михаил,Тюмень,vip,2025-08-21 19:41:22,михаил.105060@example-shop.ru,email
105061,Артём,Воронеж,standard,2025-02-15 07:18:44,артём.105061@example-shop.ru,marketplace
105062,Михаил,Екатеринбург,mass,2025-09-24 20:33:28,михаил.105062@example-shop.ru,social
105063,Михаил,Краснодар,mass,2025-12-15 13:55:56,михаил.105063@example-shop.ru,context
105064,Михаил,Москва,mass,2025-04-27 08:18:28,михаил.105064@example-shop.ru,referral
105065,Артём,Новосибирск,mass,2025-06-13 23:35:02,артём.105065@example-shop.ru,referral
105066,Екатерина,Пермь,standard,2026-02-11 22:56:50,екатерина.105066@example-shop.ru,organic
105067,Артём,Казань,mass,2025-04-26 14:09:59,артём.105067@example-shop.ru,context
105068,Алексей,Омск,standard,2025-02-24 01:02:50,алексей.105068@example-shop.ru,organic
105069,Алексей,Москва,mass,2025-12-09 07:18:20,алексей.105069@example-shop.ru,context
105070,Полина,Москва,mass,2025-01-13 14:50:32,полина.105070@example-shop.ru,email
105071,Никита,Новосибирск,mass,2025-08-25 13:15:11,никита.105071@example-shop.ru,context
105072,Виктория,Пермь,vip,2025-11-07 09:53:51,виктория.105072@example-shop.ru,social
105073,Анна,Санкт-Петербург,mass,2025-02-05 03:57:39,анна.105073@example-shop.ru,context
105074,Дарья,Уфа,mass,2025-12-22 23:55:13,дарья.105074@example-shop.ru,organic
105075,Иван,Москва,mass,2026-03-25 04:14:41,иван.105075@example-shop.ru,referral
105076,Ольга,Ростов-на-Дону,vip,2026-06-15 13:38:04,ольга.105076@example-shop.ru,social
105077,Максим,Новосибирск,mass,2025-05-26 00:53:07,максим.105077@example-shop.ru,email
105078,Алексей,Москва,standard,2025-06-28 07:27:48,алексей.105078@example-shop.ru,referral
105079,Андрей,Ростов-на-Дону,mass,2025-12-03 22:11:24,андрей.105079@example-shop.ru,email
105080,Артём,Ростов-на-Дону,mass,2025-11-23 14:41:59,артём.105080@example-shop.ru,organic
105081,Максим,Новосибирск,standard,2025-11-29 02:26:14,максим.105081@example-shop.ru,social
105082,Артём,Москва,standard,2025-06-21 11:44:31,артём.105082@example-shop.ru,context
105083,Алексей,Москва,standard,2025-01-31 14:35:16,алексей.105083@example-shop.ru,referral
105084,Сергей,Омск,mass,2025-01-14 14:06:10,сергей.105084@example-shop.ru,social
105085,Артём,Самара,vip,2026-06-28 12:54:01,артём.105085@example-shop.ru,organic
105086,Максим,Уфа,standard,2025-08-10 11:08:09,максим.105086@example-shop.ru,social
105087,Андрей,Самара,vip,2025-09-01 23:23:59,андрей.105087@example-shop.ru,referral
105088,Дмитрий,Краснодар,mass,2025-12-08 05:19:22,дмитрий.105088@example-shop.ru,organic
105089,Иван,Москва,mass,2025-04-22 22:03:53,иван.105089@example-shop.ru,referral
105090,Артём,Екатеринбург,mass,2025-07-28 04:14:11,артём.105090@example-shop.ru,email
105091,Ксения,Самара,standard,2025-08-27 00:39:35,ксения.105091@example-shop.ru,organic
105092,Ольга,Москва,standard,2025-02-21 17:39:45,ольга.105092@example-shop.ru,social
105093,Алексей,Москва,mass,2025-11-25 16:03:00,алексей.105093@example-shop.ru,marketplace
105094,Полина,Нижний Новгород,mass,2025-04-16 14:49:02,полина.105094@example-shop.ru,organic
105095,Сергей,Воронеж,mass,2025-01-02 15:45:37,сергей.105095@example-shop.ru,organic
105096,Анна,Самара,mass,2025-12-05 10:38:41,анна.105096@example-shop.ru,social
105097,Михаил,Москва,premium,2025-06-13 13:44:48,михаил.105097@example-shop.ru,social
105098,Максим,Тюмень,mass,2026-01-27 05:12:11,максим.105098@example-shop.ru,email
105099,Никита,Москва,mass,2025-10-20 07:11:58,никита.105099@example-shop.ru,social
105100,Елена,Москва,mass,2025-01-16 20:16:05,елена.105100@example-shop.ru,social
105101,Виктория,Тюмень,mass,2026-01-14 11:45:32,виктория.105101@example-shop.ru,context
105102,Артём,Уфа,vip,2025-01-23 04:27:49,артём.105102@example-shop.ru,organic
105103,Дмитрий,Пермь,mass,2025-06-20 18:02:31,дмитрий.105103@example-shop.ru,social
105104,Наталья,Уфа,premium,2026-01-09 21:18:44,наталья.105104@example-shop.ru,organic
105105,Иван,Самара,standard,2025-08-09 03:08:17,иван.105105@example-shop.ru,marketplace
105106,Михаил,Санкт-Петербург,standard,2025-07-29 18:46:44,михаил.105106@example-shop.ru,organic
105107,Дарья,Санкт-Петербург,mass,2025-05-01 13:40:04,дарья.105107@example-shop.ru,organic
105108,Полина,Омск,standard,2025-08-30 22:14:43,полина.105108@example-shop.ru,email
105109,Максим,Воронеж,standard,2025-06-09 16:58:02,максим.105109@example-shop.ru,organic
105110,Елена,Санкт-Петербург,mass,2026-05-31 16:16:13,елена.105110@example-shop.ru,context
105111,Артём,Казань,premium,2026-01-10 14:38:06,артём.105111@example-shop.ru,marketplace
105112,Екатерина,Санкт-Петербург,mass,2026-05-11 08:04:56,екатерина.105112@example-shop.ru,email
105113,Полина,Санкт-Петербург,mass,2025-07-03 19:23:06,полина.105113@example-shop.ru,organic
105114,Алексей,Воронеж,mass,2026-06-02 18:18:00,алексей.105114@example-shop.ru,organic
105115,Дмитрий,Москва,standard,2025-06-02 09:25:28,дмитрий.105115@example-shop.ru,social
105116,Елена,Казань,mass,2025-06-18 09:53:32,елена.105116@example-shop.ru,social
105117,Елена,Омск,mass,2025-06-12 17:09:49,елена.105117@example-shop.ru,organic
105118,Наталья,Новосибирск,mass,2025-11-18 07:33:55,наталья.105118@example-shop.ru,organic
105119,Ксения,Екатеринбург,mass,2025-11-30 21:22:15,ксения.105119@example-shop.ru,email
105120,Алексей,Санкт-Петербург,mass,2025-02-05 09:44:25,алексей.105120@example-shop.ru,context
105121,Андрей,Москва,premium,2025-11-02 15:29:01,андрей.105121@example-shop.ru,email
105122,Михаил,Москва,mass,2026-06-04 06:45:27,михаил.105122@example-shop.ru,organic
105123,Михаил,Москва,vip,2025-08-10 18:16:12,михаил.105123@example-shop.ru,social
105124,Екатерина,Москва,standard,2026-01-17 07:00:16,екатерина.105124@example-shop.ru,social
105125,Иван,Москва,standard,2025-12-11 14:41:49,ИВАН.105125@EXAMPLE-SHOP.RU,context
105126,Роман,Санкт-Петербург,premium,2026-06-19 02:16:54,роман.105126@example-shop.ru,social
105127,Дмитрий,Москва,mass,2025-12-17 07:44:57,дмитрий.105127@example-shop.ru,organic
105128,Артём,Омск,standard,2025-09-14 14:06:55,артём.105128@example-shop.ru,email
105129,Екатерина,Москва,mass,2025-01-08 03:28:23,екатерина.105129@example-shop.ru,referral
105130,Михаил,Казань,mass,2026-03-15 04:02:03,михаил.105130@example-shop.ru,context
105131,Максим,Воронеж,mass,2025-07-04 18:53:54,максим.105131@example-shop.ru,social
105132,Ольга,Москва,standard,2026-05-20 02:33:06,ольга.105132@example-shop.ru,marketplace
105133,Наталья,Екатеринбург,premium,2025-05-14 03:17:54,наталья.105133@example-shop.ru,context
105134,Алексей,Краснодар,mass,2025-08-27 07:26:58,алексей.105134@example-shop.ru,context
105135,Роман,Новосибирск,standard,2026-03-28 20:54:37,роман.105135@example-shop.ru,email
105136,Мария,Москва,mass,2025-03-24 17:08:43,мария.105136@example-shop.ru,organic
105137,Наталья,Ростов-на-Дону,mass,2025-05-31 02:42:14,наталья.105137@example-shop.ru,referral
105138,Екатерина,Самара,mass,2026-03-08 14:22:55,екатерина.105138@example-shop.ru,organic
105139,Мария,Санкт-Петербург,standard,2025-06-22 22:13:58,мария.105139@example-shop.ru,referral
105140,Полина,,mass,2026-06-06 21:34:37,полина.105140@example-shop.ru,context
105141,Ольга,Москва,mass,2025-10-21 02:15:35,ольга.105141@example-shop.ru,organic
105142,Алексей,Краснодар,mass,2026-03-26 17:54:45,алексей.105142@example-shop.ru,marketplace
105143,Екатерина,Санкт-Петербург,standard,2025-10-26 07:58:58,,social
105144,Виктория,Москва,standard,2025-01-25 14:55:31,виктория.105144@example-shop.ru,context
105145,Михаил,Новосибирск,mass,2026-03-18 23:32:00,михаил.105145@example-shop.ru,referral
105146,Дарья,Пермь,standard,2025-08-17 18:40:48,дарья.105146@example-shop.ru,social
105147,Наталья,Москва,standard,2025-07-31 10:06:06,наталья.105147@example-shop.ru,organic
105148,Андрей,Москва,mass,2026-02-06 07:15:02,андрей.105148@example-shop.ru,referral
105149,Ольга,Казань,mass,2025-06-03 05:37:41,ольга.105149@example-shop.ru,marketplace
105150,Артём,Самара,premium,2025-08-22 06:53:40,артём.105150@example-shop.ru,organic
105151,Анна,Екатеринбург,mass,2025-11-28 11:49:21,анна.105151@example-shop.ru,email
105152,Михаил,Воронеж,mass,2025-11-20 07:31:45,михаил.105152@example-shop.ru,social
105153,Елена,Москва,premium,2026-02-01 21:54:57,елена.105153@example-shop.ru,organic
105154,Екатерина,Санкт-Петербург,premium,2025-02-14 19:42:53,екатерина.105154@example-shop.ru,referral
105155,Андрей,Санкт-Петербург,standard,2026-06-25 23:10:31,андрей.105155@example-shop.ru,context
105156,Ксения,Санкт-Петербург,standard,2025-11-28 10:28:01,ксения.105156@example-shop.ru,email
105157,Никита,Екатеринбург,mass,2025-12-03 23:20:54,никита.105157@example-shop.ru,social
105158,Иван,Уфа,standard,2026-04-27 00:34:49,иван.105158@example-shop.ru,organic
105159,Иван,Санкт-Петербург,mass,2025-09-25 10:47:42,иван.105159@example-shop.ru,organic
105160,Никита,Ростов-на-Дону,premium,2025-01-17 12:46:10,никита.105160@example-shop.ru,context
105161,Ольга,Москва,mass,2025-03-14 12:31:46,ольга.105161@example-shop.ru,social
105162,Алексей,Новосибирск,mass,2026-06-01 08:49:20,алексей.105162@example-shop.ru,marketplace
105163,Елена,Казань,mass,2026-06-22 20:57:14,елена.105163@example-shop.ru,email
105164,Андрей,Новосибирск,standard,2025-02-15 16:41:20,андрей.105164@example-shop.ru,email
105165,Ольга,Москва,mass,2026-01-09 07:41:34,ольга.105165@example-shop.ru,social
105166,Мария,Омск,standard,2025-12-27 01:30:13,мария.105166@example-shop.ru,organic
105167,Роман,Пермь,mass,2025-03-31 22:25:41,роман.105167@example-shop.ru,referral
105168,Анна,Краснодар,mass,2026-03-06 02:24:57,анна.105168@example-shop.ru,organic
105169,Ольга,Воронеж,standard,2025-09-08 12:34:44,ольга.105169@example-shop.ru,organic
105170,Алексей,Москва,mass,2025-05-06 15:28:01,алексей.105170@example-shop.ru,organic
105171,Михаил,Екатеринбург,standard,2025-11-02 08:45:16,михаил.105171@example-shop.ru,marketplace
105172,Сергей,Санкт-Петербург,vip,2026-05-09 06:40:31,сергей.105172@example-shop.ru,referral
105173,Ксения,Воронеж,standard,2025-04-29 04:45:18,ксения.105173@example-shop.ru,organic
105174,Максим,Москва,mass,2025-12-04 06:04:47,максим.105174@example-shop.ru,marketplace
105175,Дмитрий,Москва,mass,2026-02-04 04:51:25,дмитрий.105175@example-shop.ru,email
105176,Анна,Самара,premium,2025-12-07 18:04:56,анна.105176@example-shop.ru,social
105177,Дмитрий,Москва,standard,2025-12-21 10:24:54,дмитрий.105177@example-shop.ru,organic
105178,Наталья,Ростов-на-Дону,standard,2026-01-31 12:33:16,наталья.105178@example-shop.ru,context
105179,Мария,Санкт-Петербург,mass,2025-05-08 09:24:55,мария.105179@example-shop.ru,context
105180,Сергей,,standard,2025-02-25 09:32:51,сергей.105180@example-shop.ru,social
105181,Ксения,Воронеж,mass,2026-06-24 10:00:47,ксения.105181@example-shop.ru,social
105182,Дарья,Нижний Новгород,standard,2025-06-24 04:27:44,,organic
105183,Михаил,Москва,premium,2026-06-02 00:35:03,михаил.105183@example-shop.ru,context
105184,Ксения,Москва,premium,2025-05-27 06:54:26,ксения.105184@example-shop.ru,social
105185,Дарья,Москва,mass,2025-05-25 17:00:58,дарья.105185@example-shop.ru,email
105186,Екатерина,Москва,standard,2025-01-14 14:05:32,екатерина.105186@example-shop.ru,organic
105187,Ксения,Новосибирск,mass,2025-08-29 18:54:10,ксения.105187@example-shop.ru,referral
105188,Иван,Санкт-Петербург,mass,2026-05-31 00:15:42,иван.105188@example-shop.ru,marketplace
105189,Андрей,Москва,standard,2026-05-03 15:49:34,андрей.105189@example-shop.ru,referral
105190,Елена,Москва,mass,2025-06-16 01:25:00,елена.105190@example-shop.ru,context
105191,Роман,Омск,mass,2025-08-10 10:20:58,роман.105191@example-shop.ru,referral
105192,Никита,Москва,standard,2025-12-31 21:43:24,никита.105192@example-shop.ru,email
105193,Наталья,Санкт-Петербург,standard,2026-06-05 09:03:08,наталья.105193@example-shop.ru,email
105194,Мария,Екатеринбург,standard,2025-11-26 05:14:42,мария.105194@example-shop.ru,organic
105195,Ольга,Москва,mass,2025-04-20 05:19:50,ольга.105195@example-shop.ru,organic
105196,Сергей,Пермь,standard,2025-07-14 03:01:41,сергей.105196@example-shop.ru,organic
105197,Никита,Москва,mass,2026-01-30 14:12:41,никита.105197@example-shop.ru,organic
105198,Никита,Самара,mass,2025-01-13 19:41:14,никита.105198@example-shop.ru,referral
105199,Виктория,Нижний Новгород,mass,2025-11-23 17:32:21,виктория.105199@example-shop.ru,organic
105200,Полина,Уфа,standard,2026-02-24 04:47:11,полина.105200@example-shop.ru,referral
105201,Сергей,Самара,mass,2025-07-08 16:05:56,сергей.105201@example-shop.ru,referral
105202,Сергей,Уфа,mass,2025-10-21 16:56:08,сергей.105202@example-shop.ru,social
105203,Андрей,Казань,premium,2026-01-27 04:43:35,андрей.105203@example-shop.ru,organic
105204,Екатерина,Екатеринбург,premium,2025-11-21 09:00:28,екатерина.105204@example-shop.ru,context
105205,Артём,Ростов-на-Дону,standard,2025-01-14 04:40:24,артём.105205@example-shop.ru,organic
105206,Наталья,Новосибирск,standard,2025-11-16 02:44:25,наталья.105206@example-shop.ru,marketplace
105207,Роман,Новосибирск,vip,2025-05-06 19:46:39,роман.105207@example-shop.ru,context
105208,Дарья,Москва,standard,2026-02-08 06:13:55,дарья.105208@example-shop.ru,organic
105209,Наталья,Санкт-Петербург,mass,2025-05-23 09:44:43,наталья.105209@example-shop.ru,organic
105210,Алексей,Санкт-Петербург,standard,2026-06-18 02:35:57,алексей.105210@example-shop.ru,social
105211,Иван,Москва,premium,2025-03-06 00:30:46,иван.105211@example-shop.ru,social
105212,Иван,Казань,standard,2026-05-01 09:09:30,иван.105212@example-shop.ru,marketplace
105213,Наталья,Москва,mass,2025-01-19 12:12:40,,context
105214,Михаил,Новосибирск,premium,2026-01-08 05:12:11,михаил.105214@example-shop.ru,organic
105215,Андрей,Ростов-на-Дону,standard,2025-07-12 08:33:12,андрей.105215@example-shop.ru,email
105216,Дмитрий,Новосибирск,mass,2025-04-17 11:26:16,дмитрий.105216@example-shop.ru,context
105217,Дарья,Самара,vip,2025-04-29 23:01:57,дарья.105217@example-shop.ru,context
105218,Екатерина,Москва,standard,2025-01-21 23:47:33,екатерина.105218@example-shop.ru,marketplace
105219,Мария,Москва,standard,2025-03-14 09:53:58,мария.105219@example-shop.ru,social
105220,Ольга,Самара,premium,2025-08-02 16:18:35,ольга.105220@example-shop.ru,context
105221,Максим,Уфа,mass,2025-03-27 17:37:28,,marketplace
105222,Ксения,Ростов-на-Дону,standard,2026-06-12 15:28:41,ксения.105222@example-shop.ru,organic
105223,Никита,Самара,mass,2026-03-27 07:33:55,никита.105223@example-shop.ru,organic
105224,Андрей,Ростов-на-Дону,premium,2025-09-15 09:53:09,андрей.105224@example-shop.ru,organic
105225,Артём,Ростов-на-Дону,premium,2025-02-21 17:19:46,артём.105225@example-shop.ru,organic
105226,Наталья,Ростов-на-Дону,standard,2026-06-22 11:25:15,наталья.105226@example-shop.ru,context
105227,Максим,Ростов-на-Дону,standard,2026-01-31 01:06:22,максим.105227@example-shop.ru,email
105228,Дарья,Москва,standard,2025-04-10 20:23:06,дарья.105228@example-shop.ru,marketplace
105229,Мария,Москва,mass,2025-01-30 09:43:25,мария.105229@example-shop.ru,referral
105230,Елена,Санкт-Петербург,mass,2025-12-04 17:48:24,елена.105230@example-shop.ru,marketplace
105231,Иван,Новосибирск,mass,2025-01-23 03:28:00,иван.105231@example-shop.ru,context
105232,Наталья,Уфа,premium,2025-12-01 19:11:56,наталья.105232@example-shop.ru,context
105233,Елена,Санкт-Петербург,standard,2025-08-30 00:32:19,елена.105233@example-shop.ru,organic
105234,Анна,Санкт-Петербург,standard,2026-04-25 20:20:50,анна.105234@example-shop.ru,social
105235,Ольга,Уфа,mass,2025-07-28 02:38:14,ольга.105235@example-shop.ru,context
105236,Ксения,Москва,standard,2025-09-02 02:34:06,ксения.105236@example-shop.ru,organic
105237,Виктория,Краснодар,mass,2025-10-25 10:23:26,виктория.105237@example-shop.ru,marketplace
105238,Андрей,Москва,vip,2026-06-20 19:30:08,,organic
105239,Никита,Санкт-Петербург,premium,2026-01-18 22:34:17,никита.105239@example-shop.ru,referral
105240,Никита,Казань,mass,2025-12-31 19:37:32,никита.105240@example-shop.ru,organic
105241,Ольга,Санкт-Петербург,standard,2025-06-18 20:19:26,ольга.105241@example-shop.ru,social
105242,Ксения,Москва,mass,2025-09-21 09:11:37,ксения.105242@example-shop.ru,referral
105243,Никита,Москва,mass,2025-04-16 22:50:53,никита.105243@example-shop.ru,organic
105244,Полина,Санкт-Петербург,standard,2025-08-02 10:37:02,полина.105244@example-shop.ru,organic
105245,Ольга,Санкт-Петербург,standard,2026-03-25 01:17:16,ольга.105245@example-shop.ru,social
105246,Дмитрий,Уфа,mass,2025-02-24 05:46:28,дмитрий.105246@example-shop.ru,social
105247,Виктория,Москва,mass,2025-04-01 02:12:53,виктория.105247@example-shop.ru,context
105248,Никита,Казань,mass,2025-11-16 06:35:22,никита.105248@example-shop.ru,context
105249,Никита,Москва,mass,2026-03-12 03:45:42,никита.105249@example-shop.ru,organic
105250,Виктория,Пермь,mass,2026-06-16 09:54:53,виктория.105250@example-shop.ru,context
105251,Иван,Уфа,mass,2025-11-16 23:52:52,иван.105251@example-shop.ru,marketplace
105252,Сергей,Тюмень,premium,2025-12-25 01:16:39,сергей.105252@example-shop.ru,organic
105253,Роман,Пермь,mass,2025-06-07 16:57:33,роман.105253@example-shop.ru,context
105254,Виктория,Санкт-Петербург,mass,2025-08-12 09:37:48,виктория.105254@example-shop.ru,referral
105255,Максим,Самара,mass,2025-06-21 06:30:30,максим.105255@example-shop.ru,email
105256,Максим,Санкт-Петербург,mass,2025-03-01 09:58:05,МАКСИМ.105256@EXAMPLE-SHOP.RU,organic
105257,Мария,Воронеж,standard,2025-07-21 23:50:00,мария.105257@example-shop.ru,social
105258,Елена,Казань,mass,2025-04-29 13:46:40,елена.105258@example-shop.ru,social
105259,Екатерина,Казань,mass,2025-11-19 03:19:22,екатерина.105259@example-shop.ru,organic
105260,Дмитрий,Пермь,premium,2026-02-15 18:07:57,дмитрий.105260@example-shop.ru,organic
105261,Полина,Краснодар,standard,2026-06-18 21:31:05,полина.105261@example-shop.ru,email
105262,Мария,Омск,mass,2026-04-25 16:57:07,мария.105262@example-shop.ru,context
105263,Виктория,Москва,mass,2025-06-23 11:00:39,виктория.105263@example-shop.ru,organic
105264,Наталья,Москва,premium,2026-05-27 12:42:31,наталья.105264@example-shop.ru,social
105265,Андрей,Санкт-Петербург,standard,2026-05-29 07:37:56,андрей.105265@example-shop.ru,context
105266,Ксения,Казань,premium,2025-10-02 09:48:23,ксения.105266@example-shop.ru,organic
105267,Артём,Екатеринбург,mass,2025-04-22 19:19:14,артём.105267@example-shop.ru,context
105268,Михаил,Санкт-Петербург,standard,2026-02-28 18:40:12,михаил.105268@example-shop.ru,context
105269,Екатерина,Уфа,mass,2025-03-03 13:29:31,екатерина.105269@example-shop.ru,social
105270,Артём,Москва,mass,2025-07-16 19:03:14,артём.105270@example-shop.ru,context
105271,Анна,Самара,standard,2025-10-18 00:02:53,анна.105271@example-shop.ru,organic
105272,Сергей,Краснодар,standard,2026-04-16 16:33:31,сергей.105272@example-shop.ru,social
105273,Дмитрий,Нижний Новгород,mass,2026-06-17 04:22:11,дмитрий.105273@example-shop.ru,referral
105274,Наталья,Санкт-Петербург,mass,2026-03-22 19:20:17,наталья.105274@example-shop.ru,social
105275,Михаил,Москва,standard,2025-09-22 06:01:06,михаил.105275@example-shop.ru,organic
105276,Дмитрий,Москва,mass,2025-02-16 06:51:27,дмитрий.105276@example-shop.ru,organic
105277,Дмитрий,Ростов-на-Дону,mass,2026-03-12 22:53:20,дмитрий.105277@example-shop.ru,marketplace
105278,Андрей,Екатеринбург,mass,2026-04-12 21:51:30,андрей.105278@example-shop.ru,organic
105279,Ольга,Москва,mass,2025-09-15 12:54:21,ольга.105279@example-shop.ru,context
105280,Анна,Тюмень,premium,2025-10-29 22:56:30,анна.105280@example-shop.ru,referral
105281,Роман,Самара,mass,2026-04-09 06:01:25,роман.105281@example-shop.ru,email
105282,Роман,Краснодар,mass,2025-03-14 00:48:28,роман.105282@example-shop.ru,marketplace
105283,Андрей,Казань,standard,2026-03-19 22:38:56,андрей.105283@example-shop.ru,context
105284,Дарья,Омск,mass,2025-10-07 09:00:23,дарья.105284@example-shop.ru,marketplace
105285,Полина,Москва,standard,2026-01-09 23:23:52,полина.105285@example-shop.ru,organic
105286,Виктория,Москва,mass,2025-04-14 20:58:08,виктория.105286@example-shop.ru,email
105287,Елена,Воронеж,premium,2025-12-02 09:34:14,елена.105287@example-shop.ru,organic
105288,Ксения,Воронеж,standard,2025-05-27 05:44:08,ксения.105288@example-shop.ru,marketplace
105289,Елена,Екатеринбург,standard,2025-10-10 09:18:29,елена.105289@example-shop.ru,email
105290,Елена,Москва,mass,2025-10-14 02:05:03,елена.105290@example-shop.ru,email
105291,Андрей,Санкт-Петербург,standard,2026-06-06 10:24:23,андрей.105291@example-shop.ru,social
105292,Ксения,Ростов-на-Дону,standard,2026-01-01 04:44:49,ксения.105292@example-shop.ru,organic
105293,Максим,Краснодар,mass,2025-10-31 18:31:41,максим.105293@example-shop.ru,context
105294,Роман,Санкт-Петербург,mass,2025-08-08 01:29:49,роман.105294@example-shop.ru,organic
105295,Никита,Москва,mass,2025-07-03 17:45:57,никита.105295@example-shop.ru,referral
105296,Дарья,Самара,mass,2025-12-22 11:39:42,дарья.105296@example-shop.ru,organic
105297,Алексей,Ростов-на-Дону,mass,2026-04-26 19:23:58,алексей.105297@example-shop.ru,organic
105298,Екатерина,Казань,premium,2025-11-08 23:38:53,екатерина.105298@example-shop.ru,organic
105299,Анна,Нижний Новгород,vip,2025-12-26 17:15:21,анна.105299@example-shop.ru,email
105300,Андрей,Тюмень,mass,2025-06-28 18:01:07,андрей.105300@example-shop.ru,context
105301,Мария,Москва,premium,2025-11-01 04:54:10,мария.105301@example-shop.ru,social
105302,Полина,Новосибирск,standard,2025-11-08 16:01:36,полина.105302@example-shop.ru,organic
105303,Анна,Нижний Новгород,mass,2026-01-07 18:47:28,анна.105303@example-shop.ru,context
105304,Сергей,Новосибирск,premium,2025-06-22 08:10:32,сергей.105304@example-shop.ru,social
105305,Дмитрий,Воронеж,standard,2025-07-10 03:14:50,дмитрий.105305@example-shop.ru,organic
105306,Андрей,Нижний Новгород,standard,2025-07-15 19:33:17,андрей.105306@example-shop.ru,referral
105307,Ольга,Екатеринбург,mass,2025-08-18 08:45:25,ольга.105307@example-shop.ru,context
105308,Роман,Москва,mass,2025-06-09 03:43:27,роман.105308@example-shop.ru,marketplace
105309,Мария,Ростов-на-Дону,premium,2025-04-17 14:22:46,мария.105309@example-shop.ru,organic
105310,Наталья,Москва,mass,2025-09-30 14:37:22,наталья.105310@example-shop.ru,context
105311,Никита,Москва,mass,2026-04-11 23:40:19,никита.105311@example-shop.ru,marketplace
105312,Никита,Екатеринбург,mass,2025-01-18 07:07:45,никита.105312@example-shop.ru,marketplace
105313,Дмитрий,Новосибирск,mass,2025-12-29 17:56:39,ДМИТРИЙ.105313@EXAMPLE-SHOP.RU,social
105314,Ольга,Тюмень,mass,2026-03-22 00:12:13,ольга.105314@example-shop.ru,organic
105315,Сергей,Ростов-на-Дону,premium,2026-03-26 05:20:36,сергей.105315@example-shop.ru,context
105316,Виктория,Краснодар,mass,2026-04-10 16:54:08,виктория.105316@example-shop.ru,social
105317,Артём,Санкт-Петербург,premium,2025-06-22 23:28:07,артём.105317@example-shop.ru,organic
105318,Иван,Екатеринбург,standard,2025-02-24 23:13:45,иван.105318@example-shop.ru,organic
105319,Дарья,Тюмень,mass,2026-06-27 12:19:12,дарья.105319@example-shop.ru,social
105320,Дмитрий,Казань,mass,2026-01-17 11:49:17,дмитрий.105320@example-shop.ru,organic
105321,Максим,Уфа,mass,2025-07-14 16:18:32,максим.105321@example-shop.ru,marketplace
105322,Андрей,Новосибирск,premium,2026-04-10 08:49:19,андрей.105322@example-shop.ru,organic
105323,Екатерина,Москва,standard,2025-07-12 18:33:59,екатерина.105323@example-shop.ru,marketplace
105324,Ольга,Нижний Новгород,mass,2026-02-13 09:08:14,ольга.105324@example-shop.ru,social
105325,Никита,Москва,premium,2026-06-08 13:06:42,никита.105325@example-shop.ru,marketplace
105326,Ольга,Москва,standard,2026-02-23 12:08:15,ольга.105326@example-shop.ru,email
105327,Виктория,Москва,mass,2025-12-24 00:14:55,виктория.105327@example-shop.ru,organic
105328,Дмитрий,Москва,standard,2025-04-15 04:29:36,дмитрий.105328@example-shop.ru,organic
105329,Анна,Казань,standard,2026-05-24 17:25:32,анна.105329@example-shop.ru,organic
105330,Наталья,Воронеж,standard,2025-08-21 00:52:28,наталья.105330@example-shop.ru,referral
105331,Виктория,Казань,mass,2025-12-06 14:41:45,виктория.105331@example-shop.ru,organic
105332,Андрей,Краснодар,mass,2025-11-30 11:29:29,андрей.105332@example-shop.ru,referral
105333,Ольга,Новосибирск,mass,2025-05-15 07:53:25,ольга.105333@example-shop.ru,email
105334,Ксения,Москва,mass,2025-11-25 16:58:11,ксения.105334@example-shop.ru,context
105335,Михаил,Москва,mass,2025-08-01 22:50:00,михаил.105335@example-shop.ru,referral
105336,Мария,Пермь,standard,2025-07-10 12:42:05,мария.105336@example-shop.ru,marketplace
105337,Роман,Нижний Новгород,mass,2026-04-14 02:34:25,роман.105337@example-shop.ru,email
105338,Виктория,Пермь,mass,2026-01-29 11:43:29,виктория.105338@example-shop.ru,organic
105339,Ольга,Санкт-Петербург,standard,2025-09-24 18:09:43,ольга.105339@example-shop.ru,context
105340,Наталья,Ростов-на-Дону,mass,2025-01-11 10:33:14,наталья.105340@example-shop.ru,social
105341,Максим,Уфа,mass,2026-01-22 09:27:12,максим.105341@example-shop.ru,organic
105342,Михаил,Тюмень,standard,2026-02-07 07:36:31,,social
105343,Виктория,Москва,premium,2025-04-01 18:11:46,виктория.105343@example-shop.ru,marketplace
105344,Сергей,Омск,mass,2026-02-17 12:47:21,сергей.105344@example-shop.ru,context
105345,Елена,Казань,premium,2025-08-06 20:58:24,елена.105345@example-shop.ru,organic
105346,Ольга,Краснодар,premium,2026-02-04 07:46:05,ольга.105346@example-shop.ru,organic
105347,Наталья,Новосибирск,standard,2026-04-03 12:05:59,наталья.105347@example-shop.ru,marketplace
105348,Наталья,Новосибирск,vip,2026-01-17 15:33:12,наталья.105348@example-shop.ru,organic
105349,Максим,Санкт-Петербург,mass,2026-05-28 20:24:54,максим.105349@example-shop.ru,organic
105350,Виктория,Краснодар,mass,2025-02-11 14:28:59,виктория.105350@example-shop.ru,social
105351,Дмитрий,Санкт-Петербург,premium,2025-06-26 17:51:09,дмитрий.105351@example-shop.ru,context
105352,Артём,Екатеринбург,mass,2025-02-02 08:55:50,артём.105352@example-shop.ru,context
105353,Иван,Новосибирск,mass,2025-04-05 01:15:08,иван.105353@example-shop.ru,social
105354,Наталья,Ростов-на-Дону,mass,2025-07-23 14:56:45,наталья.105354@example-shop.ru,social
105355,Дарья,Екатеринбург,mass,2025-01-13 18:20:40,дарья.105355@example-shop.ru,organic
105356,Андрей,Самара,mass,2025-08-04 21:59:28,андрей.105356@example-shop.ru,context
105357,Екатерина,Екатеринбург,mass,2025-03-11 10:11:19,екатерина.105357@example-shop.ru,referral
105358,Роман,Самара,vip,2025-03-03 17:45:43,роман.105358@example-shop.ru,context
105359,Мария,Самара,mass,2026-04-01 10:32:09,мария.105359@example-shop.ru,marketplace
105360,Максим,Ростов-на-Дону,standard,2026-02-10 12:54:39,максим.105360@example-shop.ru,organic
105361,Екатерина,Краснодар,mass,2025-09-06 08:20:45,екатерина.105361@example-shop.ru,social
105362,Андрей,Новосибирск,mass,2025-11-06 04:47:21,андрей.105362@example-shop.ru,referral
105363,Виктория,Москва,premium,2025-06-08 22:24:32,виктория.105363@example-shop.ru,social
105364,Ксения,Самара,mass,2025-09-22 16:09:46,ксения.105364@example-shop.ru,organic
105365,Елена,Москва,mass,2026-02-27 17:38:00,елена.105365@example-shop.ru,social
105366,Анна,Москва,standard,2025-10-12 04:34:06,анна.105366@example-shop.ru,marketplace
105367,Мария,Уфа,mass,2026-03-09 10:16:21,мария.105367@example-shop.ru,context
105368,Виктория,Казань,mass,2025-09-22 04:30:35,виктория.105368@example-shop.ru,organic
105369,Екатерина,Екатеринбург,vip,2025-07-17 09:03:31,екатерина.105369@example-shop.ru,organic
105370,Елена,Тюмень,mass,2026-05-03 16:06:06,елена.105370@example-shop.ru,context
105371,Дарья,Москва,standard,2026-05-07 05:53:19,дарья.105371@example-shop.ru,organic
105372,Роман,Москва,mass,2025-05-05 15:10:18,роман.105372@example-shop.ru,email
105373,Ольга,Москва,mass,2025-09-10 09:30:33,ольга.105373@example-shop.ru,marketplace
105374,Дмитрий,Москва,mass,2026-02-26 00:17:01,дмитрий.105374@example-shop.ru,marketplace
105375,Роман,Ростов-на-Дону,standard,2025-05-23 08:54:13,роман.105375@example-shop.ru,context
105376,Екатерина,Уфа,mass,2026-02-13 02:48:14,екатерина.105376@example-shop.ru,context
105377,Анна,Новосибирск,premium,2026-05-06 08:48:25,анна.105377@example-shop.ru,context
105378,Елена,Санкт-Петербург,standard,2025-05-09 13:33:25,елена.105378@example-shop.ru,organic
105379,Наталья,Новосибирск,standard,2025-03-25 08:36:19,наталья.105379@example-shop.ru,social
105380,Артём,Москва,mass,2026-05-30 21:14:21,артём.105380@example-shop.ru,organic
105381,Анна,Самара,standard,2026-06-27 18:56:28,анна.105381@example-shop.ru,organic
105382,Никита,Нижний Новгород,standard,2026-04-13 21:46:36,никита.105382@example-shop.ru,email
105383,Ольга,Москва,mass,2025-12-01 05:20:20,ольга.105383@example-shop.ru,email
105384,Ольга,Краснодар,premium,2025-02-16 15:02:18,ольга.105384@example-shop.ru,marketplace
105385,Мария,Уфа,mass,2026-05-14 20:44:41,мария.105385@example-shop.ru,context
105386,Ксения,Санкт-Петербург,premium,2025-04-19 09:17:32,ксения.105386@example-shop.ru,marketplace
105387,Дмитрий,Нижний Новгород,premium,2025-04-08 11:10:20,дмитрий.105387@example-shop.ru,context
105388,Полина,Нижний Новгород,mass,2026-01-26 20:30:05,полина.105388@example-shop.ru,organic
105389,Наталья,Москва,mass,2025-08-01 01:34:31,наталья.105389@example-shop.ru,context
105390,Ксения,Москва,mass,2026-04-18 21:20:09,ксения.105390@example-shop.ru,social
105391,Анна,Самара,mass,2026-04-21 22:07:19,анна.105391@example-shop.ru,context
105392,Анна,Пермь,standard,2026-03-15 20:51:01,анна.105392@example-shop.ru,email
105393,Андрей,Новосибирск,mass,2026-04-02 05:16:46,андрей.105393@example-shop.ru,context
105394,Андрей,Новосибирск,standard,2025-10-25 12:20:22,,marketplace
105395,Артём,Самара,premium,2026-04-21 03:48:46,артём.105395@example-shop.ru,organic
105396,Алексей,Екатеринбург,vip,2026-05-14 20:09:43,алексей.105396@example-shop.ru,referral
105397,Никита,Москва,mass,2025-06-02 20:24:20,никита.105397@example-shop.ru,marketplace
105398,Ольга,Казань,vip,2025-08-20 17:56:40,ольга.105398@example-shop.ru,social
105399,Никита,Пермь,mass,2025-12-03 14:26:37,никита.105399@example-shop.ru,marketplace
105400,Ксения,Уфа,mass,2026-04-14 07:09:23,ксения.105400@example-shop.ru,referral
105401,Ксения,Пермь,mass,2025-08-01 07:56:55,ксения.105401@example-shop.ru,organic
105402,Екатерина,Москва,standard,2025-05-22 18:50:33,екатерина.105402@example-shop.ru,referral
105403,Екатерина,Екатеринбург,mass,2025-06-24 19:43:45,екатерина.105403@example-shop.ru,referral
105404,Артём,Нижний Новгород,mass,2026-03-12 18:42:58,артём.105404@example-shop.ru,organic
105405,Алексей,Москва,mass,2025-10-11 11:16:08,алексей.105405@example-shop.ru,context
105406,Ольга,Москва,premium,2025-05-19 22:33:36,ольга.105406@example-shop.ru,organic
105407,Роман,Уфа,standard,2026-01-25 16:53:33,роман.105407@example-shop.ru,context
105408,Андрей,Самара,standard,2025-12-26 16:55:47,андрей.105408@example-shop.ru,marketplace
105409,Виктория,Самара,standard,2025-10-10 14:12:47,виктория.105409@example-shop.ru,marketplace
105410,Роман,Санкт-Петербург,mass,2025-12-04 17:47:23,роман.105410@example-shop.ru,referral
105411,Алексей,Екатеринбург,mass,2025-05-06 14:54:45,алексей.105411@example-shop.ru,context
105412,Наталья,Москва,mass,2025-04-10 12:31:54,наталья.105412@example-shop.ru,context
105413,Артём,Москва,mass,2026-03-17 02:00:13,артём.105413@example-shop.ru,organic
105414,Ксения,Новосибирск,premium,2026-01-06 15:28:47,ксения.105414@example-shop.ru,context
105415,Максим,Санкт-Петербург,mass,2026-06-17 21:28:33,максим.105415@example-shop.ru,email
105416,Дмитрий,Омск,standard,2026-05-27 17:26:53,дмитрий.105416@example-shop.ru,social
105417,Ольга,Екатеринбург,standard,2025-07-17 18:27:08,ольга.105417@example-shop.ru,context
105418,Анна,Москва,premium,2025-09-10 01:57:53,анна.105418@example-shop.ru,organic
105419,Виктория,Москва,mass,2026-04-08 20:13:36,виктория.105419@example-shop.ru,marketplace
105420,Михаил,,premium,2025-01-02 19:43:35,михаил.105420@example-shop.ru,context
105421,Андрей,Москва,standard,2026-04-16 19:19:30,андрей.105421@example-shop.ru,context
105422,Полина,Москва,mass,2025-04-02 10:14:22,полина.105422@example-shop.ru,context
105423,Мария,Казань,standard,2025-05-22 23:37:04,мария.105423@example-shop.ru,context
105424,Дмитрий,Санкт-Петербург,mass,2025-09-20 15:01:35,дмитрий.105424@example-shop.ru,social
105425,Максим,Нижний Новгород,standard,2026-01-20 09:25:02,максим.105425@example-shop.ru,social
105426,Дмитрий,Екатеринбург,standard,2025-07-12 20:44:35,дмитрий.105426@example-shop.ru,social
105427,Андрей,Москва,standard,2026-05-27 10:29:49,андрей.105427@example-shop.ru,organic
105428,Иван,Уфа,premium,2026-03-03 15:16:05,иван.105428@example-shop.ru,marketplace
105429,Алексей,Казань,standard,2026-02-08 05:18:56,алексей.105429@example-shop.ru,referral
105430,Ксения,Нижний Новгород,mass,2026-02-26 00:48:37,ксения.105430@example-shop.ru,marketplace
105431,Полина,Москва,mass,2025-01-17 08:41:04,полина.105431@example-shop.ru,organic
105432,Дмитрий,Нижний Новгород,premium,2026-03-25 11:55:24,дмитрий.105432@example-shop.ru,marketplace
105433,Максим,Санкт-Петербург,standard,2025-11-26 11:06:41,максим.105433@example-shop.ru,referral
105434,Артём,Екатеринбург,premium,2025-04-12 11:50:03,артём.105434@example-shop.ru,social
105435,Артём,Санкт-Петербург,mass,2026-03-01 06:08:40,артём.105435@example-shop.ru,organic
105436,Полина,Тюмень,mass,2025-02-27 14:23:33,полина.105436@example-shop.ru,organic
105437,Сергей,Москва,premium,2025-12-03 21:13:35,сергей.105437@example-shop.ru,email
105438,Алексей,Пермь,standard,2025-11-07 06:22:36,алексей.105438@example-shop.ru,context
105439,Сергей,Пермь,mass,2025-01-16 15:55:01,сергей.105439@example-shop.ru,referral
105440,Виктория,,mass,2025-07-24 05:22:25,виктория.105440@example-shop.ru,referral
105441,Артём,Санкт-Петербург,premium,2025-03-07 11:48:41,,email
105442,Артём,Казань,standard,2026-05-31 21:18:42,артём.105442@example-shop.ru,context
105443,Никита,Тюмень,mass,2026-03-13 21:13:10,никита.105443@example-shop.ru,marketplace
105444,Андрей,Нижний Новгород,mass,2026-06-27 19:09:39,андрей.105444@example-shop.ru,context
105445,Елена,Новосибирск,mass,2025-09-23 23:44:16,елена.105445@example-shop.ru,email
105446,Ольга,Москва,mass,2025-06-29 04:13:06,ольга.105446@example-shop.ru,context
105447,Екатерина,Краснодар,mass,2026-06-07 02:20:15,екатерина.105447@example-shop.ru,organic
105448,Сергей,Москва,mass,2025-06-17 04:43:57,сергей.105448@example-shop.ru,context
105449,Сергей,Москва,premium,2025-08-15 03:57:33,сергей.105449@example-shop.ru,email
105450,Анна,Санкт-Петербург,mass,2025-03-14 20:58:05,анна.105450@example-shop.ru,social
105451,Елена,Екатеринбург,standard,2026-03-24 19:56:38,елена.105451@example-shop.ru,organic
105452,Роман,Воронеж,mass,2025-03-07 06:45:15,роман.105452@example-shop.ru,organic
105453,Андрей,Уфа,mass,2025-01-20 08:14:32,андрей.105453@example-shop.ru,referral
105454,Дарья,Москва,mass,2026-03-31 03:00:52,дарья.105454@example-shop.ru,organic
105455,Максим,Казань,mass,2026-04-04 08:28:21,максим.105455@example-shop.ru,organic
105456,Иван,Уфа,standard,2026-04-11 06:01:33,иван.105456@example-shop.ru,referral
105457,Анна,Новосибирск,premium,2026-04-14 04:28:29,анна.105457@example-shop.ru,context
105458,Ольга,Москва,standard,2025-03-19 06:10:19,ольга.105458@example-shop.ru,organic
105459,Артём,Казань,standard,2025-07-17 07:57:06,артём.105459@example-shop.ru,context
105460,Ксения,Нижний Новгород,premium,2026-02-22 00:51:04,ксения.105460@example-shop.ru,social
105461,Ксения,Тюмень,standard,2025-06-18 15:37:57,ксения.105461@example-shop.ru,social
105462,Алексей,Самара,standard,2026-03-01 04:19:41,алексей.105462@example-shop.ru,organic
105463,Роман,Москва,standard,2026-05-11 21:36:24,роман.105463@example-shop.ru,context
105464,Елена,Ростов-на-Дону,mass,2026-06-08 21:19:16,елена.105464@example-shop.ru,context
105465,Анна,Санкт-Петербург,mass,2026-02-28 20:22:40,анна.105465@example-shop.ru,context
105466,Виктория,Воронеж,standard,2026-03-11 12:05:57,виктория.105466@example-shop.ru,organic
105467,Алексей,Казань,standard,2025-11-22 21:10:09,алексей.105467@example-shop.ru,context
105468,Максим,Москва,mass,2025-02-12 13:16:29,максим.105468@example-shop.ru,social
105469,Виктория,Екатеринбург,premium,2025-08-26 19:23:30,виктория.105469@example-shop.ru,organic
105470,Елена,Санкт-Петербург,mass,2026-06-04 13:35:31,елена.105470@example-shop.ru,marketplace
105471,Виктория,Москва,standard,2026-05-13 02:05:34,виктория.105471@example-shop.ru,marketplace
105472,Наталья,Новосибирск,vip,2025-05-11 01:14:10,наталья.105472@example-shop.ru,context
105473,Дарья,Уфа,mass,2026-02-12 05:39:54,дарья.105473@example-shop.ru,referral
105474,Анна,Краснодар,premium,2025-06-17 08:32:34,анна.105474@example-shop.ru,social
105475,Мария,Казань,standard,2025-08-16 04:12:49,мария.105475@example-shop.ru,organic
105476,Артём,Москва,standard,2025-12-20 16:47:59,артём.105476@example-shop.ru,context
105477,Елена,,premium,2025-09-28 17:05:57,елена.105477@example-shop.ru,marketplace
105478,Роман,Казань,standard,2025-11-26 08:51:08,роман.105478@example-shop.ru,organic
105479,Мария,Москва,mass,2025-02-23 15:29:09,мария.105479@example-shop.ru,social
105480,Виктория,Воронеж,standard,2025-06-11 16:37:22,виктория.105480@example-shop.ru,social
105481,Полина,Тюмень,mass,2026-03-18 20:32:40,полина.105481@example-shop.ru,organic
105482,Мария,,mass,2025-12-04 13:35:35,мария.105482@example-shop.ru,social
105483,Максим,Уфа,mass,2026-04-04 17:27:56,максим.105483@example-shop.ru,marketplace
105484,Андрей,Самара,mass,2026-06-11 03:19:54,андрей.105484@example-shop.ru,organic
105485,Артём,Санкт-Петербург,standard,2025-07-13 19:48:01,артём.105485@example-shop.ru,organic
105486,Анна,Нижний Новгород,premium,2025-05-25 01:49:37,анна.105486@example-shop.ru,organic
105487,Дмитрий,Москва,vip,2025-06-18 18:16:15,дмитрий.105487@example-shop.ru,email
105488,Дарья,Москва,mass,2025-11-08 20:56:33,дарья.105488@example-shop.ru,social
105489,Ксения,Тюмень,standard,2025-05-18 11:13:21,ксения.105489@example-shop.ru,social
105490,Ольга,Нижний Новгород,standard,2025-08-01 17:14:03,ольга.105490@example-shop.ru,email
105491,Наталья,Санкт-Петербург,mass,2025-04-05 12:50:24,наталья.105491@example-shop.ru,marketplace
105492,Дарья,Екатеринбург,standard,2025-07-30 04:31:02,дарья.105492@example-shop.ru,organic
105493,Анна,Омск,mass,2026-06-01 13:01:45,анна.105493@example-shop.ru,email
105494,Дмитрий,Казань,premium,2025-08-20 00:32:03,дмитрий.105494@example-shop.ru,context
105495,Дарья,Пермь,mass,2026-02-18 16:09:28,дарья.105495@example-shop.ru,organic
105496,Анна,Воронеж,premium,2025-08-23 14:01:47,анна.105496@example-shop.ru,organic
105497,Дарья,Санкт-Петербург,premium,2025-08-25 04:56:38,дарья.105497@example-shop.ru,context
105498,Наталья,Самара,standard,2025-12-25 20:34:25,наталья.105498@example-shop.ru,marketplace
105499,Полина,Самара,mass,2025-03-02 01:01:48,полина.105499@example-shop.ru,context
105500,Алексей,Уфа,mass,2025-07-13 14:37:20,алексей.105500@example-shop.ru,social
105501,Никита,Санкт-Петербург,vip,2025-03-17 23:50:13,никита.105501@example-shop.ru,organic
105502,Дмитрий,Москва,mass,2025-04-19 10:47:08,дмитрий.105502@example-shop.ru,organic
105503,Алексей,Москва,mass,2026-01-22 20:01:56,алексей.105503@example-shop.ru,marketplace
105504,Роман,Нижний Новгород,vip,2025-04-06 04:03:29,роман.105504@example-shop.ru,email
105505,Артём,Уфа,standard,2025-04-21 16:17:59,артём.105505@example-shop.ru,social
105506,Андрей,Ростов-на-Дону,standard,2025-11-09 04:01:48,андрей.105506@example-shop.ru,organic
105507,Иван,Нижний Новгород,mass,2025-07-09 14:11:29,иван.105507@example-shop.ru,organic
105508,Мария,Москва,mass,2025-03-08 19:48:41,мария.105508@example-shop.ru,marketplace
105509,Виктория,Москва,premium,2026-06-06 13:40:45,виктория.105509@example-shop.ru,organic
105510,Ксения,Уфа,mass,2026-05-19 04:12:38,ксения.105510@example-shop.ru,organic
105511,Сергей,Новосибирск,mass,2025-11-13 18:04:06,сергей.105511@example-shop.ru,referral
105512,Дарья,Уфа,mass,2025-10-14 01:17:57,дарья.105512@example-shop.ru,marketplace
105513,Никита,Москва,standard,2026-03-17 13:10:56,никита.105513@example-shop.ru,organic
105514,Ксения,Казань,mass,2026-06-15 18:10:22,ксения.105514@example-shop.ru,email
105515,Артём,Пермь,premium,2025-02-26 14:46:04,артём.105515@example-shop.ru,context
105516,Екатерина,Москва,mass,2025-02-23 04:37:58,екатерина.105516@example-shop.ru,referral
105517,Артём,Москва,mass,2025-06-30 01:27:05,,organic
105518,Екатерина,Самара,vip,2025-06-15 23:09:38,екатерина.105518@example-shop.ru,email
105519,Виктория,Нижний Новгород,vip,2026-05-04 02:32:24,виктория.105519@example-shop.ru,referral
105520,Артём,Омск,standard,2025-10-04 23:36:52,артём.105520@example-shop.ru,marketplace
105521,Сергей,Пермь,premium,2026-03-18 16:51:25,сергей.105521@example-shop.ru,social
105522,Екатерина,Ростов-на-Дону,mass,2025-12-30 16:10:58,екатерина.105522@example-shop.ru,marketplace
105523,Дарья,Москва,mass,2026-01-30 06:43:32,дарья.105523@example-shop.ru,social
105524,Никита,Екатеринбург,mass,2026-06-06 08:14:08,никита.105524@example-shop.ru,social
105525,Михаил,Воронеж,mass,2025-11-17 03:15:20,михаил.105525@example-shop.ru,organic
105526,Иван,Казань,standard,2026-02-28 02:54:07,иван.105526@example-shop.ru,email
105527,Виктория,Омск,premium,2025-05-27 13:44:09,виктория.105527@example-shop.ru,context
105528,Максим,Самара,mass,2025-05-22 12:43:26,максим.105528@example-shop.ru,social
105529,Алексей,Москва,mass,2025-11-16 02:05:08,алексей.105529@example-shop.ru,referral
105530,Мария,Екатеринбург,vip,2026-05-07 09:17:47,мария.105530@example-shop.ru,email
105531,Виктория,Самара,standard,2025-01-28 15:56:24,виктория.105531@example-shop.ru,social
105532,Никита,Москва,mass,2025-10-01 01:46:21,никита.105532@example-shop.ru,social
105533,Артём,Санкт-Петербург,mass,2025-04-21 06:00:28,артём.105533@example-shop.ru,social
105534,Сергей,Ростов-на-Дону,mass,2026-04-28 00:19:55,сергей.105534@example-shop.ru,social
105535,Мария,,mass,2025-10-10 10:54:34,мария.105535@example-shop.ru,context
105536,Екатерина,Санкт-Петербург,mass,2025-01-23 23:45:31,екатерина.105536@example-shop.ru,email
105537,Мария,Самара,mass,2025-01-02 01:51:48,мария.105537@example-shop.ru,email
105538,Андрей,Уфа,mass,2025-12-15 15:04:34,андрей.105538@example-shop.ru,social
105539,Андрей,Новосибирск,mass,2025-05-07 13:31:37,андрей.105539@example-shop.ru,organic
105540,Полина,Омск,mass,2025-01-23 11:22:17,полина.105540@example-shop.ru,context
105541,Елена,Пермь,mass,2025-03-24 23:24:15,елена.105541@example-shop.ru,email
105542,Анна,Екатеринбург,mass,2025-03-26 03:17:00,анна.105542@example-shop.ru,marketplace
105543,Елена,Москва,premium,2025-07-08 07:18:25,елена.105543@example-shop.ru,organic
105544,Дарья,Уфа,standard,2026-01-27 08:20:21,дарья.105544@example-shop.ru,marketplace
105545,Дмитрий,Москва,mass,2026-04-13 19:15:35,дмитрий.105545@example-shop.ru,organic
105546,Ксения,Краснодар,mass,2025-10-18 01:08:46,ксения.105546@example-shop.ru,marketplace
105547,Анна,Нижний Новгород,standard,2026-06-01 08:14:30,анна.105547@example-shop.ru,marketplace
105548,Алексей,Казань,mass,2026-03-08 05:39:34,алексей.105548@example-shop.ru,social
105549,Дмитрий,Новосибирск,standard,2025-03-31 22:57:50,дмитрий.105549@example-shop.ru,marketplace
105550,Дарья,Новосибирск,vip,2026-02-05 20:07:02,дарья.105550@example-shop.ru,social
105551,Михаил,Пермь,mass,2025-05-06 22:27:21,михаил.105551@example-shop.ru,context
105552,Ольга,Москва,mass,2026-06-10 00:05:38,ольга.105552@example-shop.ru,email
105553,Екатерина,Пермь,mass,2026-04-07 13:09:16,екатерина.105553@example-shop.ru,organic
105554,Михаил,Москва,standard,2025-02-05 01:31:52,михаил.105554@example-shop.ru,organic
105555,Виктория,Уфа,mass,2025-04-05 02:36:16,виктория.105555@example-shop.ru,organic
105556,Артём,Пермь,standard,2025-08-29 13:38:52,артём.105556@example-shop.ru,social
105557,Иван,Казань,mass,2026-02-09 00:25:08,иван.105557@example-shop.ru,referral
105558,Елена,Москва,standard,2025-10-28 23:22:50,елена.105558@example-shop.ru,email
105559,Артём,Уфа,standard,2025-02-16 14:03:29,артём.105559@example-shop.ru,marketplace
105560,Иван,Краснодар,mass,2025-12-09 12:25:20,иван.105560@example-shop.ru,marketplace
105561,Наталья,Санкт-Петербург,vip,2025-12-20 07:49:50,наталья.105561@example-shop.ru,referral
105562,Иван,Новосибирск,standard,2026-05-22 16:55:46,иван.105562@example-shop.ru,marketplace
105563,Дарья,Уфа,mass,2025-05-25 19:21:27,дарья.105563@example-shop.ru,organic
105564,Иван,Москва,vip,2025-01-21 19:55:14,иван.105564@example-shop.ru,referral
105565,Мария,Нижний Новгород,premium,2026-02-13 12:15:39,мария.105565@example-shop.ru,organic
105566,Михаил,Казань,mass,2026-01-18 23:03:11,михаил.105566@example-shop.ru,organic
105567,Дмитрий,Москва,standard,2025-10-11 01:24:06,дмитрий.105567@example-shop.ru,organic
105568,Ольга,Краснодар,standard,2026-01-13 04:12:43,ольга.105568@example-shop.ru,organic
105569,Максим,Санкт-Петербург,standard,2025-04-08 11:56:48,максим.105569@example-shop.ru,marketplace
105570,Дмитрий,Пермь,premium,2025-03-10 11:15:52,дмитрий.105570@example-shop.ru,context
105571,Дарья,Новосибирск,mass,2025-08-08 05:09:21,дарья.105571@example-shop.ru,marketplace
105572,Екатерина,Новосибирск,mass,2026-05-03 07:16:22,екатерина.105572@example-shop.ru,context
105573,Дмитрий,Казань,mass,2025-10-08 07:44:06,дмитрий.105573@example-shop.ru,referral
105574,Екатерина,Казань,standard,2025-12-15 09:27:25,екатерина.105574@example-shop.ru,context
105575,Роман,Краснодар,mass,2026-06-27 19:22:34,роман.105575@example-shop.ru,marketplace
105576,Артём,Самара,mass,2025-06-14 23:30:03,артём.105576@example-shop.ru,organic
105577,Виктория,Уфа,mass,2025-09-19 19:08:24,виктория.105577@example-shop.ru,referral
105578,Никита,Казань,standard,2026-01-09 17:20:20,никита.105578@example-shop.ru,marketplace
105579,Наталья,Санкт-Петербург,mass,2025-03-24 10:12:54,наталья.105579@example-shop.ru,email
105580,Ольга,Москва,mass,2025-08-08 02:07:49,ольга.105580@example-shop.ru,email
105581,Артём,Уфа,mass,2025-10-30 14:22:46,артём.105581@example-shop.ru,context
105582,Андрей,Казань,mass,2025-06-15 13:38:51,андрей.105582@example-shop.ru,context
105583,Роман,Екатеринбург,mass,2025-05-01 00:22:49,роман.105583@example-shop.ru,organic
105584,Мария,Екатеринбург,mass,2025-08-27 15:16:35,мария.105584@example-shop.ru,context
105585,Наталья,Казань,standard,2026-04-25 08:43:06,наталья.105585@example-shop.ru,organic
105586,Роман,Самара,mass,2025-08-15 17:48:06,роман.105586@example-shop.ru,email
105587,Дмитрий,Нижний Новгород,mass,2026-03-31 13:36:41,дмитрий.105587@example-shop.ru,marketplace
105588,Полина,Тюмень,standard,2026-01-04 16:48:24,полина.105588@example-shop.ru,referral
105589,Андрей,Москва,mass,2025-03-12 02:42:15,андрей.105589@example-shop.ru,email
105590,Андрей,Новосибирск,mass,2026-05-14 03:21:05,андрей.105590@example-shop.ru,social
105591,Мария,Москва,mass,2025-11-17 15:56:55,мария.105591@example-shop.ru,organic
105592,Виктория,Уфа,mass,2025-11-07 00:37:04,виктория.105592@example-shop.ru,referral
105593,Артём,Нижний Новгород,mass,2026-01-15 14:18:52,артём.105593@example-shop.ru,context
105594,Михаил,Казань,vip,2025-01-23 17:12:48,михаил.105594@example-shop.ru,context
105595,Ксения,,mass,2025-05-18 03:46:17,ксения.105595@example-shop.ru,marketplace
105596,Ольга,Екатеринбург,standard,2026-03-10 03:36:49,ольга.105596@example-shop.ru,context
105597,Артём,Москва,premium,2025-12-08 08:59:12,артём.105597@example-shop.ru,context
105598,Екатерина,Екатеринбург,mass,2025-08-01 05:25:42,екатерина.105598@example-shop.ru,organic
105599,Дарья,Москва,standard,2025-09-10 03:58:01,дарья.105599@example-shop.ru,referral
105600,Дарья,Воронеж,mass,2025-12-04 16:45:11,дарья.105600@example-shop.ru,organic
105601,Максим,Ростов-на-Дону,standard,2025-09-20 17:35:21,максим.105601@example-shop.ru,social
105602,Полина,Уфа,premium,2025-09-07 06:34:31,полина.105602@example-shop.ru,context
105603,Алексей,Воронеж,mass,2025-10-28 10:52:49,алексей.105603@example-shop.ru,email
105604,Наталья,Уфа,premium,2025-06-03 09:11:11,наталья.105604@example-shop.ru,marketplace
105605,Михаил,Казань,mass,2025-11-07 17:23:52,михаил.105605@example-shop.ru,organic
105606,Мария,Москва,standard,2026-01-13 03:29:19,мария.105606@example-shop.ru,email
105607,Наталья,Казань,mass,2026-01-22 20:09:30,наталья.105607@example-shop.ru,organic
105608,Виктория,Пермь,mass,2025-12-05 02:44:00,виктория.105608@example-shop.ru,organic
105609,Михаил,Омск,mass,2025-09-04 13:45:23,михаил.105609@example-shop.ru,context
105610,Иван,Уфа,premium,2025-12-24 00:11:47,иван.105610@example-shop.ru,context
105611,Елена,Москва,standard,2026-01-29 20:04:25,елена.105611@example-shop.ru,marketplace
105612,Дмитрий,Москва,premium,2025-06-19 02:38:45,дмитрий.105612@example-shop.ru,email
105613,Михаил,Воронеж,mass,2025-09-22 20:02:14,михаил.105613@example-shop.ru,marketplace
105614,Максим,Москва,mass,2026-01-05 09:46:43,максим.105614@example-shop.ru,organic
105615,Виктория,Нижний Новгород,mass,2025-12-28 05:38:19,виктория.105615@example-shop.ru,referral
105616,Роман,Казань,mass,2025-09-28 07:56:09,роман.105616@example-shop.ru,social
105617,Дарья,Санкт-Петербург,mass,2025-05-24 09:28:39,дарья.105617@example-shop.ru,organic
105618,Анна,Самара,premium,2026-05-11 23:18:52,АННА.105618@EXAMPLE-SHOP.RU,email
105619,Никита,Омск,premium,2025-10-23 05:27:15,никита.105619@example-shop.ru,email
105620,Анна,Уфа,mass,2025-10-22 17:55:48,анна.105620@example-shop.ru,marketplace
105621,Алексей,Екатеринбург,mass,2025-09-13 01:23:03,алексей.105621@example-shop.ru,marketplace
105622,Алексей,Екатеринбург,standard,2026-02-19 04:52:37,алексей.105622@example-shop.ru,organic
105623,Дмитрий,Пермь,standard,2025-06-14 16:43:39,дмитрий.105623@example-shop.ru,marketplace
105624,Ксения,Новосибирск,standard,2026-05-26 18:53:11,ксения.105624@example-shop.ru,marketplace
105625,Дмитрий,Екатеринбург,mass,2025-02-03 23:02:27,дмитрий.105625@example-shop.ru,referral
105626,Екатерина,Самара,mass,2025-01-07 19:30:33,екатерина.105626@example-shop.ru,organic
105627,Сергей,Москва,mass,2025-10-06 01:18:12,сергей.105627@example-shop.ru,context
105628,Алексей,Москва,vip,2026-04-14 07:11:45,алексей.105628@example-shop.ru,organic
105629,Сергей,Краснодар,standard,2025-01-06 07:35:46,сергей.105629@example-shop.ru,organic
105630,Алексей,Нижний Новгород,premium,2026-01-05 23:22:35,алексей.105630@example-shop.ru,marketplace
105631,Наталья,Москва,mass,2025-08-01 10:58:46,наталья.105631@example-shop.ru,marketplace
105632,Виктория,Санкт-Петербург,mass,2025-01-12 20:05:18,виктория.105632@example-shop.ru,marketplace
105633,Артём,Тюмень,mass,2025-07-22 00:09:58,артём.105633@example-shop.ru,organic
105634,Елена,Нижний Новгород,premium,2025-12-19 09:37:37,елена.105634@example-shop.ru,social
105635,Дарья,Нижний Новгород,mass,2025-12-12 09:29:33,дарья.105635@example-shop.ru,social
105636,Виктория,Москва,standard,2026-04-08 14:26:25,виктория.105636@example-shop.ru,social
105637,Елена,Омск,mass,2026-06-23 03:34:13,елена.105637@example-shop.ru,context
105638,Сергей,Воронеж,mass,2025-01-30 15:57:35,сергей.105638@example-shop.ru,marketplace
105639,Иван,Новосибирск,mass,2026-04-13 14:39:20,иван.105639@example-shop.ru,email
105640,Никита,Санкт-Петербург,mass,2025-01-06 06:37:53,никита.105640@example-shop.ru,email
105641,Дарья,Самара,premium,2026-06-16 10:05:46,,organic
105642,Елена,Краснодар,vip,2026-02-26 18:37:30,елена.105642@example-shop.ru,context
105643,Екатерина,Уфа,standard,2026-06-03 06:15:25,екатерина.105643@example-shop.ru,social
105644,Екатерина,Тюмень,mass,2025-02-06 22:17:52,екатерина.105644@example-shop.ru,referral
105645,Михаил,Нижний Новгород,standard,2025-02-10 09:23:40,михаил.105645@example-shop.ru,marketplace
105646,Мария,Санкт-Петербург,mass,2026-06-22 02:49:29,мария.105646@example-shop.ru,organic
105647,Ксения,Екатеринбург,standard,2025-06-03 15:52:18,ксения.105647@example-shop.ru,organic
105648,Полина,Краснодар,standard,2025-07-27 22:32:20,полина.105648@example-shop.ru,marketplace
105649,Полина,Санкт-Петербург,mass,2025-06-11 20:35:51,,social
105650,Полина,Москва,mass,2025-03-27 10:44:59,полина.105650@example-shop.ru,social
105651,Никита,Ростов-на-Дону,mass,2025-02-08 16:56:55,никита.105651@example-shop.ru,marketplace
105652,Роман,Екатеринбург,mass,2025-03-15 18:33:58,роман.105652@example-shop.ru,referral
105653,Мария,Краснодар,premium,2026-04-07 10:11:22,мария.105653@example-shop.ru,referral
105654,Наталья,Москва,standard,2025-01-15 17:01:22,наталья.105654@example-shop.ru,organic
105655,Дмитрий,Санкт-Петербург,mass,2026-05-03 22:54:27,дмитрий.105655@example-shop.ru,social
105656,Дмитрий,Санкт-Петербург,mass,2025-04-30 22:45:41,дмитрий.105656@example-shop.ru,context
105657,Андрей,Самара,standard,2025-11-26 17:03:35,андрей.105657@example-shop.ru,social
105658,Андрей,Ростов-на-Дону,mass,2025-05-21 06:45:16,андрей.105658@example-shop.ru,social
105659,Артём,Екатеринбург,mass,2026-05-01 14:09:40,артём.105659@example-shop.ru,organic
105660,Роман,Екатеринбург,standard,2025-01-23 00:32:50,роман.105660@example-shop.ru,context
105661,Иван,Москва,mass,2026-01-25 07:56:55,иван.105661@example-shop.ru,context
105662,Дмитрий,Ростов-на-Дону,mass,2026-05-25 08:03:02,дмитрий.105662@example-shop.ru,social
105663,Ксения,Тюмень,mass,2025-08-29 02:26:44,ксения.105663@example-shop.ru,organic
105664,Наталья,Уфа,mass,2025-09-03 15:51:20,наталья.105664@example-shop.ru,marketplace
105665,Артём,Москва,premium,2025-03-23 16:13:34,артём.105665@example-shop.ru,context
105666,Наталья,Нижний Новгород,premium,2026-04-24 20:07:45,наталья.105666@example-shop.ru,social
105667,Дмитрий,Санкт-Петербург,vip,2026-06-07 09:08:10,дмитрий.105667@example-shop.ru,referral
105668,Андрей,Москва,vip,2025-09-28 14:29:09,АНДРЕЙ.105668@EXAMPLE-SHOP.RU,referral
105669,Дарья,Москва,mass,2026-01-13 07:00:19,дарья.105669@example-shop.ru,context
105670,Екатерина,Москва,mass,2026-02-18 03:03:27,екатерина.105670@example-shop.ru,organic
105671,Ольга,Москва,standard,2025-07-13 00:43:31,ольга.105671@example-shop.ru,organic
105672,Михаил,Уфа,mass,2025-01-03 03:06:03,михаил.105672@example-shop.ru,organic
105673,Полина,Санкт-Петербург,vip,2025-03-12 02:05:29,полина.105673@example-shop.ru,organic
105674,Михаил,Ростов-на-Дону,mass,2026-05-04 18:45:08,михаил.105674@example-shop.ru,social
105675,Наталья,Омск,mass,2026-03-12 10:31:28,наталья.105675@example-shop.ru,social
105676,Елена,Новосибирск,standard,2025-02-21 17:11:39,елена.105676@example-shop.ru,organic
105677,Артём,Екатеринбург,premium,2026-03-14 02:21:21,артём.105677@example-shop.ru,referral
105678,Ольга,Ростов-на-Дону,standard,2026-04-27 07:59:31,ольга.105678@example-shop.ru,organic
105679,Михаил,Москва,standard,2025-10-23 22:33:36,михаил.105679@example-shop.ru,marketplace
105680,Алексей,Казань,mass,2025-09-03 22:41:18,алексей.105680@example-shop.ru,social
105681,Анна,Екатеринбург,standard,2026-06-29 23:26:19,анна.105681@example-shop.ru,social
105682,Дарья,Краснодар,standard,2026-04-21 05:14:36,дарья.105682@example-shop.ru,context
105683,Ольга,Краснодар,mass,2025-07-30 14:22:39,ольга.105683@example-shop.ru,social
105684,Сергей,Краснодар,standard,2025-09-17 21:50:35,сергей.105684@example-shop.ru,context
105685,Артём,Самара,mass,2026-05-29 10:12:34,артём.105685@example-shop.ru,marketplace
105686,Сергей,Новосибирск,mass,2026-05-18 05:17:41,сергей.105686@example-shop.ru,organic
105687,Дарья,Краснодар,premium,2025-12-10 11:49:40,дарья.105687@example-shop.ru,context
105688,Дмитрий,Воронеж,mass,2025-12-20 09:56:29,дмитрий.105688@example-shop.ru,email
105689,Дарья,Екатеринбург,standard,2026-02-06 08:24:17,дарья.105689@example-shop.ru,social
105690,Дмитрий,Тюмень,mass,2025-06-07 10:46:44,дмитрий.105690@example-shop.ru,social
105691,Ольга,Воронеж,premium,2026-05-15 19:22:04,ольга.105691@example-shop.ru,marketplace
105692,Виктория,Новосибирск,mass,2025-06-10 06:26:50,виктория.105692@example-shop.ru,context
105693,Ксения,Москва,mass,2026-03-29 23:27:36,ксения.105693@example-shop.ru,organic
105694,Дмитрий,Москва,premium,2026-03-23 23:15:49,дмитрий.105694@example-shop.ru,marketplace
105695,Виктория,Уфа,standard,2025-06-07 07:46:34,виктория.105695@example-shop.ru,organic
105696,Мария,Москва,mass,2026-03-17 03:42:49,мария.105696@example-shop.ru,email
105697,Мария,Екатеринбург,mass,2026-04-18 15:25:48,мария.105697@example-shop.ru,organic
105698,Дарья,Нижний Новгород,mass,2025-09-28 15:32:11,дарья.105698@example-shop.ru,organic
105699,Роман,Воронеж,premium,2025-10-22 03:23:25,роман.105699@example-shop.ru,context
105700,Ольга,Краснодар,standard,2025-10-05 14:42:05,ольга.105700@example-shop.ru,email
105701,Михаил,Уфа,premium,2025-01-25 10:21:40,михаил.105701@example-shop.ru,organic
105702,Ольга,Казань,vip,2025-10-22 14:25:29,ольга.105702@example-shop.ru,organic
105703,Елена,Москва,mass,2026-01-03 05:32:19,елена.105703@example-shop.ru,organic
105704,Сергей,Самара,standard,2025-11-02 20:49:51,сергей.105704@example-shop.ru,organic
105705,Максим,Москва,standard,2025-09-30 08:02:42,максим.105705@example-shop.ru,organic
105706,Андрей,Новосибирск,premium,2025-10-01 05:01:29,андрей.105706@example-shop.ru,marketplace
105707,Сергей,Тюмень,standard,2025-10-20 11:02:21,сергей.105707@example-shop.ru,referral
105708,Максим,Новосибирск,mass,2026-05-22 08:50:17,максим.105708@example-shop.ru,context
105709,Артём,Самара,premium,2025-08-13 06:45:05,артём.105709@example-shop.ru,organic
105710,Дарья,Самара,standard,2025-05-03 06:27:18,дарья.105710@example-shop.ru,organic
105711,Елена,Краснодар,premium,2025-02-04 22:14:05,елена.105711@example-shop.ru,context
105712,Никита,Казань,mass,2026-04-20 13:57:24,никита.105712@example-shop.ru,context
105713,Наталья,Екатеринбург,mass,2025-04-09 05:11:26,наталья.105713@example-shop.ru,marketplace
105714,Екатерина,Москва,standard,2025-08-16 07:26:51,екатерина.105714@example-shop.ru,organic
105715,Полина,Нижний Новгород,standard,2026-02-17 06:25:34,полина.105715@example-shop.ru,context
105716,Сергей,Санкт-Петербург,mass,2025-04-08 07:32:22,сергей.105716@example-shop.ru,referral
105717,Анна,Екатеринбург,mass,2025-05-08 15:42:44,АННА.105717@EXAMPLE-SHOP.RU,context
105718,Роман,Уфа,standard,2025-12-13 05:41:16,роман.105718@example-shop.ru,email
105719,Алексей,Москва,vip,2025-12-09 02:39:54,,referral
105720,Наталья,Новосибирск,mass,2025-05-13 15:30:28,наталья.105720@example-shop.ru,organic
105721,Полина,Москва,mass,2025-10-23 07:31:56,полина.105721@example-shop.ru,email
105722,Сергей,Санкт-Петербург,mass,2026-01-19 18:04:11,сергей.105722@example-shop.ru,context
105723,Екатерина,Москва,mass,2025-05-01 15:53:32,екатерина.105723@example-shop.ru,organic
105724,Артём,Москва,mass,2025-08-30 14:25:15,артём.105724@example-shop.ru,referral
105725,Дмитрий,Тюмень,mass,2025-06-02 21:52:21,дмитрий.105725@example-shop.ru,referral
105726,Максим,Тюмень,standard,2026-05-28 07:39:26,максим.105726@example-shop.ru,organic
105727,Артём,Ростов-на-Дону,mass,2025-07-29 01:03:51,артём.105727@example-shop.ru,context
105728,Иван,Нижний Новгород,mass,2026-04-12 10:32:07,иван.105728@example-shop.ru,marketplace
105729,Сергей,Уфа,vip,2026-04-25 16:50:16,сергей.105729@example-shop.ru,referral
105730,Сергей,Воронеж,mass,2025-04-02 10:17:37,сергей.105730@example-shop.ru,social
105731,Андрей,Новосибирск,standard,2026-05-29 00:17:05,андрей.105731@example-shop.ru,social
105732,Иван,Москва,mass,2025-01-27 18:27:49,иван.105732@example-shop.ru,social
105733,Андрей,Ростов-на-Дону,premium,2025-07-30 18:45:42,андрей.105733@example-shop.ru,referral
105734,Сергей,Тюмень,standard,2025-03-28 15:30:43,сергей.105734@example-shop.ru,organic
105735,Екатерина,Санкт-Петербург,mass,2025-01-26 03:39:16,екатерина.105735@example-shop.ru,context
105736,Виктория,Екатеринбург,standard,2025-10-28 19:59:00,виктория.105736@example-shop.ru,social
105737,Елена,Санкт-Петербург,standard,2025-11-24 11:45:02,елена.105737@example-shop.ru,referral
105738,Никита,Казань,mass,2025-11-14 04:12:15,никита.105738@example-shop.ru,referral
105739,Дмитрий,Ростов-на-Дону,standard,2025-08-16 13:53:29,дмитрий.105739@example-shop.ru,social
105740,Алексей,Казань,mass,2026-03-05 19:51:00,алексей.105740@example-shop.ru,social
105741,Дарья,Омск,mass,2025-09-26 07:29:02,дарья.105741@example-shop.ru,context
105742,Михаил,Уфа,vip,2025-10-19 14:03:32,михаил.105742@example-shop.ru,email
105743,Ксения,Москва,mass,2025-08-29 20:42:41,ксения.105743@example-shop.ru,marketplace
105744,Наталья,Краснодар,mass,2025-04-23 22:34:56,наталья.105744@example-shop.ru,email
105745,Алексей,Уфа,mass,2025-12-23 17:49:19,алексей.105745@example-shop.ru,marketplace
105746,Алексей,Новосибирск,vip,2026-03-28 19:27:23,алексей.105746@example-shop.ru,marketplace
105747,Сергей,Екатеринбург,mass,2025-06-15 22:04:36,сергей.105747@example-shop.ru,organic
105748,Дмитрий,Краснодар,mass,2025-09-10 14:17:26,дмитрий.105748@example-shop.ru,social
105749,Никита,Казань,standard,2026-05-02 11:37:06,никита.105749@example-shop.ru,social
105750,Иван,Москва,standard,2025-04-23 14:02:28,иван.105750@example-shop.ru,social
105751,Ксения,Санкт-Петербург,mass,2025-08-18 13:56:29,ксения.105751@example-shop.ru,email
105752,Дмитрий,Санкт-Петербург,vip,2025-05-27 21:29:40,дмитрий.105752@example-shop.ru,context
105753,Иван,Самара,mass,2025-07-06 04:55:52,иван.105753@example-shop.ru,organic
105754,Елена,Москва,standard,2025-09-08 06:44:31,елена.105754@example-shop.ru,organic
105755,Иван,Самара,standard,2026-05-19 00:07:13,иван.105755@example-shop.ru,organic
105756,Сергей,Екатеринбург,mass,2025-01-07 19:35:25,сергей.105756@example-shop.ru,context
105757,Максим,Краснодар,premium,2025-07-15 04:30:33,максим.105757@example-shop.ru,organic
105758,Артём,Екатеринбург,standard,2026-04-17 21:48:23,артём.105758@example-shop.ru,organic
105759,Артём,Пермь,mass,2025-02-15 06:35:41,артём.105759@example-shop.ru,context
105760,Алексей,Пермь,mass,2025-10-04 00:54:03,алексей.105760@example-shop.ru,social
105761,Иван,Москва,mass,2025-03-26 15:47:44,иван.105761@example-shop.ru,social
105762,Анна,Самара,premium,2025-11-01 19:47:45,анна.105762@example-shop.ru,organic
105763,Анна,Москва,mass,2026-01-25 06:58:42,анна.105763@example-shop.ru,marketplace
105764,Мария,Краснодар,premium,2025-12-13 04:40:09,мария.105764@example-shop.ru,organic
105765,Максим,Нижний Новгород,mass,2025-11-03 11:13:03,максим.105765@example-shop.ru,referral
105766,Артём,Санкт-Петербург,vip,2026-02-09 18:21:32,артём.105766@example-shop.ru,marketplace
105767,Максим,Москва,premium,2025-10-19 08:47:31,максим.105767@example-shop.ru,marketplace
105768,Максим,Казань,mass,2025-12-01 00:07:51,максим.105768@example-shop.ru,social
105769,Наталья,Уфа,mass,2025-02-14 16:26:37,наталья.105769@example-shop.ru,organic
105770,Артём,Уфа,standard,2025-01-12 14:39:37,артём.105770@example-shop.ru,email
105771,Максим,Москва,mass,2025-03-31 10:07:00,максим.105771@example-shop.ru,social
105772,Дмитрий,Санкт-Петербург,mass,2025-10-22 05:20:49,дмитрий.105772@example-shop.ru,email
105773,Сергей,Казань,standard,2025-08-04 22:29:06,сергей.105773@example-shop.ru,context
105774,Алексей,Нижний Новгород,premium,2025-07-19 12:14:15,алексей.105774@example-shop.ru,marketplace
105775,Наталья,Москва,standard,2025-09-02 03:54:51,наталья.105775@example-shop.ru,marketplace
105776,Никита,Санкт-Петербург,premium,2026-06-24 05:50:22,никита.105776@example-shop.ru,referral
105777,Ольга,Воронеж,standard,2025-07-25 05:41:41,ольга.105777@example-shop.ru,marketplace
105778,Иван,Екатеринбург,standard,2025-08-31 01:23:52,иван.105778@example-shop.ru,context
105779,Роман,Ростов-на-Дону,mass,2025-10-01 23:53:41,роман.105779@example-shop.ru,organic
105780,Иван,Екатеринбург,standard,2026-02-26 22:49:09,иван.105780@example-shop.ru,referral
105781,Анна,Екатеринбург,standard,2026-02-04 18:48:45,анна.105781@example-shop.ru,referral
105782,Иван,Нижний Новгород,standard,2026-06-18 18:23:25,иван.105782@example-shop.ru,social
105783,Ксения,Санкт-Петербург,vip,2025-12-13 11:00:45,ксения.105783@example-shop.ru,organic
105784,Полина,Москва,mass,2026-06-04 20:36:08,полина.105784@example-shop.ru,social
105785,Виктория,Тюмень,standard,2025-11-30 03:36:48,виктория.105785@example-shop.ru,organic
105786,Михаил,Воронеж,mass,2025-10-21 08:17:38,михаил.105786@example-shop.ru,email
105787,Михаил,Ростов-на-Дону,mass,2025-10-31 23:44:48,михаил.105787@example-shop.ru,marketplace
105788,Михаил,Москва,mass,2025-09-19 16:26:16,михаил.105788@example-shop.ru,organic
105789,Артём,Москва,vip,2025-04-20 12:08:30,артём.105789@example-shop.ru,email
105790,Полина,Москва,mass,2025-07-19 15:44:51,полина.105790@example-shop.ru,organic
105791,Роман,Пермь,standard,2025-11-26 12:38:43,роман.105791@example-shop.ru,social
105792,Мария,Краснодар,standard,2025-11-27 08:10:01,мария.105792@example-shop.ru,marketplace
105793,Ольга,Новосибирск,premium,2025-03-28 08:36:19,ольга.105793@example-shop.ru,organic
105794,Полина,Омск,standard,2026-03-14 22:08:14,полина.105794@example-shop.ru,organic
105795,Сергей,Москва,mass,2026-01-24 12:55:34,сергей.105795@example-shop.ru,marketplace
105796,Дмитрий,Новосибирск,mass,2025-10-14 05:20:30,дмитрий.105796@example-shop.ru,organic
105797,Ксения,Москва,standard,2025-09-04 11:55:14,ксения.105797@example-shop.ru,context
105798,Михаил,Санкт-Петербург,mass,2025-10-31 21:28:54,михаил.105798@example-shop.ru,context
105799,Виктория,Омск,mass,2025-11-13 21:30:17,виктория.105799@example-shop.ru,organic
105800,Сергей,Воронеж,mass,2025-08-22 05:51:05,сергей.105800@example-shop.ru,organic
105801,Иван,Москва,mass,2026-04-16 05:21:11,иван.105801@example-shop.ru,email
105802,Ольга,Москва,vip,2025-03-28 05:51:10,ольга.105802@example-shop.ru,social
105803,Сергей,Нижний Новгород,premium,2025-07-23 08:06:45,сергей.105803@example-shop.ru,context
105804,Никита,Москва,standard,2025-08-05 16:37:28,никита.105804@example-shop.ru,referral
105805,Максим,Новосибирск,mass,2025-02-24 08:53:35,максим.105805@example-shop.ru,context
105806,Иван,Нижний Новгород,vip,2025-02-18 13:07:06,иван.105806@example-shop.ru,context
105807,Сергей,Санкт-Петербург,standard,2026-05-01 19:28:22,сергей.105807@example-shop.ru,marketplace
105808,Полина,Санкт-Петербург,vip,2026-02-27 01:31:59,полина.105808@example-shop.ru,email
105809,Наталья,Москва,mass,2025-07-18 21:59:16,наталья.105809@example-shop.ru,social
105810,Ольга,Пермь,mass,2025-05-26 00:32:05,ольга.105810@example-shop.ru,social
105811,Екатерина,Казань,standard,2025-08-10 13:19:39,екатерина.105811@example-shop.ru,email
105812,Михаил,Нижний Новгород,premium,2026-01-20 04:18:16,михаил.105812@example-shop.ru,social
105813,Елена,Санкт-Петербург,mass,2025-06-11 07:59:13,елена.105813@example-shop.ru,context
105814,Полина,Ростов-на-Дону,mass,2025-02-06 03:25:43,полина.105814@example-shop.ru,context
105815,Виктория,Москва,standard,2025-08-17 23:49:00,виктория.105815@example-shop.ru,organic
105816,Мария,Москва,vip,2025-11-23 07:15:32,мария.105816@example-shop.ru,marketplace
105817,Сергей,Ростов-на-Дону,standard,2025-10-11 22:17:51,сергей.105817@example-shop.ru,referral
105818,Никита,Ростов-на-Дону,premium,2025-04-04 22:16:53,никита.105818@example-shop.ru,context
105819,Ольга,,standard,2026-04-05 14:30:41,ольга.105819@example-shop.ru,context
105820,Виктория,Санкт-Петербург,premium,2025-12-11 04:13:17,виктория.105820@example-shop.ru,marketplace
105821,Михаил,Омск,mass,2026-01-28 11:41:47,михаил.105821@example-shop.ru,context
105822,Роман,Москва,mass,2026-06-06 21:22:25,роман.105822@example-shop.ru,email
105823,Ксения,Москва,standard,2025-10-07 17:42:51,ксения.105823@example-shop.ru,email
105824,Иван,Казань,standard,2025-11-12 12:08:19,иван.105824@example-shop.ru,marketplace
105825,Артём,Санкт-Петербург,mass,2026-02-21 07:06:58,артём.105825@example-shop.ru,context
105826,Артём,Самара,mass,2026-02-26 19:11:02,артём.105826@example-shop.ru,email
105827,Анна,Самара,standard,2026-04-08 01:06:47,анна.105827@example-shop.ru,context
105828,Екатерина,Новосибирск,standard,2026-01-19 21:35:17,екатерина.105828@example-shop.ru,marketplace
105829,Иван,Нижний Новгород,mass,2025-02-01 16:35:00,иван.105829@example-shop.ru,organic
105830,Наталья,Казань,premium,2025-07-10 22:22:09,наталья.105830@example-shop.ru,social
105831,Максим,Уфа,mass,2025-11-19 18:21:11,максим.105831@example-shop.ru,social
105832,Анна,Москва,mass,2025-08-31 10:50:14,анна.105832@example-shop.ru,marketplace
105833,Андрей,Санкт-Петербург,mass,2025-01-24 13:56:50,андрей.105833@example-shop.ru,organic
105834,Дмитрий,Самара,mass,2025-05-26 20:08:53,дмитрий.105834@example-shop.ru,organic
105835,Елена,Санкт-Петербург,mass,2025-06-17 22:09:02,елена.105835@example-shop.ru,email
105836,Ксения,Москва,standard,2025-01-20 16:31:05,ксения.105836@example-shop.ru,context
105837,Ксения,Санкт-Петербург,standard,2026-02-20 12:24:17,ксения.105837@example-shop.ru,context
105838,Алексей,Ростов-на-Дону,mass,2025-07-25 23:49:59,алексей.105838@example-shop.ru,organic
105839,Елена,Москва,premium,2026-03-08 06:00:43,елена.105839@example-shop.ru,marketplace
105840,Роман,Ростов-на-Дону,premium,2026-04-20 07:40:22,роман.105840@example-shop.ru,social
105841,Дарья,Уфа,mass,2026-04-27 16:27:35,дарья.105841@example-shop.ru,referral
105842,Полина,Нижний Новгород,mass,2026-05-10 23:34:17,полина.105842@example-shop.ru,marketplace
105843,Виктория,Москва,mass,2025-09-29 12:57:07,виктория.105843@example-shop.ru,email
105844,Алексей,Уфа,standard,2025-05-13 05:04:14,алексей.105844@example-shop.ru,context
105845,Ксения,Москва,mass,2025-02-15 20:31:07,ксения.105845@example-shop.ru,organic
105846,Анна,Пермь,standard,2025-12-07 01:31:34,анна.105846@example-shop.ru,referral
105847,Иван,Ростов-на-Дону,standard,2025-03-11 02:21:02,иван.105847@example-shop.ru,referral
105848,Екатерина,Москва,standard,2025-05-12 13:13:55,екатерина.105848@example-shop.ru,organic
105849,Михаил,Уфа,mass,2025-05-14 03:34:04,михаил.105849@example-shop.ru,marketplace
105850,Мария,Екатеринбург,mass,2025-05-30 01:38:15,мария.105850@example-shop.ru,context
105851,Анна,Екатеринбург,mass,2025-07-22 20:08:59,анна.105851@example-shop.ru,context
105852,Виктория,Казань,standard,2025-06-30 13:28:55,виктория.105852@example-shop.ru,social
105853,Елена,Нижний Новгород,standard,2025-10-14 23:24:56,елена.105853@example-shop.ru,marketplace
105854,Екатерина,Ростов-на-Дону,standard,2026-06-06 18:05:38,екатерина.105854@example-shop.ru,organic
105855,Сергей,Воронеж,standard,2025-12-19 00:51:38,сергей.105855@example-shop.ru,context
105856,Виктория,Санкт-Петербург,mass,2026-01-04 11:05:10,ВИКТОРИЯ.105856@EXAMPLE-SHOP.RU,social
105857,Наталья,Нижний Новгород,mass,2025-03-30 13:32:45,наталья.105857@example-shop.ru,marketplace
105858,Ольга,Самара,mass,2025-03-04 05:01:28,ольга.105858@example-shop.ru,context
105859,Максим,Самара,mass,2025-04-13 23:42:31,максим.105859@example-shop.ru,context
105860,Екатерина,Екатеринбург,mass,2026-04-08 09:53:00,екатерина.105860@example-shop.ru,marketplace
105861,Артём,Казань,mass,2025-04-05 06:42:24,артём.105861@example-shop.ru,referral
105862,Виктория,Уфа,standard,2026-06-21 05:20:08,виктория.105862@example-shop.ru,organic
105863,Виктория,Санкт-Петербург,mass,2026-02-16 10:34:35,виктория.105863@example-shop.ru,organic
105864,Дмитрий,Москва,mass,2026-03-28 19:40:48,дмитрий.105864@example-shop.ru,social
105865,Никита,Новосибирск,mass,2025-06-14 15:18:32,никита.105865@example-shop.ru,context
105866,Виктория,Санкт-Петербург,mass,2025-03-27 04:33:20,виктория.105866@example-shop.ru,organic
105867,Роман,Москва,mass,2025-04-01 20:35:07,роман.105867@example-shop.ru,context
105868,Ксения,Москва,mass,2026-04-13 11:16:08,ксения.105868@example-shop.ru,marketplace
105869,Никита,Самара,mass,2025-08-24 02:23:39,никита.105869@example-shop.ru,referral
105870,Екатерина,Тюмень,vip,2025-08-11 23:31:55,екатерина.105870@example-shop.ru,social
105871,Дарья,Екатеринбург,mass,2025-05-15 21:30:52,дарья.105871@example-shop.ru,organic
105872,Наталья,Москва,mass,2025-07-14 03:38:41,наталья.105872@example-shop.ru,context
105873,Роман,Краснодар,mass,2025-07-21 06:25:54,роман.105873@example-shop.ru,marketplace
105874,Максим,Санкт-Петербург,mass,2026-02-13 10:21:30,максим.105874@example-shop.ru,referral
105875,Роман,Тюмень,standard,2026-03-26 02:06:12,роман.105875@example-shop.ru,organic
105876,Мария,Новосибирск,mass,2025-09-12 13:43:56,мария.105876@example-shop.ru,referral
105877,Никита,Москва,premium,2025-07-01 23:22:05,никита.105877@example-shop.ru,organic
105878,Дмитрий,Екатеринбург,premium,2025-09-04 04:11:14,дмитрий.105878@example-shop.ru,context
105879,Екатерина,Санкт-Петербург,standard,2025-04-06 07:09:39,екатерина.105879@example-shop.ru,organic
105880,Алексей,Уфа,mass,2025-02-07 08:49:26,алексей.105880@example-shop.ru,marketplace
105881,Анна,Москва,mass,2025-05-07 16:28:51,анна.105881@example-shop.ru,referral
105882,Полина,Краснодар,mass,2025-01-14 08:44:09,полина.105882@example-shop.ru,social
105883,Андрей,Уфа,standard,2025-01-19 17:23:35,андрей.105883@example-shop.ru,context
105884,Дмитрий,Воронеж,mass,2025-05-10 23:19:59,дмитрий.105884@example-shop.ru,email
105885,Иван,Воронеж,standard,2026-05-07 02:46:17,иван.105885@example-shop.ru,organic
105886,Андрей,Москва,mass,2025-04-11 22:00:02,андрей.105886@example-shop.ru,organic
105887,Полина,Новосибирск,mass,2026-01-15 20:20:14,полина.105887@example-shop.ru,email
105888,Анна,Краснодар,mass,2025-03-22 04:42:02,анна.105888@example-shop.ru,email
105889,Екатерина,Казань,mass,2025-09-10 12:45:42,екатерина.105889@example-shop.ru,organic
105890,Елена,Москва,standard,2025-11-27 18:34:21,елена.105890@example-shop.ru,organic
105891,Роман,Санкт-Петербург,standard,2025-11-02 16:06:42,роман.105891@example-shop.ru,referral
105892,Сергей,Москва,mass,2026-03-12 20:15:49,сергей.105892@example-shop.ru,organic
105893,Иван,Воронеж,mass,2025-05-19 11:30:36,иван.105893@example-shop.ru,social
105894,Максим,Екатеринбург,premium,2026-02-09 19:46:32,максим.105894@example-shop.ru,referral
105895,Артём,Самара,mass,2025-08-09 00:14:23,,social
105896,Дарья,Омск,standard,2025-08-31 16:15:12,дарья.105896@example-shop.ru,context
105897,Алексей,Санкт-Петербург,mass,2025-06-24 07:26:59,алексей.105897@example-shop.ru,email
105898,Полина,Уфа,standard,2026-06-28 07:08:46,полина.105898@example-shop.ru,marketplace
105899,Михаил,Москва,standard,2026-03-26 09:01:39,михаил.105899@example-shop.ru,referral
105900,Ксения,Москва,mass,2025-09-10 06:35:39,ксения.105900@example-shop.ru,context
105901,Никита,Москва,mass,2026-02-10 04:00:13,никита.105901@example-shop.ru,marketplace
105902,Анна,Санкт-Петербург,mass,2026-05-15 01:20:31,анна.105902@example-shop.ru,context
105903,Мария,Казань,mass,2025-06-04 17:09:24,мария.105903@example-shop.ru,organic
105904,Дарья,Екатеринбург,standard,2025-06-27 17:33:04,дарья.105904@example-shop.ru,organic
105905,Анна,Москва,mass,2026-02-20 10:12:05,анна.105905@example-shop.ru,context
105906,Иван,Москва,mass,2025-06-04 16:20:41,иван.105906@example-shop.ru,organic
105907,Наталья,Самара,standard,2025-02-21 04:39:06,наталья.105907@example-shop.ru,email
105908,Никита,Москва,premium,2025-11-21 09:39:23,никита.105908@example-shop.ru,organic
105909,Дарья,Уфа,mass,2025-04-21 09:36:36,,context
105910,Артём,Пермь,standard,2025-11-16 18:03:20,артём.105910@example-shop.ru,marketplace
105911,Анна,Ростов-на-Дону,mass,2025-02-27 23:26:28,анна.105911@example-shop.ru,organic
105912,Максим,Нижний Новгород,standard,2025-09-18 17:49:19,максим.105912@example-shop.ru,social
105913,Екатерина,Самара,mass,2025-05-10 20:15:43,екатерина.105913@example-shop.ru,marketplace
105914,Анна,Самара,standard,2025-10-16 02:52:53,анна.105914@example-shop.ru,organic
105915,Артём,Пермь,mass,2025-05-04 06:36:57,артём.105915@example-shop.ru,context
105916,Алексей,Омск,mass,2025-05-17 23:03:02,алексей.105916@example-shop.ru,organic
105917,Максим,Казань,premium,2026-05-06 19:15:12,максим.105917@example-shop.ru,referral
105918,Дмитрий,Нижний Новгород,mass,2026-06-20 04:31:48,дмитрий.105918@example-shop.ru,context
105919,Екатерина,Уфа,mass,2025-06-28 10:15:18,екатерина.105919@example-shop.ru,marketplace
105920,Никита,Москва,mass,2025-12-18 20:32:08,никита.105920@example-shop.ru,referral
105921,Иван,Новосибирск,standard,2025-07-13 14:15:03,иван.105921@example-shop.ru,social
105922,Дарья,Самара,mass,2025-04-03 18:08:54,дарья.105922@example-shop.ru,marketplace
105923,Екатерина,Ростов-на-Дону,standard,2025-02-24 08:44:17,екатерина.105923@example-shop.ru,organic
105924,Полина,Санкт-Петербург,mass,2026-05-01 07:53:48,полина.105924@example-shop.ru,email
105925,Никита,Санкт-Петербург,standard,2025-02-05 23:03:01,никита.105925@example-shop.ru,referral
105926,Иван,Москва,premium,2025-09-26 03:21:59,иван.105926@example-shop.ru,referral
105927,Роман,Новосибирск,mass,2025-04-30 13:35:21,роман.105927@example-shop.ru,social
105928,Виктория,Пермь,standard,2026-02-19 09:45:40,виктория.105928@example-shop.ru,organic
105929,Иван,Воронеж,mass,2025-03-15 07:51:48,иван.105929@example-shop.ru,email
105930,Елена,Санкт-Петербург,mass,2025-11-11 09:12:03,елена.105930@example-shop.ru,social
105931,Никита,Санкт-Петербург,standard,2025-07-07 19:29:54,никита.105931@example-shop.ru,email
105932,Артём,Уфа,premium,2025-10-11 21:25:57,артём.105932@example-shop.ru,marketplace
105933,Максим,Ростов-на-Дону,standard,2025-04-12 09:27:36,максим.105933@example-shop.ru,social
105934,Максим,Екатеринбург,premium,2025-03-05 16:15:01,максим.105934@example-shop.ru,marketplace
105935,Андрей,Казань,mass,2025-04-08 02:28:51,андрей.105935@example-shop.ru,organic
105936,Елена,Москва,standard,2025-11-11 04:10:07,елена.105936@example-shop.ru,organic
105937,Анна,Уфа,mass,2025-12-19 21:46:47,анна.105937@example-shop.ru,context
105938,Виктория,Нижний Новгород,vip,2026-05-08 23:51:30,виктория.105938@example-shop.ru,organic
105939,Полина,Казань,standard,2026-05-29 10:44:44,полина.105939@example-shop.ru,social
105940,Анна,Пермь,mass,2026-02-15 03:57:07,анна.105940@example-shop.ru,context
105941,Елена,Самара,standard,2025-01-07 19:15:37,елена.105941@example-shop.ru,referral
105942,Наталья,Пермь,standard,2026-01-19 10:30:43,наталья.105942@example-shop.ru,marketplace
105943,Анна,Екатеринбург,premium,2026-01-20 12:40:24,анна.105943@example-shop.ru,email
105944,Екатерина,Екатеринбург,standard,2026-01-20 20:58:46,екатерина.105944@example-shop.ru,context
105945,Елена,Пермь,premium,2025-12-26 06:18:19,елена.105945@example-shop.ru,marketplace
105946,Иван,Омск,mass,2026-01-10 17:44:38,иван.105946@example-shop.ru,email
105947,Елена,Омск,mass,2025-11-15 20:30:44,елена.105947@example-shop.ru,email
105948,Никита,Краснодар,standard,2025-12-04 15:01:13,никита.105948@example-shop.ru,organic
105949,Никита,Екатеринбург,mass,2026-01-13 07:15:34,никита.105949@example-shop.ru,referral
105950,Артём,Москва,mass,2025-01-24 16:08:12,артём.105950@example-shop.ru,organic
105951,Сергей,Казань,vip,2025-10-05 05:47:21,сергей.105951@example-shop.ru,organic
105952,Андрей,Пермь,premium,2025-03-11 15:15:42,андрей.105952@example-shop.ru,organic
105953,Анна,Санкт-Петербург,premium,2026-05-21 04:05:02,анна.105953@example-shop.ru,referral
105954,Екатерина,Ростов-на-Дону,mass,2026-06-24 10:29:43,екатерина.105954@example-shop.ru,organic
105955,Екатерина,Пермь,mass,2025-03-28 05:34:53,екатерина.105955@example-shop.ru,context
105956,Роман,Тюмень,premium,2026-05-01 21:13:26,роман.105956@example-shop.ru,social
105957,Дмитрий,Омск,mass,2025-09-16 02:03:11,дмитрий.105957@example-shop.ru,context
105958,Роман,Новосибирск,mass,2026-01-02 10:37:37,роман.105958@example-shop.ru,context
105959,Михаил,Екатеринбург,mass,2025-12-22 21:44:31,михаил.105959@example-shop.ru,email
105960,Ксения,Тюмень,premium,2025-03-06 02:50:24,ксения.105960@example-shop.ru,marketplace
105961,Анна,Москва,mass,2026-05-11 05:46:46,АННА.105961@EXAMPLE-SHOP.RU,email
105962,Михаил,Москва,mass,2025-12-16 03:36:02,михаил.105962@example-shop.ru,referral
105963,Андрей,Омск,mass,2025-09-23 15:39:25,андрей.105963@example-shop.ru,organic
105964,Елена,Самара,mass,2025-12-02 01:40:37,елена.105964@example-shop.ru,organic
105965,Роман,Новосибирск,standard,2026-06-17 11:06:39,,social
105966,Мария,Москва,standard,2025-12-19 19:41:49,мария.105966@example-shop.ru,marketplace
105967,Роман,Новосибирск,standard,2025-12-24 18:47:45,роман.105967@example-shop.ru,organic
105968,Михаил,Омск,mass,2026-04-23 18:04:30,михаил.105968@example-shop.ru,organic
105969,Анна,Нижний Новгород,mass,2026-01-17 01:41:59,анна.105969@example-shop.ru,email
105970,Мария,Казань,mass,2025-03-19 21:42:51,мария.105970@example-shop.ru,social
105971,Роман,Новосибирск,premium,2026-03-22 22:09:01,роман.105971@example-shop.ru,context
105972,Дмитрий,Воронеж,mass,2026-05-06 08:42:53,,email
105973,Наталья,Пермь,mass,2026-02-04 23:39:05,наталья.105973@example-shop.ru,social
105974,Мария,Казань,mass,2025-03-25 00:53:16,мария.105974@example-shop.ru,marketplace
105975,Полина,Нижний Новгород,vip,2025-10-12 19:57:36,полина.105975@example-shop.ru,context
105976,Артём,Санкт-Петербург,standard,2025-01-30 10:51:49,артём.105976@example-shop.ru,context
105977,Никита,Екатеринбург,mass,2026-02-26 01:49:52,никита.105977@example-shop.ru,organic
105978,Анна,Москва,standard,2026-06-06 16:15:36,анна.105978@example-shop.ru,context
105979,Дмитрий,Новосибирск,mass,2025-01-20 11:23:13,дмитрий.105979@example-shop.ru,organic
105980,Михаил,Новосибирск,standard,2025-03-01 10:02:00,михаил.105980@example-shop.ru,organic
105981,Михаил,Санкт-Петербург,vip,2026-05-24 08:35:46,михаил.105981@example-shop.ru,organic
105982,Дарья,Санкт-Петербург,standard,2026-03-12 21:03:01,дарья.105982@example-shop.ru,social
105983,Никита,Москва,premium,2026-03-25 14:48:00,никита.105983@example-shop.ru,organic
105984,Андрей,Москва,mass,2025-04-24 15:06:51,андрей.105984@example-shop.ru,organic
105985,Иван,Ростов-на-Дону,mass,2025-12-14 12:36:29,иван.105985@example-shop.ru,context
105986,Максим,Москва,standard,2026-03-28 16:22:59,максим.105986@example-shop.ru,organic
105987,Никита,Москва,standard,2025-02-07 11:18:30,никита.105987@example-shop.ru,organic
105988,Артём,Тюмень,mass,2025-06-04 15:10:50,артём.105988@example-shop.ru,marketplace
105989,Ксения,Санкт-Петербург,mass,2025-06-10 17:36:14,ксения.105989@example-shop.ru,context
105990,Виктория,Воронеж,mass,2025-10-23 03:51:52,виктория.105990@example-shop.ru,email
105991,Алексей,Нижний Новгород,mass,2025-05-19 05:27:24,алексей.105991@example-shop.ru,organic
105992,Наталья,Ростов-на-Дону,premium,2025-07-06 08:33:36,наталья.105992@example-shop.ru,context
105993,Андрей,Новосибирск,mass,2025-05-21 01:53:12,андрей.105993@example-shop.ru,organic
105994,Екатерина,Москва,standard,2025-02-04 16:13:57,екатерина.105994@example-shop.ru,context
105995,Иван,Краснодар,mass,2026-01-02 07:05:54,иван.105995@example-shop.ru,email
105996,Дмитрий,Краснодар,standard,2025-12-15 01:37:12,дмитрий.105996@example-shop.ru,marketplace
105997,Ксения,Санкт-Петербург,premium,2026-04-23 11:53:23,ксения.105997@example-shop.ru,social
105998,Полина,Уфа,standard,2025-11-10 23:29:50,полина.105998@example-shop.ru,context
105999,Дарья,Новосибирск,standard,2026-01-07 11:43:25,дарья.105999@example-shop.ru,referral
106000,Мария,Пермь,mass,2025-07-15 18:29:04,мария.106000@example-shop.ru,social
106001,Михаил,Уфа,mass,2025-07-31 20:58:38,михаил.106001@example-shop.ru,context
106002,Андрей,,standard,2025-08-13 18:10:59,андрей.106002@example-shop.ru,context
106003,Михаил,Воронеж,standard,2026-06-13 05:36:44,михаил.106003@example-shop.ru,social
106004,Виктория,Омск,standard,2025-09-15 11:53:19,виктория.106004@example-shop.ru,context
106005,Наталья,Ростов-на-Дону,standard,2026-04-16 02:34:37,наталья.106005@example-shop.ru,social
106006,Дмитрий,Москва,mass,2025-06-24 18:02:36,дмитрий.106006@example-shop.ru,organic
106007,Елена,Уфа,mass,2026-01-09 13:16:22,елена.106007@example-shop.ru,social
106008,Роман,Самара,premium,2025-05-30 09:14:44,роман.106008@example-shop.ru,social
106009,Мария,Санкт-Петербург,standard,2025-08-05 14:51:02,мария.106009@example-shop.ru,context
106010,Мария,Воронеж,standard,2026-04-14 02:01:35,мария.106010@example-shop.ru,context
106011,Ольга,Новосибирск,standard,2026-01-08 16:27:46,ольга.106011@example-shop.ru,social
106012,Дарья,Краснодар,premium,2025-09-23 00:24:09,дарья.106012@example-shop.ru,social
106013,Екатерина,Самара,premium,2025-08-11 08:34:33,екатерина.106013@example-shop.ru,organic
106014,Виктория,Санкт-Петербург,mass,2026-03-12 20:03:06,виктория.106014@example-shop.ru,context
106015,Артём,Тюмень,premium,2025-03-26 13:50:45,артём.106015@example-shop.ru,organic
106016,Иван,Новосибирск,mass,2026-04-08 13:22:45,иван.106016@example-shop.ru,context
106017,Максим,Новосибирск,mass,2025-12-04 06:21:28,максим.106017@example-shop.ru,social
106018,Мария,Казань,premium,2025-06-29 07:00:27,мария.106018@example-shop.ru,context
106019,Дарья,Москва,mass,2026-01-16 11:10:40,дарья.106019@example-shop.ru,context
106020,Дарья,Самара,mass,2026-06-25 03:08:31,ДАРЬЯ.106020@EXAMPLE-SHOP.RU,context
106021,Елена,Казань,standard,2025-07-10 08:53:33,елена.106021@example-shop.ru,context
106022,Елена,Пермь,vip,2025-08-03 06:39:24,елена.106022@example-shop.ru,organic
106023,Максим,Омск,mass,2026-05-22 11:20:46,максим.106023@example-shop.ru,marketplace
106024,Ксения,Уфа,standard,2025-07-07 16:40:07,ксения.106024@example-shop.ru,social
106025,Наталья,Москва,mass,2026-04-11 13:42:54,наталья.106025@example-shop.ru,social
106026,Дарья,Ростов-на-Дону,mass,2026-05-06 08:14:42,дарья.106026@example-shop.ru,organic
106027,Сергей,Москва,standard,2025-11-14 15:42:40,сергей.106027@example-shop.ru,marketplace
106028,Екатерина,Краснодар,standard,2025-02-14 18:28:25,екатерина.106028@example-shop.ru,social
106029,Артём,Екатеринбург,standard,2025-02-02 19:53:01,артём.106029@example-shop.ru,context
106030,Елена,Пермь,standard,2025-06-03 02:41:03,елена.106030@example-shop.ru,referral
106031,Ксения,Казань,vip,2025-01-10 09:10:59,ксения.106031@example-shop.ru,context
106032,Роман,Санкт-Петербург,standard,2026-02-20 15:56:09,роман.106032@example-shop.ru,marketplace
106033,Дарья,Тюмень,mass,2025-12-15 17:42:45,дарья.106033@example-shop.ru,organic
106034,Никита,Новосибирск,standard,2025-09-05 19:00:33,никита.106034@example-shop.ru,email
106035,Дмитрий,Воронеж,standard,2026-03-20 12:34:51,дмитрий.106035@example-shop.ru,marketplace
106036,Мария,Пермь,mass,2025-03-14 18:14:33,мария.106036@example-shop.ru,social
106037,Виктория,Новосибирск,standard,2025-09-30 16:36:54,виктория.106037@example-shop.ru,marketplace
106038,Максим,Екатеринбург,standard,2025-07-04 11:08:57,максим.106038@example-shop.ru,organic
106039,Сергей,Новосибирск,mass,2025-01-13 19:13:19,сергей.106039@example-shop.ru,social
106040,Дмитрий,Краснодар,mass,2025-09-18 17:58:15,дмитрий.106040@example-shop.ru,context
106041,Ольга,Омск,mass,2025-03-20 22:21:42,ольга.106041@example-shop.ru,context
106042,Ольга,Санкт-Петербург,mass,2025-04-26 03:05:01,ольга.106042@example-shop.ru,context
106043,Ольга,Ростов-на-Дону,premium,2025-04-17 03:11:32,ольга.106043@example-shop.ru,social
106044,Роман,Санкт-Петербург,mass,2025-12-09 03:02:41,роман.106044@example-shop.ru,social
106045,Виктория,Нижний Новгород,standard,2026-03-09 04:35:56,виктория.106045@example-shop.ru,organic
106046,Наталья,Уфа,standard,2025-09-22 21:39:30,наталья.106046@example-shop.ru,context
106047,Иван,Воронеж,mass,2025-12-16 10:13:41,иван.106047@example-shop.ru,organic
106048,Виктория,Екатеринбург,mass,2025-02-25 16:51:53,виктория.106048@example-shop.ru,social
106049,Анна,Санкт-Петербург,mass,2026-03-05 17:15:30,анна.106049@example-shop.ru,organic
106050,Максим,Санкт-Петербург,mass,2025-10-01 09:54:04,максим.106050@example-shop.ru,context
106051,Сергей,Москва,mass,2025-08-22 11:51:07,сергей.106051@example-shop.ru,marketplace
106052,Иван,Санкт-Петербург,mass,2026-04-19 20:57:58,иван.106052@example-shop.ru,marketplace
106053,Ольга,Воронеж,standard,2025-06-21 00:26:32,ольга.106053@example-shop.ru,social
106054,Елена,Казань,standard,2025-08-28 07:37:27,елена.106054@example-shop.ru,organic
106055,Андрей,Санкт-Петербург,mass,2026-05-20 16:37:46,андрей.106055@example-shop.ru,social
106056,Ксения,Ростов-на-Дону,mass,2025-03-23 14:53:31,ксения.106056@example-shop.ru,social
106057,Алексей,Москва,premium,2025-10-12 10:38:17,алексей.106057@example-shop.ru,organic
106058,Михаил,Санкт-Петербург,mass,2025-11-12 00:20:35,михаил.106058@example-shop.ru,marketplace
106059,Михаил,Пермь,standard,2026-01-17 14:30:03,михаил.106059@example-shop.ru,context
106060,Ольга,Москва,mass,2026-05-22 12:22:05,ольга.106060@example-shop.ru,context
106061,Наталья,Казань,premium,2025-07-07 09:43:15,наталья.106061@example-shop.ru,social
106062,Дарья,Новосибирск,mass,2025-03-05 04:06:30,дарья.106062@example-shop.ru,marketplace
106063,Ольга,Москва,mass,2025-08-06 12:52:20,ольга.106063@example-shop.ru,email
106064,Мария,Санкт-Петербург,standard,2025-03-27 05:48:48,мария.106064@example-shop.ru,organic
106065,Ольга,Москва,mass,2026-02-01 17:01:05,ольга.106065@example-shop.ru,referral
106066,Елена,Санкт-Петербург,standard,2025-11-05 22:18:09,елена.106066@example-shop.ru,marketplace
106067,Ольга,Воронеж,mass,2026-02-17 19:13:11,ольга.106067@example-shop.ru,referral
106068,Дмитрий,Казань,mass,2025-07-05 07:09:25,дмитрий.106068@example-shop.ru,organic
106069,Иван,Казань,mass,2026-06-05 06:07:28,иван.106069@example-shop.ru,social
106070,Полина,Казань,standard,2026-05-04 01:55:58,полина.106070@example-shop.ru,email
106071,Иван,Омск,premium,2026-05-15 02:17:17,иван.106071@example-shop.ru,organic
106072,Роман,Москва,mass,2026-01-24 10:57:06,роман.106072@example-shop.ru,social
106073,Роман,Воронеж,premium,2025-04-13 00:30:34,роман.106073@example-shop.ru,referral
106074,Михаил,Санкт-Петербург,standard,2025-03-22 03:54:30,михаил.106074@example-shop.ru,social
106075,Никита,Омск,mass,2026-06-06 13:38:09,никита.106075@example-shop.ru,organic
106076,Алексей,,mass,2026-04-20 12:59:47,алексей.106076@example-shop.ru,organic
106077,Максим,Москва,mass,2026-04-26 00:43:46,максим.106077@example-shop.ru,social
106078,Анна,Новосибирск,mass,2025-12-17 01:10:47,анна.106078@example-shop.ru,organic
106079,Виктория,Москва,standard,2026-04-12 20:55:55,виктория.106079@example-shop.ru,context
106080,Михаил,Ростов-на-Дону,mass,2025-09-27 00:44:13,михаил.106080@example-shop.ru,context
106081,Ксения,Самара,mass,2025-03-30 08:49:58,ксения.106081@example-shop.ru,organic
106082,Ольга,Самара,standard,2025-05-20 19:37:38,ольга.106082@example-shop.ru,social
106083,Дмитрий,Москва,mass,2026-04-10 02:52:39,дмитрий.106083@example-shop.ru,marketplace
106084,Никита,Ростов-на-Дону,premium,2025-12-21 02:12:53,никита.106084@example-shop.ru,context
106085,Екатерина,Санкт-Петербург,standard,2026-06-28 15:03:55,екатерина.106085@example-shop.ru,organic
106086,Дарья,Тюмень,mass,2026-05-05 16:11:40,дарья.106086@example-shop.ru,organic
106087,Сергей,Ростов-на-Дону,mass,2026-02-18 20:38:59,сергей.106087@example-shop.ru,social
106088,Сергей,Нижний Новгород,mass,2025-01-21 23:16:09,сергей.106088@example-shop.ru,context
106089,Ольга,Воронеж,vip,2025-04-11 20:52:52,ольга.106089@example-shop.ru,email
106090,Роман,Нижний Новгород,mass,2025-07-24 10:57:43,роман.106090@example-shop.ru,social
106091,Дмитрий,Новосибирск,premium,2025-01-20 11:40:54,дмитрий.106091@example-shop.ru,context
106092,Полина,Москва,vip,2026-05-25 22:25:35,полина.106092@example-shop.ru,context
106093,Анна,Самара,mass,2025-05-05 06:54:08,анна.106093@example-shop.ru,social
106094,Наталья,Казань,standard,2025-07-28 16:27:19,наталья.106094@example-shop.ru,organic
106095,Максим,Москва,standard,2026-01-03 14:49:21,максим.106095@example-shop.ru,context
106096,Михаил,Краснодар,mass,2025-01-20 13:11:00,михаил.106096@example-shop.ru,context
106097,Екатерина,Москва,premium,2025-12-13 19:08:08,екатерина.106097@example-shop.ru,social
106098,Никита,Самара,mass,2025-02-25 06:53:20,никита.106098@example-shop.ru,social
106099,Дарья,Москва,premium,2026-05-07 20:04:49,дарья.106099@example-shop.ru,email
106100,Дмитрий,Казань,standard,2026-01-12 11:08:28,ДМИТРИЙ.106100@EXAMPLE-SHOP.RU,organic
106101,Дмитрий,Краснодар,mass,2025-07-02 22:59:21,дмитрий.106101@example-shop.ru,marketplace
106102,Ксения,Москва,mass,2026-01-17 13:34:34,ксения.106102@example-shop.ru,social
106103,Наталья,Самара,mass,2025-06-21 03:41:31,наталья.106103@example-shop.ru,referral
106104,Мария,Нижний Новгород,mass,2025-03-04 16:47:20,мария.106104@example-shop.ru,social
106105,Андрей,Воронеж,standard,2025-01-06 05:59:31,андрей.106105@example-shop.ru,email
106106,Михаил,Москва,mass,2025-04-30 11:20:43,михаил.106106@example-shop.ru,referral
106107,Алексей,Уфа,vip,2026-01-21 17:32:59,алексей.106107@example-shop.ru,organic
106108,Дарья,Екатеринбург,mass,2025-11-04 07:27:28,дарья.106108@example-shop.ru,context
106109,Михаил,Казань,mass,2025-05-29 19:00:23,михаил.106109@example-shop.ru,marketplace
106110,Михаил,Санкт-Петербург,mass,2026-01-10 03:51:05,михаил.106110@example-shop.ru,context
106111,Ксения,Казань,mass,2025-07-31 15:26:47,ксения.106111@example-shop.ru,email
106112,Наталья,Новосибирск,standard,2025-03-27 10:48:59,наталья.106112@example-shop.ru,email
106113,Наталья,Москва,mass,2026-01-06 01:59:44,наталья.106113@example-shop.ru,context
106114,Михаил,Казань,standard,2025-09-06 17:28:51,михаил.106114@example-shop.ru,email
106115,Анна,Самара,standard,2025-12-29 02:35:20,анна.106115@example-shop.ru,context
106116,Анна,Екатеринбург,mass,2025-11-03 07:25:13,анна.106116@example-shop.ru,organic
106117,Андрей,Москва,mass,2025-02-25 05:09:39,андрей.106117@example-shop.ru,referral
106118,Дмитрий,Санкт-Петербург,mass,2025-01-28 02:07:20,дмитрий.106118@example-shop.ru,email
106119,Артём,Екатеринбург,mass,2025-02-24 21:07:13,артём.106119@example-shop.ru,context
106120,Елена,Самара,standard,2025-05-02 22:44:05,елена.106120@example-shop.ru,organic
106121,Дмитрий,Пермь,mass,2025-05-03 03:15:33,дмитрий.106121@example-shop.ru,social
106122,Виктория,Новосибирск,mass,2026-05-16 19:09:22,виктория.106122@example-shop.ru,referral
106123,Андрей,,mass,2026-03-03 19:29:57,андрей.106123@example-shop.ru,referral
106124,Сергей,Москва,mass,2026-04-25 14:09:31,сергей.106124@example-shop.ru,context
106125,Иван,Омск,premium,2025-09-16 10:54:56,иван.106125@example-shop.ru,context
106126,Дмитрий,Санкт-Петербург,premium,2025-06-25 18:04:44,,social
106127,Анна,Санкт-Петербург,standard,2025-08-08 14:15:47,анна.106127@example-shop.ru,organic
106128,Ксения,Москва,mass,2026-04-19 01:08:24,ксения.106128@example-shop.ru,email
106129,Максим,Москва,mass,2025-07-13 18:08:10,максим.106129@example-shop.ru,organic
106130,Ольга,Уфа,mass,2025-12-11 17:46:48,ольга.106130@example-shop.ru,social
106131,Мария,Москва,standard,2025-03-20 19:40:47,мария.106131@example-shop.ru,email
106132,Сергей,Санкт-Петербург,mass,2026-06-19 23:37:04,сергей.106132@example-shop.ru,social
106133,Никита,Москва,mass,2025-12-16 17:15:23,никита.106133@example-shop.ru,email
106134,Сергей,Тюмень,standard,2026-06-11 14:08:37,сергей.106134@example-shop.ru,organic
106135,Екатерина,Уфа,standard,2025-06-10 13:34:30,екатерина.106135@example-shop.ru,context
106136,Анна,Пермь,mass,2025-12-03 05:32:47,анна.106136@example-shop.ru,referral
106137,Иван,Воронеж,mass,2025-05-30 08:07:22,иван.106137@example-shop.ru,marketplace
106138,Роман,Пермь,premium,2025-09-12 23:20:23,роман.106138@example-shop.ru,social
106139,Мария,Екатеринбург,mass,2025-06-25 23:18:35,мария.106139@example-shop.ru,organic
106140,Сергей,Москва,vip,2025-03-19 13:01:58,сергей.106140@example-shop.ru,organic
106141,Максим,Санкт-Петербург,mass,2025-08-29 23:24:20,максим.106141@example-shop.ru,email
106142,Алексей,Санкт-Петербург,premium,2025-10-17 00:59:13,алексей.106142@example-shop.ru,social
106143,Артём,Ростов-на-Дону,premium,2025-03-27 14:57:55,артём.106143@example-shop.ru,organic
106144,Полина,Москва,mass,2025-08-06 01:44:48,полина.106144@example-shop.ru,social
106145,Мария,Москва,standard,2025-02-21 00:40:40,мария.106145@example-shop.ru,organic
106146,Андрей,Самара,mass,2025-12-18 20:32:17,андрей.106146@example-shop.ru,organic
106147,Артём,Москва,mass,2025-06-20 12:39:25,артём.106147@example-shop.ru,marketplace
106148,Роман,Москва,mass,2025-02-18 18:32:26,роман.106148@example-shop.ru,social
106149,Мария,Москва,standard,2025-10-07 17:11:05,мария.106149@example-shop.ru,organic
106150,Ксения,Самара,mass,2026-04-01 00:43:27,ксения.106150@example-shop.ru,marketplace
106151,Алексей,Москва,mass,2026-06-25 06:18:06,алексей.106151@example-shop.ru,marketplace
106152,Никита,Москва,vip,2026-06-12 01:51:27,никита.106152@example-shop.ru,marketplace
106153,Екатерина,Москва,premium,2025-04-05 14:58:25,екатерина.106153@example-shop.ru,referral
106154,Максим,Ростов-на-Дону,mass,2025-04-25 02:27:51,максим.106154@example-shop.ru,marketplace
106155,Алексей,Москва,mass,2026-05-02 16:22:37,алексей.106155@example-shop.ru,organic
106156,Михаил,Москва,mass,2025-12-11 20:48:36,михаил.106156@example-shop.ru,marketplace
106157,Мария,Пермь,mass,2025-10-24 00:56:33,мария.106157@example-shop.ru,context
106158,Михаил,Воронеж,premium,2026-03-14 01:21:16,михаил.106158@example-shop.ru,organic
106159,Дарья,,vip,2025-02-05 05:41:13,дарья.106159@example-shop.ru,organic
106160,Елена,Санкт-Петербург,mass,2025-10-30 03:40:24,елена.106160@example-shop.ru,organic
106161,Дмитрий,Москва,mass,2025-11-08 23:33:46,дмитрий.106161@example-shop.ru,email
106162,Дмитрий,Ростов-на-Дону,mass,2026-05-25 19:30:52,дмитрий.106162@example-shop.ru,marketplace
106163,Дмитрий,Санкт-Петербург,mass,2025-09-12 17:26:28,дмитрий.106163@example-shop.ru,organic
106164,Иван,Пермь,mass,2025-10-06 23:12:53,иван.106164@example-shop.ru,email
106165,Дмитрий,Краснодар,mass,2026-03-13 09:24:22,дмитрий.106165@example-shop.ru,email
106166,Екатерина,Нижний Новгород,mass,2025-05-28 10:45:35,екатерина.106166@example-shop.ru,organic
106167,Максим,Москва,mass,2025-02-08 02:44:09,максим.106167@example-shop.ru,referral
106168,Дарья,Воронеж,premium,2025-09-15 00:31:49,ДАРЬЯ.106168@EXAMPLE-SHOP.RU,organic
106169,Андрей,Ростов-на-Дону,standard,2025-11-29 18:00:19,андрей.106169@example-shop.ru,organic
106170,Дарья,Уфа,mass,2025-09-23 21:17:26,дарья.106170@example-shop.ru,social
106171,Артём,Москва,mass,2026-01-20 23:36:02,артём.106171@example-shop.ru,marketplace
106172,Максим,Ростов-на-Дону,premium,2025-05-19 06:32:45,максим.106172@example-shop.ru,organic
106173,Никита,Уфа,mass,2025-01-08 18:31:13,никита.106173@example-shop.ru,context
106174,Дмитрий,Омск,premium,2026-03-05 21:20:33,дмитрий.106174@example-shop.ru,social
106175,Наталья,Нижний Новгород,mass,2026-04-09 15:58:54,наталья.106175@example-shop.ru,referral
106176,Наталья,Екатеринбург,premium,2025-12-03 16:07:32,наталья.106176@example-shop.ru,marketplace
106177,Роман,Казань,mass,2025-06-21 02:19:11,роман.106177@example-shop.ru,context
106178,Артём,Ростов-на-Дону,standard,2025-07-21 20:25:09,артём.106178@example-shop.ru,email
106179,Дарья,Пермь,mass,2025-09-19 11:13:24,дарья.106179@example-shop.ru,social
106180,Никита,Нижний Новгород,standard,2025-08-18 19:15:48,никита.106180@example-shop.ru,organic
106181,Ольга,Москва,standard,2025-05-02 22:53:56,ольга.106181@example-shop.ru,social
106182,Ксения,Москва,mass,2025-07-22 13:51:02,ксения.106182@example-shop.ru,context
106183,Анна,Нижний Новгород,standard,2025-06-12 10:32:40,анна.106183@example-shop.ru,referral
106184,Никита,Воронеж,mass,2025-09-02 02:30:46,никита.106184@example-shop.ru,context
106185,Анна,Москва,mass,2025-07-24 15:53:11,анна.106185@example-shop.ru,organic
106186,Ксения,Казань,mass,2025-10-15 19:28:36,ксения.106186@example-shop.ru,marketplace
106187,Ольга,Омск,standard,2026-03-16 16:50:57,ольга.106187@example-shop.ru,marketplace
106188,Полина,Екатеринбург,premium,2025-06-30 08:31:29,полина.106188@example-shop.ru,context
106189,Иван,Москва,mass,2025-02-01 12:34:27,иван.106189@example-shop.ru,email
106190,Наталья,Санкт-Петербург,standard,2026-03-22 21:29:26,наталья.106190@example-shop.ru,marketplace
106191,Никита,Казань,premium,2025-04-12 12:11:45,никита.106191@example-shop.ru,organic
106192,Алексей,Москва,standard,2026-05-21 23:02:31,алексей.106192@example-shop.ru,social
106193,Елена,Самара,mass,2025-10-16 02:31:07,елена.106193@example-shop.ru,organic
106194,Мария,Нижний Новгород,mass,2025-10-12 22:13:40,мария.106194@example-shop.ru,email
106195,Максим,Самара,mass,2025-08-11 19:24:54,максим.106195@example-shop.ru,organic
106196,Ольга,Нижний Новгород,mass,2026-01-23 16:37:31,ольга.106196@example-shop.ru,email
106197,Михаил,Москва,mass,2025-12-22 21:06:10,михаил.106197@example-shop.ru,organic
106198,Елена,Москва,standard,2026-05-23 03:27:08,елена.106198@example-shop.ru,context
106199,Анна,Москва,standard,2025-01-10 00:29:33,анна.106199@example-shop.ru,email
106200,Анна,Москва,standard,2025-04-15 14:34:08,анна.106200@example-shop.ru,organic
106201,Никита,Ростов-на-Дону,mass,2025-06-01 07:57:10,никита.106201@example-shop.ru,marketplace
106202,Полина,Москва,mass,2025-04-14 09:34:14,полина.106202@example-shop.ru,organic
106203,Дмитрий,Самара,standard,2026-06-01 20:19:33,дмитрий.106203@example-shop.ru,social
106204,Анна,Москва,mass,2025-02-09 13:45:08,анна.106204@example-shop.ru,referral
106205,Мария,Москва,premium,2025-03-08 02:13:06,мария.106205@example-shop.ru,organic
106206,Полина,Москва,mass,2025-08-29 22:42:25,полина.106206@example-shop.ru,social
106207,Роман,Екатеринбург,mass,2025-05-25 00:01:38,роман.106207@example-shop.ru,social
106208,Дарья,Самара,standard,2025-06-30 11:24:31,дарья.106208@example-shop.ru,social
106209,Елена,Краснодар,standard,2025-11-26 03:28:41,елена.106209@example-shop.ru,referral
106210,Михаил,Москва,mass,2025-11-02 11:47:07,михаил.106210@example-shop.ru,context
106211,Мария,Нижний Новгород,standard,2026-04-17 00:46:57,мария.106211@example-shop.ru,context
106212,Екатерина,Уфа,mass,2025-09-03 19:58:42,екатерина.106212@example-shop.ru,organic
106213,Виктория,Санкт-Петербург,mass,2026-05-26 20:42:01,виктория.106213@example-shop.ru,marketplace
106214,Максим,Москва,mass,2025-04-14 15:44:10,максим.106214@example-shop.ru,context
106215,Роман,Москва,standard,2025-04-17 00:11:30,,context
106216,Михаил,Москва,standard,2025-08-02 04:38:18,михаил.106216@example-shop.ru,organic
106217,Сергей,Воронеж,mass,2025-03-05 16:17:44,сергей.106217@example-shop.ru,email
106218,Анна,Казань,standard,2025-01-16 17:58:14,анна.106218@example-shop.ru,social
106219,Алексей,Новосибирск,standard,2025-07-22 08:14:10,алексей.106219@example-shop.ru,organic
106220,Никита,Уфа,mass,2025-10-20 20:59:33,никита.106220@example-shop.ru,marketplace
106221,Елена,Казань,mass,2025-06-01 08:44:55,елена.106221@example-shop.ru,marketplace
106222,Максим,Самара,mass,2025-05-28 17:28:00,максим.106222@example-shop.ru,marketplace
106223,Екатерина,Москва,mass,2025-02-22 23:41:58,екатерина.106223@example-shop.ru,social
106224,Елена,Екатеринбург,premium,2025-03-03 05:39:12,елена.106224@example-shop.ru,context
106225,Ольга,Москва,standard,2026-04-27 08:50:23,ольга.106225@example-shop.ru,organic
106226,Роман,Москва,mass,2026-01-18 22:07:21,роман.106226@example-shop.ru,context
106227,Виктория,Санкт-Петербург,mass,2026-01-25 08:59:30,виктория.106227@example-shop.ru,social
106228,Екатерина,Ростов-на-Дону,mass,2025-04-21 18:55:07,екатерина.106228@example-shop.ru,organic
106229,Алексей,Самара,mass,2025-05-15 19:12:50,алексей.106229@example-shop.ru,context
106230,Наталья,Ростов-на-Дону,mass,2025-07-20 08:17:43,наталья.106230@example-shop.ru,social
106231,Наталья,Москва,mass,2025-12-26 01:03:52,наталья.106231@example-shop.ru,referral
106232,Михаил,Тюмень,mass,2025-01-20 23:20:27,михаил.106232@example-shop.ru,organic
106233,Анна,Москва,mass,2026-03-21 10:51:04,анна.106233@example-shop.ru,email
106234,Анна,Краснодар,mass,2025-07-05 18:58:02,анна.106234@example-shop.ru,context
106235,Дарья,Ростов-на-Дону,mass,2025-09-30 11:48:48,дарья.106235@example-shop.ru,social
106236,Екатерина,Нижний Новгород,mass,2026-05-11 21:11:17,екатерина.106236@example-shop.ru,marketplace
106237,Андрей,Казань,mass,2025-03-14 12:19:43,андрей.106237@example-shop.ru,organic
106238,Елена,Ростов-на-Дону,mass,2026-06-01 10:50:39,елена.106238@example-shop.ru,marketplace
106239,Полина,Ростов-на-Дону,mass,2025-12-01 22:17:09,полина.106239@example-shop.ru,email
106240,Елена,Москва,vip,2025-08-21 15:05:36,елена.106240@example-shop.ru,marketplace
106241,Екатерина,Уфа,mass,2025-02-09 00:37:34,екатерина.106241@example-shop.ru,context
106242,Анна,Москва,standard,2025-02-06 19:53:07,анна.106242@example-shop.ru,organic
106243,Никита,Екатеринбург,mass,2026-03-22 08:14:14,никита.106243@example-shop.ru,organic
106244,Максим,Самара,mass,2025-08-08 01:17:29,максим.106244@example-shop.ru,email
106245,Андрей,Краснодар,mass,2026-02-20 00:56:45,андрей.106245@example-shop.ru,organic
106246,Максим,Екатеринбург,standard,2026-03-31 03:20:59,максим.106246@example-shop.ru,context
106247,Дарья,Москва,vip,2025-08-08 03:15:02,дарья.106247@example-shop.ru,marketplace
106248,Наталья,Екатеринбург,mass,2025-06-22 10:34:24,наталья.106248@example-shop.ru,context
106249,Мария,Санкт-Петербург,mass,2025-05-27 15:45:57,мария.106249@example-shop.ru,organic
106250,Анна,Новосибирск,standard,2025-12-13 23:18:12,анна.106250@example-shop.ru,email
106251,Екатерина,Екатеринбург,mass,2026-01-22 16:58:20,екатерина.106251@example-shop.ru,organic
106252,Анна,Уфа,mass,2025-07-10 11:48:53,анна.106252@example-shop.ru,social
106253,Елена,Москва,premium,2025-11-06 03:06:15,елена.106253@example-shop.ru,organic
106254,Артём,Москва,mass,2025-10-22 04:55:46,артём.106254@example-shop.ru,context
106255,Елена,Екатеринбург,standard,2025-03-21 01:48:19,елена.106255@example-shop.ru,organic
106256,Иван,Москва,mass,2025-10-14 12:02:14,иван.106256@example-shop.ru,email
106257,Михаил,Москва,mass,2026-02-18 18:10:00,михаил.106257@example-shop.ru,context
106258,Екатерина,Санкт-Петербург,vip,2026-06-09 07:39:22,екатерина.106258@example-shop.ru,context
106259,Роман,Екатеринбург,mass,2025-07-02 00:23:42,роман.106259@example-shop.ru,marketplace
106260,Никита,Санкт-Петербург,mass,2025-05-11 01:36:56,никита.106260@example-shop.ru,email
106261,Иван,Новосибирск,mass,2026-05-03 03:31:30,иван.106261@example-shop.ru,social
106262,Сергей,Воронеж,mass,2026-05-17 03:15:09,сергей.106262@example-shop.ru,marketplace
106263,Дмитрий,Новосибирск,mass,2026-03-29 01:26:46,дмитрий.106263@example-shop.ru,organic
106264,Никита,Санкт-Петербург,mass,2025-07-02 19:14:50,никита.106264@example-shop.ru,social
106265,Артём,Москва,mass,2025-05-31 07:38:11,артём.106265@example-shop.ru,marketplace
106266,Мария,Москва,mass,2025-12-07 12:47:22,мария.106266@example-shop.ru,social
106267,Екатерина,Новосибирск,standard,2025-05-20 02:43:08,екатерина.106267@example-shop.ru,context
106268,Алексей,Самара,mass,2026-02-24 07:48:09,алексей.106268@example-shop.ru,email
106269,Елена,Москва,premium,2025-08-05 20:23:41,елена.106269@example-shop.ru,organic
106270,Роман,Москва,mass,2025-06-28 06:38:52,роман.106270@example-shop.ru,organic
106271,Артём,Санкт-Петербург,mass,2026-03-15 10:38:23,артём.106271@example-shop.ru,referral
106272,Дарья,Санкт-Петербург,premium,2025-07-13 12:42:24,дарья.106272@example-shop.ru,organic
106273,Виктория,Омск,premium,2025-03-13 04:57:18,виктория.106273@example-shop.ru,organic
106274,Андрей,Москва,mass,2026-03-10 05:22:40,андрей.106274@example-shop.ru,context
106275,Виктория,Москва,mass,2025-06-22 05:56:51,виктория.106275@example-shop.ru,context
106276,Мария,Санкт-Петербург,premium,2025-12-24 02:58:10,мария.106276@example-shop.ru,context
106277,Мария,Москва,mass,2025-12-26 05:07:54,мария.106277@example-shop.ru,referral
106278,Дарья,Москва,mass,2025-02-15 06:35:28,дарья.106278@example-shop.ru,social
106279,Алексей,Казань,mass,2025-01-19 06:03:23,алексей.106279@example-shop.ru,referral
106280,Ольга,Санкт-Петербург,standard,2026-03-24 02:35:34,ольга.106280@example-shop.ru,organic
106281,Алексей,Москва,standard,2025-01-31 11:10:26,алексей.106281@example-shop.ru,context
106282,Максим,Нижний Новгород,mass,2025-06-30 20:36:34,максим.106282@example-shop.ru,marketplace
106283,Виктория,Екатеринбург,vip,2026-02-20 09:11:52,виктория.106283@example-shop.ru,context
106284,Анна,Москва,mass,2025-04-07 20:30:38,анна.106284@example-shop.ru,organic
106285,Наталья,Воронеж,standard,2025-10-12 16:14:41,наталья.106285@example-shop.ru,marketplace
106286,Полина,Санкт-Петербург,mass,2025-03-05 00:26:41,полина.106286@example-shop.ru,context
106287,Мария,Омск,standard,2025-10-31 21:26:18,мария.106287@example-shop.ru,context
106288,Мария,Пермь,mass,2026-01-24 21:03:34,мария.106288@example-shop.ru,organic
106289,Елена,Казань,mass,2025-05-16 15:08:26,елена.106289@example-shop.ru,referral
106290,Андрей,Москва,mass,2025-06-03 13:57:19,андрей.106290@example-shop.ru,organic
106291,Сергей,Краснодар,premium,2025-10-17 19:43:43,сергей.106291@example-shop.ru,social
106292,Михаил,Санкт-Петербург,mass,2026-03-08 06:07:25,михаил.106292@example-shop.ru,email
106293,Алексей,Москва,mass,2025-10-25 00:40:27,алексей.106293@example-shop.ru,referral
106294,Роман,Новосибирск,mass,2026-01-18 08:07:55,роман.106294@example-shop.ru,organic
106295,Мария,Екатеринбург,standard,2025-08-14 12:07:47,мария.106295@example-shop.ru,organic
106296,Роман,Краснодар,standard,2025-03-12 03:52:16,роман.106296@example-shop.ru,email
106297,Иван,Ростов-на-Дону,mass,2026-06-10 14:39:22,иван.106297@example-shop.ru,marketplace
106298,Ксения,Воронеж,mass,2026-03-10 23:50:40,ксения.106298@example-shop.ru,organic
106299,Елена,Ростов-на-Дону,standard,2025-01-27 20:22:23,елена.106299@example-shop.ru,context
106300,Анна,Самара,mass,2025-05-31 09:34:43,анна.106300@example-shop.ru,referral
106301,Максим,Екатеринбург,mass,2025-08-15 03:15:31,максим.106301@example-shop.ru,email
106302,Алексей,Тюмень,mass,2025-02-14 10:33:57,алексей.106302@example-shop.ru,marketplace
106303,Анна,Омск,mass,2026-04-13 07:55:31,анна.106303@example-shop.ru,referral
106304,Виктория,,vip,2025-04-05 02:50:22,виктория.106304@example-shop.ru,organic
106305,Максим,Уфа,standard,2025-04-23 10:00:31,максим.106305@example-shop.ru,email
106306,Ольга,Новосибирск,mass,2025-06-22 14:53:07,ольга.106306@example-shop.ru,email
106307,Андрей,Санкт-Петербург,premium,2026-05-25 13:46:01,андрей.106307@example-shop.ru,context
106308,Иван,Воронеж,mass,2025-05-04 02:46:59,иван.106308@example-shop.ru,social
106309,Ольга,Москва,premium,2025-08-20 21:25:11,ольга.106309@example-shop.ru,organic
106310,Анна,Москва,mass,2026-01-07 21:10:02,анна.106310@example-shop.ru,context
106311,Наталья,Казань,premium,2025-03-27 08:18:52,наталья.106311@example-shop.ru,email
106312,Максим,Нижний Новгород,premium,2025-02-18 12:23:50,максим.106312@example-shop.ru,organic
106313,Алексей,Новосибирск,premium,2025-02-20 17:44:33,алексей.106313@example-shop.ru,email
106314,Мария,Москва,mass,2025-04-11 02:19:37,мария.106314@example-shop.ru,organic
106315,Ксения,Москва,premium,2025-06-28 06:04:12,ксения.106315@example-shop.ru,context
106316,Мария,Москва,standard,2026-05-28 16:30:17,мария.106316@example-shop.ru,social
106317,Дарья,Санкт-Петербург,mass,2026-05-17 05:59:20,дарья.106317@example-shop.ru,organic
106318,Никита,Москва,mass,2025-11-07 05:18:23,никита.106318@example-shop.ru,referral
106319,Наталья,Самара,standard,2026-05-27 19:22:14,наталья.106319@example-shop.ru,context
106320,Максим,Москва,premium,2025-01-16 17:57:16,максим.106320@example-shop.ru,referral
106321,Дарья,Санкт-Петербург,standard,2025-11-03 23:29:57,дарья.106321@example-shop.ru,marketplace
106322,Полина,Санкт-Петербург,mass,2025-08-31 01:41:22,полина.106322@example-shop.ru,context
106323,Иван,Новосибирск,standard,2025-03-06 09:55:45,иван.106323@example-shop.ru,organic
106324,Полина,Краснодар,mass,2025-10-29 10:48:40,полина.106324@example-shop.ru,email
106325,Никита,Москва,mass,2025-09-06 20:13:46,никита.106325@example-shop.ru,organic
106326,Иван,Санкт-Петербург,standard,2026-02-21 02:18:32,иван.106326@example-shop.ru,organic
106327,Мария,Самара,standard,2025-08-16 16:17:48,мария.106327@example-shop.ru,marketplace
106328,Роман,Москва,standard,2025-08-22 21:06:48,роман.106328@example-shop.ru,organic
106329,Мария,Краснодар,mass,2025-05-06 22:22:08,мария.106329@example-shop.ru,social
106330,Михаил,Омск,mass,2025-09-15 12:01:41,михаил.106330@example-shop.ru,organic
106331,Мария,Нижний Новгород,standard,2025-02-11 10:30:10,мария.106331@example-shop.ru,referral
106332,Екатерина,Омск,mass,2025-11-05 15:59:31,екатерина.106332@example-shop.ru,social
106333,Дмитрий,Казань,vip,2025-07-27 22:59:07,дмитрий.106333@example-shop.ru,social
106334,Мария,Казань,premium,2025-05-30 03:46:41,мария.106334@example-shop.ru,social
106335,Мария,Москва,premium,2025-07-22 15:51:53,мария.106335@example-shop.ru,organic
106336,Анна,Москва,premium,2026-05-02 02:02:19,анна.106336@example-shop.ru,organic
106337,Артём,Москва,mass,2026-01-19 16:03:16,артём.106337@example-shop.ru,email
106338,Мария,Екатеринбург,mass,2026-04-10 13:25:52,мария.106338@example-shop.ru,marketplace
106339,Андрей,Екатеринбург,standard,2025-08-03 20:28:55,андрей.106339@example-shop.ru,email
106340,Михаил,Москва,mass,2025-08-03 12:32:54,михаил.106340@example-shop.ru,referral
106341,Елена,Нижний Новгород,premium,2025-01-08 03:47:22,елена.106341@example-shop.ru,context
106342,Полина,Москва,mass,2026-01-07 18:41:53,полина.106342@example-shop.ru,social
106343,Екатерина,Санкт-Петербург,premium,2025-01-11 21:50:39,екатерина.106343@example-shop.ru,referral
106344,Екатерина,Москва,mass,2026-06-14 22:21:29,екатерина.106344@example-shop.ru,organic
106345,Анна,Самара,premium,2026-01-10 16:42:08,анна.106345@example-shop.ru,context
106346,Роман,Новосибирск,mass,2025-09-11 17:37:05,роман.106346@example-shop.ru,organic
106347,Виктория,Ростов-на-Дону,standard,2025-12-27 03:04:40,виктория.106347@example-shop.ru,context
106348,Полина,Москва,premium,2026-06-26 13:19:08,полина.106348@example-shop.ru,referral
106349,Наталья,Казань,mass,2025-03-29 09:24:33,наталья.106349@example-shop.ru,context
106350,Екатерина,Омск,mass,2026-02-11 13:15:05,екатерина.106350@example-shop.ru,referral
106351,Максим,Москва,mass,2026-04-18 02:13:25,максим.106351@example-shop.ru,marketplace
106352,Алексей,Казань,standard,2025-11-16 14:23:36,алексей.106352@example-shop.ru,marketplace
106353,Иван,Москва,standard,2025-12-28 03:06:19,иван.106353@example-shop.ru,email
106354,Ксения,Москва,standard,2025-10-03 18:42:41,ксения.106354@example-shop.ru,email
106355,Роман,Екатеринбург,mass,2025-03-25 23:02:22,роман.106355@example-shop.ru,context
106356,Ольга,Москва,mass,2026-06-19 15:20:30,ольга.106356@example-shop.ru,referral
106357,Екатерина,Новосибирск,premium,2025-06-06 17:58:36,ЕКАТЕРИНА.106357@EXAMPLE-SHOP.RU,referral
106358,Алексей,Пермь,standard,2025-07-30 03:45:10,алексей.106358@example-shop.ru,marketplace
106359,Алексей,Москва,mass,2026-06-15 15:30:35,алексей.106359@example-shop.ru,social
106360,Артём,Москва,mass,2025-01-31 20:53:27,артём.106360@example-shop.ru,context
106361,Михаил,Краснодар,mass,2025-08-11 05:19:23,михаил.106361@example-shop.ru,email
106362,Никита,Екатеринбург,standard,2025-10-30 23:10:59,никита.106362@example-shop.ru,referral
106363,Дарья,Воронеж,standard,2025-05-10 00:58:46,дарья.106363@example-shop.ru,organic
106364,Елена,Санкт-Петербург,standard,2026-01-01 04:39:09,елена.106364@example-shop.ru,social
106365,Андрей,Нижний Новгород,standard,2025-10-13 15:37:30,андрей.106365@example-shop.ru,social
106366,Наталья,Пермь,premium,2025-05-23 20:11:57,наталья.106366@example-shop.ru,social
106367,Андрей,Москва,mass,2025-04-23 00:36:59,андрей.106367@example-shop.ru,marketplace
106368,Анна,Уфа,mass,2025-06-06 05:27:44,анна.106368@example-shop.ru,social
106369,Алексей,Нижний Новгород,mass,2026-03-08 11:39:25,алексей.106369@example-shop.ru,marketplace
106370,Мария,Краснодар,vip,2025-10-11 21:36:47,мария.106370@example-shop.ru,context
106371,Полина,Москва,standard,2026-03-09 21:28:25,ПОЛИНА.106371@EXAMPLE-SHOP.RU,organic
106372,Мария,Казань,mass,2026-01-27 12:17:30,мария.106372@example-shop.ru,context
106373,Никита,Москва,standard,2026-03-13 11:01:43,никита.106373@example-shop.ru,social
106374,Роман,Омск,mass,2026-04-12 00:20:18,роман.106374@example-shop.ru,email
106375,Иван,Москва,mass,2025-12-03 09:53:00,иван.106375@example-shop.ru,social
106376,Ксения,Москва,standard,2025-07-16 08:35:15,ксения.106376@example-shop.ru,context
106377,Иван,Воронеж,vip,2026-01-14 06:06:25,иван.106377@example-shop.ru,context
106378,Иван,Санкт-Петербург,mass,2026-05-30 17:41:02,иван.106378@example-shop.ru,marketplace
106379,Виктория,Нижний Новгород,mass,2025-06-25 03:57:20,виктория.106379@example-shop.ru,organic
106380,Елена,Санкт-Петербург,premium,2025-09-23 18:04:59,елена.106380@example-shop.ru,organic
106381,Елена,Самара,standard,2026-04-24 23:51:15,елена.106381@example-shop.ru,social
106382,Анна,Москва,standard,2025-11-22 12:49:21,АННА.106382@EXAMPLE-SHOP.RU,referral
106383,Михаил,Екатеринбург,mass,2025-03-20 13:38:06,михаил.106383@example-shop.ru,context
106384,Алексей,Новосибирск,mass,2025-07-11 01:01:02,алексей.106384@example-shop.ru,organic
106385,Дмитрий,Санкт-Петербург,mass,2025-05-19 16:41:30,дмитрий.106385@example-shop.ru,social
106386,Виктория,Санкт-Петербург,mass,2025-09-18 05:00:51,виктория.106386@example-shop.ru,organic
106387,Наталья,Москва,standard,2026-06-26 00:20:43,наталья.106387@example-shop.ru,organic
106388,Екатерина,Ростов-на-Дону,standard,2026-04-03 10:36:31,екатерина.106388@example-shop.ru,context
106389,Дмитрий,Москва,premium,2026-06-08 09:59:20,дмитрий.106389@example-shop.ru,organic
106390,Михаил,Санкт-Петербург,mass,2026-02-09 02:50:58,михаил.106390@example-shop.ru,context
106391,Дарья,Санкт-Петербург,mass,2025-10-04 15:40:40,дарья.106391@example-shop.ru,email
106392,Ольга,Екатеринбург,standard,2025-12-26 14:59:28,ольга.106392@example-shop.ru,organic
106393,Елена,Ростов-на-Дону,mass,2025-09-30 00:19:45,елена.106393@example-shop.ru,social
106394,Виктория,Казань,mass,2025-01-23 08:22:31,виктория.106394@example-shop.ru,social
106395,Виктория,Воронеж,mass,2025-03-05 16:00:37,виктория.106395@example-shop.ru,organic
106396,Мария,Самара,mass,2025-10-30 09:07:20,мария.106396@example-shop.ru,referral
106397,Виктория,Краснодар,mass,2025-12-26 12:13:19,виктория.106397@example-shop.ru,organic
106398,Анна,Ростов-на-Дону,mass,2025-05-19 05:34:43,анна.106398@example-shop.ru,marketplace
106399,Виктория,Москва,premium,2025-01-17 21:54:16,виктория.106399@example-shop.ru,social
106400,Никита,Тюмень,mass,2025-02-08 00:54:14,никита.106400@example-shop.ru,context
106401,Артём,Уфа,standard,2025-06-21 07:39:06,артём.106401@example-shop.ru,marketplace
106402,Дарья,Новосибирск,standard,2026-04-15 07:31:36,дарья.106402@example-shop.ru,context
106403,Максим,Москва,mass,2025-08-17 00:32:54,максим.106403@example-shop.ru,organic
106404,Никита,Москва,mass,2026-06-15 11:57:36,никита.106404@example-shop.ru,context
106405,Андрей,Нижний Новгород,mass,2026-05-03 05:19:37,андрей.106405@example-shop.ru,social
106406,Никита,Казань,mass,2026-04-13 18:41:13,никита.106406@example-shop.ru,referral
106407,Роман,Самара,mass,2026-06-12 19:21:38,роман.106407@example-shop.ru,referral
106408,Михаил,Казань,vip,2025-05-12 22:49:11,михаил.106408@example-shop.ru,marketplace
106409,Артём,Новосибирск,mass,2026-06-15 19:53:40,артём.106409@example-shop.ru,marketplace
106410,Никита,Москва,mass,2026-05-19 12:08:55,никита.106410@example-shop.ru,organic
106411,Андрей,Москва,vip,2026-03-12 08:47:16,андрей.106411@example-shop.ru,marketplace
106412,Сергей,Москва,standard,2025-04-15 22:49:13,сергей.106412@example-shop.ru,organic
106413,Мария,Краснодар,standard,2025-06-08 01:09:45,мария.106413@example-shop.ru,marketplace
106414,Алексей,Новосибирск,mass,2025-12-22 12:28:15,алексей.106414@example-shop.ru,organic
106415,Дмитрий,Омск,premium,2025-01-25 17:11:15,ДМИТРИЙ.106415@EXAMPLE-SHOP.RU,organic
106416,Мария,Ростов-на-Дону,standard,2026-03-24 19:04:49,мария.106416@example-shop.ru,context
106417,Дмитрий,Уфа,standard,2025-08-20 23:04:44,дмитрий.106417@example-shop.ru,organic
106418,Иван,Екатеринбург,standard,2025-01-12 19:20:53,иван.106418@example-shop.ru,email
106419,Полина,Краснодар,mass,2025-06-12 01:56:35,полина.106419@example-shop.ru,organic
106420,Мария,Омск,premium,2025-08-04 07:46:09,мария.106420@example-shop.ru,context
106421,Михаил,Ростов-на-Дону,vip,2025-12-24 01:53:09,михаил.106421@example-shop.ru,marketplace
106422,Ольга,Москва,standard,2025-11-25 05:38:43,ольга.106422@example-shop.ru,social
106423,Анна,Самара,mass,2025-07-22 05:26:35,анна.106423@example-shop.ru,social
106424,Роман,Москва,standard,2025-12-04 13:41:31,роман.106424@example-shop.ru,marketplace
106425,Полина,Москва,mass,2026-05-01 11:05:16,полина.106425@example-shop.ru,organic
106426,Дарья,Самара,standard,2025-07-10 19:57:57,дарья.106426@example-shop.ru,context
106427,Полина,Краснодар,mass,2025-07-23 20:21:06,полина.106427@example-shop.ru,organic
106428,Виктория,Москва,standard,2025-02-25 09:22:55,виктория.106428@example-shop.ru,organic
106429,Екатерина,Москва,premium,2025-07-26 00:11:23,екатерина.106429@example-shop.ru,organic
106430,Иван,Воронеж,mass,2025-06-04 18:50:31,иван.106430@example-shop.ru,social
106431,Ксения,Москва,standard,2026-02-18 17:16:22,ксения.106431@example-shop.ru,organic
106432,Роман,Москва,premium,2025-03-03 14:56:17,роман.106432@example-shop.ru,referral
106433,Елена,Ростов-на-Дону,mass,2025-11-18 13:33:07,елена.106433@example-shop.ru,referral
106434,Ольга,Краснодар,mass,2026-02-25 20:13:28,ольга.106434@example-shop.ru,context
106435,Михаил,Новосибирск,mass,2025-05-20 03:10:21,михаил.106435@example-shop.ru,social
106436,Алексей,Новосибирск,premium,2025-02-06 21:35:35,алексей.106436@example-shop.ru,organic
106437,Андрей,Санкт-Петербург,mass,2026-01-04 19:05:58,,email
106438,Елена,Москва,mass,2025-11-17 15:47:00,елена.106438@example-shop.ru,context
106439,Мария,Ростов-на-Дону,mass,2025-11-03 19:57:27,мария.106439@example-shop.ru,email
106440,Максим,Краснодар,mass,2026-04-25 10:00:57,максим.106440@example-shop.ru,social
106441,Андрей,Санкт-Петербург,mass,2025-02-26 17:05:50,андрей.106441@example-shop.ru,referral
106442,Елена,Санкт-Петербург,standard,2025-04-18 18:38:57,елена.106442@example-shop.ru,context
106443,Артём,Санкт-Петербург,mass,2025-09-12 15:48:39,артём.106443@example-shop.ru,context
106444,Андрей,Москва,standard,2025-11-03 08:05:20,андрей.106444@example-shop.ru,context
106445,Алексей,Санкт-Петербург,standard,2026-05-16 16:38:57,алексей.106445@example-shop.ru,social
106446,Дарья,,premium,2025-12-04 04:11:42,дарья.106446@example-shop.ru,social
106447,Елена,Уфа,mass,2025-04-26 10:15:33,елена.106447@example-shop.ru,email
106448,Екатерина,Санкт-Петербург,standard,2026-04-10 06:26:40,екатерина.106448@example-shop.ru,organic
106449,Анна,Самара,standard,2025-08-14 23:11:36,анна.106449@example-shop.ru,marketplace
106450,Иван,Новосибирск,mass,2026-04-19 04:33:22,иван.106450@example-shop.ru,marketplace
106451,Дарья,Краснодар,mass,2025-05-31 09:25:23,дарья.106451@example-shop.ru,organic
106452,Андрей,Омск,mass,2026-03-08 07:31:35,андрей.106452@example-shop.ru,organic
106453,Полина,Санкт-Петербург,standard,2025-10-20 14:55:03,полина.106453@example-shop.ru,social
106454,Екатерина,Москва,mass,2025-10-30 19:42:59,екатерина.106454@example-shop.ru,organic
106455,Наталья,Ростов-на-Дону,premium,2026-06-16 10:28:38,наталья.106455@example-shop.ru,organic
106456,Анна,Москва,premium,2025-03-26 01:00:05,анна.106456@example-shop.ru,social
106457,Елена,Москва,standard,2025-06-18 20:53:37,елена.106457@example-shop.ru,social
106458,Михаил,Москва,vip,2025-04-10 18:00:46,михаил.106458@example-shop.ru,organic
106459,Максим,Воронеж,standard,2026-03-30 21:29:04,максим.106459@example-shop.ru,marketplace
106460,Наталья,Москва,mass,2026-04-09 12:35:37,наталья.106460@example-shop.ru,organic
106461,Анна,Екатеринбург,mass,2026-04-02 20:54:36,анна.106461@example-shop.ru,organic
106462,Сергей,Казань,standard,2025-05-10 19:08:45,сергей.106462@example-shop.ru,organic
106463,Дмитрий,Самара,mass,2025-05-22 09:09:23,дмитрий.106463@example-shop.ru,marketplace
106464,Иван,Санкт-Петербург,premium,2025-08-08 04:21:14,иван.106464@example-shop.ru,marketplace
106465,Иван,Воронеж,mass,2026-02-26 01:41:42,иван.106465@example-shop.ru,organic
106466,Артём,Ростов-на-Дону,mass,2026-02-14 11:19:56,артём.106466@example-shop.ru,referral
106467,Ольга,Казань,standard,2026-06-23 12:38:06,ольга.106467@example-shop.ru,organic
106468,Мария,Санкт-Петербург,premium,2026-03-04 11:49:34,мария.106468@example-shop.ru,organic
106469,Артём,Краснодар,premium,2026-06-04 22:35:43,артём.106469@example-shop.ru,organic
106470,Анна,Ростов-на-Дону,mass,2025-05-26 02:02:42,анна.106470@example-shop.ru,email
106471,Алексей,Казань,mass,2025-11-27 03:05:05,алексей.106471@example-shop.ru,context
106472,Иван,Санкт-Петербург,standard,2025-10-18 11:43:37,иван.106472@example-shop.ru,social
106473,Сергей,Москва,premium,2025-03-24 16:44:54,сергей.106473@example-shop.ru,organic
106474,Полина,Москва,mass,2026-06-01 03:11:59,полина.106474@example-shop.ru,marketplace
106475,Дмитрий,Москва,standard,2025-03-07 00:59:30,дмитрий.106475@example-shop.ru,marketplace
106476,Елена,Москва,mass,2026-04-11 21:42:23,елена.106476@example-shop.ru,organic
106477,Дмитрий,Москва,standard,2025-05-26 10:01:08,дмитрий.106477@example-shop.ru,referral
106478,Ольга,Краснодар,mass,2025-05-01 18:23:43,ольга.106478@example-shop.ru,referral
106479,Роман,Уфа,vip,2025-11-24 17:10:25,роман.106479@example-shop.ru,marketplace
106480,Максим,Краснодар,mass,2025-09-12 17:36:33,максим.106480@example-shop.ru,social
106481,Екатерина,Нижний Новгород,standard,2025-07-30 11:49:50,екатерина.106481@example-shop.ru,organic
106482,Ксения,Нижний Новгород,standard,2026-05-08 06:56:07,ксения.106482@example-shop.ru,context
106483,Никита,Москва,mass,2026-01-16 23:11:37,никита.106483@example-shop.ru,social
106484,Виктория,Самара,mass,2025-11-28 20:18:45,виктория.106484@example-shop.ru,context
106485,Роман,Санкт-Петербург,standard,2026-03-06 08:08:28,роман.106485@example-shop.ru,organic
106486,Никита,Новосибирск,standard,2026-03-14 18:09:51,никита.106486@example-shop.ru,email
106487,Дарья,Омск,standard,2025-04-09 07:54:54,дарья.106487@example-shop.ru,email
106488,Елена,Воронеж,standard,2025-08-29 13:07:25,елена.106488@example-shop.ru,context
106489,Иван,Москва,mass,2026-05-09 09:14:49,иван.106489@example-shop.ru,social
106490,Иван,Ростов-на-Дону,premium,2026-03-20 20:21:47,иван.106490@example-shop.ru,social
106491,Ксения,Москва,mass,2025-02-03 00:17:43,ксения.106491@example-shop.ru,social
106492,Виктория,Москва,standard,2025-05-15 05:10:01,виктория.106492@example-shop.ru,organic
106493,Елена,Москва,premium,2025-05-25 09:15:38,елена.106493@example-shop.ru,context
106494,Максим,Москва,premium,2025-10-07 18:33:57,максим.106494@example-shop.ru,context
106495,Елена,Самара,mass,2026-03-21 01:35:05,елена.106495@example-shop.ru,marketplace
106496,Андрей,Санкт-Петербург,mass,2025-09-21 06:32:11,андрей.106496@example-shop.ru,organic
106497,Михаил,Москва,standard,2025-04-11 03:13:02,михаил.106497@example-shop.ru,context
106498,Ксения,Тюмень,mass,2025-10-31 17:48:04,ксения.106498@example-shop.ru,social
106499,Максим,Новосибирск,standard,2025-04-30 23:24:00,максим.106499@example-shop.ru,email
106500,Наталья,Казань,mass,2026-01-05 13:27:48,наталья.106500@example-shop.ru,context
106501,Иван,Новосибирск,mass,2026-06-16 17:35:06,иван.106501@example-shop.ru,context
106502,Полина,Новосибирск,mass,2025-12-11 15:03:44,полина.106502@example-shop.ru,social
106503,Артём,Екатеринбург,standard,2026-05-13 05:43:31,артём.106503@example-shop.ru,context
106504,Виктория,Нижний Новгород,standard,2025-10-24 17:15:52,ВИКТОРИЯ.106504@EXAMPLE-SHOP.RU,social
106505,Сергей,Воронеж,mass,2026-03-19 22:53:31,сергей.106505@example-shop.ru,referral
106506,Елена,Санкт-Петербург,mass,2026-05-28 08:25:42,елена.106506@example-shop.ru,social
106507,Никита,Екатеринбург,mass,2025-04-05 17:19:05,никита.106507@example-shop.ru,social
106508,Наталья,Москва,standard,2025-12-29 18:40:03,наталья.106508@example-shop.ru,organic
106509,Екатерина,Краснодар,standard,2025-05-20 01:12:30,екатерина.106509@example-shop.ru,referral
106510,Алексей,Санкт-Петербург,premium,2025-02-16 03:33:34,алексей.106510@example-shop.ru,marketplace
106511,Елена,Санкт-Петербург,vip,2025-05-09 03:59:37,елена.106511@example-shop.ru,social
106512,Андрей,Тюмень,mass,2025-03-19 17:11:04,андрей.106512@example-shop.ru,email
106513,Мария,Нижний Новгород,premium,2025-04-14 01:44:46,мария.106513@example-shop.ru,social
106514,Иван,Москва,mass,2025-01-04 15:35:32,иван.106514@example-shop.ru,referral
106515,Андрей,Санкт-Петербург,standard,2026-06-13 21:26:25,андрей.106515@example-shop.ru,context
106516,Максим,Санкт-Петербург,mass,2025-08-28 23:27:24,максим.106516@example-shop.ru,marketplace
106517,Елена,Тюмень,standard,2025-04-01 11:38:54,елена.106517@example-shop.ru,organic
106518,Виктория,Казань,standard,2025-07-07 02:36:09,виктория.106518@example-shop.ru,organic
106519,Анна,Москва,mass,2026-02-11 23:00:29,анна.106519@example-shop.ru,organic
106520,Алексей,Новосибирск,premium,2025-12-11 11:43:05,алексей.106520@example-shop.ru,social
106521,Алексей,Казань,premium,2025-01-28 19:16:23,алексей.106521@example-shop.ru,social
106522,Мария,Москва,premium,2025-03-22 13:58:20,мария.106522@example-shop.ru,social
106523,Анна,Воронеж,mass,2025-10-24 08:59:15,анна.106523@example-shop.ru,organic
106524,Екатерина,Москва,vip,2026-06-13 13:41:38,екатерина.106524@example-shop.ru,referral
106525,Елена,Воронеж,standard,2025-02-08 14:43:01,елена.106525@example-shop.ru,organic
106526,Мария,Уфа,standard,2026-04-15 23:44:33,мария.106526@example-shop.ru,email
106527,Алексей,Москва,mass,2025-02-03 15:44:10,алексей.106527@example-shop.ru,organic
106528,Наталья,Ростов-на-Дону,premium,2025-09-28 00:06:49,наталья.106528@example-shop.ru,context
106529,Андрей,Уфа,standard,2025-05-06 11:26:27,андрей.106529@example-shop.ru,context
106530,Максим,Нижний Новгород,standard,2025-08-19 18:58:34,максим.106530@example-shop.ru,context
106531,Мария,Новосибирск,vip,2026-05-20 10:53:32,мария.106531@example-shop.ru,referral
106532,Дмитрий,Москва,mass,2025-04-28 14:32:09,дмитрий.106532@example-shop.ru,marketplace
106533,Наталья,Москва,standard,2025-12-15 03:53:54,наталья.106533@example-shop.ru,social
106534,Анна,Ростов-на-Дону,mass,2025-07-01 14:43:49,анна.106534@example-shop.ru,context
106535,Полина,Москва,mass,2025-12-22 00:19:54,полина.106535@example-shop.ru,context
106536,Дарья,Москва,mass,2025-01-30 21:55:41,дарья.106536@example-shop.ru,social
106537,Максим,Екатеринбург,mass,2025-06-12 05:20:11,максим.106537@example-shop.ru,context
106538,Полина,Москва,mass,2026-06-06 23:19:06,полина.106538@example-shop.ru,email
106539,Максим,Уфа,mass,2026-01-30 08:54:12,максим.106539@example-shop.ru,social
106540,Иван,Уфа,mass,2026-05-26 12:26:32,иван.106540@example-shop.ru,context
106541,Никита,Краснодар,standard,2026-01-07 10:42:23,никита.106541@example-shop.ru,marketplace
106542,Полина,Москва,mass,2025-04-11 23:23:24,полина.106542@example-shop.ru,organic
106543,Максим,Казань,mass,2026-04-24 11:38:58,максим.106543@example-shop.ru,referral
106544,Виктория,Краснодар,mass,2026-01-08 00:28:43,виктория.106544@example-shop.ru,context
106545,Анна,Санкт-Петербург,mass,2025-10-11 12:28:22,анна.106545@example-shop.ru,organic
106546,Михаил,Самара,mass,2026-04-18 14:07:53,михаил.106546@example-shop.ru,organic
106547,Екатерина,Нижний Новгород,premium,2025-03-03 21:52:14,екатерина.106547@example-shop.ru,social
106548,Роман,Санкт-Петербург,standard,2026-06-08 09:46:46,роман.106548@example-shop.ru,organic
106549,Виктория,Санкт-Петербург,mass,2025-03-10 16:44:31,виктория.106549@example-shop.ru,email
106550,Роман,Самара,mass,2026-06-28 03:26:53,роман.106550@example-shop.ru,context
106551,Виктория,Москва,mass,2026-03-15 11:14:47,виктория.106551@example-shop.ru,context
106552,Андрей,Воронеж,standard,2025-09-24 03:07:22,андрей.106552@example-shop.ru,referral
106553,Анна,Новосибирск,vip,2025-09-17 14:05:49,анна.106553@example-shop.ru,organic
106554,Наталья,Москва,mass,2025-01-18 20:24:40,наталья.106554@example-shop.ru,organic
106555,Сергей,Ростов-на-Дону,mass,2025-06-22 16:57:42,сергей.106555@example-shop.ru,context
106556,Артём,Казань,standard,2025-05-05 21:39:00,артём.106556@example-shop.ru,social
106557,Иван,Москва,mass,2026-01-21 04:20:42,иван.106557@example-shop.ru,context
106558,Максим,Омск,mass,2025-04-18 06:47:02,максим.106558@example-shop.ru,context
106559,Полина,Ростов-на-Дону,standard,2026-03-16 05:36:14,полина.106559@example-shop.ru,referral
106560,Иван,Нижний Новгород,standard,2025-06-13 19:02:48,иван.106560@example-shop.ru,email
106561,Михаил,Краснодар,mass,2026-04-09 09:44:22,михаил.106561@example-shop.ru,context
106562,Екатерина,Новосибирск,standard,2025-07-16 11:22:05,екатерина.106562@example-shop.ru,email
106563,Наталья,Екатеринбург,mass,2026-02-15 03:15:22,наталья.106563@example-shop.ru,organic
106564,Алексей,Москва,mass,2025-12-31 10:17:55,алексей.106564@example-shop.ru,social
106565,Алексей,Москва,standard,2026-06-24 07:20:51,алексей.106565@example-shop.ru,context
106566,Елена,Казань,standard,2025-10-14 12:00:41,елена.106566@example-shop.ru,context
106567,Иван,Екатеринбург,standard,2025-07-12 06:32:00,иван.106567@example-shop.ru,organic
106568,Мария,Ростов-на-Дону,standard,2025-12-21 02:39:32,мария.106568@example-shop.ru,organic
106569,Анна,Екатеринбург,standard,2025-01-17 05:36:06,анна.106569@example-shop.ru,context
106570,Анна,Нижний Новгород,premium,2026-06-14 15:39:40,анна.106570@example-shop.ru,organic
106571,Андрей,Краснодар,standard,2026-01-05 13:01:42,андрей.106571@example-shop.ru,context
106572,Михаил,Тюмень,mass,2025-01-27 17:51:40,михаил.106572@example-shop.ru,context
106573,Алексей,Санкт-Петербург,standard,2025-04-05 00:30:52,алексей.106573@example-shop.ru,organic
106574,Михаил,Пермь,mass,2025-01-08 20:20:05,михаил.106574@example-shop.ru,social
106575,Иван,Уфа,standard,2025-12-30 13:57:16,иван.106575@example-shop.ru,context
106576,Сергей,Москва,mass,2025-12-29 16:48:40,сергей.106576@example-shop.ru,organic
106577,Алексей,Санкт-Петербург,mass,2025-03-30 18:49:32,алексей.106577@example-shop.ru,organic
106578,Мария,,standard,2025-10-25 16:59:57,мария.106578@example-shop.ru,social
106579,Иван,Самара,standard,2025-09-24 20:52:05,иван.106579@example-shop.ru,social
106580,Сергей,Новосибирск,mass,2025-09-21 02:21:32,сергей.106580@example-shop.ru,email
106581,Наталья,Екатеринбург,mass,2025-12-03 19:46:48,наталья.106581@example-shop.ru,organic
106582,Ольга,Уфа,standard,2026-04-11 01:31:25,ольга.106582@example-shop.ru,social
106583,Михаил,Санкт-Петербург,vip,2026-05-14 09:21:58,михаил.106583@example-shop.ru,context
106584,Роман,Казань,mass,2025-03-28 14:05:41,роман.106584@example-shop.ru,email
106585,Роман,Воронеж,mass,2026-05-30 11:39:19,роман.106585@example-shop.ru,referral
106586,Виктория,Тюмень,mass,2025-11-09 14:56:28,виктория.106586@example-shop.ru,organic
106587,Артём,Уфа,mass,2025-04-09 16:18:22,артём.106587@example-shop.ru,marketplace
106588,Наталья,Москва,mass,2026-05-23 21:36:25,наталья.106588@example-shop.ru,context
106589,Дмитрий,Москва,premium,2025-07-21 12:57:53,дмитрий.106589@example-shop.ru,marketplace
106590,Наталья,Москва,mass,2025-08-31 23:45:50,наталья.106590@example-shop.ru,context
106591,Алексей,Казань,mass,2026-06-12 02:08:34,алексей.106591@example-shop.ru,context
106592,Полина,Москва,mass,2025-11-13 01:17:50,полина.106592@example-shop.ru,social
106593,Ольга,Пермь,mass,2025-03-19 22:48:55,ольга.106593@example-shop.ru,organic
106594,Дарья,Самара,mass,2025-02-08 03:35:29,дарья.106594@example-shop.ru,referral
106595,Полина,Казань,mass,2026-03-24 03:45:37,полина.106595@example-shop.ru,organic
106596,Наталья,Санкт-Петербург,mass,2025-07-10 07:18:51,наталья.106596@example-shop.ru,organic
106597,Ксения,Казань,standard,2025-02-24 07:16:06,ксения.106597@example-shop.ru,context
106598,Наталья,Екатеринбург,mass,2025-01-23 13:29:23,наталья.106598@example-shop.ru,marketplace
106599,Иван,Ростов-на-Дону,standard,2026-05-31 06:36:01,иван.106599@example-shop.ru,marketplace
106600,Алексей,Москва,premium,2025-11-08 22:40:56,алексей.106600@example-shop.ru,social
106601,Иван,Краснодар,mass,2025-10-13 14:28:18,иван.106601@example-shop.ru,social
106602,Никита,Москва,mass,2025-11-18 19:24:06,никита.106602@example-shop.ru,organic
106603,Наталья,Санкт-Петербург,premium,2025-08-17 05:12:47,наталья.106603@example-shop.ru,context
106604,Максим,Тюмень,mass,2026-06-03 04:59:29,максим.106604@example-shop.ru,marketplace
106605,Сергей,Москва,mass,2025-11-25 03:11:33,сергей.106605@example-shop.ru,email
106606,Елена,Москва,standard,2025-12-14 22:21:02,елена.106606@example-shop.ru,referral
106607,Ксения,,standard,2026-05-02 23:22:54,ксения.106607@example-shop.ru,organic
106608,Полина,Казань,premium,2025-01-02 15:01:01,полина.106608@example-shop.ru,email
106609,Мария,Москва,mass,2025-06-23 20:49:27,мария.106609@example-shop.ru,marketplace
106610,Роман,Москва,mass,2026-03-31 02:42:21,роман.106610@example-shop.ru,marketplace
106611,Максим,Москва,mass,2025-02-22 11:02:51,максим.106611@example-shop.ru,social
106612,Алексей,Новосибирск,mass,2025-06-29 15:54:14,алексей.106612@example-shop.ru,organic
106613,Никита,Москва,mass,2025-03-31 01:57:52,никита.106613@example-shop.ru,marketplace
106614,Мария,Уфа,mass,2026-01-25 06:40:25,мария.106614@example-shop.ru,social
106615,Дмитрий,Краснодар,mass,2026-04-05 20:51:50,дмитрий.106615@example-shop.ru,organic
106616,Алексей,Москва,mass,2025-05-24 21:29:35,алексей.106616@example-shop.ru,organic
106617,Наталья,Санкт-Петербург,mass,2026-01-10 17:06:47,наталья.106617@example-shop.ru,social
106618,Виктория,Москва,mass,2026-02-19 07:44:26,виктория.106618@example-shop.ru,email
106619,Максим,Санкт-Петербург,standard,2026-05-09 12:15:10,максим.106619@example-shop.ru,marketplace
106620,Мария,Москва,mass,2026-05-21 11:34:40,мария.106620@example-shop.ru,marketplace
106621,Иван,Уфа,standard,2025-09-06 07:13:52,иван.106621@example-shop.ru,social
106622,Никита,Санкт-Петербург,mass,2025-02-13 05:29:35,никита.106622@example-shop.ru,marketplace
106623,Андрей,Екатеринбург,mass,2026-02-10 17:16:56,андрей.106623@example-shop.ru,organic
106624,Никита,Самара,premium,2025-10-24 16:15:15,никита.106624@example-shop.ru,organic
106625,Артём,Краснодар,premium,2025-09-08 07:12:27,артём.106625@example-shop.ru,organic
106626,Артём,Санкт-Петербург,mass,2025-10-22 12:27:30,артём.106626@example-shop.ru,email
106627,Дарья,Москва,mass,2025-12-17 22:28:27,дарья.106627@example-shop.ru,marketplace
106628,Михаил,Тюмень,premium,2025-06-06 02:36:19,михаил.106628@example-shop.ru,email
106629,Сергей,Санкт-Петербург,mass,2025-06-28 21:37:21,сергей.106629@example-shop.ru,marketplace
106630,Елена,Самара,mass,2025-07-06 05:06:02,елена.106630@example-shop.ru,social
106631,Наталья,,mass,2025-09-26 18:45:11,наталья.106631@example-shop.ru,email
106632,Мария,Новосибирск,mass,2026-01-04 12:10:58,мария.106632@example-shop.ru,context
106633,Анна,Москва,standard,2025-01-23 22:16:15,анна.106633@example-shop.ru,email
106634,Роман,Москва,standard,2025-06-09 11:21:10,,email
106635,Ксения,Екатеринбург,mass,2026-02-01 20:26:35,ксения.106635@example-shop.ru,context
106636,Иван,Новосибирск,mass,2025-01-17 16:36:13,иван.106636@example-shop.ru,organic
106637,Мария,Уфа,mass,2026-03-10 11:28:09,мария.106637@example-shop.ru,organic
106638,Мария,Ростов-на-Дону,standard,2026-02-24 04:57:19,мария.106638@example-shop.ru,marketplace
106639,Дарья,Пермь,premium,2025-06-23 21:29:37,дарья.106639@example-shop.ru,social
106640,Максим,Тюмень,mass,2025-12-07 17:31:23,максим.106640@example-shop.ru,context
106641,Максим,Ростов-на-Дону,standard,2025-09-25 04:03:05,максим.106641@example-shop.ru,marketplace
106642,Алексей,Москва,mass,2025-05-17 11:56:57,алексей.106642@example-shop.ru,context
106643,Полина,Казань,standard,2025-03-23 09:16:30,полина.106643@example-shop.ru,context
106644,Сергей,Нижний Новгород,mass,2026-06-09 00:57:22,сергей.106644@example-shop.ru,email
106645,Дарья,Нижний Новгород,mass,2026-04-14 09:53:06,дарья.106645@example-shop.ru,context
106646,Роман,Москва,mass,2026-05-05 15:26:19,роман.106646@example-shop.ru,context
106647,Иван,Нижний Новгород,premium,2025-03-18 17:00:41,иван.106647@example-shop.ru,referral
106648,Андрей,Санкт-Петербург,mass,2026-06-10 14:02:10,андрей.106648@example-shop.ru,context
106649,Виктория,Санкт-Петербург,mass,2025-12-08 03:41:52,виктория.106649@example-shop.ru,context
106650,Михаил,Краснодар,premium,2025-10-07 04:03:04,михаил.106650@example-shop.ru,organic
106651,Дмитрий,Казань,standard,2025-07-06 08:47:00,дмитрий.106651@example-shop.ru,email
106652,Андрей,Новосибирск,mass,2025-05-09 03:58:39,андрей.106652@example-shop.ru,social
106653,Никита,Новосибирск,mass,2025-06-27 07:17:47,никита.106653@example-shop.ru,email
106654,Сергей,Новосибирск,premium,2025-04-05 17:41:08,сергей.106654@example-shop.ru,social
106655,Мария,Москва,mass,2026-03-07 13:35:47,мария.106655@example-shop.ru,organic
106656,Андрей,Нижний Новгород,mass,2026-06-01 22:41:15,андрей.106656@example-shop.ru,context
106657,Ксения,Санкт-Петербург,mass,2026-06-12 02:07:45,ксения.106657@example-shop.ru,context
106658,Артём,Самара,mass,2026-05-01 12:02:17,артём.106658@example-shop.ru,referral
106659,Виктория,Москва,standard,2025-03-14 02:38:43,виктория.106659@example-shop.ru,social
106660,Дмитрий,Тюмень,standard,2026-02-08 19:27:41,дмитрий.106660@example-shop.ru,social
106661,Мария,Уфа,mass,2026-04-13 12:44:45,мария.106661@example-shop.ru,email
106662,Никита,Казань,vip,2025-10-06 05:32:02,никита.106662@example-shop.ru,organic
106663,Наталья,Санкт-Петербург,standard,2025-11-01 03:11:01,наталья.106663@example-shop.ru,marketplace
106664,Елена,Казань,standard,2025-07-29 12:03:02,елена.106664@example-shop.ru,context
106665,Екатерина,Ростов-на-Дону,mass,2026-03-25 05:49:56,екатерина.106665@example-shop.ru,referral
106666,Алексей,Самара,mass,2026-01-19 09:03:43,алексей.106666@example-shop.ru,organic
106667,Мария,Ростов-на-Дону,standard,2025-12-09 20:40:35,мария.106667@example-shop.ru,organic
106668,Дмитрий,Воронеж,standard,2025-01-06 04:38:17,дмитрий.106668@example-shop.ru,referral
106669,Наталья,Екатеринбург,mass,2026-06-08 11:13:11,наталья.106669@example-shop.ru,context
106670,Ольга,Самара,mass,2025-10-13 17:33:04,ольга.106670@example-shop.ru,marketplace
106671,Анна,Екатеринбург,mass,2026-06-06 00:13:24,анна.106671@example-shop.ru,referral
106672,Ольга,Нижний Новгород,mass,2026-01-05 20:52:11,ольга.106672@example-shop.ru,referral
106673,Максим,Екатеринбург,mass,2025-10-11 20:06:24,максим.106673@example-shop.ru,context
106674,Артём,Уфа,mass,2026-02-15 19:10:50,артём.106674@example-shop.ru,marketplace
106675,Виктория,Москва,mass,2025-05-15 10:03:59,виктория.106675@example-shop.ru,marketplace
106676,Ксения,Москва,premium,2025-09-03 20:08:28,ксения.106676@example-shop.ru,organic
106677,Андрей,Санкт-Петербург,standard,2025-01-14 16:45:48,андрей.106677@example-shop.ru,social
106678,Елена,Омск,mass,2026-02-11 02:25:13,ЕЛЕНА.106678@EXAMPLE-SHOP.RU,marketplace
106679,Никита,Екатеринбург,mass,2025-06-26 14:20:15,никита.106679@example-shop.ru,organic
106680,Артём,Санкт-Петербург,mass,2025-02-22 05:36:33,артём.106680@example-shop.ru,context
106681,Анна,Казань,mass,2026-03-10 23:46:14,,marketplace
106682,Максим,Екатеринбург,standard,2025-05-08 03:13:56,максим.106682@example-shop.ru,social
106683,Роман,Воронеж,mass,2025-05-02 23:19:18,роман.106683@example-shop.ru,marketplace
106684,Андрей,Омск,premium,2025-03-20 19:32:03,андрей.106684@example-shop.ru,context
106685,Ольга,Краснодар,mass,2025-11-25 21:04:26,ольга.106685@example-shop.ru,social
106686,Анна,Краснодар,vip,2025-07-05 05:04:48,анна.106686@example-shop.ru,context
106687,Анна,Москва,standard,2025-11-07 23:43:36,анна.106687@example-shop.ru,context
106688,Иван,Санкт-Петербург,standard,2025-07-07 14:02:41,иван.106688@example-shop.ru,marketplace
106689,Екатерина,Нижний Новгород,premium,2026-02-15 12:46:29,екатерина.106689@example-shop.ru,referral
106690,Артём,Самара,mass,2025-07-23 19:07:50,артём.106690@example-shop.ru,marketplace
106691,Наталья,Москва,mass,2026-03-09 01:53:01,наталья.106691@example-shop.ru,context
106692,Екатерина,Ростов-на-Дону,mass,2025-09-11 20:59:22,екатерина.106692@example-shop.ru,marketplace
106693,Андрей,Москва,standard,2025-01-09 02:48:57,андрей.106693@example-shop.ru,referral
106694,Дарья,Санкт-Петербург,premium,2025-08-26 19:14:42,дарья.106694@example-shop.ru,organic
106695,Иван,Санкт-Петербург,mass,2025-05-14 13:32:30,иван.106695@example-shop.ru,context
106696,Виктория,Краснодар,standard,2025-09-25 07:22:22,виктория.106696@example-shop.ru,organic
106697,Ксения,Ростов-на-Дону,mass,2025-03-09 23:33:04,ксения.106697@example-shop.ru,organic
106698,Дарья,Новосибирск,mass,2026-02-15 03:57:51,дарья.106698@example-shop.ru,marketplace
106699,Максим,Краснодар,standard,2025-12-07 08:37:31,максим.106699@example-shop.ru,marketplace
106700,Ольга,Краснодар,mass,2025-03-19 09:34:44,ольга.106700@example-shop.ru,organic
106701,Ксения,Казань,mass,2026-06-18 04:32:23,КСЕНИЯ.106701@EXAMPLE-SHOP.RU,organic
106702,Алексей,,standard,2025-07-11 03:14:31,алексей.106702@example-shop.ru,organic
106703,Артём,Москва,mass,2025-04-25 09:19:10,артём.106703@example-shop.ru,email
106704,Иван,Екатеринбург,mass,2025-01-01 01:45:58,иван.106704@example-shop.ru,social
106705,Ксения,Москва,mass,2025-05-15 10:42:32,ксения.106705@example-shop.ru,social
106706,Алексей,Казань,mass,2025-01-16 09:14:16,алексей.106706@example-shop.ru,social
106707,Алексей,Новосибирск,standard,2025-09-21 05:38:51,алексей.106707@example-shop.ru,marketplace
106708,Максим,Москва,premium,2025-11-27 11:59:09,максим.106708@example-shop.ru,organic
106709,Дмитрий,Екатеринбург,mass,2025-07-21 15:55:36,дмитрий.106709@example-shop.ru,organic
106710,Наталья,Самара,standard,2026-04-23 10:06:01,наталья.106710@example-shop.ru,social
106711,Елена,Нижний Новгород,standard,2026-06-11 12:04:44,елена.106711@example-shop.ru,marketplace
106712,Ольга,Москва,standard,2025-06-16 17:17:56,ольга.106712@example-shop.ru,referral
106713,Виктория,Москва,standard,2025-12-14 13:12:18,виктория.106713@example-shop.ru,marketplace
106714,Виктория,Санкт-Петербург,mass,2025-08-08 00:47:37,виктория.106714@example-shop.ru,marketplace
106715,Никита,Краснодар,standard,2025-05-30 05:00:34,никита.106715@example-shop.ru,organic
106716,Наталья,Воронеж,mass,2025-04-25 09:11:00,наталья.106716@example-shop.ru,referral
106717,Виктория,Санкт-Петербург,mass,2025-10-12 05:53:49,виктория.106717@example-shop.ru,email
106718,Екатерина,Ростов-на-Дону,mass,2025-03-19 19:49:10,екатерина.106718@example-shop.ru,organic
106719,Анна,Новосибирск,mass,2026-01-02 11:02:10,анна.106719@example-shop.ru,referral
106720,Екатерина,Тюмень,mass,2026-04-27 20:00:15,екатерина.106720@example-shop.ru,organic
106721,Ксения,Москва,premium,2025-07-20 15:20:47,ксения.106721@example-shop.ru,email
106722,Максим,Новосибирск,mass,2025-11-08 19:19:47,максим.106722@example-shop.ru,organic
106723,Анна,Нижний Новгород,mass,2026-06-16 23:08:36,анна.106723@example-shop.ru,context
106724,Максим,Санкт-Петербург,vip,2026-01-20 03:45:43,максим.106724@example-shop.ru,referral
106725,Елена,Москва,mass,2025-08-09 03:04:50,елена.106725@example-shop.ru,social
106726,Виктория,Москва,mass,2026-04-26 15:08:25,ВИКТОРИЯ.106726@EXAMPLE-SHOP.RU,organic
106727,Ксения,Екатеринбург,premium,2025-01-24 03:09:37,ксения.106727@example-shop.ru,organic
106728,Виктория,Самара,premium,2025-11-17 16:11:02,виктория.106728@example-shop.ru,marketplace
106729,Иван,Ростов-на-Дону,standard,2025-05-18 14:15:12,иван.106729@example-shop.ru,marketplace
106730,Максим,Москва,mass,2025-04-09 06:07:00,максим.106730@example-shop.ru,referral
106731,Екатерина,Краснодар,mass,2025-10-09 17:01:43,екатерина.106731@example-shop.ru,organic
106732,Максим,Казань,premium,2026-01-24 18:11:02,максим.106732@example-shop.ru,referral
106733,Виктория,Омск,premium,2026-02-07 07:19:52,виктория.106733@example-shop.ru,social
106734,Екатерина,Москва,mass,2026-02-12 13:18:11,екатерина.106734@example-shop.ru,context
106735,Максим,Краснодар,premium,2025-06-07 07:25:04,максим.106735@example-shop.ru,organic
106736,Михаил,Пермь,standard,2025-08-14 14:26:50,михаил.106736@example-shop.ru,organic
106737,Ольга,Краснодар,mass,2025-03-03 16:33:22,ольга.106737@example-shop.ru,organic
106738,Иван,Уфа,mass,2025-12-03 03:55:38,иван.106738@example-shop.ru,social
106739,Ольга,Санкт-Петербург,mass,2026-03-15 02:47:22,ольга.106739@example-shop.ru,context
106740,Сергей,Ростов-на-Дону,premium,2025-09-22 01:54:42,сергей.106740@example-shop.ru,social
106741,Алексей,Новосибирск,mass,2025-06-20 10:10:31,алексей.106741@example-shop.ru,social
106742,Ксения,Казань,standard,2025-07-01 11:37:56,ксения.106742@example-shop.ru,social
106743,Артём,Тюмень,mass,2025-12-21 07:03:23,артём.106743@example-shop.ru,social
106744,Алексей,Санкт-Петербург,standard,2026-01-02 11:12:10,алексей.106744@example-shop.ru,social
106745,Ксения,Казань,mass,2025-09-17 13:37:57,ксения.106745@example-shop.ru,organic
106746,Ксения,Пермь,premium,2025-05-15 20:40:38,ксения.106746@example-shop.ru,organic
106747,Алексей,Санкт-Петербург,mass,2025-08-12 18:13:23,алексей.106747@example-shop.ru,social
106748,Анна,Москва,standard,2025-06-28 11:19:05,анна.106748@example-shop.ru,context
106749,Ольга,Санкт-Петербург,standard,2025-02-23 09:46:41,ольга.106749@example-shop.ru,context
106750,Артём,Ростов-на-Дону,mass,2025-08-10 02:24:31,артём.106750@example-shop.ru,context
106751,Роман,Краснодар,premium,2026-04-08 16:54:18,роман.106751@example-shop.ru,organic
106752,Сергей,Москва,mass,2025-12-01 23:13:58,сергей.106752@example-shop.ru,organic
106753,Михаил,Нижний Новгород,premium,2025-03-14 18:24:00,михаил.106753@example-shop.ru,referral
106754,Алексей,Новосибирск,mass,2026-04-10 10:49:46,алексей.106754@example-shop.ru,social
106755,Екатерина,Самара,standard,2025-04-27 07:23:15,екатерина.106755@example-shop.ru,social
106756,Никита,Самара,premium,2025-12-02 03:06:34,никита.106756@example-shop.ru,organic
106757,Артём,Омск,premium,2025-11-06 09:01:11,артём.106757@example-shop.ru,email
106758,Наталья,Санкт-Петербург,mass,2026-01-31 17:08:38,наталья.106758@example-shop.ru,context
106759,Елена,Санкт-Петербург,mass,2026-02-22 14:49:03,елена.106759@example-shop.ru,social
106760,Полина,Нижний Новгород,standard,2025-06-09 11:57:26,полина.106760@example-shop.ru,context
106761,Алексей,Казань,mass,2026-02-28 20:41:13,алексей.106761@example-shop.ru,context
106762,Елена,Екатеринбург,premium,2025-11-17 03:23:20,елена.106762@example-shop.ru,email
106763,Иван,Москва,mass,2025-07-10 14:01:29,иван.106763@example-shop.ru,organic
106764,Ксения,Москва,mass,2025-02-26 14:22:52,ксения.106764@example-shop.ru,organic
106765,Наталья,Пермь,standard,2025-11-06 19:44:57,наталья.106765@example-shop.ru,organic
106766,Никита,Москва,mass,2025-09-10 11:35:51,никита.106766@example-shop.ru,marketplace
106767,Екатерина,Нижний Новгород,mass,2025-09-14 10:59:05,екатерина.106767@example-shop.ru,marketplace
106768,Виктория,Ростов-на-Дону,mass,2026-01-11 23:36:54,виктория.106768@example-shop.ru,referral
106769,Артём,Москва,vip,2026-01-22 08:01:16,артём.106769@example-shop.ru,context
106770,Дмитрий,Москва,standard,2025-04-08 22:46:14,дмитрий.106770@example-shop.ru,organic
106771,Виктория,Казань,vip,2025-06-11 12:38:48,виктория.106771@example-shop.ru,email
106772,Екатерина,Екатеринбург,mass,2026-05-07 15:25:47,екатерина.106772@example-shop.ru,organic
106773,Полина,Санкт-Петербург,mass,2025-11-20 17:39:06,полина.106773@example-shop.ru,organic
106774,Артём,Самара,mass,2025-08-16 08:52:49,артём.106774@example-shop.ru,email
106775,Никита,Москва,mass,2026-06-15 00:51:28,никита.106775@example-shop.ru,organic
106776,Никита,Москва,mass,2026-01-01 18:32:08,никита.106776@example-shop.ru,email
106777,Артём,Москва,mass,2026-04-09 00:11:39,артём.106777@example-shop.ru,email
106778,Сергей,Санкт-Петербург,mass,2025-09-14 02:13:12,сергей.106778@example-shop.ru,email
106779,Иван,Санкт-Петербург,standard,2025-03-31 01:43:05,иван.106779@example-shop.ru,referral
106780,Елена,Омск,mass,2026-02-04 01:56:12,елена.106780@example-shop.ru,context
106781,Ксения,Москва,mass,2026-03-21 23:43:41,ксения.106781@example-shop.ru,referral
106782,Иван,Новосибирск,mass,2025-11-15 10:41:11,иван.106782@example-shop.ru,email
106783,Ольга,Новосибирск,mass,2025-08-24 21:58:20,ольга.106783@example-shop.ru,referral
106784,Екатерина,Самара,standard,2025-03-08 19:14:51,екатерина.106784@example-shop.ru,email
106785,Дмитрий,Нижний Новгород,standard,2025-05-14 21:57:25,дмитрий.106785@example-shop.ru,marketplace
106786,Полина,Москва,premium,2026-05-19 23:15:55,полина.106786@example-shop.ru,referral
106787,Михаил,Нижний Новгород,mass,2025-04-02 19:03:20,михаил.106787@example-shop.ru,marketplace
106788,Алексей,Санкт-Петербург,mass,2025-12-26 17:35:35,алексей.106788@example-shop.ru,organic
106789,Дмитрий,Уфа,premium,2025-12-28 11:06:00,дмитрий.106789@example-shop.ru,marketplace
106790,Роман,Москва,premium,2025-09-15 06:42:22,,marketplace
106791,Ксения,Ростов-на-Дону,mass,2026-06-28 05:37:21,ксения.106791@example-shop.ru,organic
106792,Никита,Нижний Новгород,mass,2026-01-04 17:59:29,никита.106792@example-shop.ru,social
106793,Ксения,Самара,standard,2026-06-11 20:29:37,ксения.106793@example-shop.ru,social
106794,Мария,Москва,vip,2025-05-23 04:31:08,мария.106794@example-shop.ru,email
106795,Роман,Самара,mass,2026-02-08 16:54:42,роман.106795@example-shop.ru,organic
106796,Иван,Ростов-на-Дону,mass,2026-02-24 02:00:30,иван.106796@example-shop.ru,social
106797,Мария,Екатеринбург,premium,2026-05-16 18:16:44,мария.106797@example-shop.ru,social
106798,Екатерина,Санкт-Петербург,standard,2025-08-13 02:49:42,екатерина.106798@example-shop.ru,context
106799,Наталья,Москва,mass,2025-07-01 02:11:33,наталья.106799@example-shop.ru,marketplace
106800,Михаил,Санкт-Петербург,mass,2026-03-15 17:50:41,михаил.106800@example-shop.ru,social
106801,Ксения,Уфа,standard,2026-01-27 20:00:00,ксения.106801@example-shop.ru,context
106802,Мария,Казань,standard,2025-05-30 08:36:56,мария.106802@example-shop.ru,email
106803,Артём,Ростов-на-Дону,standard,2025-06-15 23:06:02,артём.106803@example-shop.ru,organic
106804,Андрей,Ростов-на-Дону,mass,2026-03-07 16:51:43,андрей.106804@example-shop.ru,context
106805,Сергей,Самара,mass,2025-11-07 09:33:26,сергей.106805@example-shop.ru,organic
106806,Артём,Самара,standard,2026-05-10 03:31:41,артём.106806@example-shop.ru,marketplace
106807,Наталья,Нижний Новгород,mass,2025-12-10 14:58:58,наталья.106807@example-shop.ru,marketplace
106808,Никита,Новосибирск,mass,2026-06-19 13:08:08,никита.106808@example-shop.ru,social
106809,Алексей,Москва,mass,2025-06-28 10:10:41,алексей.106809@example-shop.ru,context
106810,Ксения,Краснодар,mass,2026-02-28 07:21:59,ксения.106810@example-shop.ru,context
106811,Андрей,Омск,standard,2025-04-14 14:48:45,андрей.106811@example-shop.ru,social
106812,Андрей,Екатеринбург,mass,2026-01-19 16:29:34,андрей.106812@example-shop.ru,social
106813,Сергей,Пермь,standard,2025-08-16 13:32:16,сергей.106813@example-shop.ru,organic
106814,Артём,Тюмень,standard,2025-10-11 08:50:27,артём.106814@example-shop.ru,organic
106815,Ольга,Екатеринбург,mass,2026-03-17 04:16:46,ольга.106815@example-shop.ru,marketplace
106816,Елена,Ростов-на-Дону,premium,2025-02-27 15:00:16,елена.106816@example-shop.ru,social
106817,Ксения,Самара,mass,2025-05-02 21:14:39,ксения.106817@example-shop.ru,organic
106818,Артём,Москва,standard,2025-11-02 02:53:20,артём.106818@example-shop.ru,marketplace
106819,Роман,Москва,mass,2025-08-14 17:50:06,роман.106819@example-shop.ru,context
106820,Иван,Екатеринбург,vip,2025-11-03 23:20:58,иван.106820@example-shop.ru,referral
106821,Дарья,Уфа,mass,2025-08-23 15:52:33,дарья.106821@example-shop.ru,organic
106822,Екатерина,Санкт-Петербург,standard,2025-02-05 06:43:08,екатерина.106822@example-shop.ru,marketplace
106823,Полина,Уфа,mass,2026-05-26 09:05:58,полина.106823@example-shop.ru,organic
106824,Иван,Самара,mass,2026-01-12 09:23:27,иван.106824@example-shop.ru,marketplace
106825,Артём,Самара,mass,2025-11-29 11:16:18,артём.106825@example-shop.ru,referral
106826,Артём,Санкт-Петербург,mass,2025-03-23 04:10:01,артём.106826@example-shop.ru,organic
106827,Артём,Екатеринбург,mass,2025-04-18 15:05:11,артём.106827@example-shop.ru,organic
106828,Мария,Москва,mass,2025-11-22 03:41:02,мария.106828@example-shop.ru,email
106829,Наталья,Москва,standard,2025-01-29 17:15:57,наталья.106829@example-shop.ru,organic
106830,Елена,Москва,mass,2025-09-15 14:02:33,елена.106830@example-shop.ru,organic
106831,Михаил,Москва,mass,2026-04-30 15:25:20,михаил.106831@example-shop.ru,referral
106832,Дмитрий,Москва,premium,2026-04-22 21:42:35,дмитрий.106832@example-shop.ru,organic
106833,Сергей,Нижний Новгород,standard,2025-10-08 13:06:50,сергей.106833@example-shop.ru,social
106834,Михаил,Екатеринбург,mass,2025-05-07 13:45:26,михаил.106834@example-shop.ru,social
106835,Мария,Санкт-Петербург,mass,2025-02-10 07:35:04,мария.106835@example-shop.ru,organic
106836,Дарья,Воронеж,mass,2025-04-04 07:23:16,дарья.106836@example-shop.ru,context
106837,Роман,Новосибирск,standard,2025-06-02 22:34:29,роман.106837@example-shop.ru,organic
106838,Мария,Пермь,premium,2025-10-28 09:19:05,мария.106838@example-shop.ru,marketplace
106839,Мария,Нижний Новгород,standard,2026-01-31 10:56:14,мария.106839@example-shop.ru,organic
106840,Ксения,Москва,vip,2025-09-08 19:58:39,ксения.106840@example-shop.ru,referral
106841,Елена,Пермь,standard,2026-03-27 11:19:36,елена.106841@example-shop.ru,referral
106842,Ксения,Краснодар,vip,2025-03-29 21:46:19,,email
106843,Наталья,Нижний Новгород,standard,2025-08-19 18:51:05,наталья.106843@example-shop.ru,context
106844,Максим,Новосибирск,standard,2025-12-01 11:21:19,максим.106844@example-shop.ru,organic
106845,Елена,Екатеринбург,standard,2025-01-30 09:12:31,елена.106845@example-shop.ru,social
106846,Екатерина,Екатеринбург,standard,2026-05-09 16:05:27,екатерина.106846@example-shop.ru,referral
106847,Иван,Уфа,mass,2026-06-27 08:09:43,иван.106847@example-shop.ru,email
106848,Сергей,Новосибирск,mass,2026-02-08 10:31:12,сергей.106848@example-shop.ru,organic
106849,Максим,Москва,mass,2026-01-19 01:25:12,максим.106849@example-shop.ru,email
106850,Анна,Москва,mass,2025-04-25 05:00:21,анна.106850@example-shop.ru,organic
106851,Ольга,Москва,premium,2025-04-10 16:28:55,ольга.106851@example-shop.ru,social
106852,Артём,Санкт-Петербург,standard,2025-05-10 22:21:08,артём.106852@example-shop.ru,social
106853,Екатерина,Санкт-Петербург,mass,2025-03-15 14:35:08,екатерина.106853@example-shop.ru,organic
106854,Мария,Воронеж,mass,2025-10-31 20:54:03,мария.106854@example-shop.ru,marketplace
106855,Ксения,Москва,mass,2026-06-06 16:32:34,ксения.106855@example-shop.ru,social
106856,Ксения,Санкт-Петербург,standard,2026-01-05 05:55:27,ксения.106856@example-shop.ru,organic
106857,Екатерина,Москва,premium,2026-04-26 07:57:24,екатерина.106857@example-shop.ru,organic
106858,Никита,Новосибирск,mass,2026-06-18 13:15:36,никита.106858@example-shop.ru,email
106859,Сергей,Нижний Новгород,mass,2025-12-27 21:32:07,сергей.106859@example-shop.ru,email
106860,Андрей,Новосибирск,premium,2025-02-27 03:02:34,андрей.106860@example-shop.ru,organic
106861,Роман,Омск,standard,2026-05-23 02:08:34,роман.106861@example-shop.ru,organic
106862,Виктория,Тюмень,premium,2025-10-25 18:11:29,виктория.106862@example-shop.ru,social
106863,Анна,Краснодар,mass,2025-10-26 06:54:43,анна.106863@example-shop.ru,context
106864,Виктория,Уфа,mass,2026-06-23 02:51:23,виктория.106864@example-shop.ru,context
106865,Никита,Санкт-Петербург,standard,2026-01-08 18:08:33,никита.106865@example-shop.ru,context
106866,Полина,Новосибирск,mass,2025-03-02 10:31:47,полина.106866@example-shop.ru,social
106867,Сергей,Санкт-Петербург,premium,2026-02-21 20:50:18,сергей.106867@example-shop.ru,organic
106868,Дмитрий,Уфа,standard,2026-06-15 01:11:52,дмитрий.106868@example-shop.ru,context
106869,Роман,Москва,mass,2025-05-10 10:33:11,роман.106869@example-shop.ru,organic
106870,Мария,Москва,mass,2025-09-09 21:17:14,мария.106870@example-shop.ru,organic
106871,Анна,Москва,standard,2025-02-26 12:25:17,анна.106871@example-shop.ru,marketplace
106872,Виктория,Нижний Новгород,premium,2026-01-26 23:27:24,виктория.106872@example-shop.ru,organic
106873,Полина,Самара,mass,2025-03-19 21:22:26,полина.106873@example-shop.ru,organic
106874,Максим,Москва,standard,2025-08-20 18:33:03,максим.106874@example-shop.ru,marketplace
106875,Сергей,Новосибирск,mass,2025-12-21 15:29:10,сергей.106875@example-shop.ru,marketplace
106876,Максим,Казань,premium,2026-04-04 08:51:25,максим.106876@example-shop.ru,email
106877,Сергей,Уфа,standard,2025-06-24 03:24:56,сергей.106877@example-shop.ru,organic
106878,Алексей,Москва,mass,2026-05-11 03:24:50,алексей.106878@example-shop.ru,social
106879,Виктория,Москва,standard,2025-01-14 04:47:32,виктория.106879@example-shop.ru,referral
106880,Виктория,Нижний Новгород,standard,2025-04-01 19:58:50,виктория.106880@example-shop.ru,email
106881,Максим,Нижний Новгород,standard,2025-03-06 18:08:54,максим.106881@example-shop.ru,organic
106882,Елена,,mass,2026-02-12 05:55:48,елена.106882@example-shop.ru,context
106883,Дарья,Нижний Новгород,standard,2025-07-17 04:25:02,дарья.106883@example-shop.ru,organic
106884,Анна,Омск,standard,2025-01-12 07:16:22,анна.106884@example-shop.ru,referral
106885,Алексей,Санкт-Петербург,mass,2026-03-06 13:16:28,алексей.106885@example-shop.ru,context
106886,Алексей,Казань,mass,2025-05-31 21:19:50,алексей.106886@example-shop.ru,social
106887,Ксения,Тюмень,premium,2026-01-07 19:19:55,ксения.106887@example-shop.ru,social
106888,Ольга,Москва,standard,2025-10-29 00:38:24,ольга.106888@example-shop.ru,email
106889,Иван,Уфа,mass,2025-03-02 18:33:53,иван.106889@example-shop.ru,marketplace
106890,Ксения,Москва,premium,2025-11-25 17:55:19,ксения.106890@example-shop.ru,referral
106891,Иван,Екатеринбург,mass,2026-04-15 07:08:35,иван.106891@example-shop.ru,organic
106892,Максим,Москва,standard,2025-07-19 01:41:06,максим.106892@example-shop.ru,marketplace
106893,Алексей,Нижний Новгород,mass,2026-03-31 05:55:16,алексей.106893@example-shop.ru,organic
106894,Екатерина,Уфа,mass,2025-05-28 09:19:53,екатерина.106894@example-shop.ru,organic
106895,Екатерина,Москва,vip,2025-06-04 04:45:51,екатерина.106895@example-shop.ru,context
106896,Дарья,Москва,standard,2025-04-04 13:11:02,дарья.106896@example-shop.ru,referral
106897,Елена,Санкт-Петербург,mass,2025-04-26 08:17:28,елена.106897@example-shop.ru,organic
106898,Максим,Санкт-Петербург,premium,2025-05-11 15:26:30,максим.106898@example-shop.ru,context
106899,Никита,Казань,premium,2025-12-21 01:43:37,никита.106899@example-shop.ru,organic
106900,Андрей,Омск,standard,2025-03-12 23:22:12,андрей.106900@example-shop.ru,social
106901,Алексей,Москва,mass,2025-10-24 18:19:57,алексей.106901@example-shop.ru,referral
106902,Екатерина,Казань,mass,2025-05-23 08:03:07,екатерина.106902@example-shop.ru,social
106903,Андрей,Екатеринбург,standard,2025-03-21 23:40:58,андрей.106903@example-shop.ru,context
106904,Виктория,Санкт-Петербург,premium,2026-03-24 14:20:00,виктория.106904@example-shop.ru,email
106905,Михаил,Санкт-Петербург,mass,2025-10-22 06:46:47,михаил.106905@example-shop.ru,context
106906,Алексей,Ростов-на-Дону,mass,2025-06-06 16:47:28,алексей.106906@example-shop.ru,context
106907,Алексей,Нижний Новгород,mass,2025-12-15 00:50:24,алексей.106907@example-shop.ru,social
106908,Алексей,Краснодар,mass,2026-05-10 16:34:16,алексей.106908@example-shop.ru,referral
106909,Анна,Казань,standard,2025-06-04 02:14:30,АННА.106909@EXAMPLE-SHOP.RU,email
106910,Полина,Нижний Новгород,mass,2025-05-14 15:35:48,полина.106910@example-shop.ru,organic
106911,Михаил,Воронеж,standard,2026-01-08 01:04:44,михаил.106911@example-shop.ru,email
106912,Дарья,Краснодар,standard,2025-09-26 02:53:15,дарья.106912@example-shop.ru,context
106913,Елена,Пермь,mass,2026-01-03 03:12:53,елена.106913@example-shop.ru,marketplace
106914,Никита,Санкт-Петербург,premium,2025-04-02 07:48:51,никита.106914@example-shop.ru,social
106915,Анна,Тюмень,mass,2026-05-24 11:20:21,анна.106915@example-shop.ru,context
106916,Никита,Краснодар,mass,2025-01-10 07:35:54,никита.106916@example-shop.ru,organic
106917,Алексей,Уфа,mass,2025-05-30 04:18:35,алексей.106917@example-shop.ru,context
106918,Алексей,Самара,mass,2025-12-07 22:03:58,алексей.106918@example-shop.ru,social
106919,Мария,Тюмень,mass,2025-10-11 13:33:35,мария.106919@example-shop.ru,marketplace
106920,Дарья,Екатеринбург,vip,2025-07-04 01:58:36,дарья.106920@example-shop.ru,marketplace
106921,Елена,Ростов-на-Дону,mass,2026-06-17 08:41:10,елена.106921@example-shop.ru,social
106922,Наталья,Самара,mass,2025-07-08 01:34:55,наталья.106922@example-shop.ru,email
106923,Наталья,Ростов-на-Дону,standard,2026-01-05 17:43:37,наталья.106923@example-shop.ru,email
106924,Дарья,Ростов-на-Дону,premium,2025-08-11 05:23:52,дарья.106924@example-shop.ru,marketplace
106925,Максим,Москва,mass,2025-08-29 01:16:15,максим.106925@example-shop.ru,context
106926,Алексей,Санкт-Петербург,mass,2026-02-28 21:05:44,алексей.106926@example-shop.ru,organic
106927,Ольга,Казань,mass,2025-07-13 01:04:07,ольга.106927@example-shop.ru,marketplace
106928,Елена,Ростов-на-Дону,mass,2025-08-06 20:37:11,елена.106928@example-shop.ru,social
106929,Роман,Ростов-на-Дону,mass,2026-03-03 03:00:15,роман.106929@example-shop.ru,context
106930,Дарья,Краснодар,standard,2025-02-17 02:12:01,дарья.106930@example-shop.ru,context
106931,Мария,Уфа,mass,2025-08-24 14:24:39,мария.106931@example-shop.ru,organic
106932,Дарья,Нижний Новгород,mass,2025-06-01 22:05:49,дарья.106932@example-shop.ru,organic
106933,Мария,Москва,standard,2025-09-20 20:57:03,мария.106933@example-shop.ru,context
106934,Михаил,Нижний Новгород,mass,2025-11-10 23:46:12,михаил.106934@example-shop.ru,social
106935,Ольга,Воронеж,mass,2025-08-22 20:11:01,ольга.106935@example-shop.ru,social
106936,Максим,Самара,standard,2026-06-26 10:48:31,максим.106936@example-shop.ru,social
106937,Наталья,Воронеж,mass,2026-05-13 11:10:43,наталья.106937@example-shop.ru,organic
106938,Максим,Тюмень,mass,2025-03-20 00:21:45,максим.106938@example-shop.ru,organic
106939,Дарья,Санкт-Петербург,mass,2025-12-17 13:36:58,дарья.106939@example-shop.ru,context
106940,Полина,Ростов-на-Дону,standard,2025-06-26 06:44:48,полина.106940@example-shop.ru,organic
106941,Андрей,Новосибирск,standard,2026-01-25 16:14:04,андрей.106941@example-shop.ru,marketplace
106942,Сергей,Екатеринбург,mass,2025-09-22 15:33:36,сергей.106942@example-shop.ru,context
106943,Артём,Москва,mass,2026-06-04 16:49:22,артём.106943@example-shop.ru,context
106944,Сергей,Москва,mass,2026-05-30 19:56:19,сергей.106944@example-shop.ru,social
106945,Дарья,Москва,mass,2025-01-31 21:22:40,дарья.106945@example-shop.ru,social
106946,Виктория,Нижний Новгород,standard,2025-03-01 02:09:32,виктория.106946@example-shop.ru,organic
106947,Наталья,Москва,vip,2025-01-13 10:32:26,наталья.106947@example-shop.ru,referral
106948,Сергей,Казань,mass,2026-03-09 15:11:28,сергей.106948@example-shop.ru,organic
106949,Ольга,Новосибирск,mass,2025-05-05 14:19:21,ольга.106949@example-shop.ru,context
106950,Виктория,Казань,standard,2026-01-30 00:14:49,виктория.106950@example-shop.ru,context
106951,Екатерина,Краснодар,mass,2025-07-01 02:27:42,екатерина.106951@example-shop.ru,social
106952,Сергей,Екатеринбург,mass,2025-06-17 00:12:26,сергей.106952@example-shop.ru,referral
106953,Андрей,Москва,premium,2025-11-26 06:23:42,андрей.106953@example-shop.ru,email
106954,Андрей,Тюмень,mass,2026-02-26 16:41:52,андрей.106954@example-shop.ru,social
106955,Сергей,Краснодар,mass,2025-11-05 17:48:48,сергей.106955@example-shop.ru,organic
106956,Никита,Самара,mass,2025-11-10 07:21:00,никита.106956@example-shop.ru,referral
106957,Анна,Ростов-на-Дону,standard,2025-04-04 09:23:30,анна.106957@example-shop.ru,context
106958,Никита,Москва,standard,2025-11-19 15:44:38,никита.106958@example-shop.ru,social
106959,Елена,Уфа,mass,2025-06-05 17:28:31,елена.106959@example-shop.ru,context
106960,Виктория,Москва,standard,2025-03-26 09:49:03,виктория.106960@example-shop.ru,context
106961,Елена,Екатеринбург,mass,2025-06-28 22:41:28,елена.106961@example-shop.ru,referral
106962,Сергей,Москва,premium,2025-04-15 20:05:34,сергей.106962@example-shop.ru,social
106963,Максим,Ростов-на-Дону,mass,2025-06-26 01:13:28,максим.106963@example-shop.ru,email
106964,Роман,Москва,mass,2025-01-13 19:48:59,роман.106964@example-shop.ru,referral
106965,Мария,Санкт-Петербург,standard,2026-02-11 18:27:33,мария.106965@example-shop.ru,context
106966,Андрей,Москва,mass,2025-07-09 20:36:54,андрей.106966@example-shop.ru,organic
106967,Никита,Ростов-на-Дону,standard,2025-12-26 20:39:23,никита.106967@example-shop.ru,organic
106968,Виктория,Санкт-Петербург,mass,2026-02-13 10:15:55,виктория.106968@example-shop.ru,organic
106969,Артём,Новосибирск,mass,2026-03-23 19:42:19,артём.106969@example-shop.ru,context
106970,Екатерина,Санкт-Петербург,mass,2025-02-12 09:23:08,екатерина.106970@example-shop.ru,organic
106971,Анна,Уфа,mass,2025-10-06 09:12:34,анна.106971@example-shop.ru,referral
106972,Роман,Москва,mass,2025-08-16 03:10:38,роман.106972@example-shop.ru,context
106973,Дмитрий,Омск,mass,2025-07-11 00:57:14,дмитрий.106973@example-shop.ru,organic
106974,Екатерина,Санкт-Петербург,mass,2026-03-16 15:04:45,екатерина.106974@example-shop.ru,context
106975,Максим,Москва,standard,2025-02-06 22:11:11,максим.106975@example-shop.ru,email
106976,Роман,Москва,standard,2025-06-19 00:34:51,роман.106976@example-shop.ru,context
106977,Дарья,Москва,mass,2026-03-09 22:39:10,дарья.106977@example-shop.ru,marketplace
106978,Дмитрий,Екатеринбург,mass,2025-08-04 02:23:44,дмитрий.106978@example-shop.ru,email
106979,Михаил,Санкт-Петербург,mass,2025-02-10 17:58:42,михаил.106979@example-shop.ru,marketplace
106980,Наталья,,mass,2025-04-05 13:17:30,наталья.106980@example-shop.ru,referral
106981,Елена,Новосибирск,mass,2025-06-14 07:09:24,елена.106981@example-shop.ru,email
106982,Виктория,Москва,mass,2025-05-16 05:24:09,виктория.106982@example-shop.ru,context
106983,Полина,Екатеринбург,vip,2025-12-31 12:59:53,полина.106983@example-shop.ru,referral
106984,Алексей,Москва,standard,2025-04-04 09:53:36,алексей.106984@example-shop.ru,organic
106985,Полина,Москва,mass,2026-02-21 11:20:51,полина.106985@example-shop.ru,organic
106986,Ксения,Санкт-Петербург,mass,2025-06-19 19:28:29,ксения.106986@example-shop.ru,marketplace
106987,Артём,Москва,mass,2025-02-07 08:08:49,артём.106987@example-shop.ru,social
106988,Михаил,Москва,mass,2025-01-07 03:52:38,михаил.106988@example-shop.ru,organic
106989,Ольга,Пермь,mass,2025-11-28 03:38:21,ольга.106989@example-shop.ru,organic
106990,Иван,Самара,mass,2026-02-05 11:22:49,иван.106990@example-shop.ru,context
106991,Виктория,Пермь,mass,2025-03-16 17:46:37,виктория.106991@example-shop.ru,email
106992,Андрей,Санкт-Петербург,mass,2025-06-18 09:53:19,андрей.106992@example-shop.ru,marketplace
106993,Дмитрий,Краснодар,standard,2026-02-17 16:41:55,дмитрий.106993@example-shop.ru,organic
106994,Роман,Санкт-Петербург,mass,2026-04-18 22:56:52,роман.106994@example-shop.ru,organic
106995,Роман,Москва,vip,2026-02-02 18:28:30,роман.106995@example-shop.ru,organic
106996,Дарья,Уфа,mass,2025-12-03 15:15:35,дарья.106996@example-shop.ru,referral
106997,Максим,Москва,mass,2026-02-12 16:35:34,максим.106997@example-shop.ru,social
106998,Ольга,Казань,mass,2025-06-11 20:56:51,ольга.106998@example-shop.ru,referral
106999,Сергей,Краснодар,mass,2025-02-04 17:56:56,сергей.106999@example-shop.ru,social
107000,Ксения,Нижний Новгород,mass,2025-11-04 11:55:23,ксения.107000@example-shop.ru,organic
107001,Никита,Новосибирск,mass,2025-11-01 21:16:57,никита.107001@example-shop.ru,organic
107002,Сергей,Санкт-Петербург,mass,2026-03-14 18:29:48,сергей.107002@example-shop.ru,context
107003,Полина,Москва,mass,2025-05-12 06:18:46,полина.107003@example-shop.ru,referral
107004,Виктория,Тюмень,mass,2026-04-30 12:42:49,виктория.107004@example-shop.ru,social
107005,Ольга,Москва,standard,2025-09-28 05:10:04,ольга.107005@example-shop.ru,marketplace
107006,Алексей,Санкт-Петербург,standard,2025-08-29 23:07:13,алексей.107006@example-shop.ru,organic
107007,Михаил,Москва,standard,2026-06-24 05:30:00,михаил.107007@example-shop.ru,marketplace
107008,Михаил,Пермь,premium,2025-10-24 05:04:10,михаил.107008@example-shop.ru,organic
107009,Полина,Уфа,mass,2025-02-19 07:23:08,полина.107009@example-shop.ru,context
107010,Роман,Екатеринбург,premium,2025-05-19 06:09:35,роман.107010@example-shop.ru,organic
107011,Алексей,Омск,mass,2025-11-20 18:12:01,алексей.107011@example-shop.ru,context
107012,Виктория,Москва,mass,2025-05-06 12:12:46,виктория.107012@example-shop.ru,organic
107013,Роман,Воронеж,standard,2025-03-31 22:11:37,роман.107013@example-shop.ru,organic
107014,Наталья,Москва,mass,2025-06-11 16:46:09,наталья.107014@example-shop.ru,social
107015,Сергей,Казань,mass,2025-10-05 23:27:57,сергей.107015@example-shop.ru,email
107016,Андрей,Москва,mass,2025-02-20 13:11:36,андрей.107016@example-shop.ru,referral
107017,Михаил,Тюмень,mass,2025-10-11 21:22:26,михаил.107017@example-shop.ru,email
107018,Екатерина,Пермь,mass,2026-02-01 07:58:51,екатерина.107018@example-shop.ru,referral
107019,Наталья,Нижний Новгород,standard,2025-09-06 15:25:54,наталья.107019@example-shop.ru,marketplace
107020,Елена,Москва,mass,2026-01-14 06:22:28,елена.107020@example-shop.ru,organic
107021,Артём,Санкт-Петербург,mass,2025-12-15 14:10:15,артём.107021@example-shop.ru,marketplace
107022,Полина,Екатеринбург,mass,2025-09-28 11:13:45,полина.107022@example-shop.ru,context
107023,Михаил,Санкт-Петербург,premium,2026-06-15 22:26:37,михаил.107023@example-shop.ru,context
107024,Роман,Москва,premium,2025-11-30 08:54:44,роман.107024@example-shop.ru,social
107025,Иван,Самара,standard,2026-03-15 20:15:38,иван.107025@example-shop.ru,organic
107026,Полина,Нижний Новгород,mass,2025-12-16 06:30:04,полина.107026@example-shop.ru,organic
107027,Дмитрий,Пермь,mass,2026-06-07 09:29:21,дмитрий.107027@example-shop.ru,context
107028,Полина,Екатеринбург,mass,2025-08-23 23:43:50,полина.107028@example-shop.ru,email
107029,Сергей,Санкт-Петербург,standard,2025-04-14 06:02:41,сергей.107029@example-shop.ru,marketplace
107030,Никита,Новосибирск,mass,2025-04-09 23:12:20,никита.107030@example-shop.ru,organic
107031,Ксения,Москва,standard,2026-06-26 07:26:24,ксения.107031@example-shop.ru,organic
107032,Дарья,Нижний Новгород,mass,2026-03-12 05:09:08,дарья.107032@example-shop.ru,social
107033,Никита,Уфа,premium,2025-06-16 07:32:31,никита.107033@example-shop.ru,context
107034,Михаил,Москва,mass,2025-09-01 22:18:10,михаил.107034@example-shop.ru,context
107035,Андрей,Санкт-Петербург,mass,2025-01-19 14:53:13,андрей.107035@example-shop.ru,context
107036,Анна,Воронеж,mass,2026-06-04 09:33:37,анна.107036@example-shop.ru,referral
107037,Мария,Екатеринбург,standard,2025-08-26 17:58:05,мария.107037@example-shop.ru,organic
107038,Артём,Новосибирск,premium,2025-07-29 14:35:58,артём.107038@example-shop.ru,organic
107039,Андрей,Ростов-на-Дону,mass,2025-05-15 04:15:25,андрей.107039@example-shop.ru,organic
107040,Дарья,Новосибирск,premium,2025-02-14 20:08:04,дарья.107040@example-shop.ru,social
107041,Артём,Москва,mass,2026-02-20 08:32:12,артём.107041@example-shop.ru,organic
107042,Артём,Уфа,mass,2025-05-02 10:38:21,артём.107042@example-shop.ru,social
107043,Михаил,Пермь,mass,2025-02-17 09:11:32,михаил.107043@example-shop.ru,marketplace
107044,Ксения,Москва,mass,2026-06-18 07:08:33,ксения.107044@example-shop.ru,context
107045,Андрей,Москва,premium,2025-10-26 15:52:54,андрей.107045@example-shop.ru,organic
107046,Иван,Ростов-на-Дону,mass,2025-02-12 00:50:46,иван.107046@example-shop.ru,organic
107047,Виктория,Нижний Новгород,mass,2025-06-07 17:18:30,виктория.107047@example-shop.ru,marketplace
107048,Ольга,Казань,mass,2025-10-29 17:25:16,ольга.107048@example-shop.ru,social
107049,Дарья,Новосибирск,standard,2025-04-23 16:04:10,дарья.107049@example-shop.ru,email
107050,Артём,Ростов-на-Дону,premium,2026-06-24 13:37:12,артём.107050@example-shop.ru,email
107051,Полина,Екатеринбург,standard,2026-04-23 05:21:14,полина.107051@example-shop.ru,marketplace
107052,Сергей,Москва,mass,2026-04-28 17:04:11,сергей.107052@example-shop.ru,email
107053,Екатерина,Москва,mass,2025-10-08 22:48:30,екатерина.107053@example-shop.ru,context
107054,Иван,Казань,mass,2026-06-23 15:20:23,иван.107054@example-shop.ru,social
107055,Никита,Пермь,premium,2025-06-27 08:48:54,никита.107055@example-shop.ru,marketplace
107056,Анна,Новосибирск,mass,2025-10-30 16:17:52,анна.107056@example-shop.ru,social
107057,Ольга,Санкт-Петербург,premium,2026-02-11 15:13:19,ольга.107057@example-shop.ru,email
107058,Андрей,Пермь,standard,2025-10-03 08:35:30,андрей.107058@example-shop.ru,marketplace
107059,Полина,Казань,standard,2026-04-10 23:43:53,полина.107059@example-shop.ru,social
107060,Наталья,Екатеринбург,standard,2025-02-26 14:30:49,наталья.107060@example-shop.ru,referral
107061,Наталья,Москва,mass,2025-08-29 22:30:32,наталья.107061@example-shop.ru,social
107062,Алексей,Ростов-на-Дону,mass,2026-03-29 07:10:00,алексей.107062@example-shop.ru,context
107063,Полина,Ростов-на-Дону,mass,2025-04-10 06:10:57,полина.107063@example-shop.ru,organic
107064,Алексей,Уфа,mass,2025-07-29 20:14:40,алексей.107064@example-shop.ru,social
107065,Алексей,Санкт-Петербург,standard,2026-06-26 21:56:16,алексей.107065@example-shop.ru,marketplace
107066,Наталья,Казань,mass,2025-12-01 08:53:23,наталья.107066@example-shop.ru,marketplace
107067,Алексей,Москва,premium,2025-07-15 15:24:33,алексей.107067@example-shop.ru,organic
107068,Анна,Омск,premium,2025-07-17 21:46:02,анна.107068@example-shop.ru,email
107069,Михаил,Москва,mass,2025-04-22 23:59:49,михаил.107069@example-shop.ru,organic
107070,Роман,Самара,mass,2026-02-05 11:08:55,роман.107070@example-shop.ru,social
107071,Елена,Ростов-на-Дону,mass,2025-02-26 07:16:58,елена.107071@example-shop.ru,marketplace
107072,Дарья,Москва,mass,2025-04-24 09:37:35,дарья.107072@example-shop.ru,marketplace
107073,Михаил,Санкт-Петербург,standard,2025-03-09 12:00:34,михаил.107073@example-shop.ru,social
107074,Дмитрий,Москва,standard,2026-02-15 20:22:22,дмитрий.107074@example-shop.ru,social
107075,Роман,Новосибирск,standard,2026-05-29 22:59:54,роман.107075@example-shop.ru,context
107076,Виктория,Тюмень,mass,2025-02-17 12:20:09,виктория.107076@example-shop.ru,referral
107077,Андрей,Казань,premium,2026-05-31 22:19:05,андрей.107077@example-shop.ru,organic
107078,Анна,Тюмень,standard,2026-05-15 09:56:15,анна.107078@example-shop.ru,organic
107079,Дмитрий,Москва,vip,2025-10-04 19:45:48,дмитрий.107079@example-shop.ru,email
107080,Максим,Казань,standard,2025-01-21 04:26:41,максим.107080@example-shop.ru,organic
107081,Максим,Пермь,standard,2026-01-13 05:07:45,максим.107081@example-shop.ru,referral
107082,Ксения,Воронеж,mass,2025-10-13 22:05:54,ксения.107082@example-shop.ru,context
107083,Роман,Санкт-Петербург,premium,2026-03-30 18:57:05,роман.107083@example-shop.ru,organic
107084,Артём,Самара,mass,2025-06-10 18:02:39,артём.107084@example-shop.ru,organic
107085,Артём,Воронеж,mass,2025-10-31 19:30:21,артём.107085@example-shop.ru,organic
107086,Ксения,,mass,2026-05-02 01:24:00,ксения.107086@example-shop.ru,organic
107087,Сергей,Нижний Новгород,mass,2025-12-30 12:06:52,сергей.107087@example-shop.ru,social
107088,Дмитрий,Москва,mass,2025-12-19 05:18:47,дмитрий.107088@example-shop.ru,social
107089,Иван,Москва,mass,2026-06-12 00:01:08,иван.107089@example-shop.ru,context
107090,Максим,Нижний Новгород,standard,2025-09-24 19:38:22,максим.107090@example-shop.ru,email
107091,Екатерина,Екатеринбург,standard,2025-04-05 00:46:26,екатерина.107091@example-shop.ru,email
107092,Наталья,Москва,premium,2026-06-17 00:31:52,наталья.107092@example-shop.ru,referral
107093,Сергей,Санкт-Петербург,standard,2025-03-17 15:17:18,сергей.107093@example-shop.ru,social
107094,Наталья,Казань,mass,2025-10-28 09:02:55,наталья.107094@example-shop.ru,referral
107095,Полина,Екатеринбург,standard,2026-02-15 09:39:19,полина.107095@example-shop.ru,organic
107096,Полина,Казань,standard,2026-03-05 22:54:03,полина.107096@example-shop.ru,organic
107097,Анна,Казань,mass,2026-01-19 07:32:08,анна.107097@example-shop.ru,context
107098,Иван,Москва,vip,2025-08-20 19:52:30,иван.107098@example-shop.ru,referral
107099,Дмитрий,Воронеж,premium,2025-04-12 08:15:17,дмитрий.107099@example-shop.ru,context
107100,Ксения,Нижний Новгород,mass,2025-01-21 20:17:17,ксения.107100@example-shop.ru,marketplace
107101,Наталья,Москва,premium,2025-06-14 19:35:08,наталья.107101@example-shop.ru,organic
107102,Ксения,Казань,mass,2026-06-14 18:04:33,ксения.107102@example-shop.ru,context
107103,Михаил,Казань,premium,2026-01-09 11:08:10,михаил.107103@example-shop.ru,organic
107104,Виктория,Нижний Новгород,standard,2025-08-10 18:49:42,виктория.107104@example-shop.ru,email
107105,Елена,Нижний Новгород,mass,2025-09-27 10:17:53,елена.107105@example-shop.ru,context
107106,Максим,Самара,standard,2025-07-02 02:40:38,максим.107106@example-shop.ru,social
107107,Иван,Самара,mass,2026-05-02 22:39:17,иван.107107@example-shop.ru,social
107108,Артём,Москва,mass,2025-09-05 03:45:06,артём.107108@example-shop.ru,organic
107109,Елена,Санкт-Петербург,standard,2026-04-02 05:59:00,елена.107109@example-shop.ru,email
107110,Елена,Москва,standard,2025-01-28 19:39:32,елена.107110@example-shop.ru,email
107111,Алексей,Екатеринбург,mass,2025-09-23 11:31:35,алексей.107111@example-shop.ru,social
107112,Дарья,Казань,standard,2025-11-25 14:58:36,дарья.107112@example-shop.ru,context
107113,Никита,Ростов-на-Дону,mass,2025-12-30 10:35:13,никита.107113@example-shop.ru,referral
107114,Наталья,Москва,mass,2025-01-13 23:04:36,наталья.107114@example-shop.ru,referral
107115,Артём,Нижний Новгород,standard,2025-12-17 16:28:14,артём.107115@example-shop.ru,marketplace
107116,Никита,Санкт-Петербург,mass,2026-04-03 10:21:08,никита.107116@example-shop.ru,organic
107117,Артём,Казань,mass,2025-02-20 04:23:19,артём.107117@example-shop.ru,marketplace
107118,Михаил,Ростов-на-Дону,premium,2025-06-30 06:14:12,михаил.107118@example-shop.ru,marketplace
107119,Сергей,Москва,standard,2025-08-20 22:44:29,сергей.107119@example-shop.ru,context
107120,Артём,Санкт-Петербург,standard,2025-05-19 15:25:14,артём.107120@example-shop.ru,referral
107121,Артём,Казань,standard,2025-08-28 17:38:49,артём.107121@example-shop.ru,organic
107122,Роман,Ростов-на-Дону,premium,2026-05-02 17:39:05,роман.107122@example-shop.ru,organic
107123,Михаил,Москва,premium,2026-05-05 01:33:49,михаил.107123@example-shop.ru,social
107124,Артём,Омск,mass,2025-11-24 16:02:02,артём.107124@example-shop.ru,organic
107125,Мария,Тюмень,mass,2026-04-28 11:28:18,мария.107125@example-shop.ru,organic
107126,Никита,Краснодар,mass,2026-03-21 06:23:32,никита.107126@example-shop.ru,referral
107127,Ксения,Санкт-Петербург,mass,2025-02-01 09:52:19,ксения.107127@example-shop.ru,marketplace
107128,Анна,Самара,mass,2025-07-30 21:18:01,анна.107128@example-shop.ru,organic
107129,Елена,Москва,standard,2026-04-06 14:48:36,елена.107129@example-shop.ru,organic
107130,Полина,Воронеж,standard,2025-08-30 02:42:01,полина.107130@example-shop.ru,organic
107131,Максим,Новосибирск,premium,2025-11-30 08:48:24,максим.107131@example-shop.ru,organic
107132,Андрей,Москва,mass,2025-08-13 13:29:41,андрей.107132@example-shop.ru,marketplace
107133,Дарья,Санкт-Петербург,mass,2025-01-09 20:14:08,дарья.107133@example-shop.ru,context
107134,Ксения,Уфа,mass,2025-11-04 22:00:33,ксения.107134@example-shop.ru,referral
107135,Алексей,Воронеж,mass,2025-07-28 00:00:45,алексей.107135@example-shop.ru,context
107136,Наталья,Новосибирск,mass,2026-02-26 19:27:13,наталья.107136@example-shop.ru,marketplace
107137,Виктория,Екатеринбург,vip,2026-04-30 00:13:23,виктория.107137@example-shop.ru,context
107138,Андрей,Ростов-на-Дону,mass,2025-02-26 23:49:00,андрей.107138@example-shop.ru,marketplace
107139,Дмитрий,Краснодар,standard,2025-07-15 05:41:43,дмитрий.107139@example-shop.ru,social
107140,Максим,Уфа,mass,2025-08-03 00:24:05,максим.107140@example-shop.ru,marketplace
107141,Анна,Казань,mass,2026-01-04 15:55:14,анна.107141@example-shop.ru,social
107142,Дарья,Самара,premium,2025-08-04 22:19:13,дарья.107142@example-shop.ru,marketplace
107143,Полина,Краснодар,premium,2025-11-05 06:52:38,полина.107143@example-shop.ru,context
107144,Иван,Москва,mass,2026-05-11 00:48:15,иван.107144@example-shop.ru,referral
107145,Дмитрий,Казань,premium,2025-11-18 11:22:12,дмитрий.107145@example-shop.ru,social
107146,Максим,Москва,mass,2025-02-23 15:31:13,максим.107146@example-shop.ru,social
107147,Ксения,Казань,standard,2025-09-20 00:52:05,ксения.107147@example-shop.ru,social
107148,Сергей,Уфа,mass,2026-04-29 03:45:00,сергей.107148@example-shop.ru,organic
107149,Елена,Москва,mass,2025-09-20 21:01:53,елена.107149@example-shop.ru,marketplace
107150,Максим,Новосибирск,standard,2026-06-20 16:32:04,максим.107150@example-shop.ru,context
107151,Виктория,Москва,premium,2026-05-07 22:36:08,виктория.107151@example-shop.ru,organic
107152,Ольга,Воронеж,premium,2025-05-24 21:04:02,ольга.107152@example-shop.ru,referral
107153,Иван,Краснодар,mass,2025-08-14 12:42:56,иван.107153@example-shop.ru,referral
107154,Андрей,Новосибирск,premium,2025-04-11 21:10:53,андрей.107154@example-shop.ru,organic
107155,Сергей,Ростов-на-Дону,mass,2025-04-15 07:40:21,сергей.107155@example-shop.ru,context
107156,Елена,Москва,mass,2025-07-20 10:18:34,елена.107156@example-shop.ru,social
107157,Роман,Краснодар,mass,2025-08-17 18:04:35,роман.107157@example-shop.ru,email
107158,Роман,Ростов-на-Дону,mass,2025-07-10 23:35:47,роман.107158@example-shop.ru,context
107159,Анна,Москва,mass,2026-02-04 10:29:53,анна.107159@example-shop.ru,context
107160,Мария,Тюмень,standard,2025-03-24 19:40:03,мария.107160@example-shop.ru,referral
107161,Алексей,Москва,mass,2025-09-17 00:10:02,алексей.107161@example-shop.ru,organic
107162,Дарья,Нижний Новгород,standard,2026-04-30 08:01:40,дарья.107162@example-shop.ru,marketplace
107163,Михаил,Москва,mass,2026-02-03 23:49:28,михаил.107163@example-shop.ru,email
107164,Дарья,Ростов-на-Дону,standard,2025-04-22 09:59:23,дарья.107164@example-shop.ru,marketplace
107165,Михаил,Москва,mass,2025-05-11 16:22:21,михаил.107165@example-shop.ru,context
107166,Сергей,Москва,mass,2026-05-20 16:42:14,сергей.107166@example-shop.ru,organic
107167,Виктория,Екатеринбург,standard,2025-11-14 14:30:58,виктория.107167@example-shop.ru,social
107168,Роман,Тюмень,premium,2026-04-25 11:17:53,роман.107168@example-shop.ru,organic
107169,Ольга,Санкт-Петербург,vip,2026-04-17 01:22:43,ольга.107169@example-shop.ru,organic
107170,Никита,Нижний Новгород,mass,2025-08-29 14:38:17,никита.107170@example-shop.ru,context
107171,Ксения,Новосибирск,premium,2025-10-16 11:14:16,ксения.107171@example-shop.ru,context
107172,Андрей,Краснодар,standard,2025-07-20 17:44:55,андрей.107172@example-shop.ru,context
107173,Полина,Санкт-Петербург,premium,2025-12-14 01:35:44,полина.107173@example-shop.ru,context
107174,Ольга,Новосибирск,mass,2025-12-21 02:21:46,ольга.107174@example-shop.ru,organic
107175,Иван,Омск,mass,2026-01-05 22:47:39,иван.107175@example-shop.ru,referral
107176,Наталья,Санкт-Петербург,mass,2026-04-15 04:57:36,наталья.107176@example-shop.ru,context
107177,Роман,Казань,standard,2026-02-08 03:00:31,роман.107177@example-shop.ru,referral
107178,Дарья,Воронеж,mass,2025-02-25 11:02:43,дарья.107178@example-shop.ru,referral
107179,Ольга,Санкт-Петербург,mass,2025-07-10 21:47:17,ольга.107179@example-shop.ru,referral
107180,Елена,Казань,standard,2025-11-07 15:14:03,елена.107180@example-shop.ru,marketplace
107181,Сергей,Санкт-Петербург,premium,2025-12-08 15:09:17,сергей.107181@example-shop.ru,marketplace
107182,Андрей,Уфа,standard,2026-04-17 01:32:23,андрей.107182@example-shop.ru,organic
107183,Мария,Пермь,standard,2025-08-15 19:29:01,мария.107183@example-shop.ru,context
107184,Максим,Нижний Новгород,mass,2026-03-24 20:08:08,максим.107184@example-shop.ru,email
107185,Дмитрий,Нижний Новгород,premium,2025-08-02 01:44:27,дмитрий.107185@example-shop.ru,email
107186,Андрей,Казань,mass,2025-03-21 14:57:28,андрей.107186@example-shop.ru,organic
107187,Наталья,Москва,mass,2025-09-16 23:38:11,наталья.107187@example-shop.ru,marketplace
107188,Мария,Москва,mass,2025-03-23 07:26:14,мария.107188@example-shop.ru,email
107189,Елена,Москва,mass,2025-08-11 06:12:47,елена.107189@example-shop.ru,marketplace
107190,Алексей,Москва,standard,2025-05-13 02:28:19,алексей.107190@example-shop.ru,organic
107191,Наталья,Самара,standard,2025-01-15 02:21:41,наталья.107191@example-shop.ru,social
107192,Полина,Москва,mass,2025-12-28 15:01:57,полина.107192@example-shop.ru,context
107193,Виктория,Москва,mass,2026-02-09 09:17:44,виктория.107193@example-shop.ru,context
107194,Ксения,Казань,mass,2025-03-13 20:48:21,ксения.107194@example-shop.ru,organic
107195,Роман,Москва,mass,2025-11-15 11:08:57,роман.107195@example-shop.ru,organic
107196,Ксения,Москва,premium,2025-10-01 15:39:44,ксения.107196@example-shop.ru,marketplace
107197,Максим,Москва,standard,2025-03-16 23:32:35,максим.107197@example-shop.ru,social
107198,Полина,Санкт-Петербург,mass,2025-11-28 13:18:53,полина.107198@example-shop.ru,social
107199,Дмитрий,Новосибирск,mass,2025-05-23 09:54:30,дмитрий.107199@example-shop.ru,organic
107200,Сергей,Ростов-на-Дону,standard,2026-03-24 23:48:02,сергей.107200@example-shop.ru,marketplace
107201,Екатерина,Краснодар,standard,2025-11-30 00:19:59,екатерина.107201@example-shop.ru,marketplace
107202,Елена,Ростов-на-Дону,premium,2025-03-02 19:26:05,елена.107202@example-shop.ru,referral
107203,Елена,Нижний Новгород,mass,2025-10-10 07:39:37,елена.107203@example-shop.ru,context
107204,Иван,Пермь,mass,2025-03-05 15:13:35,иван.107204@example-shop.ru,organic
107205,Алексей,Новосибирск,mass,2026-01-30 06:21:03,алексей.107205@example-shop.ru,social
107206,Артём,Нижний Новгород,standard,2025-06-12 02:22:20,артём.107206@example-shop.ru,email
107207,Полина,,mass,2025-09-24 15:09:13,полина.107207@example-shop.ru,marketplace
107208,Дмитрий,Санкт-Петербург,standard,2026-01-15 08:14:17,дмитрий.107208@example-shop.ru,organic
107209,Сергей,Санкт-Петербург,mass,2026-04-06 07:50:18,сергей.107209@example-shop.ru,context
107210,Никита,Москва,standard,2025-10-07 04:36:27,никита.107210@example-shop.ru,context
107211,Дарья,Уфа,mass,2025-02-12 05:06:42,дарья.107211@example-shop.ru,context
107212,Алексей,Москва,premium,2025-05-22 00:33:38,алексей.107212@example-shop.ru,referral
107213,Артём,Самара,mass,2025-12-01 04:30:11,артём.107213@example-shop.ru,social
107214,Иван,Воронеж,standard,2025-01-23 20:07:56,иван.107214@example-shop.ru,marketplace
107215,Дмитрий,Екатеринбург,mass,2025-07-22 11:52:50,дмитрий.107215@example-shop.ru,organic
107216,Дмитрий,Москва,standard,2025-06-26 06:16:34,дмитрий.107216@example-shop.ru,context
107217,Михаил,Казань,standard,2025-06-17 05:30:14,михаил.107217@example-shop.ru,social
107218,Анна,Санкт-Петербург,mass,2026-06-04 19:19:31,анна.107218@example-shop.ru,email
107219,Елена,Тюмень,mass,2026-05-30 06:50:08,елена.107219@example-shop.ru,email
107220,Дмитрий,Самара,mass,2026-05-05 00:04:52,дмитрий.107220@example-shop.ru,email
107221,Ольга,Ростов-на-Дону,mass,2026-04-16 18:36:07,ольга.107221@example-shop.ru,social
107222,Екатерина,Новосибирск,standard,2026-05-02 23:11:11,екатерина.107222@example-shop.ru,organic
107223,Ольга,Ростов-на-Дону,mass,2025-04-11 03:00:20,ольга.107223@example-shop.ru,referral
107224,Максим,Ростов-на-Дону,mass,2025-08-03 10:04:36,максим.107224@example-shop.ru,marketplace
107225,Артём,Москва,mass,2025-02-01 07:16:34,артём.107225@example-shop.ru,context
107226,Михаил,Москва,mass,2026-03-11 11:18:18,михаил.107226@example-shop.ru,organic
107227,Алексей,Москва,mass,2026-04-18 15:41:38,алексей.107227@example-shop.ru,organic
107228,Ксения,Екатеринбург,standard,2025-01-16 18:49:40,ксения.107228@example-shop.ru,referral
107229,Никита,Воронеж,mass,2025-04-03 06:24:16,никита.107229@example-shop.ru,social
107230,Михаил,Нижний Новгород,premium,2025-04-03 00:38:40,михаил.107230@example-shop.ru,organic
107231,Виктория,Екатеринбург,standard,2026-05-21 21:30:37,виктория.107231@example-shop.ru,organic
107232,Екатерина,Пермь,mass,2026-03-07 17:56:07,екатерина.107232@example-shop.ru,referral
107233,Сергей,Москва,premium,2025-06-01 03:20:37,сергей.107233@example-shop.ru,context
107234,Ольга,Москва,standard,2025-01-25 21:22:23,ольга.107234@example-shop.ru,organic
107235,Ольга,Пермь,standard,2025-08-13 08:25:57,ольга.107235@example-shop.ru,social
107236,Анна,Пермь,mass,2025-11-15 12:23:43,анна.107236@example-shop.ru,organic
107237,Андрей,Самара,standard,2025-01-25 12:23:22,андрей.107237@example-shop.ru,organic
107238,Максим,Москва,mass,2025-09-13 12:57:53,максим.107238@example-shop.ru,organic
107239,Елена,Омск,mass,2025-10-20 22:54:37,елена.107239@example-shop.ru,context
107240,Полина,Уфа,mass,2026-06-19 17:42:09,полина.107240@example-shop.ru,organic
107241,Артём,Самара,mass,2025-04-13 20:39:59,артём.107241@example-shop.ru,organic
107242,Михаил,Москва,standard,2025-04-10 23:16:55,михаил.107242@example-shop.ru,organic
107243,Дмитрий,Новосибирск,mass,2025-08-23 22:28:26,дмитрий.107243@example-shop.ru,referral
107244,Елена,Краснодар,mass,2025-06-24 03:36:12,елена.107244@example-shop.ru,email
107245,Роман,Воронеж,standard,2026-05-17 01:49:36,роман.107245@example-shop.ru,organic
107246,Наталья,Новосибирск,mass,2026-03-05 22:43:15,наталья.107246@example-shop.ru,referral
107247,Иван,Новосибирск,mass,2025-05-18 15:39:05,иван.107247@example-shop.ru,organic
107248,Андрей,Самара,mass,2025-07-02 12:19:32,андрей.107248@example-shop.ru,marketplace
107249,Сергей,Новосибирск,premium,2025-12-13 00:44:20,сергей.107249@example-shop.ru,organic
107250,Екатерина,Казань,standard,2026-04-20 23:51:49,екатерина.107250@example-shop.ru,organic
107251,Максим,Москва,standard,2025-04-21 02:01:28,максим.107251@example-shop.ru,context
107252,Виктория,Москва,premium,2025-06-11 08:54:26,виктория.107252@example-shop.ru,organic
107253,Дарья,Уфа,standard,2025-11-29 08:47:43,дарья.107253@example-shop.ru,organic
107254,Ксения,Москва,standard,2026-04-14 14:41:11,ксения.107254@example-shop.ru,context
107255,Дмитрий,Москва,standard,2025-06-07 14:08:14,дмитрий.107255@example-shop.ru,referral
107256,Екатерина,Пермь,premium,2025-09-12 18:51:57,екатерина.107256@example-shop.ru,organic
107257,Никита,Ростов-на-Дону,standard,2026-01-07 10:51:05,никита.107257@example-shop.ru,context
107258,Михаил,Москва,mass,2025-08-20 18:46:56,михаил.107258@example-shop.ru,email
107259,Иван,Санкт-Петербург,mass,2026-02-24 23:44:34,иван.107259@example-shop.ru,organic
107260,Анна,Уфа,mass,2025-10-08 16:48:18,анна.107260@example-shop.ru,organic
107261,Дмитрий,Казань,mass,2026-04-25 23:14:39,дмитрий.107261@example-shop.ru,social
107262,Иван,Екатеринбург,vip,2025-11-28 00:42:34,иван.107262@example-shop.ru,organic
107263,Дарья,Екатеринбург,standard,2026-05-16 15:13:26,дарья.107263@example-shop.ru,email
107264,Полина,Москва,standard,2026-04-14 12:24:56,полина.107264@example-shop.ru,organic
107265,Артём,Ростов-на-Дону,standard,2025-05-12 12:13:44,артём.107265@example-shop.ru,organic
107266,Виктория,Москва,premium,2026-05-05 00:52:39,ВИКТОРИЯ.107266@EXAMPLE-SHOP.RU,email
107267,Дарья,Екатеринбург,standard,2025-03-12 07:14:18,дарья.107267@example-shop.ru,email
107268,Сергей,Москва,mass,2025-06-04 02:24:01,сергей.107268@example-shop.ru,referral
107269,Наталья,Москва,mass,2025-01-27 10:36:17,наталья.107269@example-shop.ru,organic
107270,Виктория,Москва,mass,2025-02-26 19:17:09,виктория.107270@example-shop.ru,social
107271,Максим,Воронеж,mass,2026-01-28 14:16:51,максим.107271@example-shop.ru,marketplace
107272,Мария,Москва,mass,2025-03-02 13:16:50,мария.107272@example-shop.ru,context
107273,Виктория,Санкт-Петербург,mass,2025-04-12 20:33:06,виктория.107273@example-shop.ru,marketplace
107274,Андрей,Москва,mass,2025-08-11 12:38:34,андрей.107274@example-shop.ru,referral
107275,Мария,,mass,2026-03-13 02:10:41,мария.107275@example-shop.ru,email
107276,Дмитрий,Екатеринбург,premium,2026-03-18 22:17:55,дмитрий.107276@example-shop.ru,organic
107277,Елена,Омск,mass,2026-06-10 19:49:17,елена.107277@example-shop.ru,marketplace
107278,Андрей,Самара,standard,2025-01-31 01:12:25,андрей.107278@example-shop.ru,email
107279,Артём,Новосибирск,mass,2025-03-22 15:22:34,артём.107279@example-shop.ru,email
107280,Артём,Самара,vip,2025-08-06 08:58:50,артём.107280@example-shop.ru,marketplace
107281,Михаил,Москва,standard,2025-06-04 09:58:00,михаил.107281@example-shop.ru,email
107282,Елена,Омск,premium,2025-02-22 23:08:10,елена.107282@example-shop.ru,social
107283,Роман,Омск,mass,2025-10-13 14:45:58,роман.107283@example-shop.ru,social
107284,Алексей,Санкт-Петербург,standard,2025-09-13 11:47:37,алексей.107284@example-shop.ru,email
107285,Иван,Нижний Новгород,mass,2025-08-23 15:35:01,иван.107285@example-shop.ru,referral
107286,Андрей,Москва,mass,2025-01-13 07:02:43,андрей.107286@example-shop.ru,social
107287,Екатерина,Новосибирск,standard,2025-08-21 03:18:59,екатерина.107287@example-shop.ru,social
107288,Анна,Уфа,mass,2025-09-07 16:59:35,анна.107288@example-shop.ru,marketplace
107289,Сергей,Пермь,mass,2025-04-29 07:44:28,сергей.107289@example-shop.ru,organic
107290,Мария,Санкт-Петербург,premium,2026-03-10 05:15:56,мария.107290@example-shop.ru,referral
107291,Екатерина,Самара,mass,2026-04-30 14:55:57,екатерина.107291@example-shop.ru,social
107292,Дарья,Ростов-на-Дону,standard,2026-05-22 06:08:50,дарья.107292@example-shop.ru,email
107293,Елена,Москва,mass,2026-01-07 11:11:17,елена.107293@example-shop.ru,organic
107294,Ольга,Нижний Новгород,mass,2026-01-04 10:11:00,ольга.107294@example-shop.ru,social
107295,Дмитрий,Самара,mass,2025-08-03 19:00:14,дмитрий.107295@example-shop.ru,organic
107296,Ольга,Уфа,mass,2025-01-03 10:03:45,ольга.107296@example-shop.ru,referral
107297,Елена,Тюмень,standard,2025-11-01 20:26:42,елена.107297@example-shop.ru,email
107298,Дмитрий,Москва,premium,2026-02-20 15:53:34,дмитрий.107298@example-shop.ru,social
107299,Сергей,Москва,mass,2025-12-31 14:54:53,сергей.107299@example-shop.ru,social
107300,Ксения,Москва,mass,2025-01-09 15:25:03,ксения.107300@example-shop.ru,context
107301,Дарья,Москва,premium,2025-10-31 05:31:28,дарья.107301@example-shop.ru,social
107302,Елена,Екатеринбург,mass,2026-04-25 19:50:56,елена.107302@example-shop.ru,marketplace
107303,Никита,Воронеж,mass,2025-02-25 14:42:40,никита.107303@example-shop.ru,referral
107304,Дмитрий,Екатеринбург,mass,2025-10-16 12:53:53,дмитрий.107304@example-shop.ru,organic
107305,Никита,Самара,standard,2025-05-17 09:32:35,никита.107305@example-shop.ru,social
107306,Максим,Казань,mass,2026-05-22 21:31:15,максим.107306@example-shop.ru,referral
107307,Артём,Санкт-Петербург,mass,2025-10-28 02:47:14,артём.107307@example-shop.ru,social
107308,Дмитрий,Краснодар,vip,2026-02-25 15:53:00,дмитрий.107308@example-shop.ru,social
107309,Дарья,Самара,premium,2025-10-13 20:28:52,дарья.107309@example-shop.ru,marketplace
107310,Максим,Санкт-Петербург,standard,2026-05-03 10:00:51,максим.107310@example-shop.ru,marketplace
107311,Ксения,Пермь,standard,2025-06-06 15:33:12,ксения.107311@example-shop.ru,organic
107312,Мария,Екатеринбург,premium,2026-02-10 09:08:08,мария.107312@example-shop.ru,social
107313,Артём,Москва,standard,2025-08-22 23:37:43,артём.107313@example-shop.ru,social
107314,Анна,Екатеринбург,standard,2025-11-11 06:08:59,анна.107314@example-shop.ru,email
107315,Ксения,Самара,mass,2026-01-09 20:07:01,ксения.107315@example-shop.ru,organic
107316,Сергей,Санкт-Петербург,mass,2025-04-05 07:37:42,сергей.107316@example-shop.ru,organic
107317,Екатерина,Краснодар,premium,2026-04-19 00:44:28,екатерина.107317@example-shop.ru,social
107318,Ксения,Новосибирск,standard,2026-02-01 13:36:59,ксения.107318@example-shop.ru,context
107319,Артём,Екатеринбург,mass,2025-08-12 01:16:47,артём.107319@example-shop.ru,organic
107320,Мария,Краснодар,standard,2025-11-19 19:22:54,мария.107320@example-shop.ru,marketplace
107321,Дмитрий,Екатеринбург,standard,2025-12-28 15:05:31,дмитрий.107321@example-shop.ru,context
107322,Дмитрий,Казань,mass,2025-09-05 18:55:51,дмитрий.107322@example-shop.ru,organic
107323,Никита,Москва,standard,2025-12-13 02:08:21,никита.107323@example-shop.ru,organic
107324,Никита,Санкт-Петербург,mass,2025-11-01 10:22:26,никита.107324@example-shop.ru,organic
107325,Наталья,Казань,standard,2026-03-01 18:46:42,наталья.107325@example-shop.ru,organic
107326,Ксения,Москва,vip,2025-05-07 13:54:48,ксения.107326@example-shop.ru,context
107327,Дмитрий,Нижний Новгород,premium,2025-01-03 06:20:07,дмитрий.107327@example-shop.ru,organic
107328,Екатерина,Москва,premium,2025-08-09 09:54:29,екатерина.107328@example-shop.ru,social
107329,Ольга,Москва,standard,2026-03-26 09:22:12,ольга.107329@example-shop.ru,context
107330,Дмитрий,Новосибирск,mass,2025-03-09 16:30:18,дмитрий.107330@example-shop.ru,social
107331,Елена,Санкт-Петербург,standard,2026-04-15 08:09:32,елена.107331@example-shop.ru,marketplace
107332,Сергей,,mass,2025-08-12 07:47:12,сергей.107332@example-shop.ru,marketplace
107333,Максим,Самара,standard,2025-04-24 16:44:43,максим.107333@example-shop.ru,context
107334,Дмитрий,Санкт-Петербург,mass,2025-09-12 11:28:35,дмитрий.107334@example-shop.ru,context
107335,Максим,Москва,mass,2026-03-19 08:14:37,максим.107335@example-shop.ru,referral
107336,Иван,Екатеринбург,mass,2026-04-13 11:39:32,ИВАН.107336@EXAMPLE-SHOP.RU,context
107337,Полина,Москва,mass,2025-12-01 02:51:03,полина.107337@example-shop.ru,email
107338,Ольга,Новосибирск,mass,2025-10-15 07:30:43,ольга.107338@example-shop.ru,social
107339,Иван,Ростов-на-Дону,mass,2026-03-16 14:00:43,иван.107339@example-shop.ru,organic
107340,Виктория,Нижний Новгород,mass,2026-05-11 08:00:02,виктория.107340@example-shop.ru,context
107341,Ксения,Екатеринбург,mass,2026-03-10 12:12:13,ксения.107341@example-shop.ru,email
107342,Ольга,Омск,premium,2026-06-12 12:21:55,ольга.107342@example-shop.ru,social
107343,Андрей,Москва,mass,2026-03-29 23:50:54,андрей.107343@example-shop.ru,referral
107344,Михаил,Воронеж,premium,2025-01-27 16:45:29,михаил.107344@example-shop.ru,referral
107345,Роман,Уфа,mass,2025-01-11 17:19:54,роман.107345@example-shop.ru,social
107346,Елена,Казань,premium,2025-11-22 10:38:10,елена.107346@example-shop.ru,context
107347,Алексей,Москва,standard,2026-06-06 15:15:40,алексей.107347@example-shop.ru,social
107348,Максим,Москва,premium,2025-06-13 01:58:35,максим.107348@example-shop.ru,organic
107349,Никита,Пермь,premium,2026-06-11 14:15:38,никита.107349@example-shop.ru,social
107350,Дарья,Москва,standard,2026-04-09 23:20:20,дарья.107350@example-shop.ru,organic
107351,Дарья,Воронеж,mass,2025-03-18 17:32:18,дарья.107351@example-shop.ru,marketplace
107352,Ксения,Екатеринбург,mass,2025-09-27 06:32:23,ксения.107352@example-shop.ru,referral
107353,Ольга,Екатеринбург,mass,2025-05-01 12:52:05,ольга.107353@example-shop.ru,organic
107354,Максим,Нижний Новгород,premium,2025-02-12 13:21:15,максим.107354@example-shop.ru,email
107355,Никита,Москва,premium,2026-01-12 12:28:22,никита.107355@example-shop.ru,referral
107356,Виктория,Казань,mass,2025-04-28 04:17:12,виктория.107356@example-shop.ru,referral
107357,Елена,Пермь,standard,2025-11-02 01:09:39,елена.107357@example-shop.ru,context
107358,Елена,Москва,mass,2026-01-03 06:27:26,елена.107358@example-shop.ru,social
107359,Ксения,Пермь,standard,2025-08-24 11:06:32,ксения.107359@example-shop.ru,social
107360,Мария,Тюмень,standard,2025-02-13 09:21:55,мария.107360@example-shop.ru,context
107361,Мария,Москва,mass,2025-02-07 16:08:41,мария.107361@example-shop.ru,social
107362,Роман,Новосибирск,premium,2025-07-26 14:20:43,роман.107362@example-shop.ru,organic
107363,Алексей,Москва,mass,2025-01-24 05:52:41,алексей.107363@example-shop.ru,marketplace
107364,Анна,Нижний Новгород,standard,2026-04-21 00:48:50,анна.107364@example-shop.ru,marketplace
107365,Полина,Тюмень,standard,2025-04-01 14:35:44,полина.107365@example-shop.ru,context
107366,Сергей,Воронеж,mass,2025-01-16 21:57:16,сергей.107366@example-shop.ru,context
107367,Роман,Пермь,mass,2025-03-18 07:26:53,роман.107367@example-shop.ru,organic
107368,Наталья,Москва,mass,2026-01-15 10:18:03,наталья.107368@example-shop.ru,email
107369,Мария,Новосибирск,standard,2025-11-17 20:12:01,мария.107369@example-shop.ru,organic
107370,Анна,Москва,premium,2026-01-04 03:19:58,,email
107371,Дарья,Воронеж,mass,2025-07-09 01:38:40,ДАРЬЯ.107371@EXAMPLE-SHOP.RU,email
107372,Мария,Москва,mass,2025-06-24 19:14:21,мария.107372@example-shop.ru,context
107373,Виктория,Москва,mass,2026-01-02 01:14:57,виктория.107373@example-shop.ru,email
107374,Максим,Москва,mass,2025-03-03 10:20:02,максим.107374@example-shop.ru,context
107375,Ольга,Москва,mass,2025-08-03 21:12:17,ольга.107375@example-shop.ru,context
107376,Полина,Москва,standard,2025-02-25 19:29:13,полина.107376@example-shop.ru,marketplace
107377,Михаил,Москва,mass,2025-08-20 01:58:52,михаил.107377@example-shop.ru,context
107378,Михаил,Воронеж,premium,2026-06-13 05:30:10,михаил.107378@example-shop.ru,organic
107379,Ольга,Уфа,mass,2026-04-09 08:09:04,ольга.107379@example-shop.ru,social
107380,Ольга,Санкт-Петербург,standard,2026-01-04 22:03:54,ольга.107380@example-shop.ru,referral
107381,Екатерина,Уфа,mass,2025-12-25 05:58:34,екатерина.107381@example-shop.ru,social
107382,Алексей,Казань,mass,2025-07-24 21:57:54,алексей.107382@example-shop.ru,context
107383,Дмитрий,Уфа,mass,2026-01-20 09:30:03,дмитрий.107383@example-shop.ru,referral
107384,Михаил,Санкт-Петербург,standard,2026-03-31 06:46:27,михаил.107384@example-shop.ru,context
107385,Михаил,Новосибирск,premium,2025-11-01 18:36:44,михаил.107385@example-shop.ru,context
107386,Мария,Казань,mass,2025-02-26 07:38:15,мария.107386@example-shop.ru,organic
107387,Дарья,Москва,mass,2026-01-14 08:22:50,дарья.107387@example-shop.ru,social
107388,Артём,Нижний Новгород,standard,2025-03-11 04:13:00,артём.107388@example-shop.ru,email
107389,Дмитрий,Ростов-на-Дону,mass,2025-06-26 11:43:54,дмитрий.107389@example-shop.ru,organic
107390,Дарья,Ростов-на-Дону,standard,2025-04-18 16:07:25,дарья.107390@example-shop.ru,organic
107391,Полина,Санкт-Петербург,mass,2025-01-28 08:34:52,полина.107391@example-shop.ru,email
107392,Сергей,Новосибирск,premium,2026-02-21 03:23:46,сергей.107392@example-shop.ru,context
107393,Елена,Уфа,standard,2025-12-18 14:42:04,ЕЛЕНА.107393@EXAMPLE-SHOP.RU,context
107394,Елена,Москва,mass,2025-08-11 20:21:21,елена.107394@example-shop.ru,social
107395,Виктория,Москва,standard,2025-07-27 21:54:13,виктория.107395@example-shop.ru,social
107396,Алексей,Казань,mass,2025-12-17 04:53:52,алексей.107396@example-shop.ru,organic
107397,Наталья,Москва,standard,2025-10-17 15:34:31,наталья.107397@example-shop.ru,email
107398,Алексей,Казань,standard,2025-05-07 16:27:38,алексей.107398@example-shop.ru,organic
107399,Алексей,Москва,standard,2025-09-19 20:28:56,алексей.107399@example-shop.ru,email
107400,Сергей,Нижний Новгород,mass,2026-02-28 15:03:41,сергей.107400@example-shop.ru,email
107401,Роман,Самара,mass,2025-10-28 23:27:39,роман.107401@example-shop.ru,organic
107402,Ксения,Уфа,mass,2026-03-13 21:46:52,ксения.107402@example-shop.ru,email
107403,Мария,Самара,standard,2025-10-04 23:00:07,мария.107403@example-shop.ru,referral
107404,Дмитрий,Казань,standard,2025-08-14 05:24:47,дмитрий.107404@example-shop.ru,marketplace
107405,Сергей,Пермь,mass,2026-02-09 13:04:31,сергей.107405@example-shop.ru,referral
107406,Виктория,Ростов-на-Дону,standard,2025-04-25 01:24:38,виктория.107406@example-shop.ru,context
107407,Полина,Новосибирск,standard,2025-12-08 14:20:40,,social
107408,Екатерина,Москва,standard,2025-12-10 09:03:27,екатерина.107408@example-shop.ru,referral
107409,Артём,Самара,mass,2025-05-31 22:58:10,артём.107409@example-shop.ru,referral
107410,Мария,Нижний Новгород,mass,2025-05-20 14:15:02,мария.107410@example-shop.ru,context
107411,Мария,Самара,mass,2025-02-15 14:25:35,мария.107411@example-shop.ru,email
107412,Анна,Уфа,standard,2025-03-22 19:40:29,анна.107412@example-shop.ru,context
107413,Екатерина,Пермь,standard,2025-02-22 00:51:46,екатерина.107413@example-shop.ru,marketplace
107414,Максим,Омск,premium,2025-12-02 14:37:55,максим.107414@example-shop.ru,context
107415,Дмитрий,Нижний Новгород,mass,2025-03-08 07:05:13,дмитрий.107415@example-shop.ru,organic
107416,Екатерина,Омск,standard,2025-10-07 12:50:49,екатерина.107416@example-shop.ru,organic
107417,Андрей,Пермь,premium,2025-03-02 17:29:24,андрей.107417@example-shop.ru,marketplace
107418,Сергей,Москва,mass,2026-03-03 23:37:12,сергей.107418@example-shop.ru,email
107419,Ксения,Нижний Новгород,mass,2026-01-05 07:00:31,ксения.107419@example-shop.ru,context
107420,Роман,Москва,mass,2025-06-09 07:24:29,роман.107420@example-shop.ru,marketplace
107421,Роман,Санкт-Петербург,standard,2026-02-05 17:54:23,роман.107421@example-shop.ru,organic
107422,Ксения,Санкт-Петербург,mass,2025-05-03 18:57:20,ксения.107422@example-shop.ru,organic
107423,Анна,Екатеринбург,mass,2025-12-13 05:24:42,АННА.107423@EXAMPLE-SHOP.RU,organic
107424,Дарья,Москва,mass,2025-12-16 02:02:21,дарья.107424@example-shop.ru,context
107425,Полина,Москва,standard,2025-08-26 19:38:41,полина.107425@example-shop.ru,social
107426,Полина,Москва,premium,2026-01-18 01:52:00,полина.107426@example-shop.ru,organic
107427,Виктория,Самара,standard,2026-06-01 14:22:37,виктория.107427@example-shop.ru,organic
107428,Дарья,Воронеж,premium,2025-08-14 06:47:41,дарья.107428@example-shop.ru,context
107429,Ксения,Тюмень,standard,2025-06-04 10:56:33,ксения.107429@example-shop.ru,organic
107430,Ксения,Екатеринбург,premium,2025-08-30 02:03:56,ксения.107430@example-shop.ru,social
107431,Ксения,Санкт-Петербург,mass,2025-11-06 12:47:14,ксения.107431@example-shop.ru,social
107432,Андрей,Краснодар,premium,2025-03-09 07:58:06,АНДРЕЙ.107432@EXAMPLE-SHOP.RU,organic
107433,Ольга,Москва,premium,2026-06-08 03:37:37,ольга.107433@example-shop.ru,organic
107434,Роман,Тюмень,standard,2025-09-13 20:00:07,роман.107434@example-shop.ru,social
107435,Сергей,Ростов-на-Дону,mass,2026-06-10 08:03:14,сергей.107435@example-shop.ru,email
107436,Андрей,Екатеринбург,mass,2026-06-08 22:10:13,андрей.107436@example-shop.ru,social
107437,Андрей,Москва,mass,2025-02-04 18:53:00,андрей.107437@example-shop.ru,social
107438,Никита,Москва,mass,2025-03-03 23:10:03,никита.107438@example-shop.ru,marketplace
107439,Виктория,Новосибирск,mass,2025-04-09 21:31:46,виктория.107439@example-shop.ru,email
107440,Наталья,Казань,mass,2025-11-06 13:01:15,наталья.107440@example-shop.ru,context
107441,Анна,Краснодар,mass,2025-07-12 18:12:29,анна.107441@example-shop.ru,email
107442,Михаил,Самара,premium,2025-01-11 00:33:10,михаил.107442@example-shop.ru,social
107443,Виктория,Казань,standard,2025-11-04 12:49:39,виктория.107443@example-shop.ru,social
107444,Артём,Москва,premium,2025-06-27 07:53:29,артём.107444@example-shop.ru,referral
107445,Екатерина,Екатеринбург,mass,2026-04-05 15:46:50,екатерина.107445@example-shop.ru,context
107446,Ксения,Москва,mass,2026-02-19 19:46:04,ксения.107446@example-shop.ru,marketplace
107447,Иван,Самара,mass,2026-04-06 08:10:17,иван.107447@example-shop.ru,organic
107448,Сергей,Нижний Новгород,premium,2025-11-06 02:28:09,сергей.107448@example-shop.ru,context
107449,Роман,Краснодар,mass,2026-01-15 05:13:34,роман.107449@example-shop.ru,organic
107450,Андрей,Екатеринбург,standard,2025-02-14 05:12:39,андрей.107450@example-shop.ru,referral
107451,Дарья,Санкт-Петербург,mass,2026-02-19 01:11:57,дарья.107451@example-shop.ru,organic
107452,Дарья,Краснодар,mass,2025-09-04 05:57:16,дарья.107452@example-shop.ru,context
107453,Ксения,Самара,mass,2025-01-03 09:29:30,ксения.107453@example-shop.ru,marketplace
107454,Полина,Ростов-на-Дону,mass,2025-02-13 02:18:42,полина.107454@example-shop.ru,organic
107455,Михаил,Новосибирск,mass,2025-06-17 23:37:38,михаил.107455@example-shop.ru,organic
107456,Дмитрий,Воронеж,premium,2025-07-23 13:45:55,дмитрий.107456@example-shop.ru,social
107457,Виктория,Москва,mass,2025-04-24 17:31:23,виктория.107457@example-shop.ru,context
107458,Роман,Казань,mass,2026-02-24 01:55:25,роман.107458@example-shop.ru,organic
107459,Иван,Уфа,mass,2025-09-01 13:41:35,иван.107459@example-shop.ru,context
107460,Дарья,Москва,vip,2025-05-21 17:54:19,дарья.107460@example-shop.ru,organic
107461,Артём,Уфа,standard,2026-01-03 04:10:47,артём.107461@example-shop.ru,organic
107462,Никита,Санкт-Петербург,standard,2025-09-05 02:19:57,никита.107462@example-shop.ru,email
107463,Дмитрий,Москва,mass,2026-03-01 10:34:01,дмитрий.107463@example-shop.ru,context
107464,Никита,Москва,premium,2025-09-30 16:26:10,никита.107464@example-shop.ru,social
107465,Сергей,Краснодар,mass,2026-02-13 10:46:24,сергей.107465@example-shop.ru,organic
107466,Виктория,Уфа,standard,2026-04-11 00:50:51,виктория.107466@example-shop.ru,marketplace
107467,Екатерина,Санкт-Петербург,standard,2025-02-13 05:16:25,екатерина.107467@example-shop.ru,email
107468,Виктория,Москва,mass,2025-03-08 05:15:50,виктория.107468@example-shop.ru,context
107469,Никита,Москва,mass,2026-02-03 04:58:58,никита.107469@example-shop.ru,referral
107470,Анна,Москва,mass,2025-10-27 23:28:28,анна.107470@example-shop.ru,context
107471,Роман,Ростов-на-Дону,mass,2025-05-12 04:27:24,роман.107471@example-shop.ru,organic
107472,Полина,Москва,mass,2025-01-17 18:43:58,полина.107472@example-shop.ru,context
107473,Дмитрий,Москва,mass,2026-06-05 17:30:05,дмитрий.107473@example-shop.ru,social
107474,Елена,Москва,mass,2025-02-20 20:50:56,елена.107474@example-shop.ru,context
107475,Наталья,Нижний Новгород,standard,2025-09-10 03:45:57,наталья.107475@example-shop.ru,context
107476,Роман,Самара,mass,2025-05-01 07:03:19,роман.107476@example-shop.ru,referral
107477,Полина,Самара,standard,2025-08-04 14:18:56,полина.107477@example-shop.ru,marketplace
107478,Дарья,Новосибирск,mass,2026-01-28 05:51:45,дарья.107478@example-shop.ru,marketplace
107479,Дарья,Омск,mass,2025-10-05 11:24:37,дарья.107479@example-shop.ru,social
107480,Сергей,Екатеринбург,mass,2025-01-23 09:42:11,сергей.107480@example-shop.ru,social
107481,Михаил,Воронеж,premium,2025-02-17 12:41:42,михаил.107481@example-shop.ru,social
107482,Дмитрий,Самара,mass,2026-05-31 01:30:14,дмитрий.107482@example-shop.ru,context
107483,Наталья,Москва,standard,2025-05-18 07:06:06,наталья.107483@example-shop.ru,referral
107484,Анна,Краснодар,premium,2025-08-22 01:53:42,анна.107484@example-shop.ru,organic
107485,Алексей,Нижний Новгород,standard,2026-03-05 01:27:48,алексей.107485@example-shop.ru,marketplace
107486,Ксения,Самара,mass,2026-04-03 01:34:02,ксения.107486@example-shop.ru,context
107487,Андрей,Москва,mass,2025-06-04 20:05:54,андрей.107487@example-shop.ru,organic
107488,Артём,Казань,standard,2025-05-01 22:08:04,артём.107488@example-shop.ru,organic
107489,Алексей,Воронеж,standard,2025-08-27 09:45:38,алексей.107489@example-shop.ru,email
107490,Мария,Москва,standard,2025-07-04 02:33:50,мария.107490@example-shop.ru,organic
107491,Иван,Москва,standard,2026-01-18 01:25:57,иван.107491@example-shop.ru,social
107492,Роман,Санкт-Петербург,mass,2026-02-01 05:22:01,роман.107492@example-shop.ru,context
107493,Дмитрий,Екатеринбург,standard,2025-05-22 18:57:20,дмитрий.107493@example-shop.ru,referral
107494,Елена,Краснодар,standard,2025-07-26 15:53:56,елена.107494@example-shop.ru,social
107495,Ксения,Самара,vip,2026-02-03 04:33:13,ксения.107495@example-shop.ru,marketplace
107496,Ксения,Пермь,standard,2025-10-04 13:56:30,ксения.107496@example-shop.ru,context
107497,Дарья,Екатеринбург,mass,2025-10-28 07:47:26,дарья.107497@example-shop.ru,context
107498,Максим,Казань,standard,2026-03-18 01:01:09,максим.107498@example-shop.ru,organic
107499,Виктория,Москва,standard,2025-12-22 05:13:12,виктория.107499@example-shop.ru,context
107500,Дмитрий,Москва,mass,2025-12-21 20:19:28,дмитрий.107500@example-shop.ru,email
107501,Ксения,Ростов-на-Дону,mass,2025-09-20 11:24:45,ксения.107501@example-shop.ru,organic
107502,Мария,Москва,mass,2026-04-01 13:15:30,мария.107502@example-shop.ru,marketplace
107503,Роман,Москва,mass,2025-01-13 12:36:25,роман.107503@example-shop.ru,organic
107504,Артём,Воронеж,standard,2025-02-17 03:14:24,артём.107504@example-shop.ru,email
107505,Дарья,Новосибирск,mass,2026-01-04 15:24:32,дарья.107505@example-shop.ru,referral
107506,Наталья,Москва,standard,2025-11-28 09:33:37,наталья.107506@example-shop.ru,marketplace
107507,Анна,Ростов-на-Дону,mass,2025-06-02 11:44:23,анна.107507@example-shop.ru,social
107508,Дарья,Екатеринбург,standard,2025-11-24 15:45:08,дарья.107508@example-shop.ru,referral
107509,Михаил,Краснодар,standard,2025-02-28 08:17:27,михаил.107509@example-shop.ru,organic
107510,Наталья,Самара,standard,2025-11-27 20:50:55,наталья.107510@example-shop.ru,context
107511,Ольга,Москва,mass,2025-07-16 20:39:27,ольга.107511@example-shop.ru,email
107512,Максим,Москва,vip,2025-11-17 21:38:15,максим.107512@example-shop.ru,organic
107513,Наталья,Санкт-Петербург,mass,2025-07-05 18:21:07,наталья.107513@example-shop.ru,email
107514,Елена,Ростов-на-Дону,standard,2026-01-30 11:48:06,елена.107514@example-shop.ru,context
107515,Елена,Екатеринбург,mass,2025-03-02 20:40:22,елена.107515@example-shop.ru,context
107516,Елена,Ростов-на-Дону,mass,2026-04-05 23:59:45,елена.107516@example-shop.ru,social
107517,Алексей,Новосибирск,standard,2025-09-27 14:44:58,алексей.107517@example-shop.ru,organic
107518,Никита,Санкт-Петербург,mass,2025-05-06 03:08:26,никита.107518@example-shop.ru,social
107519,Дмитрий,Москва,mass,2026-06-09 09:15:48,дмитрий.107519@example-shop.ru,marketplace
107520,Анна,Москва,mass,2025-02-26 23:41:41,анна.107520@example-shop.ru,organic
107521,Анна,Казань,mass,2025-10-20 17:02:09,анна.107521@example-shop.ru,organic
107522,Полина,Новосибирск,vip,2025-02-10 07:35:51,полина.107522@example-shop.ru,organic
107523,Наталья,,standard,2026-05-06 05:56:46,наталья.107523@example-shop.ru,social
107524,Максим,Москва,mass,2025-03-28 08:14:15,максим.107524@example-shop.ru,referral
107525,Сергей,Самара,standard,2025-05-18 05:52:26,сергей.107525@example-shop.ru,marketplace
107526,Мария,Москва,standard,2025-12-24 11:51:42,мария.107526@example-shop.ru,context
107527,Максим,Ростов-на-Дону,standard,2026-04-28 04:46:33,максим.107527@example-shop.ru,organic
107528,Дмитрий,Москва,standard,2025-08-15 23:47:54,дмитрий.107528@example-shop.ru,organic
107529,Андрей,Самара,mass,2025-05-22 20:20:52,андрей.107529@example-shop.ru,context
107530,Мария,Москва,mass,2025-07-10 11:19:28,мария.107530@example-shop.ru,social
107531,Сергей,Москва,standard,2026-05-16 01:10:56,сергей.107531@example-shop.ru,marketplace
107532,Дарья,Новосибирск,standard,2026-05-11 22:09:31,дарья.107532@example-shop.ru,organic
107533,Андрей,Казань,standard,2025-03-08 18:28:05,андрей.107533@example-shop.ru,email
107534,Артём,Екатеринбург,mass,2026-05-06 14:18:01,артём.107534@example-shop.ru,social
107535,Дмитрий,Санкт-Петербург,standard,2026-04-04 07:35:27,дмитрий.107535@example-shop.ru,email
107536,Максим,Омск,mass,2025-10-21 16:42:05,максим.107536@example-shop.ru,email
107537,Дмитрий,Санкт-Петербург,standard,2025-05-20 06:28:30,дмитрий.107537@example-shop.ru,email
107538,Екатерина,Новосибирск,mass,2025-09-07 21:11:09,екатерина.107538@example-shop.ru,context
107539,Елена,Краснодар,standard,2026-02-27 12:25:43,елена.107539@example-shop.ru,context
107540,Михаил,Самара,vip,2025-05-28 09:21:52,михаил.107540@example-shop.ru,organic
107541,Екатерина,Санкт-Петербург,mass,2025-07-07 10:26:46,екатерина.107541@example-shop.ru,organic
107542,Никита,Новосибирск,standard,2025-09-08 15:31:07,никита.107542@example-shop.ru,social
107543,Ольга,Москва,standard,2025-02-06 16:56:58,ольга.107543@example-shop.ru,marketplace
107544,Полина,Новосибирск,mass,2025-08-12 22:49:21,полина.107544@example-shop.ru,social
107545,Сергей,Казань,mass,2025-03-14 23:38:43,сергей.107545@example-shop.ru,context
107546,Екатерина,Ростов-на-Дону,standard,2025-01-04 18:55:48,екатерина.107546@example-shop.ru,organic
107547,Екатерина,Краснодар,mass,2025-07-30 23:19:19,екатерина.107547@example-shop.ru,referral
107548,Андрей,Москва,mass,2026-02-18 10:10:57,андрей.107548@example-shop.ru,organic
107549,Наталья,Москва,premium,2026-06-20 13:27:47,наталья.107549@example-shop.ru,organic
107550,Дарья,Казань,standard,2025-08-28 00:32:19,дарья.107550@example-shop.ru,organic
107551,Ольга,Новосибирск,standard,2026-02-15 20:50:41,ольга.107551@example-shop.ru,email
107552,Наталья,Казань,standard,2025-05-02 10:52:07,наталья.107552@example-shop.ru,context
107553,Наталья,Нижний Новгород,mass,2025-12-13 22:12:45,наталья.107553@example-shop.ru,marketplace
107554,Роман,Екатеринбург,standard,2025-12-30 02:42:09,роман.107554@example-shop.ru,social
107555,Михаил,Пермь,mass,2025-07-01 02:41:09,михаил.107555@example-shop.ru,referral
107556,Мария,Казань,mass,2025-09-01 23:30:06,мария.107556@example-shop.ru,email
107557,Андрей,Москва,standard,2026-01-01 04:07:38,андрей.107557@example-shop.ru,marketplace
107558,Дарья,Санкт-Петербург,premium,2025-06-20 23:35:20,дарья.107558@example-shop.ru,organic
107559,Иван,Нижний Новгород,mass,2025-11-26 00:54:22,иван.107559@example-shop.ru,organic
107560,Полина,Санкт-Петербург,vip,2025-05-06 19:00:16,полина.107560@example-shop.ru,organic
107561,Екатерина,Санкт-Петербург,standard,2025-10-19 21:16:35,екатерина.107561@example-shop.ru,context
107562,Мария,Санкт-Петербург,mass,2025-02-02 05:34:22,мария.107562@example-shop.ru,organic
107563,Наталья,Ростов-на-Дону,mass,2025-09-01 07:39:54,наталья.107563@example-shop.ru,referral
107564,Андрей,Омск,mass,2025-10-02 03:31:44,андрей.107564@example-shop.ru,context
107565,Елена,Санкт-Петербург,standard,2026-03-27 20:42:00,елена.107565@example-shop.ru,marketplace
107566,Никита,Москва,mass,2025-07-24 14:48:38,никита.107566@example-shop.ru,email
107567,Сергей,Казань,mass,2025-01-04 08:30:38,сергей.107567@example-shop.ru,referral
107568,Дмитрий,Санкт-Петербург,mass,2025-01-22 23:30:20,дмитрий.107568@example-shop.ru,referral
107569,Ольга,Тюмень,premium,2025-10-21 22:39:36,ольга.107569@example-shop.ru,organic
107570,Артём,Екатеринбург,mass,2026-03-19 18:16:43,артём.107570@example-shop.ru,organic
107571,Екатерина,Самара,mass,2026-05-01 07:12:29,екатерина.107571@example-shop.ru,context
107572,Никита,Пермь,mass,2026-03-17 12:21:29,никита.107572@example-shop.ru,marketplace
107573,Анна,Нижний Новгород,mass,2025-07-05 06:39:17,анна.107573@example-shop.ru,organic
107574,Полина,Москва,mass,2025-09-25 01:32:04,полина.107574@example-shop.ru,context
107575,Артём,Нижний Новгород,standard,2026-04-30 02:05:08,артём.107575@example-shop.ru,email
107576,Иван,Казань,standard,2026-04-03 04:49:02,иван.107576@example-shop.ru,context
107577,Никита,Казань,mass,2025-09-05 08:57:13,никита.107577@example-shop.ru,marketplace
107578,Максим,Тюмень,standard,2025-09-20 03:33:08,максим.107578@example-shop.ru,marketplace
107579,Михаил,Санкт-Петербург,mass,2025-02-07 19:43:54,михаил.107579@example-shop.ru,organic
107580,Екатерина,Екатеринбург,standard,2025-04-03 01:14:53,екатерина.107580@example-shop.ru,social
107581,Алексей,Москва,mass,2025-10-16 11:05:28,алексей.107581@example-shop.ru,organic
107582,Дмитрий,Москва,premium,2025-10-10 02:11:02,дмитрий.107582@example-shop.ru,context
107583,Екатерина,Нижний Новгород,premium,2025-11-10 08:51:13,екатерина.107583@example-shop.ru,marketplace
107584,Максим,Ростов-на-Дону,standard,2025-06-20 08:22:32,максим.107584@example-shop.ru,organic
107585,Алексей,Нижний Новгород,mass,2025-05-04 15:43:03,алексей.107585@example-shop.ru,marketplace
107586,Алексей,Санкт-Петербург,mass,2025-09-04 12:55:44,алексей.107586@example-shop.ru,marketplace
107587,Андрей,Москва,standard,2026-04-24 21:26:39,андрей.107587@example-shop.ru,referral
107588,Анна,Екатеринбург,mass,2026-06-14 00:21:44,анна.107588@example-shop.ru,context
107589,Иван,Екатеринбург,mass,2025-01-29 13:46:16,иван.107589@example-shop.ru,organic
107590,Виктория,Уфа,mass,2025-07-13 18:20:37,виктория.107590@example-shop.ru,context
107591,Иван,Самара,mass,2025-10-12 02:12:42,иван.107591@example-shop.ru,organic
107592,Екатерина,Воронеж,mass,2025-04-28 15:50:21,екатерина.107592@example-shop.ru,organic
107593,Артём,Уфа,mass,2025-07-12 12:58:03,АРТЁМ.107593@EXAMPLE-SHOP.RU,organic
107594,Михаил,Санкт-Петербург,standard,2025-03-12 01:27:15,михаил.107594@example-shop.ru,referral
107595,Наталья,Нижний Новгород,mass,2025-09-10 19:30:09,наталья.107595@example-shop.ru,organic
107596,Дарья,Ростов-на-Дону,mass,2026-04-27 17:46:27,дарья.107596@example-shop.ru,context
107597,Михаил,Омск,mass,2026-05-22 02:11:51,михаил.107597@example-shop.ru,referral
107598,Сергей,Казань,premium,2025-01-09 03:23:39,сергей.107598@example-shop.ru,organic
107599,Алексей,Самара,standard,2025-12-13 23:43:04,алексей.107599@example-shop.ru,context
107600,Елена,Казань,standard,2026-05-10 13:29:40,елена.107600@example-shop.ru,organic
107601,Иван,Ростов-на-Дону,standard,2026-02-23 14:43:48,иван.107601@example-shop.ru,organic
107602,Алексей,Пермь,standard,2025-02-03 15:58:41,алексей.107602@example-shop.ru,organic
107603,Елена,Пермь,mass,2025-08-01 09:58:04,елена.107603@example-shop.ru,organic
107604,Дмитрий,Москва,standard,2026-02-15 04:47:03,дмитрий.107604@example-shop.ru,context
107605,Мария,Москва,mass,2026-06-18 21:54:27,мария.107605@example-shop.ru,organic
107606,Максим,Ростов-на-Дону,standard,2025-06-10 00:57:15,максим.107606@example-shop.ru,context
107607,Артём,Нижний Новгород,mass,2025-06-04 07:13:34,артём.107607@example-shop.ru,referral
107608,Анна,Пермь,premium,2026-05-03 18:02:04,анна.107608@example-shop.ru,referral
107609,Елена,Санкт-Петербург,mass,2025-04-09 01:33:17,,context
107610,Алексей,Краснодар,mass,2025-07-19 11:36:29,алексей.107610@example-shop.ru,marketplace
107611,Мария,Самара,standard,2025-03-15 07:27:30,мария.107611@example-shop.ru,email
107612,Анна,Москва,mass,2026-05-28 02:58:02,анна.107612@example-shop.ru,social
107613,Наталья,Москва,mass,2025-02-06 02:20:58,наталья.107613@example-shop.ru,context
107614,Екатерина,Ростов-на-Дону,premium,2025-10-04 11:02:25,екатерина.107614@example-shop.ru,organic
107615,Дарья,Москва,standard,2025-03-26 11:58:59,дарья.107615@example-shop.ru,context
107616,Михаил,Уфа,standard,2025-08-10 21:11:56,михаил.107616@example-shop.ru,social
107617,Михаил,Новосибирск,mass,2026-01-16 14:42:41,михаил.107617@example-shop.ru,marketplace
107618,Никита,Екатеринбург,mass,2025-11-07 11:23:46,никита.107618@example-shop.ru,marketplace
107619,Елена,Санкт-Петербург,mass,2025-08-21 22:18:18,елена.107619@example-shop.ru,organic
107620,Дарья,Тюмень,standard,2025-06-03 04:27:25,дарья.107620@example-shop.ru,marketplace
107621,Никита,Ростов-на-Дону,standard,2026-03-14 12:36:02,никита.107621@example-shop.ru,email
107622,Виктория,Уфа,mass,2026-01-06 12:51:17,виктория.107622@example-shop.ru,referral
107623,Андрей,Уфа,mass,2026-01-02 05:25:59,андрей.107623@example-shop.ru,marketplace
107624,Иван,Нижний Новгород,mass,2026-02-24 10:44:51,иван.107624@example-shop.ru,context
107625,Ксения,Пермь,mass,2025-05-01 02:22:08,ксения.107625@example-shop.ru,context
107626,Виктория,Нижний Новгород,mass,2026-06-19 04:41:17,виктория.107626@example-shop.ru,marketplace
107627,Дмитрий,Новосибирск,mass,2026-05-17 02:07:26,дмитрий.107627@example-shop.ru,organic
107628,Мария,Санкт-Петербург,mass,2025-08-28 16:10:57,мария.107628@example-shop.ru,referral
107629,Роман,Санкт-Петербург,mass,2025-04-22 03:36:33,роман.107629@example-shop.ru,email
107630,Сергей,Ростов-на-Дону,mass,2025-07-24 03:37:29,сергей.107630@example-shop.ru,marketplace
107631,Максим,Санкт-Петербург,mass,2025-07-31 20:33:01,максим.107631@example-shop.ru,organic
107632,Ольга,Ростов-на-Дону,standard,2026-06-15 09:07:37,ольга.107632@example-shop.ru,referral
107633,Полина,Омск,mass,2025-06-07 08:54:36,полина.107633@example-shop.ru,organic
107634,Сергей,Казань,mass,2026-05-29 11:21:19,сергей.107634@example-shop.ru,email
107635,Мария,Москва,mass,2025-05-06 22:34:11,мария.107635@example-shop.ru,social
107636,Елена,Самара,mass,2026-05-21 04:28:40,елена.107636@example-shop.ru,social
107637,Иван,Москва,mass,2026-05-22 21:57:20,иван.107637@example-shop.ru,email
107638,Екатерина,Уфа,mass,2025-11-28 18:55:03,екатерина.107638@example-shop.ru,social
107639,Андрей,Новосибирск,mass,2025-02-28 16:31:29,андрей.107639@example-shop.ru,social
107640,Андрей,Екатеринбург,standard,2025-12-03 15:55:54,андрей.107640@example-shop.ru,context
107641,Михаил,Новосибирск,premium,2026-05-12 16:59:27,михаил.107641@example-shop.ru,social
107642,Дарья,Новосибирск,mass,2026-05-21 17:58:51,дарья.107642@example-shop.ru,referral
107643,Сергей,Санкт-Петербург,mass,2025-09-07 07:32:16,сергей.107643@example-shop.ru,email
107644,Михаил,Санкт-Петербург,premium,2025-09-19 12:02:00,михаил.107644@example-shop.ru,organic
107645,Иван,Казань,mass,2025-07-29 08:17:05,иван.107645@example-shop.ru,context
107646,Артём,Воронеж,vip,2025-04-27 08:15:24,артём.107646@example-shop.ru,context
107647,Виктория,Москва,standard,2025-12-23 04:56:45,виктория.107647@example-shop.ru,organic
107648,Алексей,Санкт-Петербург,mass,2026-06-21 23:11:02,алексей.107648@example-shop.ru,email
107649,Артём,Москва,mass,2025-05-26 15:10:01,артём.107649@example-shop.ru,social
107650,Роман,Казань,mass,2026-04-04 22:16:19,роман.107650@example-shop.ru,organic
107651,Ольга,Москва,standard,2025-02-22 05:05:28,ольга.107651@example-shop.ru,social
107652,Артём,Уфа,mass,2025-01-31 13:11:00,артём.107652@example-shop.ru,context
107653,Елена,Москва,standard,2026-05-06 21:41:22,елена.107653@example-shop.ru,referral
107654,Елена,Самара,mass,2025-03-03 07:02:33,елена.107654@example-shop.ru,organic
107655,Иван,Санкт-Петербург,standard,2025-08-14 14:13:55,иван.107655@example-shop.ru,organic
107656,Максим,Екатеринбург,standard,2026-04-26 18:05:49,максим.107656@example-shop.ru,organic
107657,Андрей,Москва,mass,2025-07-10 03:01:05,андрей.107657@example-shop.ru,context
107658,Никита,Ростов-на-Дону,mass,2025-06-14 02:12:49,никита.107658@example-shop.ru,referral
107659,Михаил,Омск,mass,2025-01-23 05:05:59,михаил.107659@example-shop.ru,social
107660,Михаил,Москва,standard,2026-01-15 12:43:34,михаил.107660@example-shop.ru,organic
107661,Михаил,Омск,standard,2025-06-24 10:59:37,михаил.107661@example-shop.ru,social
107662,Наталья,Санкт-Петербург,mass,2025-03-06 05:06:36,наталья.107662@example-shop.ru,social
107663,Сергей,Новосибирск,standard,2025-09-16 17:34:06,сергей.107663@example-shop.ru,email
107664,Михаил,Ростов-на-Дону,mass,2025-04-03 22:34:49,МИХАИЛ.107664@EXAMPLE-SHOP.RU,organic
107665,Дарья,Москва,mass,2026-04-08 13:56:52,дарья.107665@example-shop.ru,referral
107666,Сергей,Екатеринбург,premium,2026-02-12 07:33:23,сергей.107666@example-shop.ru,social
107667,Виктория,Москва,mass,2026-06-18 23:34:10,виктория.107667@example-shop.ru,social
107668,Наталья,Самара,standard,2026-06-18 17:08:06,наталья.107668@example-shop.ru,context
107669,Елена,Казань,mass,2026-04-02 06:21:42,елена.107669@example-shop.ru,organic
107670,Елена,Воронеж,standard,2025-10-01 16:45:37,елена.107670@example-shop.ru,organic
107671,Мария,Санкт-Петербург,mass,2025-04-03 19:25:03,мария.107671@example-shop.ru,email
107672,Сергей,Пермь,mass,2025-01-24 09:20:34,сергей.107672@example-shop.ru,social
107673,Роман,Москва,mass,2025-02-19 21:40:57,роман.107673@example-shop.ru,social
107674,Екатерина,Нижний Новгород,standard,2025-05-08 16:51:59,екатерина.107674@example-shop.ru,social
107675,Полина,Санкт-Петербург,mass,2026-04-27 05:30:55,полина.107675@example-shop.ru,organic
107676,Алексей,Москва,mass,2025-04-26 22:07:42,алексей.107676@example-shop.ru,context
107677,Дарья,Москва,mass,2025-02-20 13:22:31,дарья.107677@example-shop.ru,social
107678,Дарья,Самара,mass,2026-05-25 17:21:37,дарья.107678@example-shop.ru,organic
107679,Сергей,Москва,standard,2025-08-26 09:33:30,сергей.107679@example-shop.ru,marketplace
107680,Елена,Новосибирск,standard,2025-08-17 10:28:54,елена.107680@example-shop.ru,organic
107681,Ольга,Тюмень,standard,2025-06-14 08:59:28,ольга.107681@example-shop.ru,referral
107682,Екатерина,Санкт-Петербург,mass,2026-06-01 11:33:36,екатерина.107682@example-shop.ru,context
107683,Ксения,Москва,mass,2025-07-09 17:41:42,ксения.107683@example-shop.ru,email
107684,Михаил,Москва,mass,2026-04-14 11:22:00,михаил.107684@example-shop.ru,email
107685,Артём,Москва,mass,2026-06-25 17:25:20,артём.107685@example-shop.ru,context
107686,Екатерина,Екатеринбург,premium,2025-09-03 16:32:52,екатерина.107686@example-shop.ru,context
107687,Мария,Ростов-на-Дону,mass,2026-01-17 20:19:15,мария.107687@example-shop.ru,marketplace
107688,Михаил,Санкт-Петербург,premium,2025-01-14 13:10:09,михаил.107688@example-shop.ru,social
107689,Алексей,Москва,mass,2026-03-02 23:41:54,алексей.107689@example-shop.ru,organic
107690,Полина,Самара,standard,2026-06-15 06:11:34,полина.107690@example-shop.ru,email
107691,Ксения,Санкт-Петербург,standard,2025-04-17 09:12:29,ксения.107691@example-shop.ru,context
107692,Артём,Новосибирск,standard,2025-01-06 11:44:03,артём.107692@example-shop.ru,organic
107693,Ольга,Пермь,standard,2025-01-24 22:38:28,ольга.107693@example-shop.ru,email
107694,Роман,Санкт-Петербург,mass,2026-04-12 14:10:33,роман.107694@example-shop.ru,marketplace
107695,Михаил,Новосибирск,standard,2025-05-13 21:58:52,михаил.107695@example-shop.ru,organic
107696,Роман,Уфа,mass,2025-08-14 05:04:20,роман.107696@example-shop.ru,context
107697,Артём,Самара,mass,2025-07-03 03:51:50,артём.107697@example-shop.ru,organic
107698,Дмитрий,Ростов-на-Дону,mass,2025-06-14 05:07:15,дмитрий.107698@example-shop.ru,marketplace
107699,Мария,Уфа,mass,2025-04-01 03:36:10,мария.107699@example-shop.ru,email
107700,Елена,Новосибирск,premium,2025-08-11 12:34:19,елена.107700@example-shop.ru,marketplace
107701,Артём,Новосибирск,mass,2026-05-19 18:14:03,артём.107701@example-shop.ru,organic
107702,Сергей,Ростов-на-Дону,mass,2025-07-14 12:22:31,сергей.107702@example-shop.ru,organic
107703,Артём,Самара,mass,2026-03-13 18:29:56,артём.107703@example-shop.ru,social
107704,Елена,Самара,standard,2026-01-11 13:40:47,елена.107704@example-shop.ru,organic
107705,Никита,Казань,standard,2026-03-11 12:46:59,никита.107705@example-shop.ru,organic
107706,Ольга,Краснодар,premium,2025-11-09 03:13:06,ольга.107706@example-shop.ru,organic
107707,Андрей,Москва,standard,2025-07-22 09:12:13,андрей.107707@example-shop.ru,referral
107708,Ольга,Москва,mass,2025-05-21 00:18:55,ольга.107708@example-shop.ru,referral
107709,Сергей,,mass,2025-06-02 16:28:00,сергей.107709@example-shop.ru,email
107710,Михаил,Санкт-Петербург,mass,2025-10-15 11:42:54,михаил.107710@example-shop.ru,organic
107711,Елена,Самара,standard,2025-08-09 06:01:13,елена.107711@example-shop.ru,email
107712,Дмитрий,Москва,vip,2025-08-09 16:44:49,дмитрий.107712@example-shop.ru,social
107713,Ольга,Самара,mass,2025-07-21 01:29:01,ольга.107713@example-shop.ru,context
107714,Андрей,Новосибирск,mass,2026-05-17 18:03:10,андрей.107714@example-shop.ru,social
107715,Иван,Москва,standard,2025-12-17 14:34:17,иван.107715@example-shop.ru,email
107716,Сергей,Санкт-Петербург,standard,2026-05-02 08:18:16,сергей.107716@example-shop.ru,organic
107717,Екатерина,Новосибирск,standard,2026-05-21 20:16:24,екатерина.107717@example-shop.ru,email
107718,Роман,Ростов-на-Дону,mass,2025-12-03 10:53:04,роман.107718@example-shop.ru,social
107719,Сергей,Казань,mass,2025-02-19 23:28:15,сергей.107719@example-shop.ru,social
107720,Мария,Москва,mass,2026-06-11 03:00:39,мария.107720@example-shop.ru,marketplace
107721,Алексей,Санкт-Петербург,mass,2025-09-18 15:51:56,алексей.107721@example-shop.ru,referral
107722,Наталья,Москва,standard,2025-07-24 10:39:42,наталья.107722@example-shop.ru,social
107723,Андрей,Москва,mass,2025-08-14 09:31:03,андрей.107723@example-shop.ru,context
107724,Алексей,Тюмень,mass,2025-02-17 22:39:04,алексей.107724@example-shop.ru,social
107725,Ксения,Москва,premium,2025-12-29 00:11:16,ксения.107725@example-shop.ru,email
107726,Екатерина,Москва,mass,2025-01-26 23:17:31,екатерина.107726@example-shop.ru,marketplace
107727,Алексей,Воронеж,mass,2026-01-28 19:01:14,алексей.107727@example-shop.ru,email
107728,Максим,Самара,premium,2026-03-31 05:27:49,максим.107728@example-shop.ru,email
107729,Дмитрий,Казань,mass,2025-08-19 01:18:49,дмитрий.107729@example-shop.ru,referral
107730,Никита,Самара,standard,2025-07-29 00:03:26,никита.107730@example-shop.ru,email
107731,Виктория,Пермь,mass,2026-01-02 21:23:08,виктория.107731@example-shop.ru,organic
107732,Максим,Москва,premium,2026-04-14 20:22:52,максим.107732@example-shop.ru,context
107733,Елена,Москва,mass,2025-02-22 03:03:13,елена.107733@example-shop.ru,social
107734,Виктория,Воронеж,mass,2025-09-08 00:15:22,виктория.107734@example-shop.ru,social
107735,Алексей,Уфа,vip,2025-06-26 00:03:35,алексей.107735@example-shop.ru,social
107736,Елена,Тюмень,standard,2025-01-07 02:09:02,елена.107736@example-shop.ru,marketplace
107737,Анна,Санкт-Петербург,mass,2025-01-05 14:55:04,анна.107737@example-shop.ru,email
107738,Михаил,Омск,mass,2025-10-16 02:43:16,михаил.107738@example-shop.ru,email
107739,Екатерина,Санкт-Петербург,mass,2026-02-21 05:43:12,екатерина.107739@example-shop.ru,email
107740,Наталья,Ростов-на-Дону,mass,2025-11-21 00:39:50,наталья.107740@example-shop.ru,email
107741,Иван,Воронеж,mass,2025-05-16 14:10:24,иван.107741@example-shop.ru,referral
107742,Ольга,Москва,mass,2025-09-04 01:44:09,ольга.107742@example-shop.ru,organic
107743,Андрей,Москва,premium,2026-06-11 08:06:26,андрей.107743@example-shop.ru,email
107744,Дмитрий,Нижний Новгород,standard,2026-04-02 17:29:18,дмитрий.107744@example-shop.ru,organic
107745,Анна,Краснодар,premium,2025-03-07 07:24:23,анна.107745@example-shop.ru,referral
107746,Иван,Москва,mass,2025-12-17 23:37:36,иван.107746@example-shop.ru,organic
107747,Андрей,Краснодар,mass,2025-12-07 12:05:30,андрей.107747@example-shop.ru,social
107748,Иван,Санкт-Петербург,standard,2025-07-18 18:47:21,иван.107748@example-shop.ru,context
107749,Виктория,Казань,mass,2025-07-18 15:45:59,виктория.107749@example-shop.ru,referral
107750,Полина,Санкт-Петербург,mass,2026-01-27 20:33:04,полина.107750@example-shop.ru,email
107751,Михаил,Пермь,premium,2026-05-25 11:55:56,михаил.107751@example-shop.ru,organic
107752,Сергей,Москва,standard,2025-06-24 04:32:37,сергей.107752@example-shop.ru,organic
107753,Дмитрий,Новосибирск,mass,2026-05-21 07:35:28,дмитрий.107753@example-shop.ru,marketplace
107754,Алексей,Москва,mass,2026-04-03 00:12:11,алексей.107754@example-shop.ru,organic
107755,Анна,Пермь,mass,2025-01-29 16:05:25,анна.107755@example-shop.ru,referral
107756,Полина,Уфа,standard,2025-06-02 15:45:23,полина.107756@example-shop.ru,email
107757,Иван,Москва,mass,2025-08-29 07:46:58,иван.107757@example-shop.ru,referral
107758,Алексей,Санкт-Петербург,premium,2025-12-30 07:16:22,алексей.107758@example-shop.ru,organic
107759,Андрей,Казань,mass,2025-05-04 12:04:27,андрей.107759@example-shop.ru,referral
107760,Сергей,Казань,mass,2025-08-15 05:24:14,сергей.107760@example-shop.ru,marketplace
107761,Ольга,Краснодар,standard,2025-02-20 11:46:50,ольга.107761@example-shop.ru,context
107762,Роман,Новосибирск,premium,2025-02-25 03:28:38,роман.107762@example-shop.ru,referral
107763,Артём,Казань,standard,2025-08-26 01:04:13,артём.107763@example-shop.ru,organic
107764,Никита,Ростов-на-Дону,mass,2025-12-10 04:32:17,никита.107764@example-shop.ru,marketplace
107765,Наталья,Екатеринбург,mass,2025-09-04 12:53:13,наталья.107765@example-shop.ru,organic
107766,Роман,Москва,standard,2025-07-28 18:20:37,роман.107766@example-shop.ru,context
107767,Ксения,Москва,standard,2025-09-29 08:30:23,ксения.107767@example-shop.ru,organic
107768,Наталья,Санкт-Петербург,vip,2025-12-12 16:09:54,наталья.107768@example-shop.ru,marketplace
107769,Елена,Нижний Новгород,mass,2026-01-25 03:22:49,ЕЛЕНА.107769@EXAMPLE-SHOP.RU,social
107770,Полина,Москва,standard,2025-10-22 05:56:19,полина.107770@example-shop.ru,organic
107771,Дмитрий,Новосибирск,mass,2025-02-20 00:58:28,дмитрий.107771@example-shop.ru,organic
107772,Алексей,Санкт-Петербург,mass,2025-01-23 16:03:51,алексей.107772@example-shop.ru,marketplace
107773,Виктория,Самара,mass,2025-07-06 22:25:14,виктория.107773@example-shop.ru,organic
107774,Полина,Москва,mass,2025-04-22 17:06:57,полина.107774@example-shop.ru,social
107775,Мария,Екатеринбург,mass,2025-10-20 13:59:08,мария.107775@example-shop.ru,social
107776,Андрей,Москва,mass,2026-01-17 17:30:27,андрей.107776@example-shop.ru,email
107777,Андрей,Санкт-Петербург,standard,2025-05-18 08:44:00,андрей.107777@example-shop.ru,referral
107778,Никита,Москва,standard,2025-09-12 20:56:18,никита.107778@example-shop.ru,email
107779,Сергей,Екатеринбург,mass,2025-04-30 01:43:19,сергей.107779@example-shop.ru,organic
107780,Елена,Уфа,standard,2025-09-12 05:25:11,елена.107780@example-shop.ru,context
107781,Артём,Москва,mass,2025-07-26 01:25:15,артём.107781@example-shop.ru,organic
107782,Иван,Ростов-на-Дону,mass,2025-01-02 07:22:25,иван.107782@example-shop.ru,context
107783,Андрей,Нижний Новгород,vip,2025-12-29 13:00:37,андрей.107783@example-shop.ru,social
107784,Екатерина,Екатеринбург,mass,2025-06-15 00:36:01,екатерина.107784@example-shop.ru,social
107785,Наталья,Нижний Новгород,mass,2026-02-12 14:02:19,наталья.107785@example-shop.ru,marketplace
107786,Артём,Санкт-Петербург,standard,2025-12-31 20:36:53,артём.107786@example-shop.ru,marketplace
107787,Роман,Ростов-на-Дону,mass,2025-04-17 07:46:15,роман.107787@example-shop.ru,context
107788,Артём,Уфа,mass,2026-04-29 09:48:15,артём.107788@example-shop.ru,referral
107789,Андрей,Уфа,standard,2025-01-13 03:54:01,андрей.107789@example-shop.ru,referral
107790,Никита,Санкт-Петербург,standard,2025-11-09 20:00:44,никита.107790@example-shop.ru,marketplace
107791,Никита,Самара,mass,2026-03-14 09:17:49,никита.107791@example-shop.ru,organic
107792,Михаил,Москва,premium,2025-10-22 15:38:26,михаил.107792@example-shop.ru,social
107793,Роман,Екатеринбург,mass,2025-10-31 20:32:10,роман.107793@example-shop.ru,context
107794,Максим,Москва,mass,2025-09-14 07:43:01,максим.107794@example-shop.ru,context
107795,Алексей,Москва,mass,2025-02-02 17:53:55,алексей.107795@example-shop.ru,social
107796,Сергей,Нижний Новгород,mass,2026-01-05 18:31:59,сергей.107796@example-shop.ru,organic
107797,Ксения,Воронеж,vip,2026-06-04 06:45:31,ксения.107797@example-shop.ru,organic
107798,Иван,Москва,standard,2026-03-11 23:33:20,иван.107798@example-shop.ru,email
107799,Артём,Новосибирск,mass,2025-02-02 00:10:50,артём.107799@example-shop.ru,organic
107800,Анна,Нижний Новгород,mass,2025-05-01 06:32:34,анна.107800@example-shop.ru,context
107801,Сергей,Пермь,mass,2026-03-30 19:41:37,сергей.107801@example-shop.ru,social
107802,Иван,Самара,standard,2026-01-25 02:48:41,иван.107802@example-shop.ru,social
107803,Роман,Москва,mass,2025-07-19 18:25:21,роман.107803@example-shop.ru,referral
107804,Андрей,Москва,premium,2025-05-13 21:37:14,андрей.107804@example-shop.ru,marketplace
107805,Дарья,Нижний Новгород,mass,2025-09-09 23:19:42,дарья.107805@example-shop.ru,context
107806,Роман,Москва,mass,2025-01-18 07:50:35,роман.107806@example-shop.ru,organic
107807,Дмитрий,Пермь,premium,2025-02-18 19:45:48,дмитрий.107807@example-shop.ru,organic
107808,Артём,Пермь,premium,2025-02-10 16:48:46,артём.107808@example-shop.ru,social
107809,Иван,Омск,mass,2026-03-26 15:17:02,иван.107809@example-shop.ru,context
107810,Ольга,Санкт-Петербург,mass,2025-01-26 08:45:47,ольга.107810@example-shop.ru,marketplace
107811,Артём,Ростов-на-Дону,premium,2025-10-29 04:08:22,артём.107811@example-shop.ru,social
107812,Екатерина,Самара,standard,2025-06-02 16:40:12,екатерина.107812@example-shop.ru,context
107813,Мария,Москва,standard,2026-02-17 07:41:51,мария.107813@example-shop.ru,email
107814,Андрей,Санкт-Петербург,standard,2025-03-11 07:25:36,андрей.107814@example-shop.ru,email
107815,Наталья,Москва,premium,2026-05-12 02:58:00,наталья.107815@example-shop.ru,referral
107816,Ксения,Казань,mass,2025-02-16 10:28:08,ксения.107816@example-shop.ru,social
107817,Артём,Омск,mass,2026-04-07 08:17:03,артём.107817@example-shop.ru,organic
107818,Артём,Краснодар,mass,2025-03-22 10:26:25,артём.107818@example-shop.ru,social
107819,Екатерина,Санкт-Петербург,standard,2025-01-17 03:42:15,екатерина.107819@example-shop.ru,organic
107820,Андрей,Новосибирск,mass,2025-01-21 19:38:01,андрей.107820@example-shop.ru,social
107821,Анна,Москва,mass,2026-03-02 14:41:05,анна.107821@example-shop.ru,email
107822,Артём,Санкт-Петербург,standard,2025-07-07 05:39:20,артём.107822@example-shop.ru,social
107823,Алексей,Москва,mass,2025-08-16 02:01:27,алексей.107823@example-shop.ru,organic
107824,Наталья,Самара,vip,2026-03-25 10:26:00,наталья.107824@example-shop.ru,organic
107825,Андрей,Самара,mass,2025-05-23 14:25:50,андрей.107825@example-shop.ru,email
107826,Ксения,Краснодар,standard,2025-10-29 19:25:25,ксения.107826@example-shop.ru,organic
107827,Елена,Воронеж,standard,2025-06-12 16:36:40,елена.107827@example-shop.ru,social
107828,Ольга,Москва,mass,2025-02-05 09:45:48,ольга.107828@example-shop.ru,email
107829,Виктория,Ростов-на-Дону,mass,2026-06-26 12:36:30,виктория.107829@example-shop.ru,organic
107830,Ольга,Москва,mass,2025-07-24 07:59:47,ольга.107830@example-shop.ru,referral
107831,Анна,Казань,standard,2026-04-07 18:26:42,анна.107831@example-shop.ru,organic
107832,Максим,Новосибирск,standard,2025-08-23 06:14:15,максим.107832@example-shop.ru,referral
107833,Сергей,Москва,mass,2026-04-18 14:53:00,сергей.107833@example-shop.ru,organic
107834,Артём,Москва,mass,2025-04-04 23:08:29,артём.107834@example-shop.ru,organic
107835,Никита,Санкт-Петербург,vip,2025-10-22 07:50:29,никита.107835@example-shop.ru,organic
107836,Артём,Москва,mass,2025-07-23 06:59:43,артём.107836@example-shop.ru,marketplace
107837,Ольга,Пермь,premium,2026-06-25 21:40:18,ольга.107837@example-shop.ru,social
107838,Екатерина,Санкт-Петербург,mass,2025-07-03 12:45:20,екатерина.107838@example-shop.ru,email
107839,Дарья,Екатеринбург,mass,2026-02-25 11:27:10,дарья.107839@example-shop.ru,social
107840,Сергей,Тюмень,mass,2025-09-27 03:00:47,сергей.107840@example-shop.ru,email
107841,Наталья,Новосибирск,mass,2025-08-07 10:06:09,наталья.107841@example-shop.ru,social
107842,Дмитрий,Казань,premium,2026-01-16 00:34:53,дмитрий.107842@example-shop.ru,context
107843,Ксения,Пермь,standard,2025-12-18 08:51:45,ксения.107843@example-shop.ru,referral
107844,Ксения,Москва,standard,2025-09-18 23:11:14,ксения.107844@example-shop.ru,context
107845,Анна,Москва,standard,2025-01-31 03:24:41,анна.107845@example-shop.ru,marketplace
107846,Максим,Новосибирск,standard,2025-02-10 07:19:08,максим.107846@example-shop.ru,marketplace
107847,Елена,Казань,standard,2025-11-23 06:17:36,елена.107847@example-shop.ru,organic
107848,Никита,Уфа,standard,2025-01-31 02:23:29,никита.107848@example-shop.ru,marketplace
107849,Мария,Москва,premium,2025-11-27 03:36:42,мария.107849@example-shop.ru,organic
107850,Дмитрий,Нижний Новгород,standard,2026-04-29 22:30:33,дмитрий.107850@example-shop.ru,referral
107851,Максим,Ростов-на-Дону,mass,2026-03-07 02:47:44,максим.107851@example-shop.ru,email
107852,Виктория,Тюмень,mass,2026-01-14 15:30:50,виктория.107852@example-shop.ru,organic
107853,Дмитрий,Москва,mass,2025-05-30 02:55:48,дмитрий.107853@example-shop.ru,organic
107854,Артём,Москва,mass,2025-12-25 03:54:16,артём.107854@example-shop.ru,email
107855,Роман,Пермь,mass,2025-04-10 22:05:30,роман.107855@example-shop.ru,context
107856,Андрей,Нижний Новгород,mass,2026-05-13 16:40:21,андрей.107856@example-shop.ru,social
107857,Мария,Москва,mass,2025-02-19 01:33:25,мария.107857@example-shop.ru,email
107858,Иван,Москва,premium,2025-10-23 02:53:48,иван.107858@example-shop.ru,organic
107859,Мария,Уфа,standard,2025-09-23 01:45:57,мария.107859@example-shop.ru,organic
107860,Никита,Новосибирск,mass,2025-02-10 04:18:03,никита.107860@example-shop.ru,marketplace
107861,Екатерина,Новосибирск,premium,2025-04-12 16:17:19,екатерина.107861@example-shop.ru,referral
107862,Артём,Воронеж,premium,2026-01-25 08:09:07,артём.107862@example-shop.ru,referral
107863,Дарья,Москва,premium,2025-11-21 16:41:13,дарья.107863@example-shop.ru,context
107864,Виктория,Москва,mass,2025-03-30 10:31:16,виктория.107864@example-shop.ru,marketplace
107865,Дмитрий,Нижний Новгород,mass,2025-03-18 14:46:20,дмитрий.107865@example-shop.ru,organic
107866,Артём,Воронеж,mass,2025-12-30 01:49:27,артём.107866@example-shop.ru,organic
107867,Роман,Санкт-Петербург,standard,2025-12-27 01:31:32,роман.107867@example-shop.ru,context
107868,Алексей,Самара,standard,2025-08-07 09:15:23,алексей.107868@example-shop.ru,referral
107869,Михаил,Москва,standard,2025-01-12 00:38:45,михаил.107869@example-shop.ru,organic
107870,Наталья,Москва,standard,2025-01-16 09:11:36,наталья.107870@example-shop.ru,context
107871,Мария,Пермь,premium,2025-03-24 05:55:32,мария.107871@example-shop.ru,social
107872,Елена,Москва,standard,2025-01-31 06:19:36,елена.107872@example-shop.ru,social
107873,Сергей,Москва,premium,2025-10-31 09:08:47,сергей.107873@example-shop.ru,organic
107874,Максим,Уфа,standard,2025-08-02 23:39:04,максим.107874@example-shop.ru,referral
107875,Елена,Санкт-Петербург,mass,2025-04-29 10:49:04,елена.107875@example-shop.ru,context
107876,Михаил,Казань,standard,2025-11-21 00:37:26,михаил.107876@example-shop.ru,context
107877,Сергей,Уфа,mass,2026-01-19 22:26:57,сергей.107877@example-shop.ru,organic
107878,Наталья,Москва,mass,2025-04-04 03:20:07,наталья.107878@example-shop.ru,marketplace
107879,Дарья,Самара,vip,2025-12-07 16:14:49,дарья.107879@example-shop.ru,referral
107880,Мария,Санкт-Петербург,mass,2025-02-28 04:17:18,мария.107880@example-shop.ru,organic
107881,Ольга,Москва,mass,2025-11-23 23:39:55,ольга.107881@example-shop.ru,context
107882,Мария,Самара,premium,2025-07-25 01:05:38,мария.107882@example-shop.ru,organic
107883,Никита,Санкт-Петербург,mass,2025-03-01 19:36:38,никита.107883@example-shop.ru,social
107884,Анна,Воронеж,mass,2026-03-15 06:41:02,анна.107884@example-shop.ru,referral
107885,Андрей,Пермь,mass,2025-04-10 13:14:06,андрей.107885@example-shop.ru,organic
107886,Анна,Краснодар,mass,2026-03-04 06:47:31,анна.107886@example-shop.ru,marketplace
107887,Максим,Санкт-Петербург,mass,2025-07-19 01:38:04,максим.107887@example-shop.ru,context
107888,Михаил,Москва,mass,2026-01-08 20:33:10,михаил.107888@example-shop.ru,organic
107889,Андрей,Воронеж,standard,2026-01-21 09:17:48,андрей.107889@example-shop.ru,organic
107890,Анна,Екатеринбург,mass,2025-08-20 19:40:01,анна.107890@example-shop.ru,organic
107891,Дмитрий,Ростов-на-Дону,standard,2025-12-30 10:27:45,дмитрий.107891@example-shop.ru,email
107892,Ксения,Краснодар,mass,2025-08-29 20:32:37,ксения.107892@example-shop.ru,social
107893,Максим,Санкт-Петербург,mass,2025-11-27 09:23:44,максим.107893@example-shop.ru,email
107894,Дмитрий,Москва,standard,2025-05-04 03:20:44,дмитрий.107894@example-shop.ru,organic
107895,Роман,Нижний Новгород,mass,2025-08-20 18:55:26,роман.107895@example-shop.ru,context
107896,Мария,Нижний Новгород,mass,2025-03-16 17:49:26,мария.107896@example-shop.ru,context
107897,Ксения,Санкт-Петербург,mass,2025-08-15 13:27:09,ксения.107897@example-shop.ru,context
107898,Ксения,Нижний Новгород,mass,2025-01-09 15:11:51,ксения.107898@example-shop.ru,organic
107899,Ксения,Уфа,mass,2025-08-12 06:44:26,ксения.107899@example-shop.ru,organic
107900,Елена,Санкт-Петербург,mass,2026-04-14 18:45:45,елена.107900@example-shop.ru,marketplace
107901,Иван,Москва,mass,2025-07-16 22:26:56,иван.107901@example-shop.ru,referral
107902,Сергей,Ростов-на-Дону,mass,2025-09-28 10:05:40,сергей.107902@example-shop.ru,organic
107903,Максим,Уфа,mass,2026-04-12 14:03:30,максим.107903@example-shop.ru,email
107904,Полина,Омск,standard,2025-01-02 15:48:07,полина.107904@example-shop.ru,context
107905,Михаил,Москва,mass,2026-01-01 11:56:00,михаил.107905@example-shop.ru,email
107906,Никита,Воронеж,standard,2025-10-16 09:35:17,никита.107906@example-shop.ru,marketplace
107907,Дарья,Уфа,standard,2025-07-07 00:27:49,дарья.107907@example-shop.ru,organic
107908,Роман,Ростов-на-Дону,mass,2025-05-21 18:52:35,роман.107908@example-shop.ru,marketplace
107909,Иван,Санкт-Петербург,mass,2025-11-20 01:36:32,иван.107909@example-shop.ru,organic
107910,Мария,Москва,mass,2025-08-21 21:54:12,мария.107910@example-shop.ru,context
107911,Алексей,Екатеринбург,mass,2025-08-04 10:05:11,алексей.107911@example-shop.ru,social
107912,Виктория,Санкт-Петербург,mass,2026-01-02 11:08:11,виктория.107912@example-shop.ru,referral
107913,Дмитрий,Санкт-Петербург,mass,2025-08-06 17:31:46,дмитрий.107913@example-shop.ru,organic
107914,Полина,Пермь,premium,2026-03-18 07:27:16,полина.107914@example-shop.ru,organic
107915,Иван,Москва,standard,2025-06-05 06:25:20,иван.107915@example-shop.ru,context
107916,Никита,Пермь,mass,2026-01-17 18:18:06,никита.107916@example-shop.ru,context
107917,Екатерина,Екатеринбург,premium,2025-11-04 00:23:03,екатерина.107917@example-shop.ru,context
107918,Иван,Краснодар,mass,2026-05-04 11:35:10,иван.107918@example-shop.ru,organic
107919,Мария,Санкт-Петербург,mass,2025-08-07 04:14:52,мария.107919@example-shop.ru,marketplace
107920,Ольга,Нижний Новгород,mass,2025-05-08 22:28:46,ольга.107920@example-shop.ru,email
107921,Максим,Новосибирск,premium,2025-08-06 04:39:17,максим.107921@example-shop.ru,marketplace
107922,Максим,Пермь,mass,2025-12-27 10:55:03,максим.107922@example-shop.ru,organic
107923,Артём,Москва,standard,2025-08-23 06:50:19,артём.107923@example-shop.ru,organic
107924,Иван,Москва,standard,2026-04-30 22:59:34,иван.107924@example-shop.ru,social
107925,Иван,Омск,mass,2025-03-26 23:02:33,иван.107925@example-shop.ru,social
107926,Екатерина,Москва,mass,2025-06-18 03:10:43,екатерина.107926@example-shop.ru,social
107927,Полина,Нижний Новгород,mass,2026-06-20 21:09:46,полина.107927@example-shop.ru,organic
107928,Елена,Москва,standard,2026-03-12 16:49:37,елена.107928@example-shop.ru,email
107929,Никита,Москва,mass,2025-02-11 21:50:54,никита.107929@example-shop.ru,social
107930,Максим,Нижний Новгород,mass,2026-05-28 10:01:10,максим.107930@example-shop.ru,context
107931,Максим,Новосибирск,mass,2025-08-21 02:25:27,,social
107932,Мария,Новосибирск,standard,2025-12-17 21:54:34,мария.107932@example-shop.ru,organic
107933,Сергей,Екатеринбург,standard,2025-01-10 02:33:41,сергей.107933@example-shop.ru,organic
107934,Наталья,Ростов-на-Дону,mass,2025-03-31 12:34:49,наталья.107934@example-shop.ru,marketplace
107935,Екатерина,Тюмень,mass,2026-01-16 16:45:11,екатерина.107935@example-shop.ru,social
107936,Анна,Санкт-Петербург,mass,2025-05-23 04:03:03,анна.107936@example-shop.ru,organic
107937,Анна,Санкт-Петербург,mass,2025-03-06 02:59:20,анна.107937@example-shop.ru,context
107938,Сергей,Санкт-Петербург,mass,2026-01-06 14:08:29,сергей.107938@example-shop.ru,organic
107939,Мария,Уфа,standard,2025-04-29 09:06:15,мария.107939@example-shop.ru,marketplace
107940,Иван,Санкт-Петербург,mass,2026-04-18 01:34:27,иван.107940@example-shop.ru,email
107941,Михаил,Самара,mass,2025-04-08 09:04:05,михаил.107941@example-shop.ru,social
107942,Полина,Екатеринбург,mass,2025-01-13 22:44:14,полина.107942@example-shop.ru,marketplace
107943,Виктория,Нижний Новгород,mass,2025-08-01 21:00:54,виктория.107943@example-shop.ru,context
107944,Иван,Краснодар,standard,2025-06-27 20:24:51,иван.107944@example-shop.ru,email
107945,Полина,Новосибирск,standard,2025-12-14 23:34:22,полина.107945@example-shop.ru,context
107946,Артём,Екатеринбург,mass,2025-05-08 07:05:41,артём.107946@example-shop.ru,email
107947,Роман,Санкт-Петербург,mass,2026-06-19 12:25:34,,marketplace
107948,Анна,Новосибирск,standard,2025-08-19 00:33:29,АННА.107948@EXAMPLE-SHOP.RU,context
107949,Виктория,Санкт-Петербург,standard,2026-01-22 10:49:57,виктория.107949@example-shop.ru,organic
107950,Мария,Краснодар,premium,2026-02-23 19:41:21,мария.107950@example-shop.ru,organic
107951,Михаил,Казань,standard,2026-04-27 18:48:04,михаил.107951@example-shop.ru,context
107952,Дмитрий,Москва,standard,2025-10-02 00:41:45,дмитрий.107952@example-shop.ru,organic
107953,Никита,Москва,premium,2025-05-04 22:40:02,никита.107953@example-shop.ru,context
107954,Мария,Новосибирск,premium,2025-10-10 11:14:33,мария.107954@example-shop.ru,social
107955,Екатерина,Пермь,standard,2025-08-20 23:42:47,екатерина.107955@example-shop.ru,organic
107956,Иван,Санкт-Петербург,standard,2025-11-28 22:03:33,иван.107956@example-shop.ru,marketplace
107957,Екатерина,Санкт-Петербург,standard,2025-05-09 18:15:14,екатерина.107957@example-shop.ru,organic
107958,Наталья,Казань,mass,2025-10-09 01:00:44,наталья.107958@example-shop.ru,organic
107959,Полина,Омск,mass,2026-06-06 22:35:16,полина.107959@example-shop.ru,organic
107960,Екатерина,Краснодар,premium,2026-01-11 02:27:29,екатерина.107960@example-shop.ru,marketplace
107961,Ольга,Москва,mass,2026-06-06 19:37:53,ольга.107961@example-shop.ru,context
107962,Мария,Нижний Новгород,mass,2025-02-28 08:02:54,мария.107962@example-shop.ru,organic
107963,Виктория,Уфа,mass,2025-12-23 07:22:15,виктория.107963@example-shop.ru,organic
107964,Сергей,Уфа,mass,2025-01-13 10:14:20,сергей.107964@example-shop.ru,context
107965,Мария,Екатеринбург,mass,2025-04-21 15:18:15,мария.107965@example-shop.ru,marketplace
107966,Виктория,Ростов-на-Дону,mass,2026-03-27 14:24:43,виктория.107966@example-shop.ru,social
107967,Дмитрий,Нижний Новгород,mass,2025-02-25 01:44:33,дмитрий.107967@example-shop.ru,context
107968,Дмитрий,Москва,mass,2025-09-19 00:06:55,дмитрий.107968@example-shop.ru,context
107969,Алексей,Москва,mass,2025-02-08 01:47:59,алексей.107969@example-shop.ru,organic
107970,Ольга,Санкт-Петербург,mass,2025-06-12 16:02:13,ольга.107970@example-shop.ru,social
107971,Дмитрий,Москва,mass,2025-03-09 08:03:52,дмитрий.107971@example-shop.ru,context
107972,Мария,Казань,mass,2025-09-05 14:18:41,мария.107972@example-shop.ru,referral
107973,Сергей,Краснодар,standard,2025-12-17 09:53:51,сергей.107973@example-shop.ru,organic
107974,Дмитрий,Краснодар,mass,2025-12-21 07:11:51,дмитрий.107974@example-shop.ru,organic
107975,Иван,Москва,premium,2026-05-24 03:49:00,иван.107975@example-shop.ru,social
107976,Наталья,Москва,standard,2025-03-08 07:52:25,наталья.107976@example-shop.ru,referral
107977,Мария,Самара,mass,2025-08-07 05:25:01,мария.107977@example-shop.ru,social
107978,Полина,Екатеринбург,mass,2025-10-13 08:50:18,полина.107978@example-shop.ru,email
107979,Наталья,Москва,mass,2025-02-16 22:54:52,наталья.107979@example-shop.ru,email
107980,Полина,Уфа,mass,2025-03-02 08:03:45,полина.107980@example-shop.ru,marketplace
107981,Ксения,Москва,premium,2025-06-19 03:04:23,ксения.107981@example-shop.ru,context
107982,Полина,Москва,standard,2026-04-14 11:10:02,полина.107982@example-shop.ru,marketplace
107983,Артём,Ростов-на-Дону,standard,2025-11-16 12:00:43,артём.107983@example-shop.ru,referral
107984,Сергей,Нижний Новгород,standard,2025-11-03 11:58:53,сергей.107984@example-shop.ru,social
107985,Роман,Казань,premium,2025-10-28 07:36:38,роман.107985@example-shop.ru,social
107986,Мария,Самара,premium,2026-03-18 22:02:37,мария.107986@example-shop.ru,organic
107987,Андрей,Пермь,mass,2025-10-24 22:49:09,андрей.107987@example-shop.ru,social
107988,Максим,Москва,mass,2026-01-28 22:45:03,максим.107988@example-shop.ru,email
107989,Алексей,Нижний Новгород,mass,2025-06-18 15:41:53,алексей.107989@example-shop.ru,marketplace
107990,Дмитрий,Москва,mass,2026-03-21 07:32:36,дмитрий.107990@example-shop.ru,context
107991,Дмитрий,Екатеринбург,mass,2025-01-18 15:10:56,дмитрий.107991@example-shop.ru,marketplace
107992,Алексей,Казань,mass,2025-07-06 06:50:26,алексей.107992@example-shop.ru,organic
107993,Екатерина,Казань,standard,2025-05-17 08:34:17,екатерина.107993@example-shop.ru,marketplace
107994,Мария,Москва,mass,2025-03-18 00:10:14,мария.107994@example-shop.ru,social
107995,Андрей,Уфа,standard,2025-10-20 15:19:59,андрей.107995@example-shop.ru,referral
107996,Наталья,Казань,mass,2026-05-01 22:11:27,наталья.107996@example-shop.ru,social
107997,Роман,Воронеж,mass,2025-03-30 12:38:58,роман.107997@example-shop.ru,marketplace
107998,Максим,Санкт-Петербург,premium,2026-04-28 03:05:07,максим.107998@example-shop.ru,organic
107999,Иван,Краснодар,mass,2026-04-13 03:07:57,иван.107999@example-shop.ru,context
108000,Анна,Новосибирск,standard,2026-04-27 09:12:32,анна.108000@example-shop.ru,marketplace
108001,Михаил,Казань,premium,2025-01-04 07:57:36,михаил.108001@example-shop.ru,organic
108002,Роман,Ростов-на-Дону,mass,2026-06-24 03:40:28,роман.108002@example-shop.ru,social
108003,Елена,Уфа,mass,2025-08-22 00:18:32,елена.108003@example-shop.ru,social
108004,Ольга,Екатеринбург,mass,2025-11-21 21:52:15,ольга.108004@example-shop.ru,email
108005,Никита,Казань,mass,2025-06-16 03:58:20,никита.108005@example-shop.ru,marketplace
108006,Ксения,Новосибирск,premium,2025-10-07 07:27:16,ксения.108006@example-shop.ru,organic
108007,Сергей,Нижний Новгород,standard,2025-10-27 19:18:59,сергей.108007@example-shop.ru,referral
108008,Дмитрий,Казань,mass,2026-03-11 13:05:20,дмитрий.108008@example-shop.ru,social
108009,Максим,Ростов-на-Дону,standard,2025-07-06 01:52:03,максим.108009@example-shop.ru,referral
108010,Артём,Казань,premium,2025-03-02 00:33:34,артём.108010@example-shop.ru,organic
108011,Виктория,Екатеринбург,mass,2025-11-16 15:29:57,виктория.108011@example-shop.ru,organic
108012,Анна,Нижний Новгород,mass,2026-03-03 18:15:20,анна.108012@example-shop.ru,social
108013,Мария,Тюмень,standard,2025-01-09 12:43:17,мария.108013@example-shop.ru,organic
108014,Наталья,Санкт-Петербург,standard,2026-03-19 15:54:49,наталья.108014@example-shop.ru,referral
108015,Дарья,Москва,mass,2026-03-14 22:06:50,дарья.108015@example-shop.ru,organic
108016,Анна,Москва,mass,2025-11-11 13:40:17,анна.108016@example-shop.ru,marketplace
108017,Сергей,Самара,mass,2026-06-01 18:19:17,сергей.108017@example-shop.ru,email
108018,Анна,Екатеринбург,standard,2025-07-31 09:59:27,анна.108018@example-shop.ru,social
108019,Дмитрий,Казань,standard,2025-03-14 17:03:07,дмитрий.108019@example-shop.ru,marketplace
108020,Михаил,Москва,mass,2025-12-24 15:27:00,михаил.108020@example-shop.ru,marketplace
108021,Елена,Воронеж,standard,2025-11-29 09:07:52,елена.108021@example-shop.ru,email
108022,Елена,Екатеринбург,mass,2026-05-14 16:25:52,елена.108022@example-shop.ru,social
108023,Полина,Нижний Новгород,standard,2025-05-03 05:52:11,полина.108023@example-shop.ru,context
108024,Анна,Москва,standard,2025-03-28 02:10:25,анна.108024@example-shop.ru,email
108025,Анна,Москва,mass,2026-01-06 03:06:04,анна.108025@example-shop.ru,referral
108026,Никита,Москва,mass,2025-06-19 13:13:28,никита.108026@example-shop.ru,context
108027,Виктория,Санкт-Петербург,mass,2025-04-11 18:39:53,виктория.108027@example-shop.ru,social
108028,Алексей,Екатеринбург,standard,2026-01-01 22:10:46,алексей.108028@example-shop.ru,organic
108029,Сергей,Москва,standard,2025-04-12 00:11:53,сергей.108029@example-shop.ru,email
108030,Виктория,Санкт-Петербург,mass,2026-03-31 02:28:46,виктория.108030@example-shop.ru,marketplace
108031,Елена,Москва,vip,2025-06-19 13:40:20,елена.108031@example-shop.ru,organic
108032,Артём,Санкт-Петербург,standard,2025-12-22 09:03:48,артём.108032@example-shop.ru,organic
108033,Михаил,Москва,mass,2025-11-11 14:51:37,михаил.108033@example-shop.ru,marketplace
108034,Елена,Москва,mass,2025-11-19 00:13:11,елена.108034@example-shop.ru,organic
108035,Андрей,Москва,mass,2025-06-15 18:25:22,андрей.108035@example-shop.ru,referral
108036,Наталья,Самара,mass,2025-02-16 17:29:41,наталья.108036@example-shop.ru,social
108037,Полина,Пермь,vip,2025-12-15 12:07:30,полина.108037@example-shop.ru,social
108038,Мария,Нижний Новгород,standard,2025-08-25 09:00:46,мария.108038@example-shop.ru,organic
108039,Максим,Москва,mass,2026-06-17 10:54:55,максим.108039@example-shop.ru,organic
108040,Роман,Тюмень,mass,2026-05-01 03:29:06,роман.108040@example-shop.ru,social
108041,Ксения,Тюмень,mass,2025-02-10 13:27:24,ксения.108041@example-shop.ru,context
108042,Дмитрий,Екатеринбург,mass,2025-07-17 02:15:35,дмитрий.108042@example-shop.ru,email
108043,Полина,Москва,mass,2025-08-15 12:05:16,полина.108043@example-shop.ru,marketplace
108044,Анна,Ростов-на-Дону,premium,2025-07-27 15:33:11,анна.108044@example-shop.ru,email
108045,Сергей,Омск,standard,2026-01-30 05:15:19,сергей.108045@example-shop.ru,context
108046,Максим,Уфа,premium,2025-07-14 20:51:06,максим.108046@example-shop.ru,social
108047,Сергей,Нижний Новгород,mass,2025-03-25 07:31:31,СЕРГЕЙ.108047@EXAMPLE-SHOP.RU,organic
108048,Никита,Нижний Новгород,mass,2025-07-17 16:45:03,никита.108048@example-shop.ru,referral
108049,Роман,Тюмень,standard,2026-03-05 22:42:13,роман.108049@example-shop.ru,context
108050,Дарья,Москва,mass,2025-08-09 14:14:41,дарья.108050@example-shop.ru,email
108051,Елена,Москва,mass,2025-06-05 14:17:17,елена.108051@example-shop.ru,referral
108052,Никита,Краснодар,vip,2026-02-26 11:36:14,никита.108052@example-shop.ru,organic
108053,Сергей,Москва,standard,2025-02-05 22:51:04,сергей.108053@example-shop.ru,context
108054,Екатерина,Казань,premium,2025-09-06 00:13:15,екатерина.108054@example-shop.ru,referral
108055,Екатерина,Санкт-Петербург,mass,2025-02-26 05:05:53,екатерина.108055@example-shop.ru,email
108056,Екатерина,Москва,standard,2025-11-27 20:40:48,екатерина.108056@example-shop.ru,context
108057,Михаил,Москва,mass,2026-05-06 11:53:36,михаил.108057@example-shop.ru,referral
108058,Наталья,Новосибирск,mass,2025-08-30 02:51:27,наталья.108058@example-shop.ru,organic
108059,Михаил,Казань,mass,2026-06-19 23:20:02,михаил.108059@example-shop.ru,marketplace
108060,Никита,Новосибирск,premium,2026-04-22 05:45:00,никита.108060@example-shop.ru,social
108061,Ольга,Санкт-Петербург,mass,2026-02-01 14:58:23,ольга.108061@example-shop.ru,email
108062,Артём,Омск,standard,2025-04-08 10:02:23,артём.108062@example-shop.ru,context
108063,Анна,Нижний Новгород,premium,2025-01-18 21:13:15,анна.108063@example-shop.ru,marketplace
108064,Ольга,Омск,standard,2025-03-08 23:33:46,ольга.108064@example-shop.ru,referral
108065,Дарья,Санкт-Петербург,mass,2025-07-09 17:56:14,дарья.108065@example-shop.ru,organic
108066,Михаил,Москва,standard,2025-08-11 05:03:25,михаил.108066@example-shop.ru,social
108067,Дмитрий,Уфа,mass,2025-04-25 11:54:13,дмитрий.108067@example-shop.ru,organic
108068,Артём,Краснодар,mass,2026-06-15 23:40:58,артём.108068@example-shop.ru,email
108069,Андрей,Москва,mass,2026-02-09 21:40:07,андрей.108069@example-shop.ru,email
108070,Иван,Нижний Новгород,standard,2026-01-17 09:20:11,иван.108070@example-shop.ru,social
108071,Мария,Самара,standard,2025-12-21 20:42:05,мария.108071@example-shop.ru,context
108072,Ольга,Москва,premium,2025-12-02 20:48:34,ольга.108072@example-shop.ru,email
108073,Екатерина,Новосибирск,mass,2026-04-26 14:42:37,екатерина.108073@example-shop.ru,email
108074,Максим,Москва,mass,2025-08-01 17:34:34,максим.108074@example-shop.ru,social
108075,Андрей,Москва,mass,2025-03-18 13:12:34,андрей.108075@example-shop.ru,referral
108076,Андрей,Воронеж,vip,2025-06-10 20:35:15,андрей.108076@example-shop.ru,context
108077,Артём,Екатеринбург,premium,2025-05-05 17:14:19,артём.108077@example-shop.ru,context
108078,Ольга,Уфа,premium,2026-06-06 08:02:27,ольга.108078@example-shop.ru,marketplace
108079,Алексей,Ростов-на-Дону,mass,2025-11-06 00:33:20,алексей.108079@example-shop.ru,referral
108080,Андрей,Тюмень,mass,2025-08-21 16:06:29,,organic
108081,Ксения,Казань,standard,2025-01-15 01:08:30,ксения.108081@example-shop.ru,context
108082,Сергей,Казань,mass,2026-01-23 12:59:27,сергей.108082@example-shop.ru,context
108083,Артём,Санкт-Петербург,mass,2025-12-19 10:02:42,артём.108083@example-shop.ru,organic
108084,Дарья,Нижний Новгород,mass,2026-03-18 16:31:51,дарья.108084@example-shop.ru,marketplace
108085,Екатерина,Екатеринбург,mass,2025-03-13 10:31:09,екатерина.108085@example-shop.ru,organic
108086,Иван,Ростов-на-Дону,mass,2025-12-25 08:23:59,иван.108086@example-shop.ru,context
108087,Екатерина,Санкт-Петербург,premium,2025-07-17 05:59:57,екатерина.108087@example-shop.ru,email
108088,Никита,Москва,standard,2025-05-07 18:29:01,никита.108088@example-shop.ru,organic
108089,Дарья,Воронеж,standard,2025-05-03 01:52:36,дарья.108089@example-shop.ru,context
108090,Наталья,Краснодар,mass,2025-06-06 22:49:36,наталья.108090@example-shop.ru,social
108091,Артём,Санкт-Петербург,standard,2026-02-04 11:51:05,артём.108091@example-shop.ru,context
108092,Елена,Самара,mass,2025-01-13 12:36:58,елена.108092@example-shop.ru,context
108093,Екатерина,Екатеринбург,mass,2026-06-01 07:41:43,екатерина.108093@example-shop.ru,social
108094,Дмитрий,Уфа,mass,2026-06-13 07:28:17,дмитрий.108094@example-shop.ru,marketplace
108095,Максим,Казань,mass,2026-06-12 11:45:12,максим.108095@example-shop.ru,marketplace
108096,Елена,Новосибирск,premium,2026-03-31 21:15:40,елена.108096@example-shop.ru,organic
108097,Максим,,premium,2025-06-26 10:58:32,максим.108097@example-shop.ru,social
108098,Ольга,Москва,mass,2025-08-09 04:28:15,ольга.108098@example-shop.ru,referral
108099,Мария,Уфа,standard,2025-03-11 01:46:16,мария.108099@example-shop.ru,context
108100,Роман,Казань,mass,2026-05-02 08:51:51,роман.108100@example-shop.ru,organic
108101,Сергей,Москва,mass,2026-02-24 21:19:02,сергей.108101@example-shop.ru,social
108102,Никита,Москва,standard,2025-03-25 18:08:21,никита.108102@example-shop.ru,context
108103,Анна,Казань,standard,2026-06-24 15:16:39,анна.108103@example-shop.ru,marketplace
108104,Екатерина,Ростов-на-Дону,standard,2025-01-23 21:51:13,екатерина.108104@example-shop.ru,organic
108105,Анна,Санкт-Петербург,mass,2026-02-23 05:47:30,анна.108105@example-shop.ru,organic
108106,Артём,Ростов-на-Дону,mass,2025-03-15 17:38:10,артём.108106@example-shop.ru,marketplace
108107,Наталья,Краснодар,mass,2026-02-13 14:53:56,наталья.108107@example-shop.ru,marketplace
108108,Сергей,Санкт-Петербург,mass,2026-04-27 11:07:30,,context
108109,Екатерина,Уфа,mass,2026-06-02 22:29:49,екатерина.108109@example-shop.ru,email
108110,Андрей,Москва,mass,2025-03-29 11:13:08,андрей.108110@example-shop.ru,email
108111,Максим,Казань,mass,2025-03-31 15:34:12,максим.108111@example-shop.ru,organic
108112,Андрей,Москва,mass,2025-02-07 03:05:30,андрей.108112@example-shop.ru,referral
108113,Анна,Москва,standard,2026-03-25 01:15:11,анна.108113@example-shop.ru,referral
108114,Елена,Москва,mass,2025-04-12 02:57:11,елена.108114@example-shop.ru,context
108115,Максим,Москва,mass,2025-08-01 21:45:45,максим.108115@example-shop.ru,marketplace
108116,Полина,Краснодар,premium,2025-08-15 05:01:04,полина.108116@example-shop.ru,marketplace
108117,Иван,Новосибирск,premium,2025-07-11 04:03:01,иван.108117@example-shop.ru,social
108118,Ольга,Омск,mass,2025-09-28 13:19:11,ольга.108118@example-shop.ru,organic
108119,Сергей,Новосибирск,mass,2025-07-10 02:27:58,сергей.108119@example-shop.ru,marketplace
108120,Андрей,Нижний Новгород,mass,2025-05-09 13:47:45,андрей.108120@example-shop.ru,social
108121,Наталья,Москва,premium,2025-07-31 09:11:12,наталья.108121@example-shop.ru,organic
108122,Полина,Новосибирск,mass,2026-03-16 02:46:29,полина.108122@example-shop.ru,referral
108123,Роман,Казань,mass,2025-03-06 07:09:05,роман.108123@example-shop.ru,referral
108124,Роман,Пермь,standard,2026-06-08 02:45:54,роман.108124@example-shop.ru,organic
108125,Дарья,Пермь,standard,2025-08-12 09:23:09,дарья.108125@example-shop.ru,organic
108126,Анна,Москва,mass,2025-06-08 12:08:13,анна.108126@example-shop.ru,email
108127,Сергей,Нижний Новгород,mass,2025-08-31 10:36:58,сергей.108127@example-shop.ru,marketplace
108128,Виктория,Нижний Новгород,mass,2026-05-23 10:37:33,виктория.108128@example-shop.ru,context
108129,Дмитрий,Новосибирск,mass,2026-03-17 23:07:18,дмитрий.108129@example-shop.ru,organic
108130,Иван,Москва,mass,2026-03-22 18:23:12,ИВАН.108130@EXAMPLE-SHOP.RU,context
108131,Иван,Самара,standard,2025-05-01 02:36:01,иван.108131@example-shop.ru,social
108132,Дарья,Уфа,standard,2026-04-28 21:08:42,дарья.108132@example-shop.ru,context
108133,Екатерина,Санкт-Петербург,standard,2026-01-20 20:21:02,екатерина.108133@example-shop.ru,social
108134,Елена,Новосибирск,standard,2025-02-02 12:51:35,елена.108134@example-shop.ru,organic
108135,Роман,Москва,mass,2025-08-21 18:25:17,роман.108135@example-shop.ru,email
108136,Екатерина,Пермь,mass,2026-03-31 13:16:06,екатерина.108136@example-shop.ru,email
108137,Андрей,Москва,standard,2025-10-18 04:52:44,андрей.108137@example-shop.ru,email
108138,Никита,Москва,mass,2025-11-16 07:54:00,никита.108138@example-shop.ru,context
108139,Ксения,Санкт-Петербург,mass,2025-07-24 05:09:07,ксения.108139@example-shop.ru,social
108140,Анна,Краснодар,mass,2025-01-21 20:25:20,анна.108140@example-shop.ru,context
108141,Дарья,Ростов-на-Дону,standard,2026-04-28 14:20:42,дарья.108141@example-shop.ru,context
108142,Ольга,Москва,standard,2026-02-15 17:44:49,ольга.108142@example-shop.ru,referral
108143,Сергей,,mass,2025-05-29 00:47:28,сергей.108143@example-shop.ru,email
108144,Михаил,Ростов-на-Дону,mass,2025-05-12 17:38:00,михаил.108144@example-shop.ru,email
108145,Михаил,Казань,standard,2025-10-10 08:53:26,михаил.108145@example-shop.ru,organic
108146,Сергей,Москва,mass,2026-03-11 09:45:01,сергей.108146@example-shop.ru,referral
108147,Полина,Омск,mass,2025-02-17 07:37:51,полина.108147@example-shop.ru,organic
108148,Анна,Москва,standard,2025-12-08 03:56:16,анна.108148@example-shop.ru,social
108149,Мария,Новосибирск,standard,2026-04-07 14:05:56,мария.108149@example-shop.ru,context
108150,Алексей,Москва,mass,2025-09-26 07:41:58,алексей.108150@example-shop.ru,email
108151,Андрей,Ростов-на-Дону,mass,2025-01-29 19:49:04,андрей.108151@example-shop.ru,marketplace
108152,Сергей,Уфа,premium,2025-01-13 17:51:22,сергей.108152@example-shop.ru,context
108153,Сергей,Казань,mass,2025-03-30 08:16:25,сергей.108153@example-shop.ru,email
108154,Михаил,Самара,premium,2026-04-30 20:56:43,михаил.108154@example-shop.ru,referral
108155,Сергей,Пермь,standard,2025-09-07 13:34:52,сергей.108155@example-shop.ru,social
108156,Виктория,Краснодар,premium,2025-03-22 10:08:31,виктория.108156@example-shop.ru,social
108157,Мария,Казань,mass,2026-05-09 03:57:41,мария.108157@example-shop.ru,context
108158,Анна,Екатеринбург,mass,2026-03-29 04:24:31,анна.108158@example-shop.ru,organic
108159,Никита,Воронеж,mass,2025-03-22 02:11:16,никита.108159@example-shop.ru,organic
108160,Наталья,Москва,mass,2026-01-11 01:09:56,наталья.108160@example-shop.ru,referral
108161,Анна,Москва,mass,2025-06-30 05:19:52,анна.108161@example-shop.ru,organic
108162,Ольга,Москва,mass,2025-02-07 22:00:40,ольга.108162@example-shop.ru,social
108163,Максим,Краснодар,mass,2025-02-03 19:00:12,максим.108163@example-shop.ru,marketplace
108164,Елена,Москва,standard,2025-10-23 12:10:24,елена.108164@example-shop.ru,referral
108165,Елена,Санкт-Петербург,mass,2026-04-05 17:00:03,елена.108165@example-shop.ru,organic
108166,Роман,Нижний Новгород,mass,2026-06-09 03:44:21,роман.108166@example-shop.ru,referral
108167,Иван,Москва,mass,2026-01-20 10:47:21,иван.108167@example-shop.ru,organic
108168,Максим,Санкт-Петербург,standard,2026-05-18 22:20:22,максим.108168@example-shop.ru,email
108169,Наталья,Екатеринбург,mass,2025-05-09 11:22:36,наталья.108169@example-shop.ru,organic
108170,Артём,Москва,standard,2025-03-21 17:34:57,артём.108170@example-shop.ru,organic
108171,Ксения,Тюмень,mass,2025-03-02 06:53:00,ксения.108171@example-shop.ru,marketplace
108172,Никита,Москва,standard,2025-04-05 09:14:21,никита.108172@example-shop.ru,context
108173,Елена,Краснодар,standard,2026-02-15 20:11:18,елена.108173@example-shop.ru,organic
108174,Артём,Екатеринбург,mass,2025-03-25 17:32:02,артём.108174@example-shop.ru,organic
108175,Алексей,Москва,standard,2025-08-24 16:19:24,алексей.108175@example-shop.ru,context
108176,Михаил,Москва,premium,2026-02-17 02:45:43,михаил.108176@example-shop.ru,email
108177,Анна,Екатеринбург,mass,2026-05-21 04:06:37,анна.108177@example-shop.ru,organic
108178,Мария,Санкт-Петербург,mass,2025-03-29 14:39:41,мария.108178@example-shop.ru,organic
108179,Екатерина,Москва,premium,2025-04-12 16:44:57,екатерина.108179@example-shop.ru,email
108180,Анна,Омск,premium,2025-02-05 04:43:32,анна.108180@example-shop.ru,context
108181,Наталья,Екатеринбург,standard,2025-03-03 03:44:26,наталья.108181@example-shop.ru,organic
108182,Иван,Пермь,mass,2025-08-01 17:32:39,иван.108182@example-shop.ru,organic
108183,Роман,Москва,mass,2025-06-21 09:52:30,роман.108183@example-shop.ru,marketplace
108184,Дарья,,premium,2026-06-11 22:54:49,дарья.108184@example-shop.ru,social
108185,Виктория,Нижний Новгород,standard,2025-08-31 03:46:48,виктория.108185@example-shop.ru,social
108186,Андрей,Санкт-Петербург,mass,2025-06-18 00:02:20,андрей.108186@example-shop.ru,social
108187,Сергей,Москва,mass,2025-09-13 17:58:58,сергей.108187@example-shop.ru,social
108188,Анна,Москва,standard,2026-01-30 17:00:26,анна.108188@example-shop.ru,email
108189,Анна,Москва,standard,2025-07-03 23:46:39,анна.108189@example-shop.ru,marketplace
108190,Дмитрий,Ростов-на-Дону,vip,2025-03-20 11:00:39,дмитрий.108190@example-shop.ru,social
108191,Дмитрий,Санкт-Петербург,mass,2025-08-18 07:24:01,дмитрий.108191@example-shop.ru,email
108192,Максим,Тюмень,mass,2025-12-05 12:35:16,максим.108192@example-shop.ru,organic
108193,Дмитрий,Москва,mass,2025-06-22 09:41:18,дмитрий.108193@example-shop.ru,social
108194,Виктория,Санкт-Петербург,mass,2025-11-13 17:39:01,виктория.108194@example-shop.ru,social
108195,Иван,Казань,mass,2025-06-26 19:22:37,иван.108195@example-shop.ru,organic
108196,Михаил,Екатеринбург,mass,2026-05-08 18:35:06,михаил.108196@example-shop.ru,organic
108197,Максим,Воронеж,mass,2026-04-29 18:52:04,максим.108197@example-shop.ru,organic
108198,Екатерина,Краснодар,mass,2026-01-26 12:34:05,екатерина.108198@example-shop.ru,context
108199,Артём,Москва,standard,2026-04-02 11:17:56,артём.108199@example-shop.ru,email
108200,Никита,Казань,mass,2025-03-07 19:51:54,никита.108200@example-shop.ru,organic
108201,Сергей,Краснодар,mass,2025-12-22 23:55:09,сергей.108201@example-shop.ru,social
108202,Елена,Москва,standard,2025-08-09 14:46:59,елена.108202@example-shop.ru,organic
108203,Виктория,Новосибирск,mass,2026-02-28 17:11:39,виктория.108203@example-shop.ru,social
108204,Екатерина,Санкт-Петербург,mass,2025-01-01 07:16:38,екатерина.108204@example-shop.ru,organic
108205,Сергей,Казань,premium,2025-04-13 07:48:56,сергей.108205@example-shop.ru,organic
108206,Виктория,Казань,standard,2025-05-12 08:14:20,виктория.108206@example-shop.ru,context
108207,Наталья,Казань,mass,2025-10-31 15:30:24,наталья.108207@example-shop.ru,organic
108208,Максим,Воронеж,premium,2026-06-14 08:56:43,максим.108208@example-shop.ru,context
108209,Максим,Новосибирск,premium,2026-05-04 11:09:06,максим.108209@example-shop.ru,social
108210,Никита,Пермь,standard,2025-09-06 09:05:53,никита.108210@example-shop.ru,marketplace
108211,Екатерина,Ростов-на-Дону,mass,2025-01-01 14:53:07,екатерина.108211@example-shop.ru,social
108212,Мария,Санкт-Петербург,standard,2026-04-18 19:54:55,мария.108212@example-shop.ru,social
108213,Полина,Екатеринбург,mass,2025-11-08 23:52:50,полина.108213@example-shop.ru,social
108214,Роман,Казань,mass,2025-01-13 22:22:32,роман.108214@example-shop.ru,context
108215,Мария,Краснодар,mass,2025-12-18 14:24:13,мария.108215@example-shop.ru,social
108216,Роман,Москва,standard,2026-04-25 15:09:23,роман.108216@example-shop.ru,social
108217,Виктория,Пермь,mass,2026-04-20 14:47:09,виктория.108217@example-shop.ru,social
108218,Никита,Нижний Новгород,premium,2026-04-30 17:18:01,,email
108219,Наталья,Нижний Новгород,vip,2026-06-16 16:45:39,наталья.108219@example-shop.ru,context
108220,Артём,Новосибирск,mass,2025-12-23 02:53:54,артём.108220@example-shop.ru,organic
108221,Максим,Новосибирск,mass,2025-11-30 18:19:08,максим.108221@example-shop.ru,social
108222,Максим,Самара,premium,2025-03-05 08:33:42,максим.108222@example-shop.ru,email
108223,Михаил,Самара,mass,2025-12-11 14:47:57,михаил.108223@example-shop.ru,email
108224,Андрей,Москва,standard,2026-04-23 10:17:25,андрей.108224@example-shop.ru,organic
108225,Ксения,Нижний Новгород,mass,2026-03-20 01:46:11,ксения.108225@example-shop.ru,social
108226,Дарья,Санкт-Петербург,mass,2026-05-06 10:13:11,дарья.108226@example-shop.ru,marketplace
108227,Михаил,Нижний Новгород,mass,2025-04-03 16:20:38,михаил.108227@example-shop.ru,organic
108228,Артём,Новосибирск,mass,2025-04-20 13:41:26,артём.108228@example-shop.ru,social
108229,Максим,Москва,premium,2026-04-13 18:08:52,максим.108229@example-shop.ru,context
108230,Дарья,Ростов-на-Дону,mass,2026-05-28 09:20:26,дарья.108230@example-shop.ru,email
108231,Максим,Екатеринбург,mass,2025-10-14 17:45:28,максим.108231@example-shop.ru,context
108232,Елена,Новосибирск,standard,2026-04-26 04:01:22,елена.108232@example-shop.ru,referral
108233,Ксения,Самара,premium,2026-01-07 17:53:08,ксения.108233@example-shop.ru,organic
108234,Виктория,Самара,mass,2025-04-22 15:47:01,виктория.108234@example-shop.ru,organic
108235,Ольга,Ростов-на-Дону,standard,2025-10-04 03:54:31,ольга.108235@example-shop.ru,organic
108236,Ксения,Москва,mass,2025-08-03 15:10:30,ксения.108236@example-shop.ru,organic
108237,Полина,Москва,standard,2026-03-07 12:54:33,полина.108237@example-shop.ru,email
108238,Максим,Самара,standard,2025-07-03 11:45:31,максим.108238@example-shop.ru,organic
108239,Артём,Москва,premium,2025-04-06 15:39:56,артём.108239@example-shop.ru,organic
108240,Наталья,Москва,standard,2025-09-29 12:48:04,наталья.108240@example-shop.ru,email
108241,Роман,Москва,premium,2025-09-27 14:11:58,роман.108241@example-shop.ru,context
108242,Полина,Санкт-Петербург,mass,2026-04-30 12:07:25,полина.108242@example-shop.ru,social
108243,Артём,Тюмень,standard,2025-01-05 10:52:44,артём.108243@example-shop.ru,organic
108244,Дарья,Москва,standard,2026-04-22 12:27:48,дарья.108244@example-shop.ru,marketplace
108245,Виктория,Санкт-Петербург,mass,2025-04-26 02:25:07,виктория.108245@example-shop.ru,social
108246,Ксения,Пермь,premium,2025-04-06 17:47:57,ксения.108246@example-shop.ru,organic
108247,Сергей,Омск,standard,2025-08-16 22:15:34,сергей.108247@example-shop.ru,social
108248,Ольга,Москва,premium,2025-10-28 08:49:02,ольга.108248@example-shop.ru,context
108249,Сергей,Воронеж,mass,2026-05-22 16:22:35,сергей.108249@example-shop.ru,context
108250,Полина,Москва,premium,2025-10-19 01:10:01,полина.108250@example-shop.ru,context
108251,Михаил,Уфа,mass,2025-03-21 05:51:42,михаил.108251@example-shop.ru,social
108252,Анна,Москва,vip,2025-09-03 11:12:34,анна.108252@example-shop.ru,social
108253,Алексей,Казань,mass,2026-05-17 17:04:48,алексей.108253@example-shop.ru,organic
108254,Артём,Москва,standard,2026-01-25 12:24:14,артём.108254@example-shop.ru,email
108255,Андрей,Ростов-на-Дону,mass,2025-04-29 16:13:36,андрей.108255@example-shop.ru,organic
108256,Наталья,Москва,standard,2025-12-19 01:17:02,наталья.108256@example-shop.ru,referral
108257,Виктория,Екатеринбург,mass,2026-02-04 20:35:53,виктория.108257@example-shop.ru,organic
108258,Дарья,Самара,premium,2025-05-30 22:24:23,дарья.108258@example-shop.ru,context
108259,Артём,Москва,premium,2025-10-15 18:11:22,артём.108259@example-shop.ru,social
108260,Никита,Воронеж,mass,2025-07-09 18:04:55,никита.108260@example-shop.ru,social
108261,Михаил,Санкт-Петербург,standard,2025-04-09 15:43:26,михаил.108261@example-shop.ru,email
108262,Роман,Москва,standard,2026-04-30 03:51:25,роман.108262@example-shop.ru,social
108263,Дарья,Москва,mass,2025-06-24 16:42:16,дарья.108263@example-shop.ru,marketplace
108264,Михаил,Санкт-Петербург,mass,2025-06-27 13:05:47,михаил.108264@example-shop.ru,marketplace
108265,Мария,Москва,mass,2025-02-25 07:26:12,мария.108265@example-shop.ru,marketplace
108266,Сергей,Новосибирск,mass,2025-08-31 00:38:09,сергей.108266@example-shop.ru,context
108267,Иван,Нижний Новгород,mass,2025-12-17 20:11:25,иван.108267@example-shop.ru,organic
108268,Артём,Казань,mass,2026-06-15 05:29:18,артём.108268@example-shop.ru,referral
108269,Иван,Казань,mass,2026-02-27 17:54:48,иван.108269@example-shop.ru,organic
108270,Артём,Уфа,premium,2026-04-13 05:14:00,артём.108270@example-shop.ru,email
108271,Максим,Санкт-Петербург,mass,2026-06-23 01:07:56,максим.108271@example-shop.ru,organic
108272,Алексей,Нижний Новгород,premium,2026-01-16 22:26:06,алексей.108272@example-shop.ru,email
108273,Иван,Воронеж,standard,2026-04-13 04:27:39,иван.108273@example-shop.ru,organic
108274,Артём,Москва,standard,2025-06-15 16:37:01,артём.108274@example-shop.ru,marketplace
108275,Мария,Нижний Новгород,mass,2026-01-25 17:42:55,мария.108275@example-shop.ru,referral
108276,Ксения,Омск,mass,2025-12-09 16:02:59,ксения.108276@example-shop.ru,organic
108277,Дарья,Новосибирск,premium,2025-09-04 01:03:52,дарья.108277@example-shop.ru,social
108278,Роман,Тюмень,standard,2025-12-16 21:37:28,роман.108278@example-shop.ru,social
108279,Анна,Санкт-Петербург,premium,2026-01-28 21:16:12,анна.108279@example-shop.ru,marketplace
108280,Дарья,Новосибирск,mass,2025-08-13 07:13:58,дарья.108280@example-shop.ru,social
108281,Михаил,Санкт-Петербург,standard,2026-04-05 04:19:54,михаил.108281@example-shop.ru,social
108282,Ольга,Москва,mass,2025-01-20 16:25:47,ольга.108282@example-shop.ru,context
108283,Алексей,Тюмень,standard,2025-06-26 15:09:36,алексей.108283@example-shop.ru,referral
108284,Артём,Москва,standard,2025-07-19 18:11:32,артём.108284@example-shop.ru,organic
108285,Дарья,Тюмень,mass,2026-03-29 14:44:48,дарья.108285@example-shop.ru,marketplace
108286,Алексей,Самара,mass,2025-10-04 22:23:08,алексей.108286@example-shop.ru,social
108287,Мария,Пермь,mass,2026-05-24 10:29:47,мария.108287@example-shop.ru,email
108288,Ольга,Омск,mass,2026-06-02 19:51:34,ольга.108288@example-shop.ru,email
108289,Артём,Новосибирск,mass,2026-02-01 11:38:51,артём.108289@example-shop.ru,organic
108290,Наталья,Тюмень,mass,2025-05-15 04:24:58,наталья.108290@example-shop.ru,context
108291,Сергей,Уфа,mass,2025-02-28 19:40:50,сергей.108291@example-shop.ru,organic
108292,Елена,Новосибирск,standard,2025-09-25 15:33:17,елена.108292@example-shop.ru,organic
108293,Мария,Самара,standard,2025-06-14 06:36:13,мария.108293@example-shop.ru,organic
108294,Алексей,Москва,mass,2026-02-03 07:09:00,алексей.108294@example-shop.ru,email
108295,Мария,Москва,mass,2025-10-12 07:37:30,мария.108295@example-shop.ru,social
108296,Екатерина,Санкт-Петербург,standard,2025-03-15 21:16:24,екатерина.108296@example-shop.ru,social
108297,Дарья,Казань,mass,2025-09-03 20:35:16,дарья.108297@example-shop.ru,social
108298,Сергей,Москва,mass,2025-08-07 23:23:01,сергей.108298@example-shop.ru,organic
108299,Мария,Новосибирск,mass,2025-01-03 19:00:17,мария.108299@example-shop.ru,context
108300,Сергей,Самара,vip,2025-10-24 23:54:37,сергей.108300@example-shop.ru,context
108301,Полина,Самара,mass,2026-05-25 15:06:28,полина.108301@example-shop.ru,marketplace
108302,Дмитрий,Воронеж,premium,2026-05-04 16:41:04,дмитрий.108302@example-shop.ru,referral
108303,Наталья,Омск,mass,2026-05-08 16:50:25,наталья.108303@example-shop.ru,organic
108304,Артём,Воронеж,mass,2026-05-03 04:24:34,артём.108304@example-shop.ru,referral
108305,Максим,Нижний Новгород,mass,2026-05-19 10:34:44,максим.108305@example-shop.ru,social
108306,Сергей,Москва,standard,2025-02-23 03:40:06,сергей.108306@example-shop.ru,organic
108307,Наталья,Омск,mass,2025-08-22 13:29:50,наталья.108307@example-shop.ru,organic
108308,Наталья,Москва,standard,2025-10-25 01:36:22,наталья.108308@example-shop.ru,organic
108309,Роман,Москва,vip,2026-03-31 04:33:05,роман.108309@example-shop.ru,email
108310,Виктория,Санкт-Петербург,mass,2025-07-23 08:46:59,виктория.108310@example-shop.ru,email
108311,Мария,Новосибирск,mass,2026-01-22 03:40:03,мария.108311@example-shop.ru,social
108312,Алексей,Самара,standard,2026-03-02 17:33:36,алексей.108312@example-shop.ru,organic
108313,Сергей,Москва,mass,2025-10-06 21:37:25,сергей.108313@example-shop.ru,context
108314,Никита,Уфа,standard,2025-05-12 10:30:11,никита.108314@example-shop.ru,context
108315,Алексей,Москва,premium,2025-02-12 00:53:20,алексей.108315@example-shop.ru,context
108316,Мария,Санкт-Петербург,mass,2025-08-31 10:15:12,мария.108316@example-shop.ru,social
108317,Екатерина,Санкт-Петербург,mass,2025-04-02 11:30:14,екатерина.108317@example-shop.ru,organic
108318,Наталья,Санкт-Петербург,standard,2025-12-18 00:45:02,наталья.108318@example-shop.ru,organic
108319,Дмитрий,Уфа,mass,2025-05-10 20:05:20,дмитрий.108319@example-shop.ru,social
108320,Дмитрий,Москва,mass,2026-04-23 20:31:29,дмитрий.108320@example-shop.ru,organic
108321,Екатерина,Москва,mass,2026-05-04 06:30:42,екатерина.108321@example-shop.ru,referral
108322,Артём,Москва,mass,2026-04-01 18:41:53,артём.108322@example-shop.ru,email
108323,Михаил,Уфа,mass,2025-12-29 15:00:59,михаил.108323@example-shop.ru,social
108324,Елена,Тюмень,standard,2025-03-05 01:08:56,елена.108324@example-shop.ru,marketplace
108325,Артём,Самара,mass,2026-06-20 18:02:43,артём.108325@example-shop.ru,social
108326,Ксения,Нижний Новгород,mass,2025-02-05 21:40:06,ксения.108326@example-shop.ru,email
108327,Максим,Пермь,vip,2025-11-05 16:55:49,максим.108327@example-shop.ru,social
108328,Ольга,Санкт-Петербург,mass,2026-03-15 07:20:50,ольга.108328@example-shop.ru,email
108329,Анна,Москва,mass,2025-02-16 03:56:15,анна.108329@example-shop.ru,context
108330,Михаил,Екатеринбург,premium,2025-09-28 19:50:18,михаил.108330@example-shop.ru,context
108331,Алексей,Санкт-Петербург,mass,2025-09-18 09:08:32,алексей.108331@example-shop.ru,context
108332,Дмитрий,Екатеринбург,premium,2025-04-18 09:23:12,дмитрий.108332@example-shop.ru,social
108333,Роман,Екатеринбург,standard,2025-03-02 22:08:26,роман.108333@example-shop.ru,context
108334,Алексей,Санкт-Петербург,mass,2026-05-11 21:49:33,алексей.108334@example-shop.ru,marketplace
108335,Полина,Екатеринбург,mass,2026-05-07 05:49:53,полина.108335@example-shop.ru,social
108336,Сергей,Казань,mass,2025-02-21 02:36:25,сергей.108336@example-shop.ru,context
108337,Ольга,Москва,standard,2025-06-01 17:55:15,ольга.108337@example-shop.ru,social
108338,Артём,Воронеж,mass,2025-08-02 18:34:44,артём.108338@example-shop.ru,email
108339,Михаил,Ростов-на-Дону,standard,2025-04-18 12:17:24,михаил.108339@example-shop.ru,email
108340,Наталья,Москва,standard,2025-02-06 05:52:34,наталья.108340@example-shop.ru,social
108341,Ксения,Москва,standard,2025-10-06 20:08:29,ксения.108341@example-shop.ru,organic
108342,Полина,Москва,mass,2025-08-29 21:41:12,полина.108342@example-shop.ru,email
108343,Дмитрий,Москва,standard,2026-03-16 20:41:44,дмитрий.108343@example-shop.ru,marketplace
108344,Роман,Москва,standard,2025-06-11 14:39:59,роман.108344@example-shop.ru,marketplace
108345,Максим,Москва,mass,2025-10-06 03:21:08,максим.108345@example-shop.ru,referral
108346,Полина,Краснодар,premium,2025-06-21 02:49:13,полина.108346@example-shop.ru,organic
108347,Елена,Краснодар,mass,2025-01-21 19:52:23,елена.108347@example-shop.ru,marketplace
108348,Елена,Уфа,vip,2026-02-01 13:04:34,елена.108348@example-shop.ru,organic
108349,Роман,Нижний Новгород,mass,2026-02-09 21:51:29,роман.108349@example-shop.ru,organic
108350,Дарья,Ростов-на-Дону,mass,2025-12-28 20:52:43,дарья.108350@example-shop.ru,social
108351,Иван,Ростов-на-Дону,standard,2025-01-19 13:39:11,иван.108351@example-shop.ru,context
108352,Виктория,Воронеж,mass,2026-01-15 14:23:32,виктория.108352@example-shop.ru,email
108353,Максим,Ростов-на-Дону,mass,2025-11-26 09:16:09,максим.108353@example-shop.ru,social
108354,Михаил,Ростов-на-Дону,mass,2025-08-29 08:16:56,михаил.108354@example-shop.ru,organic
108355,Виктория,Уфа,standard,2025-12-03 05:29:23,виктория.108355@example-shop.ru,social
108356,Полина,Новосибирск,mass,2025-03-02 09:15:14,полина.108356@example-shop.ru,email
108357,Никита,Москва,standard,2025-04-24 15:26:01,никита.108357@example-shop.ru,email
108358,Екатерина,Москва,standard,2025-03-12 07:56:43,екатерина.108358@example-shop.ru,organic
108359,Екатерина,Казань,mass,2025-09-01 09:12:19,екатерина.108359@example-shop.ru,context
108360,Ксения,Москва,mass,2026-05-03 22:01:09,ксения.108360@example-shop.ru,organic
108361,Анна,Москва,mass,2025-01-04 08:59:23,анна.108361@example-shop.ru,email
108362,Роман,Москва,premium,2025-09-01 03:16:05,роман.108362@example-shop.ru,social
108363,Дарья,Санкт-Петербург,standard,2025-06-04 14:31:33,дарья.108363@example-shop.ru,social
108364,Иван,Омск,premium,2026-05-26 22:43:15,иван.108364@example-shop.ru,context
108365,Ксения,Казань,standard,2025-12-04 13:06:50,ксения.108365@example-shop.ru,email
108366,Екатерина,Москва,standard,2025-05-01 23:36:05,екатерина.108366@example-shop.ru,email
108367,Максим,Казань,vip,2025-06-04 20:56:07,максим.108367@example-shop.ru,social
108368,Наталья,Санкт-Петербург,mass,2025-11-13 12:47:11,наталья.108368@example-shop.ru,organic
108369,Наталья,Самара,premium,2025-01-26 23:00:47,наталья.108369@example-shop.ru,context
108370,Никита,Нижний Новгород,mass,2025-02-06 14:29:47,никита.108370@example-shop.ru,marketplace
108371,Полина,Москва,mass,2026-01-03 11:22:27,полина.108371@example-shop.ru,social
108372,Андрей,Новосибирск,mass,2026-03-14 06:28:35,андрей.108372@example-shop.ru,email
108373,Екатерина,Москва,mass,2026-02-09 14:31:44,екатерина.108373@example-shop.ru,context
108374,Иван,Самара,mass,2025-04-04 14:43:02,иван.108374@example-shop.ru,context
108375,Никита,Пермь,mass,2026-04-16 07:51:37,никита.108375@example-shop.ru,organic
108376,Иван,Пермь,mass,2025-05-03 12:31:28,иван.108376@example-shop.ru,context
108377,Анна,Москва,premium,2026-04-23 04:08:28,анна.108377@example-shop.ru,organic
108378,Мария,Ростов-на-Дону,mass,2025-06-11 06:06:19,мария.108378@example-shop.ru,social
108379,Никита,Уфа,mass,2025-09-28 11:49:26,никита.108379@example-shop.ru,context
108380,Наталья,Воронеж,standard,2026-06-06 15:51:16,наталья.108380@example-shop.ru,email
108381,Дмитрий,Санкт-Петербург,standard,2025-08-11 00:15:24,дмитрий.108381@example-shop.ru,context
108382,Мария,Екатеринбург,standard,2025-12-30 22:31:44,мария.108382@example-shop.ru,organic
108383,Сергей,Москва,mass,2025-11-16 07:06:59,сергей.108383@example-shop.ru,organic
108384,Роман,Москва,mass,2025-02-10 19:01:34,роман.108384@example-shop.ru,organic
108385,Полина,Самара,premium,2026-03-09 00:06:42,полина.108385@example-shop.ru,referral
108386,Виктория,Казань,mass,2025-07-15 07:51:38,виктория.108386@example-shop.ru,social
108387,Михаил,Москва,standard,2025-09-17 01:20:41,михаил.108387@example-shop.ru,social
108388,Андрей,Краснодар,mass,2025-06-15 22:44:57,андрей.108388@example-shop.ru,email
108389,Никита,Екатеринбург,mass,2026-06-27 08:46:53,никита.108389@example-shop.ru,organic
108390,Елена,Тюмень,premium,2025-10-28 03:06:59,елена.108390@example-shop.ru,context
108391,Полина,Уфа,mass,2025-12-14 10:42:15,полина.108391@example-shop.ru,organic
108392,Артём,Воронеж,mass,2025-10-12 22:47:37,артём.108392@example-shop.ru,organic
108393,Никита,Уфа,standard,2025-06-17 22:02:01,никита.108393@example-shop.ru,context
108394,Иван,Москва,mass,2025-11-16 11:09:46,иван.108394@example-shop.ru,referral
108395,Мария,Москва,mass,2026-03-09 13:42:54,мария.108395@example-shop.ru,email
108396,Ксения,Пермь,mass,2025-02-21 18:43:26,ксения.108396@example-shop.ru,context
108397,Екатерина,Москва,mass,2025-03-24 04:01:23,екатерина.108397@example-shop.ru,context
108398,Анна,Казань,standard,2025-03-31 16:53:53,,marketplace
108399,Ксения,Нижний Новгород,mass,2026-05-26 00:05:45,ксения.108399@example-shop.ru,email
108400,Иван,Москва,mass,2025-11-11 06:11:31,ИВАН.108400@EXAMPLE-SHOP.RU,referral
108401,Екатерина,Москва,mass,2025-07-05 11:48:11,екатерина.108401@example-shop.ru,context
108402,Дмитрий,Екатеринбург,premium,2025-04-19 09:08:18,дмитрий.108402@example-shop.ru,context
108403,Мария,Санкт-Петербург,mass,2026-01-09 08:25:24,мария.108403@example-shop.ru,referral
108404,Андрей,Самара,premium,2025-10-14 00:20:21,андрей.108404@example-shop.ru,organic
108405,Андрей,Москва,mass,2025-12-07 19:01:51,андрей.108405@example-shop.ru,social
108406,Иван,Екатеринбург,mass,2026-01-25 21:26:29,иван.108406@example-shop.ru,organic
108407,Мария,Москва,standard,2025-02-22 06:01:11,мария.108407@example-shop.ru,social
108408,Михаил,Нижний Новгород,mass,2026-01-06 07:07:32,михаил.108408@example-shop.ru,social
108409,Алексей,Москва,standard,2026-01-29 06:47:08,алексей.108409@example-shop.ru,organic
108410,Роман,Москва,premium,2025-05-31 23:22:29,роман.108410@example-shop.ru,context
108411,Никита,Уфа,premium,2025-06-19 22:35:17,никита.108411@example-shop.ru,organic
108412,Дарья,Москва,mass,2025-11-19 15:38:31,дарья.108412@example-shop.ru,email
108413,Дмитрий,Ростов-на-Дону,standard,2025-07-27 17:50:45,дмитрий.108413@example-shop.ru,marketplace
108414,Анна,Санкт-Петербург,mass,2026-05-23 07:03:02,анна.108414@example-shop.ru,context
108415,Екатерина,Москва,standard,2025-02-22 14:32:23,екатерина.108415@example-shop.ru,organic
108416,Мария,Санкт-Петербург,mass,2025-04-03 02:04:13,мария.108416@example-shop.ru,marketplace
108417,Артём,Воронеж,mass,2026-03-18 11:54:11,артём.108417@example-shop.ru,email
108418,Сергей,Казань,mass,2026-01-07 03:51:48,сергей.108418@example-shop.ru,email
108419,Роман,Москва,mass,2026-04-14 20:21:32,роман.108419@example-shop.ru,context
108420,Дмитрий,Новосибирск,standard,2025-01-13 23:40:39,дмитрий.108420@example-shop.ru,organic
108421,Дарья,Казань,mass,2025-03-15 04:12:59,дарья.108421@example-shop.ru,marketplace
108422,Екатерина,Уфа,mass,2026-04-02 01:36:44,екатерина.108422@example-shop.ru,social
108423,Дмитрий,Тюмень,standard,2026-03-19 20:58:07,дмитрий.108423@example-shop.ru,context
108424,Ольга,Новосибирск,mass,2026-03-27 01:39:06,ольга.108424@example-shop.ru,email
108425,Мария,Екатеринбург,premium,2026-05-05 09:50:05,мария.108425@example-shop.ru,referral
108426,Сергей,Санкт-Петербург,mass,2025-05-06 15:09:53,сергей.108426@example-shop.ru,organic
108427,Елена,Тюмень,mass,2025-02-23 00:36:32,елена.108427@example-shop.ru,marketplace
108428,Иван,Екатеринбург,mass,2025-06-11 11:55:15,иван.108428@example-shop.ru,social
108429,Виктория,Москва,mass,2026-06-28 14:21:25,виктория.108429@example-shop.ru,organic
108430,Виктория,Омск,mass,2025-10-09 15:14:33,виктория.108430@example-shop.ru,organic
108431,Мария,Омск,standard,2025-01-03 11:31:06,мария.108431@example-shop.ru,social
108432,Анна,Казань,mass,2026-02-10 05:19:42,анна.108432@example-shop.ru,social
108433,Мария,Санкт-Петербург,premium,2026-04-05 02:39:58,мария.108433@example-shop.ru,organic
108434,Екатерина,Самара,mass,2025-03-08 16:46:37,екатерина.108434@example-shop.ru,social
108435,Максим,Краснодар,standard,2025-11-01 06:26:32,максим.108435@example-shop.ru,context
108436,Мария,Екатеринбург,mass,2026-02-10 22:55:09,мария.108436@example-shop.ru,context
108437,Анна,Санкт-Петербург,mass,2026-06-06 17:16:09,анна.108437@example-shop.ru,marketplace
108438,Полина,Санкт-Петербург,mass,2025-11-27 21:12:44,полина.108438@example-shop.ru,context
108439,Елена,Санкт-Петербург,mass,2025-07-04 06:20:48,елена.108439@example-shop.ru,marketplace
108440,Екатерина,Москва,standard,2026-05-12 00:10:43,екатерина.108440@example-shop.ru,context
108441,Наталья,Уфа,mass,2025-07-16 15:53:28,наталья.108441@example-shop.ru,organic
108442,Анна,Москва,mass,2025-12-12 03:39:46,анна.108442@example-shop.ru,organic
108443,Максим,Казань,vip,2026-04-04 00:08:32,максим.108443@example-shop.ru,marketplace
108444,Алексей,Краснодар,mass,2025-10-17 01:33:31,алексей.108444@example-shop.ru,organic
108445,Роман,Казань,mass,2026-01-23 07:46:22,роман.108445@example-shop.ru,organic
108446,Максим,Санкт-Петербург,mass,2026-04-04 17:53:13,максим.108446@example-shop.ru,context
108447,Наталья,Омск,mass,2025-11-24 06:46:51,наталья.108447@example-shop.ru,referral
108448,Анна,Москва,mass,2025-08-17 23:45:22,анна.108448@example-shop.ru,context
108449,Андрей,Воронеж,standard,2025-12-18 04:33:02,андрей.108449@example-shop.ru,organic
108450,Дмитрий,Москва,standard,2025-08-07 13:57:59,ДМИТРИЙ.108450@EXAMPLE-SHOP.RU,social
108451,Виктория,Казань,standard,2026-01-08 00:54:23,виктория.108451@example-shop.ru,marketplace
108452,Ксения,Нижний Новгород,mass,2025-02-14 09:26:10,ксения.108452@example-shop.ru,marketplace
108453,Роман,Казань,mass,2025-01-27 01:46:07,роман.108453@example-shop.ru,marketplace
108454,Михаил,Новосибирск,standard,2025-09-16 19:19:39,михаил.108454@example-shop.ru,context
108455,Ксения,Москва,mass,2025-03-06 04:36:22,ксения.108455@example-shop.ru,organic
108456,Анна,Новосибирск,mass,2026-02-03 06:06:34,анна.108456@example-shop.ru,organic
108457,Полина,Москва,mass,2025-04-09 18:50:21,полина.108457@example-shop.ru,email
108458,Виктория,Уфа,standard,2025-09-30 05:36:43,виктория.108458@example-shop.ru,referral
108459,Сергей,Нижний Новгород,mass,2025-04-07 08:22:23,сергей.108459@example-shop.ru,social
108460,Елена,Екатеринбург,premium,2026-05-18 09:48:33,елена.108460@example-shop.ru,social
108461,Роман,Москва,mass,2026-04-05 09:13:09,роман.108461@example-shop.ru,context
108462,Полина,Екатеринбург,vip,2025-01-01 21:26:07,полина.108462@example-shop.ru,social
108463,Екатерина,Новосибирск,mass,2025-08-04 00:11:18,екатерина.108463@example-shop.ru,context
108464,Алексей,Санкт-Петербург,standard,2026-05-29 11:11:11,алексей.108464@example-shop.ru,context
108465,Наталья,Самара,mass,2025-09-24 17:40:00,наталья.108465@example-shop.ru,organic
108466,Роман,Москва,premium,2026-04-06 02:06:00,роман.108466@example-shop.ru,organic
108467,Ольга,Москва,mass,2025-02-18 17:18:31,ольга.108467@example-shop.ru,organic
108468,Дарья,Ростов-на-Дону,premium,2025-08-22 21:37:14,дарья.108468@example-shop.ru,marketplace
108469,Роман,Москва,standard,2026-04-20 11:21:26,роман.108469@example-shop.ru,marketplace
108470,Мария,Москва,standard,2025-04-17 03:40:13,мария.108470@example-shop.ru,email
108471,Виктория,Самара,mass,2025-01-06 14:14:49,виктория.108471@example-shop.ru,email
108472,Анна,Ростов-на-Дону,mass,2026-02-05 05:57:53,анна.108472@example-shop.ru,organic
108473,Наталья,Москва,vip,2025-02-15 09:30:46,наталья.108473@example-shop.ru,organic
108474,Ольга,Москва,premium,2025-06-13 21:49:31,ольга.108474@example-shop.ru,organic
108475,Андрей,,mass,2026-03-19 14:23:26,андрей.108475@example-shop.ru,organic
108476,Ксения,Нижний Новгород,mass,2026-05-02 01:07:04,ксения.108476@example-shop.ru,referral
108477,Наталья,Екатеринбург,mass,2025-03-13 04:12:34,наталья.108477@example-shop.ru,organic
108478,Артём,Самара,mass,2025-09-28 19:51:46,артём.108478@example-shop.ru,marketplace
108479,Михаил,Ростов-на-Дону,mass,2026-03-09 09:07:09,михаил.108479@example-shop.ru,referral
108480,Екатерина,Омск,premium,2025-08-02 06:55:03,екатерина.108480@example-shop.ru,organic
108481,Михаил,Санкт-Петербург,mass,2025-07-10 23:27:42,михаил.108481@example-shop.ru,email
108482,Дарья,Москва,premium,2025-10-24 01:17:58,дарья.108482@example-shop.ru,email
108483,Полина,Санкт-Петербург,vip,2026-02-27 23:21:37,полина.108483@example-shop.ru,social
108484,Андрей,Москва,mass,2025-01-22 23:34:45,андрей.108484@example-shop.ru,organic
108485,Иван,Казань,mass,2025-01-28 10:38:52,иван.108485@example-shop.ru,context
108486,Наталья,Воронеж,mass,2025-02-28 02:58:32,наталья.108486@example-shop.ru,social
108487,Наталья,Санкт-Петербург,mass,2025-07-05 23:42:25,наталья.108487@example-shop.ru,referral
108488,Артём,Москва,standard,2025-06-01 12:14:43,артём.108488@example-shop.ru,context
108489,Артём,Новосибирск,standard,2025-09-20 07:03:44,артём.108489@example-shop.ru,marketplace
108490,Роман,Тюмень,mass,2025-06-13 22:48:33,роман.108490@example-shop.ru,organic
108491,Сергей,Москва,premium,2025-12-08 00:12:54,сергей.108491@example-shop.ru,marketplace
108492,Елена,Уфа,mass,2025-06-25 07:53:46,елена.108492@example-shop.ru,organic
108493,Наталья,Краснодар,mass,2026-04-01 17:45:30,наталья.108493@example-shop.ru,email
108494,Ксения,Казань,vip,2025-06-18 18:35:18,ксения.108494@example-shop.ru,organic
108495,Максим,Нижний Новгород,mass,2025-05-14 05:39:00,максим.108495@example-shop.ru,email
108496,Алексей,Казань,mass,2026-04-14 20:06:56,алексей.108496@example-shop.ru,email
108497,Полина,Санкт-Петербург,mass,2025-12-26 02:15:38,полина.108497@example-shop.ru,context
108498,Анна,Казань,mass,2025-03-24 17:09:26,анна.108498@example-shop.ru,organic
108499,Михаил,Москва,mass,2025-01-27 12:09:03,михаил.108499@example-shop.ru,marketplace
108500,Андрей,Ростов-на-Дону,standard,2026-03-10 08:47:49,андрей.108500@example-shop.ru,marketplace
108501,Елена,Краснодар,mass,2025-12-09 00:59:16,елена.108501@example-shop.ru,email
108502,Максим,Санкт-Петербург,standard,2026-05-24 14:32:00,максим.108502@example-shop.ru,context
108503,Елена,Новосибирск,mass,2025-06-28 20:44:18,елена.108503@example-shop.ru,organic
108504,Иван,Москва,mass,2025-01-26 18:24:55,иван.108504@example-shop.ru,context
108505,Анна,Москва,premium,2025-09-08 02:17:49,анна.108505@example-shop.ru,referral
108506,Анна,Самара,standard,2025-02-13 12:32:37,анна.108506@example-shop.ru,organic
108507,Наталья,Москва,standard,2025-03-20 18:49:08,наталья.108507@example-shop.ru,organic
108508,Артём,Уфа,mass,2026-03-06 05:02:02,артём.108508@example-shop.ru,marketplace
108509,Алексей,Санкт-Петербург,mass,2025-07-26 11:16:57,алексей.108509@example-shop.ru,referral
108510,Андрей,Краснодар,premium,2026-04-25 17:24:31,андрей.108510@example-shop.ru,referral
108511,Екатерина,Санкт-Петербург,premium,2025-10-07 23:48:03,екатерина.108511@example-shop.ru,marketplace
108512,Мария,Санкт-Петербург,standard,2025-12-20 06:41:17,мария.108512@example-shop.ru,social
108513,Андрей,Ростов-на-Дону,mass,2026-03-31 14:19:07,андрей.108513@example-shop.ru,context
108514,Алексей,Новосибирск,mass,2025-09-09 08:19:40,алексей.108514@example-shop.ru,marketplace
108515,Виктория,Москва,mass,2025-06-24 07:30:44,виктория.108515@example-shop.ru,marketplace
108516,Наталья,Краснодар,mass,2026-02-24 03:23:44,наталья.108516@example-shop.ru,organic
108517,Артём,Санкт-Петербург,mass,2026-03-29 17:02:42,артём.108517@example-shop.ru,context
108518,Полина,Москва,mass,2025-06-13 08:11:52,полина.108518@example-shop.ru,context
108519,Никита,Казань,mass,2026-03-25 13:19:52,никита.108519@example-shop.ru,organic
108520,Елена,Новосибирск,standard,2026-06-25 12:08:43,елена.108520@example-shop.ru,organic
108521,Виктория,Нижний Новгород,standard,2025-04-16 14:46:54,виктория.108521@example-shop.ru,organic
108522,Полина,Краснодар,standard,2026-04-08 03:45:11,полина.108522@example-shop.ru,referral
108523,Роман,Новосибирск,mass,2025-02-17 08:42:43,роман.108523@example-shop.ru,organic
108524,Ксения,Москва,mass,2026-04-29 11:41:59,ксения.108524@example-shop.ru,marketplace
108525,Сергей,Санкт-Петербург,vip,2026-05-01 14:13:30,сергей.108525@example-shop.ru,social
108526,Елена,Москва,mass,2026-04-11 21:51:57,елена.108526@example-shop.ru,context
108527,Артём,Ростов-на-Дону,premium,2025-07-10 02:08:20,артём.108527@example-shop.ru,email
108528,Андрей,Москва,mass,2026-05-24 10:08:58,андрей.108528@example-shop.ru,referral
108529,Никита,Нижний Новгород,standard,2025-10-29 21:19:59,никита.108529@example-shop.ru,email
108530,Екатерина,Нижний Новгород,mass,2025-02-05 03:35:25,екатерина.108530@example-shop.ru,marketplace
108531,Роман,Уфа,standard,2026-04-08 22:03:54,роман.108531@example-shop.ru,email
108532,Артём,Москва,premium,2026-05-11 04:51:04,артём.108532@example-shop.ru,email
108533,Максим,Москва,mass,2025-06-15 05:20:46,максим.108533@example-shop.ru,referral
108534,Сергей,Пермь,standard,2025-05-16 11:43:26,сергей.108534@example-shop.ru,context
108535,Наталья,Новосибирск,premium,2025-11-07 04:17:39,наталья.108535@example-shop.ru,referral
108536,Андрей,Екатеринбург,standard,2025-07-15 17:58:55,андрей.108536@example-shop.ru,social
108537,Виктория,Ростов-на-Дону,mass,2025-12-15 07:18:49,виктория.108537@example-shop.ru,marketplace
108538,Дарья,Пермь,mass,2025-07-21 23:03:34,дарья.108538@example-shop.ru,social
108539,Алексей,Санкт-Петербург,premium,2025-04-29 15:07:41,алексей.108539@example-shop.ru,organic
108540,Дарья,Пермь,standard,2025-05-07 16:14:05,дарья.108540@example-shop.ru,context
108541,Артём,Москва,premium,2025-12-25 10:40:07,артём.108541@example-shop.ru,context
108542,Полина,Тюмень,mass,2025-08-27 22:36:36,полина.108542@example-shop.ru,context
108543,Наталья,Москва,standard,2025-01-09 07:59:33,наталья.108543@example-shop.ru,social
108544,Наталья,Санкт-Петербург,standard,2025-10-03 12:12:04,наталья.108544@example-shop.ru,marketplace
108545,Иван,Москва,premium,2026-03-06 09:17:20,иван.108545@example-shop.ru,context
108546,Андрей,Уфа,standard,2025-03-23 00:31:37,андрей.108546@example-shop.ru,marketplace
108547,Роман,Тюмень,mass,2025-05-14 01:28:41,роман.108547@example-shop.ru,email
108548,Ксения,Санкт-Петербург,standard,2025-07-15 22:30:22,ксения.108548@example-shop.ru,organic
108549,Мария,Санкт-Петербург,standard,2026-05-21 06:46:21,мария.108549@example-shop.ru,context
108550,Дмитрий,Санкт-Петербург,mass,2025-07-09 17:45:20,дмитрий.108550@example-shop.ru,marketplace
108551,Ксения,Москва,mass,2026-04-02 13:57:31,ксения.108551@example-shop.ru,email
108552,Алексей,Уфа,premium,2026-01-03 16:41:19,алексей.108552@example-shop.ru,organic
108553,Артём,Москва,mass,2026-06-25 15:43:49,артём.108553@example-shop.ru,social
108554,Сергей,Омск,mass,2025-11-13 12:39:08,сергей.108554@example-shop.ru,organic
108555,Никита,Пермь,standard,2025-06-22 17:56:22,никита.108555@example-shop.ru,social
108556,Ксения,Москва,vip,2026-01-26 06:42:29,ксения.108556@example-shop.ru,organic
108557,Ксения,Новосибирск,standard,2025-02-19 05:45:17,ксения.108557@example-shop.ru,context
108558,Елена,Тюмень,mass,2026-03-04 05:58:52,елена.108558@example-shop.ru,context
108559,Виктория,Краснодар,mass,2025-05-08 13:02:23,виктория.108559@example-shop.ru,social
108560,Роман,Ростов-на-Дону,mass,2025-12-30 12:26:23,роман.108560@example-shop.ru,organic
108561,Полина,Москва,mass,2025-11-13 02:39:19,полина.108561@example-shop.ru,referral
108562,Алексей,Москва,standard,2025-05-12 11:28:32,алексей.108562@example-shop.ru,email
108563,Полина,Уфа,mass,2025-09-20 07:19:20,полина.108563@example-shop.ru,social
108564,Ольга,Казань,mass,2025-10-01 15:43:26,ольга.108564@example-shop.ru,marketplace
108565,Иван,Самара,premium,2026-02-23 00:53:50,иван.108565@example-shop.ru,email
108566,Михаил,Ростов-на-Дону,mass,2025-09-12 06:47:58,михаил.108566@example-shop.ru,organic
108567,Дарья,Казань,mass,2025-02-01 16:52:37,дарья.108567@example-shop.ru,organic
108568,Иван,Москва,mass,2025-02-10 08:34:35,иван.108568@example-shop.ru,referral
108569,Алексей,Казань,mass,2025-12-29 04:31:28,алексей.108569@example-shop.ru,referral
108570,Ксения,Воронеж,mass,2026-05-03 11:49:09,ксения.108570@example-shop.ru,marketplace
108571,Никита,Санкт-Петербург,vip,2025-08-26 04:29:56,никита.108571@example-shop.ru,organic
108572,Анна,Москва,premium,2025-02-19 19:58:28,анна.108572@example-shop.ru,organic
108573,Никита,Омск,standard,2025-04-04 04:39:12,никита.108573@example-shop.ru,email
108574,Никита,Самара,standard,2026-06-17 03:52:08,никита.108574@example-shop.ru,marketplace
108575,Полина,Новосибирск,mass,2026-01-19 07:14:27,полина.108575@example-shop.ru,context
108576,Дмитрий,Краснодар,premium,2025-01-18 07:14:08,дмитрий.108576@example-shop.ru,social
108577,Виктория,Казань,mass,2025-05-22 09:38:29,виктория.108577@example-shop.ru,email
108578,Полина,Тюмень,mass,2026-02-02 16:11:57,полина.108578@example-shop.ru,context
108579,Никита,Краснодар,mass,2025-12-11 05:10:52,никита.108579@example-shop.ru,email
108580,Михаил,Санкт-Петербург,mass,2025-06-06 17:28:28,михаил.108580@example-shop.ru,marketplace
108581,Анна,Казань,mass,2026-01-15 07:38:18,анна.108581@example-shop.ru,organic
108582,Мария,Санкт-Петербург,mass,2026-05-09 01:41:46,мария.108582@example-shop.ru,organic
108583,Елена,Самара,mass,2026-05-06 13:53:19,елена.108583@example-shop.ru,marketplace
108584,Мария,Нижний Новгород,mass,2026-03-26 02:20:14,мария.108584@example-shop.ru,context
108585,Анна,Новосибирск,mass,2025-07-13 02:07:09,анна.108585@example-shop.ru,organic
108586,Мария,Омск,standard,2025-01-14 15:08:33,мария.108586@example-shop.ru,social
108587,Дарья,Екатеринбург,mass,2025-08-01 22:39:16,дарья.108587@example-shop.ru,social
108588,Виктория,Уфа,standard,2025-01-12 23:06:53,виктория.108588@example-shop.ru,organic
108589,Артём,Самара,mass,2025-11-07 17:37:48,артём.108589@example-shop.ru,referral
108590,Андрей,Новосибирск,mass,2025-11-25 17:44:19,андрей.108590@example-shop.ru,organic
108591,Сергей,Москва,standard,2025-07-06 06:37:55,сергей.108591@example-shop.ru,organic
108592,Сергей,Самара,standard,2025-03-23 12:39:28,сергей.108592@example-shop.ru,organic
108593,Дмитрий,Самара,mass,2025-10-13 23:16:11,дмитрий.108593@example-shop.ru,social
108594,Сергей,Москва,mass,2025-01-08 17:11:41,сергей.108594@example-shop.ru,email
108595,Анна,Уфа,standard,2025-05-31 14:26:04,анна.108595@example-shop.ru,social
108596,Виктория,Екатеринбург,mass,2026-06-12 10:19:39,виктория.108596@example-shop.ru,email
108597,Полина,Санкт-Петербург,mass,2026-05-14 05:29:31,полина.108597@example-shop.ru,organic
108598,Артём,Краснодар,mass,2025-12-11 21:50:30,артём.108598@example-shop.ru,context
108599,Елена,Санкт-Петербург,premium,2025-07-23 20:03:48,елена.108599@example-shop.ru,context
108600,Екатерина,Нижний Новгород,mass,2025-01-06 21:41:28,екатерина.108600@example-shop.ru,email
108601,Андрей,Нижний Новгород,premium,2025-12-21 06:39:48,андрей.108601@example-shop.ru,social
108602,Наталья,Москва,standard,2025-09-25 07:59:55,наталья.108602@example-shop.ru,email
108603,Елена,Казань,standard,2026-01-24 19:54:31,елена.108603@example-shop.ru,context
108604,Роман,Москва,mass,2025-03-27 20:34:54,роман.108604@example-shop.ru,marketplace
108605,Анна,Москва,standard,2026-03-29 12:34:49,анна.108605@example-shop.ru,email
108606,Полина,Самара,mass,2026-03-15 19:46:55,полина.108606@example-shop.ru,marketplace
108607,Максим,Москва,mass,2025-08-22 08:45:39,максим.108607@example-shop.ru,organic
108608,Ольга,Омск,mass,2025-01-16 15:09:42,ольга.108608@example-shop.ru,organic
108609,Роман,Казань,standard,2025-09-12 04:04:30,роман.108609@example-shop.ru,social
108610,Алексей,Санкт-Петербург,standard,2025-07-22 03:34:53,алексей.108610@example-shop.ru,social
108611,Дмитрий,Пермь,premium,2026-02-19 17:22:28,дмитрий.108611@example-shop.ru,email
108612,Иван,Екатеринбург,mass,2025-05-10 17:24:37,иван.108612@example-shop.ru,organic
108613,Ольга,Нижний Новгород,premium,2025-01-10 19:40:50,ольга.108613@example-shop.ru,social
108614,Виктория,Самара,premium,2026-06-19 13:49:09,виктория.108614@example-shop.ru,organic
108615,Анна,Воронеж,premium,2025-05-12 11:54:00,анна.108615@example-shop.ru,social
108616,Максим,Москва,standard,2025-02-12 13:41:59,максим.108616@example-shop.ru,organic
108617,Дарья,Москва,mass,2026-04-13 02:00:33,дарья.108617@example-shop.ru,marketplace
108618,Никита,Тюмень,premium,2026-01-28 08:08:59,никита.108618@example-shop.ru,organic
108619,Алексей,Москва,standard,2025-05-27 10:59:07,алексей.108619@example-shop.ru,social
108620,Михаил,Ростов-на-Дону,standard,2025-09-18 12:36:17,михаил.108620@example-shop.ru,organic
108621,Алексей,Нижний Новгород,mass,2026-01-11 03:08:42,алексей.108621@example-shop.ru,organic
108622,Артём,Новосибирск,mass,2026-03-21 23:41:15,артём.108622@example-shop.ru,social
108623,Ксения,Уфа,mass,2025-07-23 05:07:43,ксения.108623@example-shop.ru,organic
108624,Дарья,Тюмень,mass,2025-04-27 18:19:07,дарья.108624@example-shop.ru,social
108625,Дмитрий,Москва,mass,2025-01-09 00:27:08,дмитрий.108625@example-shop.ru,organic
108626,Елена,Нижний Новгород,premium,2026-04-12 03:15:36,елена.108626@example-shop.ru,referral
108627,Дарья,Ростов-на-Дону,mass,2026-03-20 17:59:36,дарья.108627@example-shop.ru,email
108628,Андрей,Санкт-Петербург,mass,2026-06-02 22:48:12,андрей.108628@example-shop.ru,email
108629,Елена,Воронеж,mass,2026-02-12 11:14:54,елена.108629@example-shop.ru,organic
108630,Алексей,Екатеринбург,mass,2025-04-27 03:26:47,алексей.108630@example-shop.ru,social
108631,Сергей,Москва,mass,2025-05-11 22:56:13,сергей.108631@example-shop.ru,organic
108632,Михаил,Краснодар,standard,2025-05-13 07:06:08,,context
108633,Сергей,Омск,vip,2025-09-07 17:47:29,сергей.108633@example-shop.ru,email
108634,Никита,Москва,mass,2026-06-10 04:46:18,никита.108634@example-shop.ru,organic
108635,Андрей,Ростов-на-Дону,mass,2026-01-12 13:18:12,андрей.108635@example-shop.ru,organic
108636,Дарья,Москва,standard,2025-08-25 14:23:09,дарья.108636@example-shop.ru,email
108637,Алексей,Москва,mass,2026-02-06 23:06:33,алексей.108637@example-shop.ru,context
108638,Ксения,Санкт-Петербург,standard,2026-04-01 04:58:47,ксения.108638@example-shop.ru,organic
108639,Дарья,Краснодар,standard,2025-08-08 22:16:12,дарья.108639@example-shop.ru,marketplace
108640,Ольга,Москва,premium,2026-04-05 02:58:41,ольга.108640@example-shop.ru,organic
108641,Виктория,Москва,mass,2025-01-11 00:10:23,виктория.108641@example-shop.ru,email
108642,Андрей,Ростов-на-Дону,vip,2025-06-19 09:57:05,андрей.108642@example-shop.ru,organic
108643,Никита,Казань,vip,2025-04-03 13:46:34,никита.108643@example-shop.ru,marketplace
108644,Виктория,Москва,mass,2025-04-08 10:30:31,виктория.108644@example-shop.ru,email
108645,Алексей,Москва,mass,2025-04-21 12:23:43,алексей.108645@example-shop.ru,organic
108646,Михаил,Уфа,mass,2025-07-19 18:12:57,михаил.108646@example-shop.ru,marketplace
108647,Екатерина,Нижний Новгород,mass,2026-01-31 00:27:57,екатерина.108647@example-shop.ru,organic
108648,Мария,Уфа,vip,2025-11-19 14:05:20,мария.108648@example-shop.ru,email
108649,Андрей,Москва,mass,2025-08-29 09:28:31,андрей.108649@example-shop.ru,referral
108650,Дмитрий,Екатеринбург,mass,2025-09-28 21:52:53,дмитрий.108650@example-shop.ru,organic
108651,Ксения,Уфа,mass,2025-04-10 20:59:41,ксения.108651@example-shop.ru,social
108652,Виктория,Санкт-Петербург,standard,2026-02-06 13:18:13,виктория.108652@example-shop.ru,organic
108653,Максим,Москва,premium,2026-02-16 11:57:31,максим.108653@example-shop.ru,social
108654,Мария,Казань,standard,2025-10-27 02:25:18,мария.108654@example-shop.ru,social
108655,Алексей,Санкт-Петербург,standard,2026-03-20 19:11:36,алексей.108655@example-shop.ru,context
108656,Роман,Москва,mass,2026-03-16 00:08:01,роман.108656@example-shop.ru,email
108657,Ольга,Омск,standard,2026-03-15 09:02:53,ольга.108657@example-shop.ru,marketplace
108658,Андрей,Екатеринбург,mass,2025-02-26 15:30:26,андрей.108658@example-shop.ru,social
108659,Дмитрий,Нижний Новгород,mass,2025-02-16 22:11:15,дмитрий.108659@example-shop.ru,referral
108660,Никита,Москва,standard,2025-08-28 07:21:20,никита.108660@example-shop.ru,organic
108661,Никита,Нижний Новгород,vip,2025-02-01 00:58:20,никита.108661@example-shop.ru,marketplace
108662,Иван,Новосибирск,standard,2025-01-09 18:06:03,иван.108662@example-shop.ru,email
108663,Михаил,Пермь,standard,2025-03-13 07:11:48,михаил.108663@example-shop.ru,marketplace
108664,Никита,,mass,2025-03-07 20:09:25,никита.108664@example-shop.ru,email
108665,Максим,Уфа,mass,2025-06-27 14:00:40,максим.108665@example-shop.ru,context
108666,Мария,Санкт-Петербург,mass,2025-06-30 16:06:55,,organic
108667,Ксения,Новосибирск,standard,2026-03-23 16:13:27,ксения.108667@example-shop.ru,social
108668,Наталья,Пермь,standard,2026-05-07 07:47:24,наталья.108668@example-shop.ru,organic
108669,Алексей,Нижний Новгород,standard,2025-04-03 18:34:19,алексей.108669@example-shop.ru,social
108670,Андрей,Ростов-на-Дону,mass,2025-07-27 04:25:51,андрей.108670@example-shop.ru,context
108671,Екатерина,Воронеж,mass,2025-10-04 23:42:56,екатерина.108671@example-shop.ru,referral
108672,Мария,Пермь,mass,2025-05-30 00:56:43,мария.108672@example-shop.ru,social
108673,Елена,Москва,standard,2025-06-30 07:25:57,елена.108673@example-shop.ru,organic
108674,Алексей,,vip,2026-01-01 13:54:53,алексей.108674@example-shop.ru,referral
108675,Полина,Новосибирск,mass,2025-08-20 20:39:15,полина.108675@example-shop.ru,context
108676,Алексей,Тюмень,standard,2026-01-19 09:24:02,алексей.108676@example-shop.ru,organic
108677,Дарья,Екатеринбург,standard,2025-02-10 19:04:15,дарья.108677@example-shop.ru,context
108678,Артём,Санкт-Петербург,mass,2025-09-20 07:46:42,артём.108678@example-shop.ru,organic
108679,Виктория,Новосибирск,mass,2025-06-19 06:31:45,ВИКТОРИЯ.108679@EXAMPLE-SHOP.RU,context
108680,Андрей,Москва,mass,2025-06-07 05:49:30,андрей.108680@example-shop.ru,organic
108681,Ксения,Москва,premium,2025-09-13 06:39:55,ксения.108681@example-shop.ru,organic
108682,Иван,Москва,mass,2025-06-14 11:40:50,иван.108682@example-shop.ru,context
108683,Алексей,Москва,mass,2026-02-18 05:27:27,алексей.108683@example-shop.ru,context
108684,Иван,Ростов-на-Дону,mass,2025-04-12 02:56:34,иван.108684@example-shop.ru,email
108685,Екатерина,Санкт-Петербург,standard,2026-05-02 17:34:16,екатерина.108685@example-shop.ru,organic
108686,Виктория,Москва,mass,2025-07-17 14:40:07,виктория.108686@example-shop.ru,context
108687,Мария,Новосибирск,vip,2025-10-15 04:12:50,мария.108687@example-shop.ru,organic
108688,Дмитрий,Санкт-Петербург,mass,2025-04-02 16:45:20,дмитрий.108688@example-shop.ru,organic
108689,Артём,Казань,premium,2026-05-16 23:25:47,артём.108689@example-shop.ru,context
108690,Роман,Санкт-Петербург,standard,2025-12-17 09:25:47,роман.108690@example-shop.ru,social
108691,Максим,Москва,mass,2026-02-24 12:17:54,максим.108691@example-shop.ru,referral
108692,Никита,Самара,standard,2026-05-03 14:32:31,никита.108692@example-shop.ru,email
108693,Полина,Москва,standard,2026-06-27 14:35:56,полина.108693@example-shop.ru,marketplace
108694,Дарья,Москва,mass,2025-05-19 13:37:48,дарья.108694@example-shop.ru,marketplace
108695,Наталья,Москва,standard,2025-06-29 06:31:12,наталья.108695@example-shop.ru,organic
108696,Ксения,Санкт-Петербург,standard,2025-05-13 00:10:27,ксения.108696@example-shop.ru,organic
108697,Роман,Москва,standard,2025-10-01 08:36:19,роман.108697@example-shop.ru,social
108698,Артём,Санкт-Петербург,standard,2026-05-05 11:50:13,артём.108698@example-shop.ru,social
108699,Сергей,Москва,standard,2026-02-07 08:17:20,сергей.108699@example-shop.ru,social
108700,Андрей,Москва,mass,2025-11-06 13:52:24,андрей.108700@example-shop.ru,social
108701,Виктория,Воронеж,mass,2025-09-16 02:20:32,виктория.108701@example-shop.ru,marketplace
108702,Анна,Санкт-Петербург,mass,2026-02-02 17:27:36,анна.108702@example-shop.ru,social
108703,Полина,Москва,standard,2025-09-12 16:40:32,полина.108703@example-shop.ru,marketplace
108704,Мария,Новосибирск,mass,2026-04-30 13:52:41,мария.108704@example-shop.ru,marketplace
108705,Екатерина,Москва,mass,2025-11-01 18:26:21,екатерина.108705@example-shop.ru,context
108706,Екатерина,Уфа,standard,2025-12-29 09:50:39,екатерина.108706@example-shop.ru,organic
108707,Виктория,Москва,mass,2026-01-06 06:01:57,виктория.108707@example-shop.ru,context
108708,Мария,Екатеринбург,mass,2026-02-09 15:21:42,мария.108708@example-shop.ru,context
108709,Наталья,Омск,premium,2025-09-18 12:19:28,наталья.108709@example-shop.ru,marketplace
108710,Ксения,Москва,standard,2025-07-30 21:15:58,ксения.108710@example-shop.ru,marketplace
108711,Дмитрий,Москва,standard,2025-08-15 03:24:03,дмитрий.108711@example-shop.ru,organic
108712,Екатерина,Нижний Новгород,mass,2026-05-27 07:14:26,екатерина.108712@example-shop.ru,organic
108713,Ксения,Тюмень,standard,2025-03-01 18:57:25,ксения.108713@example-shop.ru,email
108714,Полина,Казань,premium,2026-01-19 15:00:41,полина.108714@example-shop.ru,social
108715,Артём,Самара,mass,2026-06-08 10:54:44,артём.108715@example-shop.ru,email
108716,Максим,Москва,mass,2025-02-09 01:45:55,максим.108716@example-shop.ru,context
108717,Екатерина,Самара,mass,2025-12-03 17:27:09,екатерина.108717@example-shop.ru,organic
108718,Наталья,Санкт-Петербург,premium,2025-11-21 09:25:58,наталья.108718@example-shop.ru,organic
108719,Михаил,Нижний Новгород,mass,2025-07-02 04:59:32,михаил.108719@example-shop.ru,organic
108720,Роман,Москва,mass,2025-02-21 14:06:35,роман.108720@example-shop.ru,context
108721,Роман,Новосибирск,mass,2026-01-05 07:25:50,роман.108721@example-shop.ru,organic
108722,Дмитрий,Москва,vip,2025-10-12 13:19:01,дмитрий.108722@example-shop.ru,context
108723,Дарья,Самара,mass,2026-02-14 16:26:00,дарья.108723@example-shop.ru,email
108724,Артём,Ростов-на-Дону,mass,2025-02-18 05:24:56,артём.108724@example-shop.ru,organic
108725,Никита,Краснодар,premium,2026-05-25 09:36:56,никита.108725@example-shop.ru,marketplace
108726,Екатерина,Тюмень,mass,2025-12-08 20:18:48,екатерина.108726@example-shop.ru,organic
108727,Ксения,Екатеринбург,standard,2025-08-30 05:29:25,ксения.108727@example-shop.ru,referral
108728,Полина,Самара,mass,2025-09-06 17:15:54,полина.108728@example-shop.ru,organic
108729,Полина,Москва,mass,2026-06-03 20:09:13,полина.108729@example-shop.ru,email
108730,Роман,Пермь,mass,2025-10-29 10:16:30,роман.108730@example-shop.ru,organic
108731,Виктория,Нижний Новгород,mass,2025-11-13 05:12:39,виктория.108731@example-shop.ru,context
108732,Иван,Казань,mass,2025-12-20 16:16:23,иван.108732@example-shop.ru,marketplace
108733,Ольга,Казань,standard,2025-06-20 07:40:57,ольга.108733@example-shop.ru,organic
108734,Наталья,Ростов-на-Дону,mass,2025-05-17 10:33:09,наталья.108734@example-shop.ru,email
108735,Дарья,Краснодар,mass,2026-02-14 09:00:56,дарья.108735@example-shop.ru,referral
108736,Виктория,Уфа,standard,2025-06-24 03:20:09,виктория.108736@example-shop.ru,context
108737,Сергей,Новосибирск,premium,2025-01-19 15:43:38,сергей.108737@example-shop.ru,organic
108738,Иван,Казань,mass,2025-09-20 17:26:59,иван.108738@example-shop.ru,email
108739,Роман,Омск,mass,2025-01-06 13:01:43,роман.108739@example-shop.ru,marketplace
108740,Сергей,Нижний Новгород,mass,2025-11-05 15:21:14,сергей.108740@example-shop.ru,organic
108741,Алексей,Новосибирск,premium,2025-12-18 02:49:03,алексей.108741@example-shop.ru,email
108742,Елена,Нижний Новгород,premium,2026-05-19 09:17:33,елена.108742@example-shop.ru,email
108743,Ксения,Нижний Новгород,mass,2025-11-27 17:37:18,ксения.108743@example-shop.ru,social
108744,Иван,Ростов-на-Дону,mass,2025-07-11 18:53:32,,email
108745,Сергей,Новосибирск,mass,2025-12-17 01:59:06,сергей.108745@example-shop.ru,organic
108746,Артём,Воронеж,standard,2025-11-19 11:49:56,артём.108746@example-shop.ru,social
108747,Мария,Краснодар,mass,2026-02-08 22:15:20,мария.108747@example-shop.ru,marketplace
108748,Анна,Екатеринбург,mass,2026-05-18 18:53:27,анна.108748@example-shop.ru,email
108749,Никита,Москва,mass,2025-02-22 20:36:42,никита.108749@example-shop.ru,organic
108750,Виктория,Новосибирск,standard,2026-01-27 05:10:23,виктория.108750@example-shop.ru,social
108751,Дмитрий,Нижний Новгород,vip,2026-03-15 15:40:34,дмитрий.108751@example-shop.ru,organic
108752,Анна,Новосибирск,mass,2025-06-28 22:42:40,анна.108752@example-shop.ru,organic
108753,Сергей,Воронеж,premium,2025-08-08 21:07:39,сергей.108753@example-shop.ru,organic
108754,Роман,Москва,mass,2025-08-15 00:21:23,,organic
108755,Роман,Санкт-Петербург,standard,2025-07-23 14:02:47,роман.108755@example-shop.ru,social
108756,Анна,Воронеж,premium,2026-04-24 22:29:46,анна.108756@example-shop.ru,context
108757,Роман,Пермь,standard,2025-06-27 17:42:26,роман.108757@example-shop.ru,email
108758,Ксения,Казань,mass,2025-08-27 12:56:25,ксения.108758@example-shop.ru,marketplace
108759,Дмитрий,Москва,mass,2025-11-15 17:17:07,дмитрий.108759@example-shop.ru,social
108760,Алексей,Казань,standard,2025-05-18 08:43:55,алексей.108760@example-shop.ru,organic
108761,Полина,Екатеринбург,standard,2026-01-16 09:13:22,полина.108761@example-shop.ru,marketplace
108762,Артём,Новосибирск,mass,2025-10-13 01:45:48,артём.108762@example-shop.ru,organic
108763,Дарья,Санкт-Петербург,standard,2025-04-03 16:59:41,дарья.108763@example-shop.ru,social
108764,Максим,Санкт-Петербург,mass,2025-04-12 08:51:23,максим.108764@example-shop.ru,organic
108765,Елена,Самара,mass,2025-01-15 19:45:11,елена.108765@example-shop.ru,marketplace
108766,Дмитрий,Нижний Новгород,standard,2025-11-14 05:09:05,дмитрий.108766@example-shop.ru,context
108767,Дмитрий,Самара,mass,2026-03-13 10:31:31,дмитрий.108767@example-shop.ru,marketplace
108768,Наталья,Казань,mass,2026-06-25 08:50:31,наталья.108768@example-shop.ru,marketplace
108769,Иван,Санкт-Петербург,mass,2025-12-26 14:35:20,иван.108769@example-shop.ru,marketplace
108770,Андрей,Санкт-Петербург,premium,2026-06-13 06:10:49,андрей.108770@example-shop.ru,email
108771,Артём,Омск,mass,2026-06-23 13:05:21,артём.108771@example-shop.ru,referral
108772,Никита,Казань,mass,2025-12-01 12:29:48,никита.108772@example-shop.ru,marketplace
108773,Артём,Нижний Новгород,mass,2025-07-24 10:13:19,артём.108773@example-shop.ru,organic
108774,Максим,Новосибирск,mass,2026-04-29 00:32:08,максим.108774@example-shop.ru,email
108775,Артём,Воронеж,mass,2025-12-11 18:03:11,артём.108775@example-shop.ru,organic
108776,Анна,Санкт-Петербург,mass,2026-03-21 06:11:54,анна.108776@example-shop.ru,context
108777,Андрей,Казань,mass,2025-05-04 08:04:41,андрей.108777@example-shop.ru,context
108778,Роман,Краснодар,standard,2026-06-03 02:45:01,роман.108778@example-shop.ru,marketplace
108779,Иван,Москва,mass,2025-08-22 21:40:02,иван.108779@example-shop.ru,context
108780,Виктория,Нижний Новгород,mass,2026-04-21 20:05:52,виктория.108780@example-shop.ru,social
108781,Артём,Казань,standard,2025-07-24 12:22:48,артём.108781@example-shop.ru,social
108782,Дмитрий,Тюмень,mass,2026-05-06 09:48:27,дмитрий.108782@example-shop.ru,referral
108783,Иван,Ростов-на-Дону,mass,2026-01-02 17:36:21,иван.108783@example-shop.ru,organic
108784,Дарья,Москва,vip,2025-05-06 02:28:50,дарья.108784@example-shop.ru,social
108785,Елена,Краснодар,standard,2025-03-22 21:45:56,елена.108785@example-shop.ru,social
108786,Артём,Ростов-на-Дону,standard,2025-03-28 02:53:05,артём.108786@example-shop.ru,marketplace
108787,Дмитрий,Новосибирск,mass,2025-07-24 03:18:23,дмитрий.108787@example-shop.ru,marketplace
108788,Екатерина,Москва,vip,2025-01-24 23:09:04,екатерина.108788@example-shop.ru,organic
108789,Алексей,Москва,mass,2025-10-26 22:28:44,алексей.108789@example-shop.ru,organic
108790,Ольга,Нижний Новгород,mass,2025-12-26 07:43:16,ольга.108790@example-shop.ru,referral
108791,Артём,Казань,standard,2026-02-10 17:57:09,артём.108791@example-shop.ru,social
108792,Сергей,Воронеж,mass,2026-05-24 18:15:20,сергей.108792@example-shop.ru,referral
108793,Михаил,Санкт-Петербург,standard,2026-03-13 05:14:04,михаил.108793@example-shop.ru,email
108794,Анна,Нижний Новгород,mass,2026-06-26 15:33:28,анна.108794@example-shop.ru,organic
108795,Сергей,Москва,mass,2025-11-26 00:25:48,сергей.108795@example-shop.ru,marketplace
108796,Дарья,Нижний Новгород,standard,2026-04-10 12:38:26,дарья.108796@example-shop.ru,organic
108797,Максим,Москва,mass,2026-02-27 03:19:27,максим.108797@example-shop.ru,marketplace
108798,Анна,Казань,standard,2026-03-29 21:37:01,анна.108798@example-shop.ru,context
108799,Андрей,Москва,mass,2025-08-12 19:35:58,андрей.108799@example-shop.ru,email
108800,Дарья,Нижний Новгород,mass,2025-10-10 18:59:13,дарья.108800@example-shop.ru,organic
108801,Екатерина,Санкт-Петербург,standard,2026-05-14 02:50:38,екатерина.108801@example-shop.ru,social
108802,Дарья,Уфа,mass,2025-09-04 07:36:44,дарья.108802@example-shop.ru,organic
108803,Дарья,Москва,standard,2025-11-27 10:46:08,дарья.108803@example-shop.ru,referral
108804,Роман,Новосибирск,mass,2025-12-15 23:20:22,роман.108804@example-shop.ru,marketplace
108805,Артём,Нижний Новгород,mass,2025-04-11 18:04:34,,email
108806,Алексей,Москва,mass,2025-01-13 09:00:49,алексей.108806@example-shop.ru,referral
108807,Виктория,Москва,standard,2026-01-14 21:51:07,виктория.108807@example-shop.ru,organic
108808,Елена,Санкт-Петербург,mass,2026-03-09 21:45:08,ЕЛЕНА.108808@EXAMPLE-SHOP.RU,marketplace
108809,Дарья,Нижний Новгород,mass,2025-11-14 10:07:07,дарья.108809@example-shop.ru,context
108810,Наталья,Омск,vip,2025-12-25 07:53:11,наталья.108810@example-shop.ru,social
108811,Никита,Москва,mass,2025-02-06 09:54:24,никита.108811@example-shop.ru,organic
108812,Виктория,Ростов-на-Дону,standard,2025-04-03 16:14:28,виктория.108812@example-shop.ru,email
108813,Виктория,Самара,mass,2026-02-07 00:53:00,виктория.108813@example-shop.ru,context
108814,Никита,Самара,mass,2025-12-13 10:54:53,никита.108814@example-shop.ru,context
108815,Наталья,Новосибирск,mass,2025-04-18 19:42:17,наталья.108815@example-shop.ru,organic
108816,Ольга,Омск,mass,2025-11-23 17:03:37,ольга.108816@example-shop.ru,social
108817,Ольга,Екатеринбург,standard,2025-01-20 03:26:23,ольга.108817@example-shop.ru,organic
108818,Ксения,Краснодар,mass,2026-03-06 11:02:21,ксения.108818@example-shop.ru,marketplace
108819,Дарья,Санкт-Петербург,mass,2025-01-15 14:42:13,дарья.108819@example-shop.ru,email
108820,Анна,Уфа,standard,2026-04-02 10:12:20,анна.108820@example-shop.ru,marketplace
108821,Наталья,Тюмень,standard,2025-05-02 22:34:30,наталья.108821@example-shop.ru,context
108822,Ольга,Пермь,mass,2025-05-19 02:43:35,ольга.108822@example-shop.ru,referral
108823,Михаил,Санкт-Петербург,mass,2026-05-20 13:58:23,михаил.108823@example-shop.ru,context
108824,Мария,Краснодар,mass,2026-03-20 21:22:01,мария.108824@example-shop.ru,marketplace
108825,Роман,Москва,premium,2025-07-03 09:56:56,роман.108825@example-shop.ru,context
108826,Роман,Самара,standard,2025-04-10 05:48:48,роман.108826@example-shop.ru,context
108827,Дмитрий,Санкт-Петербург,standard,2025-03-01 17:34:22,дмитрий.108827@example-shop.ru,context
108828,Анна,Самара,mass,2025-08-03 20:18:11,анна.108828@example-shop.ru,social
108829,Михаил,Казань,mass,2025-11-13 15:18:54,михаил.108829@example-shop.ru,marketplace
108830,Елена,Москва,mass,2025-09-26 11:49:07,елена.108830@example-shop.ru,organic
108831,Никита,Москва,mass,2026-05-04 16:43:45,никита.108831@example-shop.ru,referral
108832,Дарья,Москва,mass,2026-03-15 16:30:03,дарья.108832@example-shop.ru,context
108833,Полина,Казань,mass,2025-05-22 20:26:25,полина.108833@example-shop.ru,organic
108834,Артём,Краснодар,mass,2026-05-07 02:08:12,артём.108834@example-shop.ru,marketplace
108835,Никита,Ростов-на-Дону,mass,2025-09-09 16:41:37,никита.108835@example-shop.ru,email
108836,Алексей,Уфа,mass,2025-01-10 09:11:36,алексей.108836@example-shop.ru,marketplace
108837,Елена,Уфа,mass,2026-04-10 00:27:01,елена.108837@example-shop.ru,context
108838,Алексей,Казань,standard,2026-02-06 19:09:29,алексей.108838@example-shop.ru,email
108839,Екатерина,Екатеринбург,standard,2025-07-13 15:40:53,екатерина.108839@example-shop.ru,referral
108840,Артём,Екатеринбург,mass,2026-04-24 05:58:34,артём.108840@example-shop.ru,social
108841,Елена,Москва,standard,2026-05-09 15:10:41,елена.108841@example-shop.ru,organic
108842,Максим,Нижний Новгород,mass,2026-06-05 02:18:49,максим.108842@example-shop.ru,organic
108843,Михаил,Ростов-на-Дону,mass,2026-05-13 08:16:23,михаил.108843@example-shop.ru,organic
108844,Анна,Нижний Новгород,premium,2025-05-26 23:59:26,анна.108844@example-shop.ru,referral
108845,Артём,Ростов-на-Дону,mass,2025-10-31 21:32:53,артём.108845@example-shop.ru,email
108846,Михаил,Москва,standard,2025-04-05 06:19:18,михаил.108846@example-shop.ru,social
108847,Дмитрий,Уфа,mass,2026-01-07 12:38:03,дмитрий.108847@example-shop.ru,organic
108848,Дмитрий,Москва,mass,2025-09-29 22:11:55,дмитрий.108848@example-shop.ru,email
108849,Ольга,Воронеж,mass,2026-04-25 05:15:16,ольга.108849@example-shop.ru,organic
108850,Виктория,Москва,mass,2026-05-07 01:07:23,виктория.108850@example-shop.ru,marketplace
108851,Елена,Екатеринбург,mass,2025-06-23 05:53:04,елена.108851@example-shop.ru,context
108852,Ольга,Екатеринбург,mass,2025-06-22 00:13:31,ольга.108852@example-shop.ru,referral
108853,Артём,Санкт-Петербург,mass,2025-01-18 10:21:32,артём.108853@example-shop.ru,organic
108854,Анна,Санкт-Петербург,mass,2025-10-03 06:11:38,анна.108854@example-shop.ru,context
108855,Виктория,Москва,mass,2025-07-29 15:51:41,виктория.108855@example-shop.ru,social
108856,Иван,Новосибирск,mass,2026-06-27 13:51:32,иван.108856@example-shop.ru,social
108857,Иван,Пермь,mass,2026-03-22 16:13:04,иван.108857@example-shop.ru,organic
108858,Дмитрий,Санкт-Петербург,mass,2025-09-06 12:54:08,дмитрий.108858@example-shop.ru,social
108859,Елена,Екатеринбург,standard,2025-11-06 11:11:49,елена.108859@example-shop.ru,organic
108860,Алексей,Воронеж,vip,2025-12-09 09:31:04,алексей.108860@example-shop.ru,marketplace
108861,Полина,Екатеринбург,mass,2026-05-08 03:14:50,полина.108861@example-shop.ru,context
108862,Максим,Краснодар,mass,2026-06-27 14:23:30,максим.108862@example-shop.ru,context
108863,Андрей,Екатеринбург,premium,2025-08-16 22:35:13,андрей.108863@example-shop.ru,social
108864,Никита,Екатеринбург,standard,2025-07-20 03:44:30,никита.108864@example-shop.ru,email
108865,Андрей,Москва,vip,2026-01-24 14:54:32,андрей.108865@example-shop.ru,organic
108866,Андрей,Москва,standard,2025-05-29 17:55:27,андрей.108866@example-shop.ru,referral
108867,Иван,Нижний Новгород,standard,2025-03-18 13:56:20,иван.108867@example-shop.ru,marketplace
108868,Ольга,Краснодар,mass,2025-06-04 02:13:59,ольга.108868@example-shop.ru,context
108869,Роман,Москва,mass,2025-06-22 09:10:50,роман.108869@example-shop.ru,organic
108870,Виктория,Пермь,standard,2025-12-03 06:32:01,виктория.108870@example-shop.ru,organic
108871,Алексей,Санкт-Петербург,mass,2026-02-05 22:02:42,алексей.108871@example-shop.ru,marketplace
108872,Виктория,Казань,standard,2025-03-30 16:09:57,виктория.108872@example-shop.ru,organic
108873,Андрей,Воронеж,vip,2025-01-25 12:15:29,андрей.108873@example-shop.ru,organic
108874,Андрей,Воронеж,mass,2025-03-31 15:55:21,андрей.108874@example-shop.ru,marketplace
108875,Ольга,Новосибирск,mass,2026-05-12 16:35:11,ольга.108875@example-shop.ru,email
108876,Дмитрий,Санкт-Петербург,premium,2025-05-22 18:32:38,,context
108877,Максим,Москва,premium,2025-10-15 21:39:56,максим.108877@example-shop.ru,organic
108878,Елена,Санкт-Петербург,standard,2025-10-22 19:26:05,елена.108878@example-shop.ru,social
108879,Максим,Уфа,standard,2025-06-01 12:36:21,максим.108879@example-shop.ru,email
108880,Максим,Санкт-Петербург,vip,2026-04-06 01:49:10,максим.108880@example-shop.ru,context
108881,Наталья,Самара,mass,2025-02-05 12:27:26,наталья.108881@example-shop.ru,organic
108882,Алексей,Москва,mass,2025-10-16 10:51:40,алексей.108882@example-shop.ru,marketplace
108883,Елена,Екатеринбург,mass,2025-08-14 10:38:31,елена.108883@example-shop.ru,email
108884,Максим,Санкт-Петербург,mass,2026-03-03 12:57:00,максим.108884@example-shop.ru,context
108885,Анна,Екатеринбург,standard,2025-04-18 11:40:40,анна.108885@example-shop.ru,marketplace
108886,Ксения,Новосибирск,mass,2026-06-06 20:50:48,ксения.108886@example-shop.ru,social
108887,Екатерина,Тюмень,standard,2026-03-08 21:02:55,екатерина.108887@example-shop.ru,marketplace
108888,Никита,Воронеж,mass,2026-02-08 07:13:11,никита.108888@example-shop.ru,organic
108889,Виктория,Самара,standard,2025-09-27 12:56:23,виктория.108889@example-shop.ru,context
108890,Иван,Москва,mass,2025-12-17 07:40:26,иван.108890@example-shop.ru,referral
108891,Никита,Пермь,mass,2025-04-24 04:34:11,никита.108891@example-shop.ru,context
108892,Наталья,Воронеж,mass,2025-01-05 11:10:58,наталья.108892@example-shop.ru,context
108893,Екатерина,Воронеж,mass,2026-02-11 09:26:02,екатерина.108893@example-shop.ru,referral
108894,Ольга,Екатеринбург,mass,2025-09-02 09:13:14,ольга.108894@example-shop.ru,social
108895,Наталья,Москва,standard,2025-07-12 02:45:14,наталья.108895@example-shop.ru,context
108896,Наталья,Ростов-на-Дону,mass,2025-05-27 02:05:14,наталья.108896@example-shop.ru,context
108897,Елена,Казань,vip,2025-12-05 02:51:52,елена.108897@example-shop.ru,referral
108898,Виктория,Санкт-Петербург,premium,2025-10-07 06:29:24,виктория.108898@example-shop.ru,social
108899,Роман,Казань,mass,2026-01-03 21:47:51,роман.108899@example-shop.ru,context
108900,Алексей,Новосибирск,mass,2026-06-03 08:11:05,алексей.108900@example-shop.ru,organic
108901,Иван,Санкт-Петербург,mass,2026-04-01 07:48:54,иван.108901@example-shop.ru,organic
108902,Андрей,Самара,mass,2025-06-24 15:27:09,андрей.108902@example-shop.ru,email
108903,Виктория,Самара,mass,2025-05-12 18:57:57,виктория.108903@example-shop.ru,email
108904,Полина,Екатеринбург,premium,2025-03-29 15:01:46,полина.108904@example-shop.ru,social
108905,Михаил,Москва,premium,2025-11-07 03:32:06,михаил.108905@example-shop.ru,social
108906,Екатерина,Пермь,mass,2026-03-27 02:43:20,екатерина.108906@example-shop.ru,organic
108907,Ксения,Казань,standard,2025-05-18 23:46:08,ксения.108907@example-shop.ru,context
108908,Екатерина,Екатеринбург,premium,2026-06-24 20:49:31,екатерина.108908@example-shop.ru,social
108909,Максим,,mass,2025-08-22 23:00:31,максим.108909@example-shop.ru,context
108910,Артём,Санкт-Петербург,premium,2026-03-02 03:19:44,артём.108910@example-shop.ru,organic
108911,Дмитрий,Самара,vip,2025-06-12 12:34:19,,organic
108912,Максим,Москва,vip,2025-03-17 10:10:02,максим.108912@example-shop.ru,marketplace
108913,Екатерина,Воронеж,standard,2025-10-07 10:51:36,екатерина.108913@example-shop.ru,social
108914,Иван,Москва,mass,2025-10-28 03:05:19,иван.108914@example-shop.ru,email
108915,Екатерина,Тюмень,mass,2025-09-18 16:10:50,екатерина.108915@example-shop.ru,referral
108916,Виктория,Нижний Новгород,vip,2025-08-09 19:53:18,виктория.108916@example-shop.ru,email
108917,Максим,Москва,mass,2025-12-21 05:57:07,максим.108917@example-shop.ru,organic
108918,Алексей,Новосибирск,mass,2025-12-12 05:18:00,алексей.108918@example-shop.ru,organic
108919,Роман,Санкт-Петербург,mass,2025-03-24 12:08:24,роман.108919@example-shop.ru,social
108920,Андрей,Омск,mass,2025-12-31 09:26:44,андрей.108920@example-shop.ru,social
108921,Роман,Ростов-на-Дону,mass,2025-07-01 07:05:22,роман.108921@example-shop.ru,organic
108922,Сергей,Екатеринбург,standard,2026-03-16 20:44:23,сергей.108922@example-shop.ru,social
108923,Екатерина,Казань,mass,2025-09-29 06:28:07,екатерина.108923@example-shop.ru,organic
108924,Сергей,Тюмень,mass,2025-05-11 20:19:53,сергей.108924@example-shop.ru,organic
108925,Ольга,Самара,mass,2025-04-09 04:00:58,ольга.108925@example-shop.ru,marketplace
108926,Максим,Новосибирск,standard,2026-06-10 17:59:42,максим.108926@example-shop.ru,social
108927,Дмитрий,Казань,standard,2026-01-27 15:57:30,дмитрий.108927@example-shop.ru,context
108928,Полина,Санкт-Петербург,premium,2025-04-28 00:08:01,полина.108928@example-shop.ru,organic
108929,Екатерина,Ростов-на-Дону,premium,2025-10-01 10:41:34,екатерина.108929@example-shop.ru,marketplace
108930,Анна,Нижний Новгород,mass,2025-03-09 15:12:07,анна.108930@example-shop.ru,marketplace
108931,Ксения,Краснодар,premium,2026-03-31 15:25:02,ксения.108931@example-shop.ru,organic
108932,Анна,Новосибирск,mass,2026-03-28 17:38:09,анна.108932@example-shop.ru,context
108933,Виктория,Нижний Новгород,standard,2026-03-14 17:57:01,виктория.108933@example-shop.ru,social
108934,Анна,Екатеринбург,standard,2025-09-10 11:17:57,анна.108934@example-shop.ru,organic
108935,Ольга,Уфа,mass,2025-04-01 09:57:27,ольга.108935@example-shop.ru,social
108936,Екатерина,Казань,mass,2025-09-25 04:12:42,екатерина.108936@example-shop.ru,organic
108937,Полина,Краснодар,standard,2025-10-06 04:08:31,полина.108937@example-shop.ru,organic
108938,Полина,Санкт-Петербург,mass,2025-06-23 17:03:35,полина.108938@example-shop.ru,social
108939,Ксения,Самара,standard,2025-07-25 21:30:55,ксения.108939@example-shop.ru,context
108940,Дмитрий,Воронеж,mass,2025-01-26 07:05:06,дмитрий.108940@example-shop.ru,social
108941,Мария,Уфа,standard,2025-10-13 04:57:58,мария.108941@example-shop.ru,organic
108942,Никита,Санкт-Петербург,premium,2025-04-16 12:18:07,никита.108942@example-shop.ru,social
108943,Никита,Ростов-на-Дону,mass,2026-04-04 06:09:12,никита.108943@example-shop.ru,marketplace
108944,Елена,Москва,mass,2026-02-20 02:10:36,елена.108944@example-shop.ru,social
108945,Алексей,Москва,standard,2025-11-26 00:36:38,алексей.108945@example-shop.ru,social
108946,Михаил,Уфа,mass,2025-05-03 07:14:04,михаил.108946@example-shop.ru,social
108947,Мария,Уфа,mass,2025-12-31 00:47:18,мария.108947@example-shop.ru,email
108948,Алексей,Москва,standard,2026-06-26 00:04:12,алексей.108948@example-shop.ru,referral
108949,Никита,Омск,mass,2025-12-10 16:26:14,никита.108949@example-shop.ru,organic
108950,Наталья,Екатеринбург,standard,2026-03-05 11:50:46,наталья.108950@example-shop.ru,organic
108951,Иван,Пермь,mass,2026-05-06 17:39:18,иван.108951@example-shop.ru,social
108952,Екатерина,Уфа,mass,2026-04-08 11:33:32,екатерина.108952@example-shop.ru,email
108953,Ольга,Пермь,mass,2025-03-30 09:35:46,ольга.108953@example-shop.ru,organic
108954,Артём,Краснодар,vip,2026-04-21 22:30:41,артём.108954@example-shop.ru,social
108955,Ксения,Тюмень,mass,2026-02-22 04:32:26,ксения.108955@example-shop.ru,social
108956,Дмитрий,Нижний Новгород,mass,2026-01-27 19:16:13,дмитрий.108956@example-shop.ru,context
108957,Михаил,Москва,mass,2025-05-05 04:53:16,михаил.108957@example-shop.ru,referral
108958,Андрей,Казань,standard,2025-09-12 01:40:15,андрей.108958@example-shop.ru,context
108959,Сергей,Ростов-на-Дону,standard,2026-05-08 15:44:41,сергей.108959@example-shop.ru,social
108960,Полина,Москва,mass,2026-05-15 18:31:16,полина.108960@example-shop.ru,email
108961,Сергей,Пермь,mass,2025-03-04 21:10:22,сергей.108961@example-shop.ru,marketplace
108962,Наталья,Москва,mass,2025-08-21 10:58:12,наталья.108962@example-shop.ru,social
108963,Ксения,Воронеж,standard,2025-11-27 07:42:11,ксения.108963@example-shop.ru,context
108964,Михаил,Екатеринбург,standard,2025-02-22 05:18:48,михаил.108964@example-shop.ru,referral
108965,Ксения,Краснодар,standard,2025-05-15 02:12:57,ксения.108965@example-shop.ru,email
108966,Дарья,Омск,standard,2025-11-22 01:28:23,,context
108967,Роман,Казань,mass,2025-12-24 14:16:46,роман.108967@example-shop.ru,context
108968,Дмитрий,Самара,standard,2025-02-27 12:47:14,дмитрий.108968@example-shop.ru,organic
108969,Ольга,Москва,standard,2025-08-19 19:36:32,ольга.108969@example-shop.ru,referral
108970,Ксения,Уфа,mass,2025-12-24 04:28:48,ксения.108970@example-shop.ru,context
108971,Михаил,Краснодар,premium,2026-06-24 20:02:42,михаил.108971@example-shop.ru,organic
108972,Елена,Санкт-Петербург,mass,2026-06-28 15:38:59,елена.108972@example-shop.ru,social
108973,Максим,Москва,standard,2025-06-19 07:43:27,максим.108973@example-shop.ru,marketplace
108974,Дарья,Казань,standard,2026-01-03 23:43:13,дарья.108974@example-shop.ru,organic
108975,Анна,Москва,premium,2025-10-29 04:56:12,анна.108975@example-shop.ru,social
108976,Иван,Краснодар,mass,2025-04-25 18:01:17,иван.108976@example-shop.ru,marketplace
108977,Дарья,Санкт-Петербург,premium,2025-10-04 14:06:29,дарья.108977@example-shop.ru,marketplace
108978,Елена,Омск,mass,2025-03-17 03:12:08,елена.108978@example-shop.ru,context
108979,Дарья,Тюмень,mass,2025-03-07 12:08:40,дарья.108979@example-shop.ru,organic
108980,Артём,Пермь,premium,2025-07-14 05:31:52,артём.108980@example-shop.ru,context
108981,Полина,Нижний Новгород,mass,2025-05-23 11:10:50,полина.108981@example-shop.ru,context
108982,Артём,Санкт-Петербург,standard,2025-03-21 10:36:30,артём.108982@example-shop.ru,social
108983,Ксения,Уфа,mass,2025-01-29 06:40:35,ксения.108983@example-shop.ru,social
108984,Ксения,Ростов-на-Дону,premium,2025-11-07 11:35:18,ксения.108984@example-shop.ru,email
108985,Дмитрий,Тюмень,standard,2025-01-04 04:36:07,дмитрий.108985@example-shop.ru,social
108986,Полина,Казань,mass,2026-03-03 18:55:39,полина.108986@example-shop.ru,marketplace
108987,Роман,Москва,standard,2025-02-09 16:12:46,роман.108987@example-shop.ru,referral
108988,Иван,Тюмень,mass,2025-12-25 16:26:58,иван.108988@example-shop.ru,social
108989,Алексей,Краснодар,standard,2025-03-22 23:31:49,алексей.108989@example-shop.ru,organic
108990,Елена,Москва,standard,2025-12-03 08:57:24,елена.108990@example-shop.ru,email
108991,Алексей,Ростов-на-Дону,standard,2025-03-19 17:31:12,алексей.108991@example-shop.ru,referral
108992,Ольга,Москва,standard,2025-08-26 09:43:58,ольга.108992@example-shop.ru,context
108993,Полина,Новосибирск,standard,2025-12-26 11:05:29,полина.108993@example-shop.ru,organic
108994,Наталья,Санкт-Петербург,standard,2025-04-05 03:17:53,наталья.108994@example-shop.ru,referral
108995,Алексей,Казань,premium,2025-03-14 07:46:24,алексей.108995@example-shop.ru,organic
108996,Наталья,Москва,mass,2025-12-14 14:09:28,наталья.108996@example-shop.ru,email
108997,Дмитрий,Санкт-Петербург,mass,2025-12-16 07:29:54,дмитрий.108997@example-shop.ru,organic
108998,Ксения,Екатеринбург,standard,2025-08-17 13:04:07,ксения.108998@example-shop.ru,social
108999,Мария,Москва,mass,2025-03-08 18:00:58,мария.108999@example-shop.ru,context
109000,Дарья,Екатеринбург,mass,2025-06-16 11:26:10,дарья.109000@example-shop.ru,context
109001,Сергей,Новосибирск,standard,2025-04-29 12:12:02,сергей.109001@example-shop.ru,email
109002,Алексей,Ростов-на-Дону,mass,2025-12-26 07:27:51,алексей.109002@example-shop.ru,context
109003,Екатерина,Самара,mass,2025-06-13 18:54:25,екатерина.109003@example-shop.ru,organic
109004,Наталья,Москва,mass,2025-07-26 07:15:05,наталья.109004@example-shop.ru,organic
109005,Дарья,Москва,mass,2025-05-23 10:00:42,дарья.109005@example-shop.ru,organic
109006,Михаил,Краснодар,mass,2025-04-02 17:45:39,михаил.109006@example-shop.ru,context
109007,Дарья,Воронеж,mass,2026-03-19 09:14:30,дарья.109007@example-shop.ru,organic
109008,Наталья,Тюмень,premium,2025-09-21 12:21:27,наталья.109008@example-shop.ru,context
109009,Алексей,Омск,mass,2025-11-08 07:31:19,алексей.109009@example-shop.ru,referral
109010,Иван,Нижний Новгород,standard,2025-06-07 14:30:36,иван.109010@example-shop.ru,marketplace
109011,Наталья,Воронеж,vip,2025-02-17 15:45:11,наталья.109011@example-shop.ru,organic
109012,Ольга,Екатеринбург,mass,2026-02-04 18:01:57,ольга.109012@example-shop.ru,marketplace
109013,Дарья,Уфа,vip,2026-01-29 12:59:18,дарья.109013@example-shop.ru,marketplace
109014,Сергей,Омск,mass,2025-01-26 15:38:17,сергей.109014@example-shop.ru,social
109015,Ксения,Уфа,standard,2026-04-29 00:48:19,ксения.109015@example-shop.ru,referral
109016,Анна,Казань,vip,2026-04-10 19:11:55,анна.109016@example-shop.ru,social
109017,Ольга,Казань,standard,2026-04-08 13:10:17,ольга.109017@example-shop.ru,organic
109018,Дарья,Санкт-Петербург,mass,2025-09-09 10:24:32,дарья.109018@example-shop.ru,marketplace
109019,Иван,Санкт-Петербург,mass,2026-01-14 03:10:25,иван.109019@example-shop.ru,marketplace
109020,Максим,Краснодар,mass,2025-01-09 16:32:43,максим.109020@example-shop.ru,context
109021,Дарья,Ростов-на-Дону,premium,2025-11-23 03:15:05,дарья.109021@example-shop.ru,organic
109022,Виктория,Москва,mass,2025-03-14 16:22:51,виктория.109022@example-shop.ru,organic
109023,Дарья,Ростов-на-Дону,mass,2026-05-11 13:35:07,дарья.109023@example-shop.ru,social
109024,Артём,Казань,mass,2026-05-31 06:21:41,артём.109024@example-shop.ru,marketplace
109025,Ксения,Новосибирск,mass,2025-03-23 23:44:20,ксения.109025@example-shop.ru,organic
109026,Ксения,Казань,mass,2025-10-20 16:02:49,ксения.109026@example-shop.ru,social
109027,Полина,Новосибирск,mass,2025-11-19 18:30:14,полина.109027@example-shop.ru,email
109028,Иван,Ростов-на-Дону,standard,2026-02-23 20:34:22,иван.109028@example-shop.ru,context
109029,Виктория,Ростов-на-Дону,mass,2025-09-24 09:14:19,виктория.109029@example-shop.ru,social
109030,Иван,Ростов-на-Дону,mass,2026-04-27 02:43:33,иван.109030@example-shop.ru,context
109031,Дмитрий,Казань,mass,2025-07-08 06:40:16,дмитрий.109031@example-shop.ru,organic
109032,Максим,Самара,mass,2025-06-24 13:35:39,максим.109032@example-shop.ru,social
109033,Михаил,Москва,standard,2026-02-02 09:02:14,михаил.109033@example-shop.ru,organic
109034,Сергей,Екатеринбург,mass,2025-10-26 01:40:28,сергей.109034@example-shop.ru,referral
109035,Ксения,Нижний Новгород,mass,2025-02-14 14:35:31,ксения.109035@example-shop.ru,context
109036,Елена,Самара,mass,2025-12-21 10:14:14,елена.109036@example-shop.ru,email
109037,Михаил,Пермь,mass,2025-06-02 06:16:32,михаил.109037@example-shop.ru,social
109038,Дарья,Санкт-Петербург,standard,2026-04-04 15:55:59,дарья.109038@example-shop.ru,marketplace
109039,Полина,Краснодар,premium,2026-04-01 21:03:39,полина.109039@example-shop.ru,referral
109040,Дмитрий,Санкт-Петербург,mass,2025-08-17 22:46:09,дмитрий.109040@example-shop.ru,referral
109041,Роман,Новосибирск,mass,2026-04-11 00:13:08,роман.109041@example-shop.ru,context
109042,Мария,Краснодар,mass,2026-06-03 16:55:34,мария.109042@example-shop.ru,context
109043,Артём,Ростов-на-Дону,standard,2026-02-02 13:11:53,артём.109043@example-shop.ru,referral
109044,Сергей,Воронеж,mass,2025-11-27 21:08:18,сергей.109044@example-shop.ru,referral
109045,Полина,Краснодар,vip,2026-05-24 11:47:16,полина.109045@example-shop.ru,referral
109046,Дарья,Санкт-Петербург,mass,2026-04-22 06:14:59,дарья.109046@example-shop.ru,organic
109047,Никита,Тюмень,vip,2025-09-18 12:18:17,никита.109047@example-shop.ru,organic
109048,Ксения,Пермь,mass,2025-02-15 10:19:23,ксения.109048@example-shop.ru,organic
109049,Сергей,Казань,mass,2025-11-24 09:46:54,сергей.109049@example-shop.ru,organic
109050,Роман,Москва,mass,2025-09-10 12:31:03,роман.109050@example-shop.ru,email
109051,Алексей,Санкт-Петербург,mass,2025-07-19 08:09:39,алексей.109051@example-shop.ru,social
109052,Виктория,Краснодар,vip,2025-04-08 15:32:11,виктория.109052@example-shop.ru,social
109053,Алексей,Омск,mass,2026-01-26 13:02:31,алексей.109053@example-shop.ru,organic
109054,Роман,Краснодар,mass,2026-05-12 23:25:52,роман.109054@example-shop.ru,email
109055,Полина,Казань,vip,2025-11-22 16:33:16,полина.109055@example-shop.ru,organic
109056,Екатерина,Москва,mass,2025-05-09 01:38:02,екатерина.109056@example-shop.ru,organic
109057,Андрей,Новосибирск,mass,2025-01-01 16:06:29,андрей.109057@example-shop.ru,email
109058,Дмитрий,Казань,mass,2026-01-24 13:46:48,дмитрий.109058@example-shop.ru,referral
109059,Полина,Москва,mass,2025-03-27 22:01:39,полина.109059@example-shop.ru,organic
109060,Виктория,Москва,premium,2025-02-04 06:19:53,виктория.109060@example-shop.ru,organic
109061,Екатерина,Москва,mass,2025-04-18 11:50:20,екатерина.109061@example-shop.ru,context
109062,Дарья,Москва,standard,2025-04-20 11:02:52,дарья.109062@example-shop.ru,social
109063,Михаил,Ростов-на-Дону,mass,2025-07-04 23:21:30,михаил.109063@example-shop.ru,organic
109064,Максим,Казань,mass,2025-06-24 07:40:13,максим.109064@example-shop.ru,social
109065,Михаил,Казань,standard,2025-04-18 14:25:58,михаил.109065@example-shop.ru,context
109066,Екатерина,Нижний Новгород,standard,2026-03-03 02:54:11,екатерина.109066@example-shop.ru,social
109067,Ксения,Омск,standard,2026-03-27 06:24:05,ксения.109067@example-shop.ru,referral
109068,Наталья,Ростов-на-Дону,mass,2025-05-17 21:15:41,наталья.109068@example-shop.ru,email
109069,Артём,Самара,mass,2025-07-20 17:59:07,артём.109069@example-shop.ru,organic
109070,Артём,Ростов-на-Дону,standard,2026-03-22 04:50:52,артём.109070@example-shop.ru,organic
109071,Иван,Ростов-на-Дону,standard,2026-06-04 07:02:33,иван.109071@example-shop.ru,organic
109072,Мария,Самара,mass,2026-03-06 19:01:43,мария.109072@example-shop.ru,organic
109073,Алексей,Екатеринбург,mass,2025-10-29 11:30:40,алексей.109073@example-shop.ru,context
109074,Екатерина,Новосибирск,standard,2026-06-25 18:01:11,екатерина.109074@example-shop.ru,organic
109075,Сергей,Екатеринбург,mass,2026-02-01 06:29:46,сергей.109075@example-shop.ru,email
109076,Ксения,Казань,standard,2026-01-05 00:59:51,ксения.109076@example-shop.ru,email
109077,Роман,Санкт-Петербург,standard,2025-01-17 05:45:48,роман.109077@example-shop.ru,referral
109078,Иван,Санкт-Петербург,mass,2025-12-14 09:41:02,иван.109078@example-shop.ru,context
109079,Иван,Казань,mass,2025-06-06 22:48:59,иван.109079@example-shop.ru,referral
109080,Ольга,Новосибирск,mass,2025-11-24 20:05:23,ольга.109080@example-shop.ru,social
109081,Никита,Екатеринбург,standard,2025-11-09 07:07:19,никита.109081@example-shop.ru,referral
109082,Алексей,Москва,premium,2025-03-01 17:49:05,алексей.109082@example-shop.ru,organic
109083,Анна,,mass,2025-09-09 10:24:10,анна.109083@example-shop.ru,marketplace
109084,Алексей,Казань,mass,2025-10-07 16:56:44,алексей.109084@example-shop.ru,context
109085,Сергей,Ростов-на-Дону,mass,2026-04-10 01:23:46,сергей.109085@example-shop.ru,organic
109086,Полина,Санкт-Петербург,standard,2026-05-26 23:05:07,полина.109086@example-shop.ru,context
109087,Екатерина,Москва,mass,2025-01-12 08:48:25,екатерина.109087@example-shop.ru,organic
109088,Наталья,Москва,standard,2025-03-07 12:35:52,наталья.109088@example-shop.ru,marketplace
109089,Иван,Екатеринбург,mass,2025-03-11 00:38:56,иван.109089@example-shop.ru,social
109090,Ольга,Москва,mass,2025-08-29 11:18:48,ольга.109090@example-shop.ru,marketplace
109091,Артём,Екатеринбург,mass,2025-11-24 07:11:03,артём.109091@example-shop.ru,marketplace
109092,Елена,Новосибирск,premium,2025-05-12 15:04:51,елена.109092@example-shop.ru,social
109093,Роман,Пермь,standard,2026-04-07 14:58:02,роман.109093@example-shop.ru,email
109094,Полина,Самара,mass,2025-06-19 06:01:35,полина.109094@example-shop.ru,marketplace
109095,Дмитрий,Москва,mass,2025-11-17 11:34:06,дмитрий.109095@example-shop.ru,organic
109096,Елена,Казань,premium,2026-04-20 22:56:07,елена.109096@example-shop.ru,organic
109097,Иван,Уфа,premium,2025-05-16 16:15:36,иван.109097@example-shop.ru,context
109098,Роман,Санкт-Петербург,mass,2025-07-03 22:50:53,роман.109098@example-shop.ru,social
109099,Наталья,Пермь,standard,2025-07-04 14:38:19,наталья.109099@example-shop.ru,email
109100,Елена,Новосибирск,premium,2025-09-11 16:11:44,елена.109100@example-shop.ru,context
109101,Дмитрий,Москва,mass,2025-08-22 18:29:09,дмитрий.109101@example-shop.ru,email
109102,Мария,Москва,mass,2026-06-04 09:38:28,мария.109102@example-shop.ru,referral
109103,Наталья,Пермь,mass,2025-03-21 20:24:54,наталья.109103@example-shop.ru,context
109104,Екатерина,Тюмень,mass,2025-08-16 14:06:16,екатерина.109104@example-shop.ru,referral
109105,Дмитрий,Воронеж,standard,2025-05-19 07:15:37,дмитрий.109105@example-shop.ru,email
109106,Алексей,Санкт-Петербург,mass,2025-11-23 17:12:53,алексей.109106@example-shop.ru,context
109107,Наталья,Уфа,mass,2026-03-02 16:33:19,наталья.109107@example-shop.ru,context
109108,Екатерина,Москва,mass,2026-05-25 19:53:29,екатерина.109108@example-shop.ru,referral
109109,Максим,Казань,standard,2025-08-27 12:45:20,максим.109109@example-shop.ru,context
109110,Елена,Самара,mass,2025-05-25 02:07:07,елена.109110@example-shop.ru,organic
109111,Анна,Омск,mass,2026-06-10 06:59:22,анна.109111@example-shop.ru,email
109112,Роман,Казань,mass,2025-02-20 02:31:19,роман.109112@example-shop.ru,organic
109113,Ксения,Екатеринбург,standard,2025-03-13 13:48:21,ксения.109113@example-shop.ru,organic
109114,Дарья,Москва,mass,2026-06-07 03:01:50,дарья.109114@example-shop.ru,email
109115,Артём,Казань,mass,2026-04-29 02:21:57,артём.109115@example-shop.ru,social
109116,Роман,Москва,standard,2025-11-02 02:34:16,роман.109116@example-shop.ru,context
109117,Ольга,Краснодар,mass,2025-06-29 02:11:55,ольга.109117@example-shop.ru,context
109118,Алексей,Москва,standard,2026-06-11 09:11:39,алексей.109118@example-shop.ru,organic
109119,Ольга,Самара,mass,2026-06-07 05:27:59,ольга.109119@example-shop.ru,organic
109120,Роман,Санкт-Петербург,standard,2026-04-18 09:01:10,роман.109120@example-shop.ru,marketplace
109121,Михаил,Екатеринбург,mass,2026-02-25 15:54:49,михаил.109121@example-shop.ru,organic
109122,Полина,Санкт-Петербург,mass,2025-11-21 01:42:52,полина.109122@example-shop.ru,organic
109123,Полина,Казань,mass,2025-07-22 14:48:52,полина.109123@example-shop.ru,email
109124,Дмитрий,Новосибирск,premium,2025-09-14 21:08:09,дмитрий.109124@example-shop.ru,marketplace
109125,Алексей,Самара,standard,2025-10-23 16:31:16,алексей.109125@example-shop.ru,referral
109126,Елена,Омск,mass,2025-09-19 17:40:22,елена.109126@example-shop.ru,organic
109127,Ксения,Санкт-Петербург,mass,2026-04-15 09:45:36,ксения.109127@example-shop.ru,organic
109128,Андрей,Нижний Новгород,mass,2025-04-01 11:29:44,андрей.109128@example-shop.ru,marketplace
109129,Мария,Пермь,mass,2025-02-15 04:35:45,мария.109129@example-shop.ru,referral
109130,Анна,Санкт-Петербург,mass,2025-09-05 04:35:28,анна.109130@example-shop.ru,email
109131,Виктория,Воронеж,premium,2025-04-23 18:39:14,виктория.109131@example-shop.ru,context
109132,Екатерина,Омск,mass,2026-03-24 20:15:14,екатерина.109132@example-shop.ru,email
109133,Полина,Краснодар,premium,2026-04-08 09:01:24,полина.109133@example-shop.ru,marketplace
109134,Дарья,Новосибирск,mass,2026-06-23 21:20:59,дарья.109134@example-shop.ru,context
109135,Дмитрий,Ростов-на-Дону,standard,2025-07-30 10:14:12,дмитрий.109135@example-shop.ru,context
109136,Алексей,Екатеринбург,mass,2026-06-08 09:16:27,алексей.109136@example-shop.ru,organic
109137,Михаил,Нижний Новгород,mass,2025-02-25 05:40:25,михаил.109137@example-shop.ru,referral
109138,Виктория,Тюмень,standard,2026-06-09 09:17:45,виктория.109138@example-shop.ru,organic
109139,Никита,Санкт-Петербург,mass,2025-05-15 02:42:35,никита.109139@example-shop.ru,organic
109140,Виктория,Уфа,premium,2025-01-11 08:39:44,виктория.109140@example-shop.ru,social
109141,Артём,Екатеринбург,standard,2026-03-26 21:06:30,артём.109141@example-shop.ru,referral
109142,Максим,Москва,vip,2025-10-09 02:17:54,максим.109142@example-shop.ru,context
109143,Мария,Самара,premium,2025-08-14 00:29:21,мария.109143@example-shop.ru,marketplace
109144,Ксения,Уфа,mass,2025-04-20 01:42:53,ксения.109144@example-shop.ru,organic
109145,Андрей,Новосибирск,mass,2025-08-15 12:37:27,андрей.109145@example-shop.ru,social
109146,Анна,Краснодар,standard,2025-12-02 07:55:03,анна.109146@example-shop.ru,social
109147,Роман,Санкт-Петербург,mass,2025-03-20 07:34:58,роман.109147@example-shop.ru,social
109148,Ольга,Пермь,mass,2026-05-31 11:32:48,ольга.109148@example-shop.ru,referral
109149,Сергей,Самара,mass,2026-01-30 09:27:25,сергей.109149@example-shop.ru,social
109150,Андрей,Уфа,standard,2026-04-23 18:35:45,андрей.109150@example-shop.ru,email
109151,Андрей,Санкт-Петербург,mass,2025-01-25 07:13:54,андрей.109151@example-shop.ru,email
109152,Анна,Екатеринбург,mass,2026-04-18 06:53:55,АННА.109152@EXAMPLE-SHOP.RU,marketplace
109153,Максим,Пермь,vip,2026-04-17 20:04:52,максим.109153@example-shop.ru,marketplace
109154,Андрей,Москва,premium,2025-07-19 07:35:48,андрей.109154@example-shop.ru,social
109155,Никита,Казань,mass,2025-11-07 11:08:13,никита.109155@example-shop.ru,referral
109156,Мария,Уфа,mass,2025-10-01 03:19:14,мария.109156@example-shop.ru,context
109157,Андрей,Ростов-на-Дону,standard,2026-03-27 05:30:31,андрей.109157@example-shop.ru,referral
109158,Наталья,Краснодар,mass,2025-06-03 15:49:53,наталья.109158@example-shop.ru,organic
109159,Виктория,Ростов-на-Дону,standard,2026-05-17 03:54:40,виктория.109159@example-shop.ru,context
109160,Мария,Омск,standard,2025-10-29 20:24:52,мария.109160@example-shop.ru,marketplace
109161,Екатерина,Екатеринбург,mass,2025-01-01 01:43:39,екатерина.109161@example-shop.ru,referral
109162,Екатерина,Нижний Новгород,mass,2025-06-15 08:18:47,екатерина.109162@example-shop.ru,organic
109163,Екатерина,Краснодар,mass,2025-03-19 16:53:16,екатерина.109163@example-shop.ru,social
109164,Дарья,Ростов-на-Дону,mass,2026-03-17 18:12:18,дарья.109164@example-shop.ru,context
109165,Никита,Москва,standard,2025-08-11 23:28:00,никита.109165@example-shop.ru,email
109166,Андрей,Санкт-Петербург,mass,2025-09-11 02:36:17,андрей.109166@example-shop.ru,organic
109167,Роман,Новосибирск,premium,2025-07-10 20:07:11,роман.109167@example-shop.ru,social
109168,Полина,Ростов-на-Дону,standard,2026-01-17 17:12:58,полина.109168@example-shop.ru,referral
109169,Екатерина,Новосибирск,mass,2026-06-26 09:43:38,екатерина.109169@example-shop.ru,social
109170,Екатерина,Уфа,mass,2026-04-21 14:29:13,екатерина.109170@example-shop.ru,organic
109171,Артём,Краснодар,mass,2026-06-24 07:16:41,артём.109171@example-shop.ru,email
109172,Дарья,Санкт-Петербург,mass,2025-06-13 08:43:05,дарья.109172@example-shop.ru,email
109173,Мария,Нижний Новгород,standard,2025-12-29 01:41:22,мария.109173@example-shop.ru,context
109174,Артём,Новосибирск,mass,2025-12-06 00:57:25,артём.109174@example-shop.ru,organic
109175,Сергей,Москва,mass,2025-06-14 20:00:06,сергей.109175@example-shop.ru,referral
109176,Никита,Екатеринбург,mass,2026-04-06 23:14:11,никита.109176@example-shop.ru,context
109177,Мария,Новосибирск,mass,2026-05-17 04:23:12,мария.109177@example-shop.ru,context
109178,Михаил,Краснодар,standard,2026-06-03 03:34:56,михаил.109178@example-shop.ru,context
109179,Анна,Екатеринбург,vip,2026-06-23 10:05:13,анна.109179@example-shop.ru,context
109180,Ксения,Москва,standard,2025-03-30 20:54:41,ксения.109180@example-shop.ru,email
109181,Ксения,Екатеринбург,vip,2025-03-22 06:17:41,ксения.109181@example-shop.ru,marketplace
109182,Дмитрий,Краснодар,standard,2026-01-07 08:58:35,дмитрий.109182@example-shop.ru,referral
109183,Ксения,Новосибирск,mass,2026-01-31 11:48:12,ксения.109183@example-shop.ru,organic
109184,Наталья,Санкт-Петербург,premium,2025-08-26 04:39:43,наталья.109184@example-shop.ru,context
109185,Полина,Пермь,mass,2025-03-30 23:28:05,полина.109185@example-shop.ru,organic
109186,Роман,Москва,mass,2025-06-05 14:38:31,роман.109186@example-shop.ru,referral
109187,Алексей,Санкт-Петербург,premium,2025-03-11 23:10:40,алексей.109187@example-shop.ru,social
109188,Дмитрий,Казань,standard,2025-03-27 23:06:07,дмитрий.109188@example-shop.ru,marketplace
109189,Сергей,Ростов-на-Дону,premium,2025-04-13 10:02:18,сергей.109189@example-shop.ru,context
109190,Дмитрий,Краснодар,mass,2025-11-16 00:46:43,дмитрий.109190@example-shop.ru,organic
109191,Иван,Москва,standard,2025-10-07 16:46:46,иван.109191@example-shop.ru,social
109192,Полина,Уфа,mass,2025-07-02 01:52:07,полина.109192@example-shop.ru,context
109193,Ксения,Ростов-на-Дону,mass,2025-12-31 00:42:12,ксения.109193@example-shop.ru,organic
109194,Сергей,Воронеж,premium,2025-02-23 03:23:12,сергей.109194@example-shop.ru,context
109195,Дмитрий,Пермь,mass,2025-06-03 03:26:18,дмитрий.109195@example-shop.ru,organic
109196,Анна,Уфа,standard,2025-04-20 15:11:10,анна.109196@example-shop.ru,organic
109197,Никита,Москва,premium,2025-01-01 07:44:13,никита.109197@example-shop.ru,social
109198,Максим,Санкт-Петербург,premium,2025-03-05 05:40:40,максим.109198@example-shop.ru,email
109199,Алексей,Пермь,mass,2026-02-23 03:20:21,алексей.109199@example-shop.ru,marketplace
109200,Ольга,Нижний Новгород,mass,2026-04-23 04:44:43,ольга.109200@example-shop.ru,organic
109201,Наталья,Новосибирск,premium,2025-03-29 22:09:34,наталья.109201@example-shop.ru,context
109202,Михаил,Пермь,standard,2026-02-23 03:34:15,михаил.109202@example-shop.ru,email
109203,Максим,Воронеж,mass,2025-05-18 14:44:38,максим.109203@example-shop.ru,marketplace
109204,Никита,Ростов-на-Дону,mass,2025-03-18 06:28:30,никита.109204@example-shop.ru,email
109205,Михаил,Воронеж,mass,2025-05-09 06:25:58,михаил.109205@example-shop.ru,social
109206,Полина,Москва,premium,2026-05-17 01:00:40,полина.109206@example-shop.ru,marketplace
109207,Ольга,Ростов-на-Дону,mass,2025-07-06 12:30:44,ольга.109207@example-shop.ru,referral
109208,Екатерина,Омск,standard,2026-02-08 17:07:15,екатерина.109208@example-shop.ru,organic
109209,Ольга,Москва,mass,2025-09-22 12:16:20,,organic
109210,Екатерина,Москва,mass,2025-08-26 11:50:07,екатерина.109210@example-shop.ru,marketplace
109211,Роман,Уфа,standard,2026-03-19 18:52:29,роман.109211@example-shop.ru,marketplace
109212,Максим,Новосибирск,premium,2026-06-25 08:32:12,максим.109212@example-shop.ru,context
109213,Никита,Москва,mass,2025-12-21 08:52:38,никита.109213@example-shop.ru,referral
109214,Ксения,,mass,2026-04-09 00:14:48,ксения.109214@example-shop.ru,context
109215,Ксения,Санкт-Петербург,standard,2025-03-21 13:39:27,ксения.109215@example-shop.ru,referral
109216,Дмитрий,Санкт-Петербург,mass,2026-05-06 21:44:15,дмитрий.109216@example-shop.ru,context
109217,Роман,Воронеж,mass,2025-04-11 02:28:57,роман.109217@example-shop.ru,context
109218,Иван,Самара,standard,2025-04-14 19:49:31,иван.109218@example-shop.ru,context
109219,Иван,Ростов-на-Дону,mass,2026-04-07 15:34:46,иван.109219@example-shop.ru,context
109220,Полина,Москва,standard,2025-09-21 03:55:57,полина.109220@example-shop.ru,marketplace
109221,Анна,Казань,mass,2025-05-17 04:06:33,анна.109221@example-shop.ru,marketplace
109222,Ксения,Санкт-Петербург,standard,2025-01-15 20:30:40,ксения.109222@example-shop.ru,organic
109223,Сергей,Краснодар,standard,2025-04-30 04:22:30,сергей.109223@example-shop.ru,organic
109224,Максим,Омск,premium,2026-03-26 06:21:50,максим.109224@example-shop.ru,context
109225,Мария,Казань,standard,2025-01-02 22:41:49,мария.109225@example-shop.ru,organic
109226,Екатерина,Тюмень,standard,2026-05-17 12:32:02,екатерина.109226@example-shop.ru,social
109227,Роман,Москва,mass,2026-02-26 20:54:37,роман.109227@example-shop.ru,social
109228,Наталья,Санкт-Петербург,mass,2025-04-22 13:06:25,наталья.109228@example-shop.ru,organic
109229,Андрей,Уфа,mass,2026-02-07 10:56:59,андрей.109229@example-shop.ru,marketplace
109230,Максим,Санкт-Петербург,standard,2025-10-10 13:59:51,максим.109230@example-shop.ru,email
109231,Виктория,Пермь,mass,2025-07-09 10:47:35,виктория.109231@example-shop.ru,organic
109232,Елена,Москва,mass,2025-10-03 10:33:51,елена.109232@example-shop.ru,referral
109233,Виктория,Уфа,mass,2025-01-04 23:40:41,виктория.109233@example-shop.ru,context
109234,Иван,Москва,standard,2026-04-25 19:51:43,иван.109234@example-shop.ru,social
109235,Наталья,Москва,mass,2026-03-05 03:19:31,наталья.109235@example-shop.ru,context
109236,Артём,Екатеринбург,mass,2025-04-08 19:39:15,артём.109236@example-shop.ru,organic
109237,Виктория,Омск,standard,2025-02-24 03:41:49,виктория.109237@example-shop.ru,context
109238,Сергей,Нижний Новгород,premium,2025-08-19 18:34:44,сергей.109238@example-shop.ru,marketplace
109239,Михаил,Нижний Новгород,standard,2025-09-08 22:55:14,михаил.109239@example-shop.ru,referral
109240,Артём,Москва,mass,2026-02-25 23:30:24,артём.109240@example-shop.ru,social
109241,Елена,Москва,premium,2026-04-03 21:07:50,елена.109241@example-shop.ru,email
109242,Дмитрий,Москва,mass,2025-02-04 17:37:39,дмитрий.109242@example-shop.ru,email
109243,Михаил,Краснодар,mass,2025-05-14 03:12:36,михаил.109243@example-shop.ru,marketplace
109244,Никита,Москва,mass,2025-11-16 12:56:36,никита.109244@example-shop.ru,organic
109245,Дарья,Санкт-Петербург,mass,2025-07-26 22:03:59,дарья.109245@example-shop.ru,organic
109246,Михаил,Нижний Новгород,standard,2026-06-24 22:11:07,михаил.109246@example-shop.ru,email
109247,Никита,Нижний Новгород,mass,2025-12-27 03:59:59,никита.109247@example-shop.ru,marketplace
109248,Ксения,Казань,standard,2025-06-25 19:17:20,ксения.109248@example-shop.ru,social
109249,Артём,Москва,standard,2026-01-02 20:58:07,артём.109249@example-shop.ru,marketplace
109250,Иван,Екатеринбург,mass,2025-08-23 15:02:31,иван.109250@example-shop.ru,referral
109251,Михаил,Ростов-на-Дону,mass,2025-09-10 04:11:57,михаил.109251@example-shop.ru,organic
109252,Михаил,Москва,standard,2026-01-25 13:10:23,михаил.109252@example-shop.ru,marketplace
109253,Елена,Ростов-на-Дону,mass,2025-08-25 09:29:02,елена.109253@example-shop.ru,email
109254,Андрей,Москва,mass,2026-01-15 13:52:33,андрей.109254@example-shop.ru,social
109255,Ксения,Пермь,mass,2025-08-17 15:10:49,ксения.109255@example-shop.ru,referral
109256,Максим,Омск,mass,2025-11-20 21:20:00,максим.109256@example-shop.ru,context
109257,Наталья,Москва,mass,2025-09-22 21:18:28,наталья.109257@example-shop.ru,social
109258,Анна,Екатеринбург,premium,2025-11-09 17:35:51,анна.109258@example-shop.ru,context
109259,Анна,Казань,mass,2025-07-08 22:07:00,анна.109259@example-shop.ru,social
109260,Елена,Краснодар,mass,2025-03-07 09:07:06,елена.109260@example-shop.ru,social
109261,Ольга,Новосибирск,standard,2025-05-20 17:54:03,ольга.109261@example-shop.ru,organic
109262,Елена,Нижний Новгород,premium,2025-07-14 02:32:02,елена.109262@example-shop.ru,organic
109263,Анна,Москва,standard,2025-06-22 05:57:07,анна.109263@example-shop.ru,organic
109264,Сергей,Москва,mass,2025-08-18 16:07:17,сергей.109264@example-shop.ru,social
109265,Михаил,Самара,vip,2025-09-18 09:11:45,михаил.109265@example-shop.ru,context
109266,Максим,Нижний Новгород,mass,2025-05-18 05:44:06,максим.109266@example-shop.ru,social
109267,Артём,Краснодар,mass,2025-07-28 06:24:09,артём.109267@example-shop.ru,social
109268,Елена,Краснодар,standard,2025-06-03 20:43:11,елена.109268@example-shop.ru,organic
109269,Роман,Нижний Новгород,mass,2025-11-16 02:50:13,роман.109269@example-shop.ru,email
109270,Михаил,Новосибирск,standard,2025-09-17 12:05:36,михаил.109270@example-shop.ru,referral
109271,Полина,Пермь,vip,2025-12-10 23:19:36,полина.109271@example-shop.ru,referral
109272,Мария,Уфа,mass,2025-08-24 09:25:51,мария.109272@example-shop.ru,organic
109273,Ксения,Воронеж,mass,2026-06-27 21:33:35,ксения.109273@example-shop.ru,referral
109274,Максим,Тюмень,mass,2025-09-22 04:29:02,максим.109274@example-shop.ru,social
109275,Мария,Казань,mass,2025-12-02 06:24:59,мария.109275@example-shop.ru,email
109276,Екатерина,Ростов-на-Дону,standard,2025-08-29 22:44:06,екатерина.109276@example-shop.ru,organic
109277,Анна,Самара,premium,2026-02-05 09:00:07,анна.109277@example-shop.ru,referral
109278,Анна,Москва,standard,2025-11-01 11:57:01,анна.109278@example-shop.ru,marketplace
109279,Полина,Нижний Новгород,vip,2025-02-23 10:15:20,полина.109279@example-shop.ru,email
109280,Дмитрий,Казань,mass,2026-02-02 12:05:10,дмитрий.109280@example-shop.ru,marketplace
109281,Артём,Екатеринбург,mass,2026-02-19 10:40:13,артём.109281@example-shop.ru,organic
109282,Дмитрий,Москва,mass,2025-08-08 07:56:57,дмитрий.109282@example-shop.ru,social
109283,Иван,Ростов-на-Дону,standard,2025-10-05 08:27:27,иван.109283@example-shop.ru,organic
109284,Алексей,Самара,mass,2025-01-06 23:13:11,алексей.109284@example-shop.ru,social
109285,Алексей,Новосибирск,mass,2026-04-18 06:34:47,алексей.109285@example-shop.ru,referral
109286,Наталья,Москва,mass,2026-03-01 07:58:58,наталья.109286@example-shop.ru,referral
109287,Сергей,Новосибирск,mass,2026-06-14 03:29:11,сергей.109287@example-shop.ru,marketplace
109288,Алексей,Москва,standard,2025-11-23 16:20:49,алексей.109288@example-shop.ru,marketplace
109289,Максим,,premium,2025-05-06 13:10:55,максим.109289@example-shop.ru,organic
109290,Елена,Казань,mass,2025-06-08 01:04:21,елена.109290@example-shop.ru,marketplace
109291,Виктория,Воронеж,mass,2026-05-22 03:04:13,виктория.109291@example-shop.ru,marketplace
109292,Полина,Казань,mass,2025-01-24 11:54:22,полина.109292@example-shop.ru,referral
109293,Екатерина,Нижний Новгород,mass,2026-01-02 01:03:45,екатерина.109293@example-shop.ru,organic
109294,Никита,Воронеж,mass,2025-02-07 01:39:25,никита.109294@example-shop.ru,organic
109295,Анна,Казань,standard,2026-02-07 19:36:23,анна.109295@example-shop.ru,context
109296,Дмитрий,Воронеж,standard,2025-11-13 18:10:18,дмитрий.109296@example-shop.ru,organic
109297,Дарья,Москва,standard,2025-09-15 10:28:57,дарья.109297@example-shop.ru,context
109298,Максим,Санкт-Петербург,standard,2026-01-17 17:25:46,максим.109298@example-shop.ru,organic
109299,Андрей,Москва,mass,2025-07-13 08:42:00,андрей.109299@example-shop.ru,social
109300,Наталья,Новосибирск,standard,2025-11-09 11:26:54,наталья.109300@example-shop.ru,social
109301,Дмитрий,Омск,standard,2026-03-13 00:26:42,дмитрий.109301@example-shop.ru,organic
109302,Андрей,Самара,mass,2025-09-07 19:06:35,андрей.109302@example-shop.ru,marketplace
109303,Виктория,Нижний Новгород,mass,2025-01-12 23:23:27,виктория.109303@example-shop.ru,organic
109304,Андрей,Санкт-Петербург,mass,2026-06-26 17:01:54,,context
109305,Наталья,Пермь,mass,2025-10-22 14:59:31,наталья.109305@example-shop.ru,social
109306,Иван,Екатеринбург,mass,2025-08-23 05:20:22,иван.109306@example-shop.ru,social
109307,Екатерина,Санкт-Петербург,mass,2025-02-10 05:41:36,екатерина.109307@example-shop.ru,context
109308,Иван,Тюмень,premium,2025-02-19 07:11:22,иван.109308@example-shop.ru,referral
109309,Екатерина,Казань,premium,2025-05-19 18:37:25,екатерина.109309@example-shop.ru,context
109310,Сергей,Казань,standard,2026-05-19 04:36:04,сергей.109310@example-shop.ru,organic
109311,Дарья,Москва,standard,2026-01-31 05:36:16,дарья.109311@example-shop.ru,context
109312,Ксения,Москва,vip,2025-08-14 06:09:00,ксения.109312@example-shop.ru,organic
109313,Сергей,Уфа,mass,2026-02-16 07:58:51,сергей.109313@example-shop.ru,marketplace
109314,Ксения,Екатеринбург,mass,2025-08-02 13:10:15,ксения.109314@example-shop.ru,social
109315,Иван,Омск,standard,2026-04-30 12:41:12,иван.109315@example-shop.ru,organic
109316,Иван,Москва,premium,2025-06-28 06:55:22,иван.109316@example-shop.ru,email
109317,Полина,Нижний Новгород,standard,2026-01-25 21:55:08,полина.109317@example-shop.ru,referral
109318,Виктория,Ростов-на-Дону,mass,2025-08-26 21:33:11,виктория.109318@example-shop.ru,context
109319,Наталья,Нижний Новгород,standard,2026-01-03 17:40:38,наталья.109319@example-shop.ru,marketplace
109320,Анна,Новосибирск,mass,2025-04-12 15:06:31,анна.109320@example-shop.ru,social
109321,Елена,Новосибирск,mass,2026-05-31 02:08:03,елена.109321@example-shop.ru,organic
109322,Екатерина,Самара,mass,2025-06-06 01:47:01,екатерина.109322@example-shop.ru,email
109323,Андрей,Воронеж,standard,2025-10-20 21:19:03,андрей.109323@example-shop.ru,marketplace
109324,Никита,Санкт-Петербург,mass,2026-01-10 14:41:33,никита.109324@example-shop.ru,organic
109325,Сергей,Екатеринбург,mass,2025-12-23 08:46:19,сергей.109325@example-shop.ru,organic
109326,Наталья,Нижний Новгород,standard,2025-10-30 06:16:53,наталья.109326@example-shop.ru,social
109327,Анна,Санкт-Петербург,mass,2026-04-19 02:15:43,анна.109327@example-shop.ru,referral
109328,Мария,Москва,premium,2026-06-13 10:24:18,мария.109328@example-shop.ru,organic
109329,Сергей,Омск,mass,2026-02-21 05:07:57,сергей.109329@example-shop.ru,marketplace
109330,Виктория,Москва,standard,2025-04-11 13:11:12,виктория.109330@example-shop.ru,organic
109331,Иван,Москва,mass,2026-02-24 14:37:34,иван.109331@example-shop.ru,email
109332,Сергей,Нижний Новгород,premium,2025-10-02 08:09:38,сергей.109332@example-shop.ru,marketplace
109333,Михаил,Москва,premium,2025-10-20 12:45:56,михаил.109333@example-shop.ru,organic
109334,Андрей,Москва,mass,2026-05-29 02:34:45,андрей.109334@example-shop.ru,social
109335,Никита,Москва,standard,2025-10-15 16:12:36,никита.109335@example-shop.ru,organic
109336,Максим,Москва,standard,2026-04-09 16:15:49,максим.109336@example-shop.ru,social
109337,Ольга,Казань,mass,2025-12-20 13:05:00,ольга.109337@example-shop.ru,social
109338,Ксения,Краснодар,standard,2025-02-17 14:28:49,ксения.109338@example-shop.ru,email
109339,Екатерина,Санкт-Петербург,premium,2026-01-17 19:08:48,екатерина.109339@example-shop.ru,social
109340,Елена,Казань,mass,2025-09-27 17:37:32,елена.109340@example-shop.ru,context
109341,Екатерина,Нижний Новгород,premium,2025-10-25 15:00:43,екатерина.109341@example-shop.ru,organic
109342,Анна,Санкт-Петербург,mass,2025-06-14 23:22:22,анна.109342@example-shop.ru,organic
109343,Сергей,Казань,premium,2025-04-12 01:54:27,сергей.109343@example-shop.ru,social
109344,Максим,Казань,vip,2026-02-10 11:13:33,максим.109344@example-shop.ru,marketplace
109345,Полина,Санкт-Петербург,mass,2025-05-16 09:13:27,полина.109345@example-shop.ru,email
109346,Алексей,Казань,mass,2025-02-20 18:51:34,алексей.109346@example-shop.ru,context
109347,Ксения,Москва,standard,2025-09-26 17:25:20,ксения.109347@example-shop.ru,marketplace
109348,Елена,Воронеж,premium,2026-01-23 21:02:18,елена.109348@example-shop.ru,organic
109349,Алексей,Тюмень,mass,2025-04-22 05:10:06,алексей.109349@example-shop.ru,marketplace
109350,Екатерина,Воронеж,mass,2025-07-17 04:49:13,екатерина.109350@example-shop.ru,organic
109351,Екатерина,Москва,standard,2025-08-19 19:12:53,екатерина.109351@example-shop.ru,organic
109352,Иван,Ростов-на-Дону,mass,2026-05-19 08:21:25,иван.109352@example-shop.ru,email
109353,Алексей,Новосибирск,standard,2025-03-22 04:36:16,алексей.109353@example-shop.ru,context
109354,Иван,Москва,standard,2026-05-16 10:00:59,иван.109354@example-shop.ru,marketplace
109355,Сергей,Пермь,vip,2025-03-21 16:43:12,сергей.109355@example-shop.ru,referral
109356,Иван,Уфа,mass,2025-11-12 02:18:03,иван.109356@example-shop.ru,organic
109357,Роман,Москва,premium,2026-04-05 13:15:16,роман.109357@example-shop.ru,organic
109358,Мария,Омск,standard,2026-05-08 19:39:50,мария.109358@example-shop.ru,context
109359,Дарья,Москва,premium,2025-10-23 12:37:47,дарья.109359@example-shop.ru,social
109360,Ксения,Екатеринбург,mass,2025-09-26 17:09:21,ксения.109360@example-shop.ru,context
109361,Роман,Москва,standard,2026-03-02 08:05:17,роман.109361@example-shop.ru,organic
109362,Никита,Москва,premium,2026-05-11 16:16:38,никита.109362@example-shop.ru,organic
109363,Никита,Омск,standard,2025-01-07 06:56:06,никита.109363@example-shop.ru,social
109364,Алексей,Новосибирск,mass,2025-05-23 19:41:52,алексей.109364@example-shop.ru,organic
109365,Максим,Санкт-Петербург,mass,2025-06-05 16:03:10,максим.109365@example-shop.ru,context
109366,Дарья,Уфа,mass,2026-03-31 04:03:30,дарья.109366@example-shop.ru,organic
109367,Максим,Воронеж,mass,2025-01-10 15:15:45,максим.109367@example-shop.ru,marketplace
109368,Роман,Пермь,standard,2025-03-10 09:11:16,роман.109368@example-shop.ru,social
109369,Дарья,Пермь,premium,2025-01-02 20:14:18,дарья.109369@example-shop.ru,organic
109370,Полина,Пермь,standard,2026-06-04 08:34:29,полина.109370@example-shop.ru,email
109371,Максим,Нижний Новгород,mass,2025-01-18 10:46:28,максим.109371@example-shop.ru,social
109372,Максим,Санкт-Петербург,mass,2025-05-25 16:51:38,максим.109372@example-shop.ru,social
109373,Алексей,Пермь,mass,2025-10-12 05:32:14,алексей.109373@example-shop.ru,organic
109374,Елена,Москва,mass,2025-07-10 01:06:03,елена.109374@example-shop.ru,context
109375,Елена,Москва,premium,2025-02-19 11:57:08,елена.109375@example-shop.ru,marketplace
109376,Наталья,Казань,mass,2025-08-14 01:18:55,наталья.109376@example-shop.ru,organic
109377,Сергей,Санкт-Петербург,mass,2026-03-12 02:43:54,сергей.109377@example-shop.ru,social
109378,Ксения,Нижний Новгород,standard,2025-06-07 10:02:44,ксения.109378@example-shop.ru,organic
109379,Дарья,Пермь,mass,2025-10-09 07:44:02,дарья.109379@example-shop.ru,context
109380,Роман,Екатеринбург,mass,2025-09-13 23:50:16,роман.109380@example-shop.ru,social
109381,Алексей,,mass,2025-05-14 17:13:04,алексей.109381@example-shop.ru,organic
109382,Наталья,Казань,mass,2025-01-02 09:30:31,наталья.109382@example-shop.ru,organic
109383,Роман,Ростов-на-Дону,standard,2026-04-03 01:38:07,роман.109383@example-shop.ru,social
109384,Дмитрий,Москва,mass,2026-06-26 14:42:43,дмитрий.109384@example-shop.ru,context
109385,Сергей,Москва,standard,2025-10-05 18:03:38,сергей.109385@example-shop.ru,marketplace
109386,Роман,Самара,mass,2026-03-29 12:06:00,роман.109386@example-shop.ru,referral
109387,Дарья,Новосибирск,mass,2025-07-11 04:27:05,дарья.109387@example-shop.ru,marketplace
109388,Ксения,Казань,standard,2026-05-30 00:33:18,ксения.109388@example-shop.ru,marketplace
109389,Сергей,Санкт-Петербург,mass,2025-11-06 12:47:40,сергей.109389@example-shop.ru,organic
109390,Ольга,Москва,mass,2026-03-13 00:48:18,ольга.109390@example-shop.ru,marketplace
109391,Ольга,Самара,mass,2026-01-02 13:43:20,ольга.109391@example-shop.ru,marketplace
109392,Екатерина,Казань,mass,2026-05-19 09:29:13,екатерина.109392@example-shop.ru,context
109393,Сергей,Екатеринбург,mass,2025-11-01 13:09:08,сергей.109393@example-shop.ru,social
109394,Сергей,Воронеж,vip,2026-04-07 18:17:51,сергей.109394@example-shop.ru,context
109395,Анна,Ростов-на-Дону,mass,2026-05-24 08:49:53,анна.109395@example-shop.ru,organic
109396,Наталья,Москва,mass,2026-02-19 05:31:31,наталья.109396@example-shop.ru,organic
109397,Дмитрий,Самара,mass,2025-07-12 21:58:34,дмитрий.109397@example-shop.ru,organic
109398,Артём,Москва,mass,2025-02-19 14:18:39,артём.109398@example-shop.ru,social
109399,Ксения,Москва,standard,2025-08-12 10:08:17,ксения.109399@example-shop.ru,referral
109400,Дарья,Ростов-на-Дону,standard,2026-01-13 10:04:14,дарья.109400@example-shop.ru,organic
109401,Наталья,Москва,vip,2026-04-14 01:48:58,наталья.109401@example-shop.ru,organic
109402,Полина,,mass,2026-02-24 01:53:01,полина.109402@example-shop.ru,organic
109403,Полина,Воронеж,mass,2025-12-14 10:20:13,полина.109403@example-shop.ru,marketplace
109404,Сергей,Ростов-на-Дону,standard,2025-10-20 07:39:28,сергей.109404@example-shop.ru,email
109405,Дарья,Пермь,mass,2026-06-11 14:46:08,дарья.109405@example-shop.ru,organic
109406,Максим,Воронеж,mass,2025-05-13 21:33:00,максим.109406@example-shop.ru,email
109407,Ксения,Санкт-Петербург,mass,2026-03-08 17:30:49,ксения.109407@example-shop.ru,email
109408,Ольга,Нижний Новгород,mass,2025-10-28 11:38:08,ольга.109408@example-shop.ru,email
109409,Елена,Казань,premium,2025-10-07 13:06:06,елена.109409@example-shop.ru,marketplace
109410,Иван,Самара,premium,2025-08-06 14:11:12,иван.109410@example-shop.ru,context
109411,Андрей,Санкт-Петербург,standard,2025-12-12 22:06:56,андрей.109411@example-shop.ru,organic
109412,Елена,Москва,mass,2026-06-29 23:29:10,елена.109412@example-shop.ru,marketplace
109413,Андрей,Москва,standard,2025-08-10 07:35:02,андрей.109413@example-shop.ru,email
109414,Мария,Уфа,standard,2025-03-03 13:28:22,мария.109414@example-shop.ru,organic
109415,Артём,Москва,standard,2025-03-11 13:36:16,артём.109415@example-shop.ru,social
109416,Сергей,Нижний Новгород,mass,2025-04-07 10:21:17,сергей.109416@example-shop.ru,social
109417,Сергей,Краснодар,premium,2025-08-10 21:00:21,сергей.109417@example-shop.ru,social
109418,Анна,Ростов-на-Дону,mass,2025-01-03 05:57:35,анна.109418@example-shop.ru,social
109419,Мария,Казань,standard,2025-06-03 09:50:02,мария.109419@example-shop.ru,organic
109420,Максим,Москва,standard,2026-01-14 19:53:50,максим.109420@example-shop.ru,context
109421,Наталья,Пермь,premium,2026-01-05 13:17:04,наталья.109421@example-shop.ru,organic
109422,Дарья,Новосибирск,premium,2025-12-31 14:07:19,дарья.109422@example-shop.ru,organic
109423,Наталья,Казань,mass,2025-12-31 17:05:58,наталья.109423@example-shop.ru,social
109424,Дмитрий,Омск,standard,2025-02-11 08:59:21,дмитрий.109424@example-shop.ru,context
109425,Елена,Москва,mass,2026-05-26 20:46:19,елена.109425@example-shop.ru,context
109426,Михаил,Екатеринбург,standard,2025-06-12 06:26:05,михаил.109426@example-shop.ru,organic
109427,Сергей,Москва,mass,2025-02-13 07:18:11,сергей.109427@example-shop.ru,social
109428,Никита,Москва,mass,2026-03-19 08:47:30,никита.109428@example-shop.ru,organic
109429,Сергей,Казань,premium,2025-09-12 19:47:43,сергей.109429@example-shop.ru,organic
109430,Виктория,Самара,standard,2025-07-08 19:43:02,виктория.109430@example-shop.ru,email
109431,Мария,Санкт-Петербург,mass,2025-08-06 06:12:01,мария.109431@example-shop.ru,social
109432,Анна,Самара,mass,2025-11-14 19:48:49,анна.109432@example-shop.ru,social
109433,Ксения,Уфа,mass,2025-10-15 10:53:38,ксения.109433@example-shop.ru,social
109434,Максим,Воронеж,mass,2025-01-08 12:04:55,максим.109434@example-shop.ru,context
109435,Сергей,Москва,mass,2025-03-07 03:53:06,сергей.109435@example-shop.ru,organic
109436,Виктория,Уфа,premium,2026-06-01 07:41:20,виктория.109436@example-shop.ru,context
109437,Мария,Москва,mass,2025-09-25 19:51:32,мария.109437@example-shop.ru,email
109438,Артём,Самара,mass,2026-06-23 17:12:32,артём.109438@example-shop.ru,social
109439,Максим,Казань,standard,2025-12-25 01:42:14,максим.109439@example-shop.ru,email
109440,Иван,Ростов-на-Дону,mass,2026-02-06 21:23:26,иван.109440@example-shop.ru,marketplace
109441,Сергей,Москва,mass,2025-06-21 00:19:29,сергей.109441@example-shop.ru,organic
109442,Сергей,Самара,mass,2026-04-02 14:54:35,сергей.109442@example-shop.ru,marketplace
109443,Анна,,mass,2025-12-21 11:47:00,анна.109443@example-shop.ru,referral
109444,Артём,Москва,mass,2026-02-14 17:29:34,артём.109444@example-shop.ru,social
109445,Роман,Нижний Новгород,standard,2025-05-25 18:59:08,роман.109445@example-shop.ru,social
109446,Елена,Санкт-Петербург,mass,2025-11-16 17:33:45,елена.109446@example-shop.ru,context
109447,Полина,Ростов-на-Дону,standard,2025-07-21 06:30:53,,organic
109448,Михаил,Самара,premium,2026-05-11 08:29:14,михаил.109448@example-shop.ru,organic
109449,Дарья,Нижний Новгород,standard,2026-05-10 11:19:51,дарья.109449@example-shop.ru,context
109450,Мария,Ростов-на-Дону,premium,2025-07-12 09:00:08,мария.109450@example-shop.ru,organic
109451,Дарья,,premium,2025-01-14 15:45:49,дарья.109451@example-shop.ru,organic
109452,Максим,Пермь,premium,2025-05-16 22:47:27,максим.109452@example-shop.ru,organic
109453,Роман,Москва,mass,2025-05-29 16:31:49,роман.109453@example-shop.ru,marketplace
109454,Андрей,Новосибирск,mass,2025-01-11 12:33:35,андрей.109454@example-shop.ru,organic
109455,Елена,Ростов-на-Дону,standard,2026-05-25 23:17:27,елена.109455@example-shop.ru,marketplace
109456,Елена,Москва,premium,2025-09-11 23:35:59,елена.109456@example-shop.ru,social
109457,Мария,Санкт-Петербург,standard,2025-03-22 03:19:12,мария.109457@example-shop.ru,organic
109458,Михаил,Санкт-Петербург,standard,2025-11-29 05:45:38,михаил.109458@example-shop.ru,organic
109459,Дарья,Новосибирск,standard,2025-08-05 14:05:39,дарья.109459@example-shop.ru,organic
109460,Сергей,Санкт-Петербург,standard,2025-04-06 04:48:31,сергей.109460@example-shop.ru,context
109461,Анна,Самара,standard,2025-09-05 11:34:16,анна.109461@example-shop.ru,organic
109462,Максим,Нижний Новгород,mass,2025-11-23 07:41:18,максим.109462@example-shop.ru,email
109463,Сергей,Самара,mass,2025-12-22 16:37:37,сергей.109463@example-shop.ru,context
109464,Никита,Санкт-Петербург,mass,2025-05-03 16:18:09,никита.109464@example-shop.ru,social
109465,Иван,Уфа,mass,2025-11-30 09:59:40,иван.109465@example-shop.ru,social
109466,Максим,Самара,mass,2026-03-08 23:28:35,максим.109466@example-shop.ru,referral
109467,Михаил,Москва,mass,2025-12-08 14:03:05,михаил.109467@example-shop.ru,marketplace
109468,Дмитрий,Москва,premium,2026-06-03 14:30:20,дмитрий.109468@example-shop.ru,context
109469,Ксения,Санкт-Петербург,mass,2026-05-28 12:34:21,ксения.109469@example-shop.ru,context
109470,Никита,Пермь,standard,2025-09-27 22:00:40,никита.109470@example-shop.ru,marketplace
109471,Ольга,Санкт-Петербург,mass,2025-08-03 01:37:37,ольга.109471@example-shop.ru,marketplace
109472,Роман,Москва,premium,2025-09-07 06:40:59,роман.109472@example-shop.ru,email
109473,Дарья,Москва,mass,2025-09-24 22:45:06,дарья.109473@example-shop.ru,email
109474,Екатерина,Москва,standard,2025-04-05 11:59:28,екатерина.109474@example-shop.ru,context
109475,Анна,Казань,standard,2026-06-10 08:46:55,анна.109475@example-shop.ru,social
109476,Алексей,Уфа,mass,2025-11-06 16:58:08,алексей.109476@example-shop.ru,context
109477,Максим,Екатеринбург,standard,2025-03-11 20:14:04,максим.109477@example-shop.ru,social
109478,Иван,Краснодар,standard,2026-05-08 02:57:31,иван.109478@example-shop.ru,email
109479,Елена,Москва,standard,2026-06-01 18:36:33,елена.109479@example-shop.ru,context
109480,Михаил,Екатеринбург,mass,2025-11-02 20:24:23,михаил.109480@example-shop.ru,social
109481,Виктория,Уфа,premium,2026-06-01 19:30:28,виктория.109481@example-shop.ru,email
109482,Дмитрий,Самара,mass,2026-06-14 01:48:46,дмитрий.109482@example-shop.ru,organic
109483,Алексей,Краснодар,mass,2026-06-04 15:27:08,алексей.109483@example-shop.ru,social
109484,Дмитрий,Санкт-Петербург,mass,2026-06-10 08:43:18,дмитрий.109484@example-shop.ru,email
109485,Наталья,Екатеринбург,mass,2025-02-06 12:44:24,наталья.109485@example-shop.ru,organic
109486,Дарья,Самара,mass,2025-01-17 20:49:26,дарья.109486@example-shop.ru,organic
109487,Ольга,Москва,premium,2025-11-11 18:34:03,ольга.109487@example-shop.ru,organic
109488,Елена,Краснодар,standard,2026-02-12 17:00:59,елена.109488@example-shop.ru,organic
109489,Виктория,Санкт-Петербург,vip,2026-04-02 19:17:16,виктория.109489@example-shop.ru,context
109490,Мария,Москва,mass,2025-12-16 18:14:23,мария.109490@example-shop.ru,referral
109491,Дмитрий,Уфа,standard,2025-06-20 23:12:57,дмитрий.109491@example-shop.ru,context
109492,Алексей,Ростов-на-Дону,mass,2026-05-24 10:27:40,алексей.109492@example-shop.ru,social
109493,Артём,Воронеж,mass,2025-11-18 20:32:41,артём.109493@example-shop.ru,organic
109494,Сергей,Воронеж,mass,2026-01-07 10:23:24,сергей.109494@example-shop.ru,email
109495,Виктория,Санкт-Петербург,standard,2025-05-20 18:18:11,виктория.109495@example-shop.ru,context
109496,Михаил,Самара,standard,2026-02-18 13:04:33,михаил.109496@example-shop.ru,referral
109497,Ольга,Тюмень,mass,2025-03-12 15:20:38,ольга.109497@example-shop.ru,organic
109498,Ксения,Москва,mass,2026-04-20 10:23:39,ксения.109498@example-shop.ru,email
109499,Никита,Екатеринбург,mass,2026-04-10 11:30:48,никита.109499@example-shop.ru,social
109500,Иван,Пермь,mass,2026-01-08 02:24:33,иван.109500@example-shop.ru,marketplace
109501,Никита,Москва,standard,2026-06-19 18:21:45,никита.109501@example-shop.ru,context
109502,Анна,Пермь,mass,2026-05-12 00:15:44,анна.109502@example-shop.ru,marketplace
109503,Дмитрий,Екатеринбург,standard,2025-02-08 00:16:58,дмитрий.109503@example-shop.ru,context
109504,Артём,Воронеж,vip,2025-05-01 08:19:08,артём.109504@example-shop.ru,organic
109505,Алексей,Нижний Новгород,mass,2025-03-08 02:52:38,алексей.109505@example-shop.ru,referral
109506,Ольга,Самара,premium,2025-06-24 19:49:24,ольга.109506@example-shop.ru,organic
109507,Анна,Уфа,standard,2025-11-17 18:58:41,анна.109507@example-shop.ru,email
109508,Наталья,,mass,2025-03-20 08:34:07,наталья.109508@example-shop.ru,context
109509,Андрей,Нижний Новгород,premium,2025-02-17 00:57:05,андрей.109509@example-shop.ru,email
109510,Никита,Пермь,mass,2025-12-18 03:37:31,никита.109510@example-shop.ru,social
109511,Дмитрий,Омск,standard,2025-12-10 23:38:34,дмитрий.109511@example-shop.ru,social
109512,Артём,Омск,standard,2025-07-19 14:05:50,артём.109512@example-shop.ru,referral
109513,Наталья,Самара,premium,2026-01-28 02:52:24,наталья.109513@example-shop.ru,referral
109514,Сергей,Нижний Новгород,standard,2025-11-19 12:46:37,сергей.109514@example-shop.ru,referral
109515,Михаил,Новосибирск,standard,2025-08-14 23:21:10,михаил.109515@example-shop.ru,referral
109516,Полина,Нижний Новгород,mass,2025-02-07 04:39:03,полина.109516@example-shop.ru,social
109517,Сергей,Нижний Новгород,vip,2026-02-17 03:39:38,сергей.109517@example-shop.ru,email
109518,Мария,Москва,standard,2025-12-07 09:50:38,мария.109518@example-shop.ru,context
109519,Никита,Москва,standard,2025-03-03 22:16:03,никита.109519@example-shop.ru,organic
109520,Никита,Нижний Новгород,premium,2025-04-13 09:58:40,никита.109520@example-shop.ru,referral
109521,Максим,Санкт-Петербург,mass,2025-06-14 04:10:20,максим.109521@example-shop.ru,social
109522,Артём,Санкт-Петербург,mass,2025-04-08 14:25:34,артём.109522@example-shop.ru,marketplace
109523,Ксения,Москва,premium,2026-03-17 03:55:00,ксения.109523@example-shop.ru,marketplace
109524,Артём,Уфа,premium,2026-05-24 18:45:33,артём.109524@example-shop.ru,email
109525,Наталья,Омск,standard,2025-02-18 03:35:27,наталья.109525@example-shop.ru,social
109526,Никита,Нижний Новгород,mass,2025-05-11 10:46:11,никита.109526@example-shop.ru,email
109527,Андрей,Омск,mass,2025-06-05 08:55:06,андрей.109527@example-shop.ru,context
109528,Артём,Воронеж,mass,2026-06-25 11:55:57,артём.109528@example-shop.ru,organic
109529,Анна,Москва,mass,2025-12-05 12:48:34,анна.109529@example-shop.ru,email
109530,Сергей,Москва,premium,2026-06-04 22:43:26,сергей.109530@example-shop.ru,email
109531,Екатерина,Москва,standard,2025-05-15 19:53:13,екатерина.109531@example-shop.ru,organic
109532,Елена,Москва,mass,2025-02-06 20:30:28,елена.109532@example-shop.ru,email
109533,Артём,Нижний Новгород,mass,2025-09-20 01:51:32,артём.109533@example-shop.ru,marketplace
109534,Екатерина,Санкт-Петербург,premium,2026-03-22 07:37:21,екатерина.109534@example-shop.ru,context
109535,Мария,Пермь,standard,2026-04-02 06:27:54,мария.109535@example-shop.ru,organic
109536,Виктория,Нижний Новгород,mass,2025-09-15 10:43:53,виктория.109536@example-shop.ru,marketplace
109537,Роман,Санкт-Петербург,mass,2025-05-27 23:14:10,роман.109537@example-shop.ru,organic
109538,Дмитрий,Тюмень,mass,2025-01-26 15:45:22,дмитрий.109538@example-shop.ru,organic
109539,Артём,Омск,mass,2025-08-26 12:55:44,артём.109539@example-shop.ru,social
109540,Роман,,standard,2025-10-20 02:44:32,роман.109540@example-shop.ru,email
109541,Алексей,Уфа,mass,2025-01-10 22:44:27,алексей.109541@example-shop.ru,email
109542,Михаил,Тюмень,mass,2026-05-25 10:55:36,михаил.109542@example-shop.ru,referral
109543,Елена,Нижний Новгород,mass,2026-01-22 01:28:21,елена.109543@example-shop.ru,email
109544,Ольга,Воронеж,mass,2025-06-28 03:31:04,ольга.109544@example-shop.ru,referral
109545,Михаил,Москва,standard,2025-07-13 12:10:28,михаил.109545@example-shop.ru,social
109546,Алексей,Новосибирск,standard,2025-07-14 14:52:14,алексей.109546@example-shop.ru,organic
109547,Алексей,Екатеринбург,mass,2026-04-14 17:30:03,алексей.109547@example-shop.ru,context
109548,Сергей,Москва,mass,2026-01-30 10:43:09,сергей.109548@example-shop.ru,context
109549,Никита,Москва,standard,2025-02-18 06:23:06,никита.109549@example-shop.ru,organic
109550,Алексей,Москва,premium,2025-06-16 22:11:49,алексей.109550@example-shop.ru,context
109551,Дарья,Санкт-Петербург,mass,2026-03-03 07:34:22,дарья.109551@example-shop.ru,organic
109552,Мария,Москва,mass,2025-07-14 06:39:10,мария.109552@example-shop.ru,organic
109553,Наталья,Казань,premium,2026-03-20 12:26:15,наталья.109553@example-shop.ru,social
109554,Сергей,Краснодар,mass,2025-10-04 12:25:09,сергей.109554@example-shop.ru,organic
109555,Наталья,Нижний Новгород,vip,2026-02-27 22:58:51,наталья.109555@example-shop.ru,organic
109556,Мария,Самара,standard,2025-10-15 15:14:53,мария.109556@example-shop.ru,email
109557,Дарья,Москва,mass,2026-02-05 05:41:00,дарья.109557@example-shop.ru,email
109558,Елена,Краснодар,mass,2025-08-24 03:52:37,елена.109558@example-shop.ru,referral
109559,Дарья,Москва,vip,2025-05-10 14:17:02,дарья.109559@example-shop.ru,organic
109560,Екатерина,Санкт-Петербург,mass,2026-04-26 18:22:20,екатерина.109560@example-shop.ru,social
109561,Виктория,Новосибирск,mass,2025-08-16 02:51:39,виктория.109561@example-shop.ru,referral
109562,Максим,Пермь,mass,2025-01-06 01:26:57,максим.109562@example-shop.ru,organic
109563,Екатерина,Тюмень,standard,2025-07-30 08:15:24,екатерина.109563@example-shop.ru,organic
109564,Полина,Уфа,premium,2025-08-12 22:43:12,полина.109564@example-shop.ru,context
109565,Никита,Ростов-на-Дону,standard,2025-05-12 08:46:41,никита.109565@example-shop.ru,context
109566,Никита,Новосибирск,mass,2026-04-24 08:18:06,никита.109566@example-shop.ru,organic
109567,Дмитрий,Самара,standard,2025-09-25 23:18:39,дмитрий.109567@example-shop.ru,organic
109568,Виктория,Москва,standard,2025-07-21 20:17:34,виктория.109568@example-shop.ru,social
109569,Ольга,Санкт-Петербург,mass,2026-01-16 03:43:55,ольга.109569@example-shop.ru,social
109570,Полина,Тюмень,standard,2025-12-15 18:33:55,полина.109570@example-shop.ru,social
109571,Полина,Тюмень,standard,2025-09-18 21:44:46,полина.109571@example-shop.ru,marketplace
109572,Ксения,Санкт-Петербург,mass,2026-06-16 08:10:47,ксения.109572@example-shop.ru,organic
109573,Анна,Москва,premium,2026-06-16 01:59:39,анна.109573@example-shop.ru,email
109574,Максим,Москва,mass,2025-09-17 10:52:46,максим.109574@example-shop.ru,context
109575,Роман,Екатеринбург,mass,2026-01-22 06:33:37,роман.109575@example-shop.ru,email
109576,Роман,Москва,mass,2025-01-29 08:38:32,роман.109576@example-shop.ru,referral
109577,Ольга,Самара,mass,2025-08-30 06:30:15,ольга.109577@example-shop.ru,social
109578,Иван,Москва,mass,2025-08-29 16:32:39,иван.109578@example-shop.ru,social
109579,Иван,Москва,mass,2025-08-09 03:45:52,иван.109579@example-shop.ru,referral
109580,Екатерина,Санкт-Петербург,standard,2026-04-04 08:04:43,екатерина.109580@example-shop.ru,referral
109581,Наталья,Уфа,standard,2025-11-15 01:34:28,наталья.109581@example-shop.ru,organic
109582,Наталья,Санкт-Петербург,mass,2025-09-14 19:43:30,наталья.109582@example-shop.ru,context
109583,Андрей,Екатеринбург,standard,2025-08-24 07:28:23,андрей.109583@example-shop.ru,email
109584,Алексей,Самара,standard,2025-12-04 04:27:32,алексей.109584@example-shop.ru,social
109585,Дарья,Уфа,mass,2025-05-01 22:57:10,дарья.109585@example-shop.ru,organic
109586,Елена,Санкт-Петербург,vip,2025-05-15 00:23:05,елена.109586@example-shop.ru,marketplace
109587,Никита,Ростов-на-Дону,mass,2025-10-11 23:16:52,никита.109587@example-shop.ru,marketplace
109588,Полина,Санкт-Петербург,mass,2025-06-23 22:43:59,полина.109588@example-shop.ru,social
109589,Артём,Самара,mass,2026-01-02 15:06:25,артём.109589@example-shop.ru,social
109590,Максим,Екатеринбург,mass,2026-05-07 07:53:00,максим.109590@example-shop.ru,context
109591,Дмитрий,Пермь,mass,2025-07-15 08:27:35,дмитрий.109591@example-shop.ru,social
109592,Анна,Тюмень,mass,2025-11-11 20:07:28,анна.109592@example-shop.ru,marketplace
109593,Полина,Уфа,standard,2025-06-04 09:52:27,полина.109593@example-shop.ru,organic
109594,Анна,Пермь,premium,2026-03-09 09:55:47,анна.109594@example-shop.ru,context
109595,Сергей,Москва,standard,2025-04-29 11:29:42,сергей.109595@example-shop.ru,marketplace
109596,Наталья,Самара,standard,2025-10-12 12:58:44,наталья.109596@example-shop.ru,context
109597,Екатерина,Москва,standard,2025-07-17 17:42:32,екатерина.109597@example-shop.ru,marketplace
109598,Андрей,Санкт-Петербург,standard,2026-02-21 20:09:55,андрей.109598@example-shop.ru,context
109599,Виктория,Новосибирск,mass,2025-05-14 04:19:39,виктория.109599@example-shop.ru,organic
109600,Дарья,Ростов-на-Дону,mass,2025-04-20 14:46:58,дарья.109600@example-shop.ru,marketplace
109601,Виктория,Ростов-на-Дону,mass,2026-02-20 21:19:52,виктория.109601@example-shop.ru,organic
109602,Сергей,Воронеж,mass,2025-10-31 12:49:53,сергей.109602@example-shop.ru,referral
109603,Анна,Новосибирск,standard,2025-12-15 02:22:56,анна.109603@example-shop.ru,organic
109604,Дмитрий,Пермь,mass,2026-03-09 18:35:53,дмитрий.109604@example-shop.ru,referral
109605,Сергей,Воронеж,mass,2025-06-06 09:04:24,сергей.109605@example-shop.ru,organic
109606,Алексей,Краснодар,mass,2025-05-12 11:46:14,алексей.109606@example-shop.ru,email
109607,Максим,Москва,standard,2026-06-25 13:09:11,максим.109607@example-shop.ru,marketplace
109608,Наталья,Новосибирск,mass,2025-03-02 17:32:28,наталья.109608@example-shop.ru,organic
109609,Наталья,Ростов-на-Дону,mass,2025-12-18 21:23:29,наталья.109609@example-shop.ru,context
109610,Андрей,Тюмень,mass,2025-03-19 15:32:45,андрей.109610@example-shop.ru,referral
109611,Полина,Москва,mass,2026-06-04 13:09:16,полина.109611@example-shop.ru,marketplace
109612,Роман,Санкт-Петербург,standard,2026-03-28 23:43:54,роман.109612@example-shop.ru,context
109613,Мария,Санкт-Петербург,mass,2025-05-02 00:04:32,мария.109613@example-shop.ru,marketplace
109614,Сергей,Санкт-Петербург,mass,2026-02-15 18:25:24,сергей.109614@example-shop.ru,marketplace
109615,Роман,Краснодар,vip,2026-02-23 10:14:37,роман.109615@example-shop.ru,referral
109616,Виктория,Москва,mass,2025-09-30 12:22:28,виктория.109616@example-shop.ru,context
109617,Наталья,Санкт-Петербург,standard,2026-06-06 02:58:10,наталья.109617@example-shop.ru,social
109618,Сергей,Ростов-на-Дону,standard,2025-05-08 05:42:10,сергей.109618@example-shop.ru,referral
109619,Сергей,Казань,mass,2025-02-09 15:11:04,сергей.109619@example-shop.ru,referral
109620,Виктория,Москва,mass,2026-03-18 22:15:41,виктория.109620@example-shop.ru,context
109621,Анна,Нижний Новгород,mass,2025-07-14 19:48:06,анна.109621@example-shop.ru,social
109622,Артём,Новосибирск,mass,2025-03-09 20:41:53,артём.109622@example-shop.ru,email
109623,Дмитрий,Тюмень,mass,2026-06-12 21:51:47,дмитрий.109623@example-shop.ru,context
109624,Екатерина,Ростов-на-Дону,standard,2025-08-16 19:54:04,екатерина.109624@example-shop.ru,social
109625,Ксения,Тюмень,mass,2026-04-17 16:40:17,ксения.109625@example-shop.ru,context
109626,Артём,Москва,mass,2026-03-22 10:34:46,артём.109626@example-shop.ru,organic
109627,Ольга,Уфа,standard,2025-06-15 09:16:06,ольга.109627@example-shop.ru,organic
109628,Никита,Новосибирск,mass,2026-03-13 18:50:44,никита.109628@example-shop.ru,context
109629,Екатерина,Ростов-на-Дону,standard,2025-09-13 21:48:42,екатерина.109629@example-shop.ru,social
109630,Сергей,Екатеринбург,mass,2025-12-10 06:59:25,сергей.109630@example-shop.ru,email
109631,Алексей,Москва,standard,2025-06-06 03:47:51,алексей.109631@example-shop.ru,organic
109632,Алексей,Москва,premium,2025-01-05 05:16:07,алексей.109632@example-shop.ru,context
109633,Дмитрий,Краснодар,mass,2025-04-14 19:10:01,дмитрий.109633@example-shop.ru,email
109634,Дмитрий,Краснодар,premium,2025-07-01 13:14:23,дмитрий.109634@example-shop.ru,organic
109635,Роман,Москва,mass,2025-10-26 03:48:36,роман.109635@example-shop.ru,marketplace
109636,Артём,Самара,mass,2026-04-10 23:49:43,артём.109636@example-shop.ru,social
109637,Полина,Ростов-на-Дону,mass,2025-04-07 09:49:35,полина.109637@example-shop.ru,marketplace
109638,Артём,Новосибирск,mass,2026-01-29 03:27:54,артём.109638@example-shop.ru,referral
109639,Никита,Санкт-Петербург,premium,2026-02-13 10:07:25,никита.109639@example-shop.ru,marketplace
109640,Виктория,Воронеж,mass,2026-03-18 18:35:11,виктория.109640@example-shop.ru,referral
109641,Ольга,Самара,mass,2026-03-21 00:51:31,ольга.109641@example-shop.ru,organic
109642,Роман,Ростов-на-Дону,premium,2025-02-04 07:47:41,роман.109642@example-shop.ru,email
109643,Сергей,Самара,mass,2025-04-29 16:15:21,сергей.109643@example-shop.ru,organic
109644,Елена,Ростов-на-Дону,standard,2026-05-28 17:15:51,елена.109644@example-shop.ru,social
109645,Наталья,Москва,mass,2025-12-11 14:47:55,наталья.109645@example-shop.ru,context
109646,Екатерина,Пермь,premium,2025-05-05 19:58:21,екатерина.109646@example-shop.ru,email
109647,Ольга,Санкт-Петербург,mass,2026-06-27 21:38:36,ольга.109647@example-shop.ru,email
109648,Роман,Краснодар,standard,2025-07-01 02:23:33,роман.109648@example-shop.ru,email
109649,Полина,Воронеж,standard,2025-06-07 06:46:42,полина.109649@example-shop.ru,organic
109650,Сергей,Самара,vip,2026-04-04 02:49:33,сергей.109650@example-shop.ru,marketplace
109651,Елена,Нижний Новгород,vip,2026-06-08 12:17:52,елена.109651@example-shop.ru,email
109652,Сергей,Москва,standard,2025-08-10 09:20:47,сергей.109652@example-shop.ru,context
109653,Андрей,Казань,mass,2025-12-18 18:51:43,андрей.109653@example-shop.ru,organic
109654,Анна,Нижний Новгород,mass,2025-12-17 11:26:35,анна.109654@example-shop.ru,context
109655,Полина,Москва,premium,2025-05-04 02:28:52,полина.109655@example-shop.ru,organic
109656,Сергей,Москва,standard,2025-10-29 00:54:55,сергей.109656@example-shop.ru,social
109657,Андрей,Тюмень,premium,2025-01-31 08:00:16,андрей.109657@example-shop.ru,organic
109658,Дарья,Санкт-Петербург,standard,2026-04-18 00:16:40,дарья.109658@example-shop.ru,context
109659,Дарья,Санкт-Петербург,mass,2026-03-28 08:43:34,дарья.109659@example-shop.ru,referral
109660,Никита,Санкт-Петербург,mass,2025-03-27 02:05:45,никита.109660@example-shop.ru,context
109661,Анна,Самара,mass,2025-11-28 17:11:37,анна.109661@example-shop.ru,marketplace
109662,Виктория,Екатеринбург,standard,2025-02-23 07:06:30,виктория.109662@example-shop.ru,organic
109663,Мария,Уфа,mass,2025-02-17 17:54:33,мария.109663@example-shop.ru,social
109664,Елена,Новосибирск,mass,2025-12-11 15:11:13,елена.109664@example-shop.ru,marketplace
109665,Алексей,Москва,standard,2026-03-11 08:24:00,алексей.109665@example-shop.ru,context
109666,Екатерина,Екатеринбург,mass,2026-04-06 07:54:48,екатерина.109666@example-shop.ru,context
109667,Михаил,Москва,mass,2025-06-30 18:05:45,михаил.109667@example-shop.ru,marketplace
109668,Роман,Краснодар,mass,2026-05-19 02:10:09,роман.109668@example-shop.ru,social
109669,Анна,Москва,mass,2025-10-22 03:25:05,анна.109669@example-shop.ru,email
109670,Максим,Москва,mass,2025-08-06 23:01:38,максим.109670@example-shop.ru,marketplace
109671,Екатерина,Екатеринбург,standard,2025-07-07 22:14:29,екатерина.109671@example-shop.ru,organic
109672,Андрей,Москва,premium,2026-02-05 11:55:27,андрей.109672@example-shop.ru,email
109673,Ксения,Новосибирск,standard,2025-07-21 22:53:30,ксения.109673@example-shop.ru,referral
109674,Мария,Екатеринбург,premium,2025-08-01 23:29:14,мария.109674@example-shop.ru,marketplace
109675,Сергей,Омск,mass,2025-07-31 08:33:46,сергей.109675@example-shop.ru,social
109676,Алексей,Москва,mass,2025-06-23 18:53:21,алексей.109676@example-shop.ru,email
109677,Андрей,Новосибирск,mass,2025-08-05 15:33:14,андрей.109677@example-shop.ru,context
109678,Иван,Ростов-на-Дону,standard,2025-01-14 04:41:46,иван.109678@example-shop.ru,social
109679,Андрей,Москва,mass,2026-04-22 13:54:53,,email
109680,Анна,Нижний Новгород,premium,2025-05-17 07:26:44,анна.109680@example-shop.ru,marketplace
109681,Алексей,Воронеж,standard,2025-09-01 18:54:57,алексей.109681@example-shop.ru,organic
109682,Ксения,Уфа,standard,2025-04-03 17:51:11,ксения.109682@example-shop.ru,organic
109683,Сергей,Пермь,mass,2025-10-20 09:07:56,сергей.109683@example-shop.ru,marketplace
109684,Сергей,Ростов-на-Дону,standard,2025-05-27 09:27:10,сергей.109684@example-shop.ru,social
109685,Михаил,Казань,mass,2025-04-03 12:10:30,михаил.109685@example-shop.ru,organic
109686,Елена,Пермь,mass,2025-06-07 08:33:02,елена.109686@example-shop.ru,social
109687,Екатерина,Москва,standard,2026-05-09 02:06:55,екатерина.109687@example-shop.ru,marketplace
109688,Сергей,Нижний Новгород,mass,2026-04-14 02:32:09,сергей.109688@example-shop.ru,marketplace
109689,Елена,Уфа,premium,2026-03-07 12:27:23,елена.109689@example-shop.ru,context
109690,Ольга,Воронеж,standard,2025-04-21 20:09:34,ОЛЬГА.109690@EXAMPLE-SHOP.RU,email
109691,Алексей,Пермь,standard,2025-12-21 04:03:48,алексей.109691@example-shop.ru,context
109692,Максим,Москва,mass,2026-03-23 12:25:39,максим.109692@example-shop.ru,context
109693,Виктория,Ростов-на-Дону,mass,2025-12-21 03:24:30,виктория.109693@example-shop.ru,email
109694,Иван,Москва,mass,2026-04-14 08:11:54,иван.109694@example-shop.ru,organic
109695,Иван,Уфа,standard,2025-04-20 13:48:42,иван.109695@example-shop.ru,context
109696,Екатерина,Ростов-на-Дону,mass,2025-09-10 18:11:36,екатерина.109696@example-shop.ru,organic
109697,Сергей,Москва,vip,2025-06-30 02:19:48,сергей.109697@example-shop.ru,organic
109698,Иван,Краснодар,vip,2026-01-30 20:39:48,иван.109698@example-shop.ru,context
109699,Роман,Екатеринбург,mass,2025-03-11 15:54:51,роман.109699@example-shop.ru,marketplace
109700,Дарья,Новосибирск,standard,2025-06-23 15:23:15,дарья.109700@example-shop.ru,context
109701,Алексей,Тюмень,mass,2026-01-18 20:01:12,алексей.109701@example-shop.ru,referral
109702,Дмитрий,Самара,mass,2025-01-10 16:26:37,ДМИТРИЙ.109702@EXAMPLE-SHOP.RU,context
109703,Ольга,Нижний Новгород,mass,2025-05-20 08:50:33,ольга.109703@example-shop.ru,email
109704,Роман,Москва,premium,2026-01-22 18:14:30,роман.109704@example-shop.ru,social
109705,Мария,Москва,premium,2025-05-11 11:53:47,мария.109705@example-shop.ru,marketplace
109706,Андрей,Москва,mass,2025-11-27 11:52:46,андрей.109706@example-shop.ru,context
109707,Максим,Санкт-Петербург,mass,2025-08-07 05:59:18,максим.109707@example-shop.ru,social
109708,Иван,Санкт-Петербург,mass,2025-09-09 10:38:10,иван.109708@example-shop.ru,organic
109709,Ксения,Новосибирск,mass,2025-07-15 04:26:57,ксения.109709@example-shop.ru,organic
109710,Мария,Самара,mass,2026-05-05 18:51:56,мария.109710@example-shop.ru,social
109711,Иван,Москва,premium,2026-01-28 20:49:30,иван.109711@example-shop.ru,email
109712,Никита,Нижний Новгород,premium,2026-02-01 08:31:57,никита.109712@example-shop.ru,organic
109713,Артём,Пермь,mass,2026-03-08 09:47:12,артём.109713@example-shop.ru,referral
109714,Наталья,Москва,premium,2025-08-20 22:36:08,наталья.109714@example-shop.ru,referral
109715,Екатерина,Самара,standard,2025-02-26 07:00:55,екатерина.109715@example-shop.ru,social
109716,Михаил,Москва,standard,2025-01-30 02:11:42,михаил.109716@example-shop.ru,email
109717,Михаил,Новосибирск,standard,2025-09-20 18:09:58,михаил.109717@example-shop.ru,social
109718,Алексей,,mass,2026-04-23 11:12:05,алексей.109718@example-shop.ru,marketplace
109719,Виктория,Москва,mass,2025-09-21 04:11:22,виктория.109719@example-shop.ru,email
109720,Елена,Санкт-Петербург,mass,2026-06-21 15:07:40,елена.109720@example-shop.ru,marketplace
109721,Андрей,Воронеж,standard,2025-10-13 06:52:29,андрей.109721@example-shop.ru,context
109722,Артём,Москва,mass,2025-12-12 19:32:06,артём.109722@example-shop.ru,email
109723,Иван,Ростов-на-Дону,mass,2025-02-12 07:23:16,иван.109723@example-shop.ru,marketplace
109724,Ксения,Нижний Новгород,mass,2026-02-23 16:03:50,ксения.109724@example-shop.ru,organic
109725,Елена,Москва,mass,2026-04-30 12:30:20,елена.109725@example-shop.ru,social
109726,Елена,Ростов-на-Дону,mass,2025-10-03 18:48:17,елена.109726@example-shop.ru,email
109727,Никита,Новосибирск,mass,2026-05-08 23:31:39,никита.109727@example-shop.ru,context
109728,Дарья,Москва,premium,2025-05-09 23:17:17,дарья.109728@example-shop.ru,social
109729,Ксения,Омск,standard,2025-09-24 15:05:42,ксения.109729@example-shop.ru,referral
109730,Екатерина,Екатеринбург,mass,2026-05-13 01:50:34,екатерина.109730@example-shop.ru,email
109731,Никита,Ростов-на-Дону,premium,2025-11-25 23:45:14,никита.109731@example-shop.ru,organic
109732,Иван,Москва,standard,2026-01-11 03:37:34,иван.109732@example-shop.ru,context
109733,Виктория,Москва,mass,2025-08-08 18:28:51,ВИКТОРИЯ.109733@EXAMPLE-SHOP.RU,context
109734,Елена,Ростов-на-Дону,standard,2025-10-26 23:12:17,елена.109734@example-shop.ru,organic
109735,Ольга,Самара,mass,2025-07-22 12:04:27,ольга.109735@example-shop.ru,organic
109736,Дмитрий,Санкт-Петербург,mass,2025-01-31 09:41:19,дмитрий.109736@example-shop.ru,referral
109737,Дмитрий,Ростов-на-Дону,standard,2025-10-06 23:08:49,дмитрий.109737@example-shop.ru,email
109738,Сергей,Екатеринбург,mass,2026-05-22 18:14:23,сергей.109738@example-shop.ru,marketplace
109739,Никита,Санкт-Петербург,mass,2025-02-01 19:40:09,никита.109739@example-shop.ru,marketplace
109740,Михаил,Уфа,mass,2025-09-03 20:36:02,михаил.109740@example-shop.ru,marketplace
109741,Максим,Нижний Новгород,mass,2025-12-26 22:34:12,максим.109741@example-shop.ru,organic
109742,Сергей,Екатеринбург,mass,2025-02-16 02:01:46,сергей.109742@example-shop.ru,context
109743,Артём,Уфа,standard,2025-01-03 20:14:12,артём.109743@example-shop.ru,organic
109744,Дмитрий,Новосибирск,mass,2025-04-01 00:11:22,дмитрий.109744@example-shop.ru,referral
109745,Артём,Пермь,mass,2025-05-01 02:07:22,артём.109745@example-shop.ru,marketplace
109746,Екатерина,Краснодар,standard,2026-04-24 20:48:36,екатерина.109746@example-shop.ru,organic
109747,Дмитрий,Санкт-Петербург,mass,2025-03-27 00:12:31,дмитрий.109747@example-shop.ru,social
109748,Виктория,Екатеринбург,standard,2025-12-16 01:22:58,виктория.109748@example-shop.ru,social
109749,Роман,Омск,mass,2025-07-05 08:47:56,роман.109749@example-shop.ru,organic
109750,Артём,Воронеж,mass,2025-10-19 21:07:25,артём.109750@example-shop.ru,email
109751,Елена,Москва,mass,2026-05-11 00:46:06,елена.109751@example-shop.ru,context
109752,Виктория,Санкт-Петербург,mass,2026-04-13 18:12:45,виктория.109752@example-shop.ru,context
109753,Дарья,Санкт-Петербург,standard,2025-02-13 10:29:50,дарья.109753@example-shop.ru,marketplace
109754,Дмитрий,Воронеж,standard,2025-02-18 13:04:56,дмитрий.109754@example-shop.ru,organic
109755,Виктория,Пермь,mass,2025-07-14 18:52:25,виктория.109755@example-shop.ru,context
109756,Екатерина,Уфа,mass,2026-03-17 18:34:13,екатерина.109756@example-shop.ru,email
109757,Максим,Санкт-Петербург,premium,2026-02-18 23:04:13,максим.109757@example-shop.ru,context
109758,Ольга,Воронеж,mass,2025-12-04 00:54:59,ольга.109758@example-shop.ru,social
109759,Ксения,Москва,mass,2026-04-16 09:14:18,ксения.109759@example-shop.ru,context
109760,Ольга,Казань,standard,2025-04-10 07:56:04,ольга.109760@example-shop.ru,context
109761,Виктория,Казань,mass,2026-02-06 04:34:08,виктория.109761@example-shop.ru,organic
109762,Иван,Новосибирск,premium,2026-06-13 06:54:56,иван.109762@example-shop.ru,email
109763,Никита,Новосибирск,mass,2026-06-11 00:58:05,никита.109763@example-shop.ru,organic
109764,Виктория,Москва,premium,2026-01-23 15:02:13,виктория.109764@example-shop.ru,marketplace
109765,Дарья,Москва,mass,2026-01-15 06:35:59,дарья.109765@example-shop.ru,organic
109766,Михаил,Уфа,mass,2025-05-02 21:58:07,михаил.109766@example-shop.ru,marketplace
109767,Ольга,Москва,mass,2026-02-10 21:59:43,ольга.109767@example-shop.ru,marketplace
109768,Максим,Екатеринбург,vip,2025-05-15 18:44:59,максим.109768@example-shop.ru,organic
109769,Роман,,mass,2025-08-19 00:38:45,роман.109769@example-shop.ru,social
109770,Ксения,Санкт-Петербург,mass,2025-03-05 17:52:25,ксения.109770@example-shop.ru,email
109771,Иван,Санкт-Петербург,premium,2025-06-14 14:51:24,иван.109771@example-shop.ru,social
109772,Андрей,Ростов-на-Дону,mass,2025-02-11 08:20:28,андрей.109772@example-shop.ru,marketplace
109773,Андрей,Екатеринбург,mass,2025-09-09 17:19:45,андрей.109773@example-shop.ru,organic
109774,Иван,Санкт-Петербург,mass,2025-02-09 09:54:55,иван.109774@example-shop.ru,marketplace
109775,Иван,Краснодар,standard,2026-02-23 12:21:14,иван.109775@example-shop.ru,social
109776,Екатерина,Москва,mass,2025-12-24 09:00:58,екатерина.109776@example-shop.ru,context
109777,Андрей,Уфа,mass,2025-12-21 09:26:26,андрей.109777@example-shop.ru,social
109778,Ольга,Москва,premium,2026-01-19 05:59:02,ольга.109778@example-shop.ru,context
109779,Михаил,Пермь,standard,2026-02-25 16:26:19,михаил.109779@example-shop.ru,context
109780,Полина,Москва,mass,2026-01-04 05:44:41,полина.109780@example-shop.ru,organic
109781,Максим,Новосибирск,standard,2025-12-09 00:49:57,максим.109781@example-shop.ru,email
109782,Дмитрий,Нижний Новгород,mass,2025-04-10 12:28:57,дмитрий.109782@example-shop.ru,context
109783,Полина,Новосибирск,mass,2026-02-04 12:57:56,полина.109783@example-shop.ru,context
109784,Елена,Краснодар,mass,2025-09-23 09:58:49,елена.109784@example-shop.ru,marketplace
109785,Наталья,Москва,standard,2025-03-26 20:09:05,наталья.109785@example-shop.ru,marketplace
109786,Сергей,Казань,standard,2025-09-19 23:58:26,сергей.109786@example-shop.ru,email
109787,Артём,Воронеж,mass,2025-06-26 09:27:13,артём.109787@example-shop.ru,organic
109788,Елена,Воронеж,mass,2025-04-19 10:40:32,елена.109788@example-shop.ru,marketplace
109789,Екатерина,Екатеринбург,mass,2025-11-02 20:23:17,екатерина.109789@example-shop.ru,organic
109790,Екатерина,Новосибирск,standard,2026-05-03 15:16:21,екатерина.109790@example-shop.ru,context
109791,Дмитрий,Уфа,standard,2025-01-10 00:26:24,дмитрий.109791@example-shop.ru,marketplace
109792,Наталья,Уфа,standard,2025-03-15 12:41:01,наталья.109792@example-shop.ru,organic
109793,Мария,Воронеж,vip,2026-05-13 04:50:51,МАРИЯ.109793@EXAMPLE-SHOP.RU,organic
109794,Дмитрий,Краснодар,standard,2026-01-12 13:01:22,дмитрий.109794@example-shop.ru,social
109795,Полина,Казань,vip,2025-05-11 12:31:37,полина.109795@example-shop.ru,context
109796,Артём,Самара,standard,2025-07-21 04:56:59,артём.109796@example-shop.ru,context
109797,Михаил,Екатеринбург,mass,2025-02-18 05:36:31,михаил.109797@example-shop.ru,email
109798,Ксения,Москва,standard,2026-04-05 18:08:35,ксения.109798@example-shop.ru,marketplace
109799,Роман,Краснодар,mass,2025-12-29 00:23:34,роман.109799@example-shop.ru,marketplace
109800,Дарья,Нижний Новгород,mass,2025-05-07 12:56:39,дарья.109800@example-shop.ru,organic
109801,Роман,Москва,mass,2025-04-16 14:06:24,роман.109801@example-shop.ru,referral
109802,Наталья,Самара,mass,2026-01-12 16:12:02,наталья.109802@example-shop.ru,marketplace
109803,Михаил,Санкт-Петербург,standard,2025-11-03 06:06:21,михаил.109803@example-shop.ru,organic
109804,Елена,Москва,mass,2026-02-13 05:04:39,елена.109804@example-shop.ru,social
109805,Ксения,Нижний Новгород,mass,2025-05-16 16:36:53,ксения.109805@example-shop.ru,organic
109806,Анна,,premium,2026-06-26 23:13:37,анна.109806@example-shop.ru,organic
109807,Ксения,Новосибирск,standard,2025-04-01 10:30:54,ксения.109807@example-shop.ru,organic
109808,Ксения,Москва,mass,2025-04-08 04:44:37,ксения.109808@example-shop.ru,referral
109809,Иван,Новосибирск,mass,2026-02-05 13:44:55,иван.109809@example-shop.ru,social
109810,Роман,Москва,mass,2025-11-04 19:41:41,роман.109810@example-shop.ru,organic
109811,Полина,Пермь,premium,2025-07-31 15:54:58,полина.109811@example-shop.ru,social
109812,Виктория,Санкт-Петербург,mass,2026-02-06 07:14:07,виктория.109812@example-shop.ru,organic
109813,Максим,Воронеж,premium,2025-11-10 01:39:06,максим.109813@example-shop.ru,organic
109814,Ксения,Москва,mass,2025-08-08 13:55:02,ксения.109814@example-shop.ru,marketplace
109815,Артём,Москва,standard,2025-04-28 18:54:28,артём.109815@example-shop.ru,context
109816,Иван,Екатеринбург,mass,2026-01-26 22:00:28,иван.109816@example-shop.ru,email
109817,Дмитрий,Ростов-на-Дону,mass,2025-10-29 01:34:56,дмитрий.109817@example-shop.ru,context
109818,Екатерина,Омск,mass,2026-05-03 08:50:54,екатерина.109818@example-shop.ru,organic
109819,Наталья,Новосибирск,mass,2025-08-18 13:41:38,наталья.109819@example-shop.ru,marketplace
109820,Дмитрий,Санкт-Петербург,vip,2025-05-25 15:55:43,дмитрий.109820@example-shop.ru,organic
109821,Дарья,Москва,standard,2025-01-28 22:00:56,дарья.109821@example-shop.ru,context
109822,Иван,Нижний Новгород,mass,2025-05-28 15:51:32,иван.109822@example-shop.ru,referral
109823,Дмитрий,Казань,standard,2026-02-01 01:07:44,дмитрий.109823@example-shop.ru,social
109824,Наталья,Пермь,mass,2025-06-06 09:11:26,наталья.109824@example-shop.ru,marketplace
109825,Алексей,Екатеринбург,premium,2025-10-29 00:55:31,,marketplace
109826,Ольга,Уфа,mass,2025-04-28 02:05:26,ольга.109826@example-shop.ru,organic
109827,Никита,Краснодар,mass,2026-05-21 09:36:19,никита.109827@example-shop.ru,organic
109828,Никита,Москва,mass,2026-05-07 12:12:04,никита.109828@example-shop.ru,social
109829,Ксения,Екатеринбург,mass,2026-03-17 07:59:07,ксения.109829@example-shop.ru,organic
109830,Максим,Воронеж,premium,2026-02-04 15:14:43,максим.109830@example-shop.ru,social
109831,Мария,Казань,mass,2025-11-08 06:14:21,мария.109831@example-shop.ru,context
109832,Андрей,Новосибирск,mass,2025-01-05 12:00:50,андрей.109832@example-shop.ru,marketplace
109833,Ольга,Воронеж,standard,2025-01-24 11:13:10,ольга.109833@example-shop.ru,marketplace
109834,Роман,Москва,mass,2025-08-30 16:19:54,роман.109834@example-shop.ru,organic
109835,Иван,Воронеж,mass,2026-02-14 19:05:43,иван.109835@example-shop.ru,organic
109836,Екатерина,Казань,standard,2025-03-12 21:39:32,екатерина.109836@example-shop.ru,marketplace
109837,Виктория,Нижний Новгород,mass,2025-10-27 05:29:53,виктория.109837@example-shop.ru,organic
109838,Никита,Санкт-Петербург,premium,2026-06-05 04:59:14,никита.109838@example-shop.ru,organic
109839,Иван,Новосибирск,standard,2026-04-01 02:12:44,иван.109839@example-shop.ru,organic
109840,Сергей,Москва,mass,2025-10-28 16:33:52,сергей.109840@example-shop.ru,context
109841,Полина,Москва,mass,2025-11-11 20:54:17,полина.109841@example-shop.ru,organic
109842,Ольга,,mass,2025-02-04 02:36:46,ольга.109842@example-shop.ru,context
109843,Екатерина,Санкт-Петербург,mass,2025-01-02 02:31:09,екатерина.109843@example-shop.ru,organic
109844,Анна,Нижний Новгород,standard,2025-06-22 03:11:40,анна.109844@example-shop.ru,email
109845,Роман,Москва,standard,2026-03-21 03:03:01,роман.109845@example-shop.ru,organic
109846,Елена,Москва,mass,2025-01-04 05:32:33,,email
109847,Виктория,Москва,standard,2026-03-12 14:30:07,виктория.109847@example-shop.ru,social
109848,Ксения,Екатеринбург,mass,2025-05-21 08:05:35,ксения.109848@example-shop.ru,social
109849,Екатерина,Москва,premium,2025-02-24 04:11:12,екатерина.109849@example-shop.ru,marketplace
109850,Наталья,Москва,mass,2025-02-22 05:19:57,наталья.109850@example-shop.ru,context
109851,Анна,Нижний Новгород,premium,2026-01-08 16:24:39,анна.109851@example-shop.ru,organic
109852,Максим,Ростов-на-Дону,mass,2025-01-25 10:07:18,максим.109852@example-shop.ru,social
109853,Андрей,Самара,mass,2025-10-14 17:23:47,андрей.109853@example-shop.ru,organic
109854,Дмитрий,Санкт-Петербург,mass,2026-05-25 12:21:27,дмитрий.109854@example-shop.ru,organic
109855,Екатерина,Краснодар,premium,2025-11-18 12:06:56,екатерина.109855@example-shop.ru,marketplace
109856,Наталья,Нижний Новгород,premium,2025-07-02 05:16:20,наталья.109856@example-shop.ru,marketplace
109857,Максим,Нижний Новгород,standard,2026-04-30 16:44:26,МАКСИМ.109857@EXAMPLE-SHOP.RU,context
109858,Роман,Москва,mass,2025-02-09 18:02:41,роман.109858@example-shop.ru,context
109859,Ольга,Москва,standard,2025-05-17 00:21:22,ольга.109859@example-shop.ru,social
109860,Елена,Екатеринбург,mass,2025-04-04 09:58:06,елена.109860@example-shop.ru,organic
109861,Артём,Москва,standard,2025-01-08 04:07:53,артём.109861@example-shop.ru,organic
109862,Дарья,Самара,mass,2026-06-05 05:42:34,дарья.109862@example-shop.ru,social
109863,Ксения,Санкт-Петербург,standard,2025-04-24 15:59:32,ксения.109863@example-shop.ru,context
109864,Михаил,Москва,standard,2025-02-09 22:48:02,михаил.109864@example-shop.ru,organic
109865,Екатерина,Москва,mass,2026-05-14 17:50:54,екатерина.109865@example-shop.ru,social
109866,Дарья,Москва,standard,2026-06-09 08:23:25,дарья.109866@example-shop.ru,social
109867,Елена,Казань,mass,2025-04-26 05:24:53,елена.109867@example-shop.ru,context
109868,Елена,Москва,mass,2025-08-07 23:35:43,елена.109868@example-shop.ru,marketplace
109869,Наталья,Новосибирск,mass,2026-01-03 14:35:55,наталья.109869@example-shop.ru,email
109870,Михаил,Санкт-Петербург,mass,2025-08-21 21:29:19,михаил.109870@example-shop.ru,social
109871,Михаил,Новосибирск,mass,2026-03-07 09:05:19,михаил.109871@example-shop.ru,organic
109872,Анна,Пермь,standard,2025-05-16 12:41:44,анна.109872@example-shop.ru,social
109873,Дарья,Воронеж,standard,2026-03-20 04:47:25,дарья.109873@example-shop.ru,referral
109874,Ольга,Новосибирск,mass,2025-11-01 10:12:52,ольга.109874@example-shop.ru,social
109875,Ксения,Казань,vip,2025-01-06 16:31:00,ксения.109875@example-shop.ru,social
109876,Роман,Самара,premium,2025-12-05 05:37:10,роман.109876@example-shop.ru,organic
109877,Полина,Пермь,mass,2025-01-06 02:59:00,полина.109877@example-shop.ru,context
109878,Михаил,Екатеринбург,mass,2026-04-07 03:01:18,михаил.109878@example-shop.ru,marketplace
109879,Артём,Москва,premium,2026-06-24 00:15:07,артём.109879@example-shop.ru,organic
109880,Анна,Уфа,mass,2025-03-26 01:39:58,анна.109880@example-shop.ru,social
109881,Ольга,Москва,mass,2025-10-15 10:44:33,ольга.109881@example-shop.ru,marketplace
109882,Ксения,Уфа,premium,2025-07-03 11:42:58,ксения.109882@example-shop.ru,organic
109883,Ольга,Москва,standard,2025-02-04 17:14:23,ольга.109883@example-shop.ru,marketplace
109884,Мария,Москва,premium,2026-01-05 07:55:53,мария.109884@example-shop.ru,marketplace
109885,Дмитрий,Уфа,premium,2025-01-15 14:39:36,дмитрий.109885@example-shop.ru,referral
109886,Виктория,Самара,mass,2025-01-14 02:31:11,виктория.109886@example-shop.ru,referral
109887,Михаил,Новосибирск,standard,2026-03-18 20:53:15,михаил.109887@example-shop.ru,email
109888,Полина,Краснодар,standard,2025-06-03 19:08:52,полина.109888@example-shop.ru,organic
109889,Никита,Краснодар,mass,2026-05-09 04:48:46,никита.109889@example-shop.ru,referral
109890,Артём,Екатеринбург,mass,2025-11-20 20:47:20,артём.109890@example-shop.ru,context
109891,Виктория,Тюмень,mass,2025-10-13 20:21:42,ВИКТОРИЯ.109891@EXAMPLE-SHOP.RU,marketplace
109892,Андрей,Санкт-Петербург,standard,2025-08-12 00:25:17,андрей.109892@example-shop.ru,social
109893,Алексей,Москва,standard,2025-07-22 14:01:12,алексей.109893@example-shop.ru,email
109894,Виктория,Краснодар,premium,2025-05-03 14:28:04,виктория.109894@example-shop.ru,organic
109895,Наталья,Казань,mass,2026-01-18 18:49:27,наталья.109895@example-shop.ru,organic
109896,Дарья,Воронеж,standard,2025-11-27 08:20:48,дарья.109896@example-shop.ru,email
109897,Андрей,Москва,mass,2025-01-13 04:50:22,андрей.109897@example-shop.ru,context
109898,Екатерина,Москва,premium,2025-06-26 07:30:56,екатерина.109898@example-shop.ru,social
109899,Екатерина,Москва,standard,2026-05-05 21:49:05,екатерина.109899@example-shop.ru,referral
109900,Екатерина,Нижний Новгород,standard,2025-09-26 10:28:07,екатерина.109900@example-shop.ru,organic
109901,Виктория,Краснодар,mass,2025-05-20 13:39:49,,context
109902,Дмитрий,Казань,mass,2025-05-06 02:41:20,дмитрий.109902@example-shop.ru,context
109903,Елена,Москва,mass,2025-04-15 01:05:11,елена.109903@example-shop.ru,marketplace
109904,Роман,Казань,standard,2026-04-15 07:04:36,роман.109904@example-shop.ru,organic
109905,Михаил,Санкт-Петербург,mass,2025-06-19 09:09:50,михаил.109905@example-shop.ru,context
109906,Дмитрий,Самара,standard,2025-02-04 17:33:26,дмитрий.109906@example-shop.ru,marketplace
109907,Ксения,Самара,mass,2026-04-30 18:39:48,ксения.109907@example-shop.ru,email
109908,Полина,Москва,mass,2025-08-01 07:27:00,полина.109908@example-shop.ru,referral
109909,Михаил,Казань,mass,2026-01-20 04:18:44,михаил.109909@example-shop.ru,social
109910,Дмитрий,Самара,mass,2026-01-25 12:54:06,дмитрий.109910@example-shop.ru,email
109911,Никита,Санкт-Петербург,mass,2025-07-10 19:33:48,никита.109911@example-shop.ru,marketplace
109912,Дмитрий,Казань,mass,2025-09-29 12:32:21,дмитрий.109912@example-shop.ru,marketplace
109913,Сергей,Нижний Новгород,mass,2025-02-25 05:35:46,сергей.109913@example-shop.ru,social
109914,Ксения,Казань,standard,2025-12-31 01:09:56,ксения.109914@example-shop.ru,referral
109915,Артём,Москва,mass,2026-01-03 05:36:38,артём.109915@example-shop.ru,email
109916,Дмитрий,Москва,standard,2025-04-27 12:08:13,дмитрий.109916@example-shop.ru,email
109917,Мария,Уфа,standard,2025-04-17 12:17:42,мария.109917@example-shop.ru,referral
109918,Ольга,Москва,mass,2025-08-05 20:24:25,ольга.109918@example-shop.ru,organic
109919,Екатерина,Краснодар,mass,2026-01-13 07:23:24,екатерина.109919@example-shop.ru,email
109920,Роман,Екатеринбург,mass,2025-10-11 02:48:59,роман.109920@example-shop.ru,context
109921,Дмитрий,Екатеринбург,mass,2025-02-03 14:58:03,ДМИТРИЙ.109921@EXAMPLE-SHOP.RU,organic
109922,Анна,Уфа,mass,2025-11-09 01:03:53,анна.109922@example-shop.ru,organic
109923,Роман,Казань,standard,2026-01-21 08:04:27,роман.109923@example-shop.ru,organic
109924,Анна,Москва,mass,2025-04-12 14:03:57,анна.109924@example-shop.ru,social
109925,Мария,Москва,premium,2025-08-31 07:39:04,мария.109925@example-shop.ru,organic
109926,Наталья,Самара,standard,2026-03-17 04:18:44,наталья.109926@example-shop.ru,referral
109927,Виктория,Екатеринбург,mass,2025-06-26 22:53:30,виктория.109927@example-shop.ru,marketplace
109928,Дмитрий,Уфа,standard,2025-02-19 04:01:41,дмитрий.109928@example-shop.ru,organic
109929,Дмитрий,Екатеринбург,mass,2026-05-20 07:01:35,дмитрий.109929@example-shop.ru,organic
109930,Дмитрий,Казань,mass,2025-02-23 13:35:50,дмитрий.109930@example-shop.ru,organic
109931,Максим,Санкт-Петербург,vip,2025-02-03 11:53:59,максим.109931@example-shop.ru,email
109932,Алексей,Москва,mass,2025-05-17 02:05:07,алексей.109932@example-shop.ru,organic
109933,Алексей,Краснодар,mass,2026-02-14 13:02:55,алексей.109933@example-shop.ru,organic
109934,Ольга,Москва,premium,2025-12-23 13:54:12,ольга.109934@example-shop.ru,organic
109935,Алексей,Пермь,premium,2025-05-09 04:45:26,алексей.109935@example-shop.ru,organic
109936,Максим,Москва,mass,2025-02-12 00:18:00,максим.109936@example-shop.ru,referral
109937,Виктория,Новосибирск,standard,2026-06-05 01:59:13,виктория.109937@example-shop.ru,referral
109938,Алексей,Москва,standard,2025-01-05 05:03:02,алексей.109938@example-shop.ru,context
109939,Михаил,Уфа,standard,2026-05-19 21:19:05,михаил.109939@example-shop.ru,context
109940,Михаил,Москва,mass,2025-09-15 08:08:06,михаил.109940@example-shop.ru,social
109941,Виктория,Новосибирск,premium,2025-04-16 21:28:10,виктория.109941@example-shop.ru,marketplace
109942,Михаил,Пермь,mass,2025-07-08 22:16:27,михаил.109942@example-shop.ru,referral
109943,Андрей,Самара,mass,2025-06-19 04:16:54,андрей.109943@example-shop.ru,email
109944,Мария,Москва,mass,2025-03-27 10:14:30,мария.109944@example-shop.ru,marketplace
109945,Анна,Уфа,mass,2025-08-24 09:23:10,анна.109945@example-shop.ru,context
109946,Максим,Екатеринбург,mass,2025-12-24 11:29:03,максим.109946@example-shop.ru,organic
109947,Екатерина,Москва,mass,2025-09-15 13:41:32,екатерина.109947@example-shop.ru,referral
109948,Ксения,Екатеринбург,mass,2025-12-16 13:55:22,ксения.109948@example-shop.ru,organic
109949,Никита,Краснодар,premium,2026-06-13 18:21:06,никита.109949@example-shop.ru,context
109950,Виктория,Казань,mass,2025-03-08 10:21:31,виктория.109950@example-shop.ru,referral
109951,Сергей,Ростов-на-Дону,mass,2026-02-07 16:21:36,сергей.109951@example-shop.ru,social
109952,Сергей,Ростов-на-Дону,premium,2025-05-06 05:48:05,сергей.109952@example-shop.ru,context
109953,Мария,,mass,2025-01-11 08:51:22,мария.109953@example-shop.ru,social
109954,Наталья,Санкт-Петербург,standard,2025-07-18 21:55:46,наталья.109954@example-shop.ru,organic
109955,Артём,Ростов-на-Дону,mass,2025-08-03 11:10:45,артём.109955@example-shop.ru,organic
109956,Дмитрий,Санкт-Петербург,standard,2026-06-24 13:43:18,дмитрий.109956@example-shop.ru,context
109957,Дарья,Москва,mass,2025-07-07 16:43:20,дарья.109957@example-shop.ru,organic
109958,Андрей,Санкт-Петербург,mass,2026-02-23 21:09:52,андрей.109958@example-shop.ru,marketplace
109959,Максим,Воронеж,standard,2026-05-25 14:36:15,максим.109959@example-shop.ru,context
109960,Никита,Санкт-Петербург,mass,2025-07-03 18:07:21,никита.109960@example-shop.ru,marketplace
109961,Иван,Москва,mass,2025-04-08 13:49:26,иван.109961@example-shop.ru,marketplace
109962,Никита,Москва,mass,2026-06-11 03:55:36,никита.109962@example-shop.ru,context
109963,Дарья,Москва,standard,2025-09-07 15:58:51,дарья.109963@example-shop.ru,context
109964,Дмитрий,Тюмень,mass,2025-09-05 22:30:43,дмитрий.109964@example-shop.ru,marketplace
109965,Екатерина,Новосибирск,standard,2026-02-02 02:57:05,екатерина.109965@example-shop.ru,organic
109966,Максим,Ростов-на-Дону,standard,2025-07-27 06:44:30,максим.109966@example-shop.ru,social
109967,Дарья,Уфа,mass,2025-10-23 02:26:11,ДАРЬЯ.109967@EXAMPLE-SHOP.RU,organic
109968,Анна,Санкт-Петербург,premium,2026-05-30 15:15:29,анна.109968@example-shop.ru,email
109969,Дмитрий,Уфа,standard,2025-01-27 11:42:25,дмитрий.109969@example-shop.ru,email
109970,Максим,Омск,mass,2026-02-06 05:10:31,максим.109970@example-shop.ru,social
109971,Анна,Ростов-на-Дону,mass,2025-08-05 06:29:42,анна.109971@example-shop.ru,context
109972,Максим,Ростов-на-Дону,mass,2025-10-26 13:48:10,максим.109972@example-shop.ru,social
109973,Михаил,Казань,premium,2026-05-12 00:40:00,михаил.109973@example-shop.ru,social
109974,Михаил,Краснодар,mass,2025-11-24 09:06:39,михаил.109974@example-shop.ru,social
109975,Виктория,Москва,mass,2025-08-17 08:03:07,виктория.109975@example-shop.ru,marketplace
109976,Анна,Ростов-на-Дону,premium,2026-06-15 04:21:41,анна.109976@example-shop.ru,organic
109977,Дмитрий,Санкт-Петербург,standard,2025-11-26 21:14:48,дмитрий.109977@example-shop.ru,organic
109978,Никита,Новосибирск,mass,2025-03-25 07:57:08,никита.109978@example-shop.ru,organic
109979,Елена,Воронеж,standard,2025-02-18 10:42:36,елена.109979@example-shop.ru,referral
109980,Иван,Нижний Новгород,standard,2025-07-09 04:24:04,иван.109980@example-shop.ru,marketplace
109981,Наталья,Москва,mass,2026-01-27 08:21:32,наталья.109981@example-shop.ru,context
109982,Алексей,Ростов-на-Дону,mass,2025-08-18 10:53:38,алексей.109982@example-shop.ru,context
109983,Максим,Пермь,standard,2025-04-02 21:57:54,максим.109983@example-shop.ru,marketplace
109984,Ксения,Самара,mass,2026-06-21 15:52:04,ксения.109984@example-shop.ru,organic
109985,Елена,Воронеж,vip,2025-04-18 21:52:28,елена.109985@example-shop.ru,marketplace
109986,Роман,Краснодар,mass,2025-02-15 21:15:31,роман.109986@example-shop.ru,marketplace
109987,Наталья,Воронеж,standard,2025-07-27 18:38:56,наталья.109987@example-shop.ru,email
109988,Ольга,Санкт-Петербург,standard,2025-03-02 20:23:48,ольга.109988@example-shop.ru,context
109989,Екатерина,Екатеринбург,mass,2025-11-19 19:23:19,екатерина.109989@example-shop.ru,referral
109990,Виктория,Краснодар,mass,2025-08-26 06:38:38,виктория.109990@example-shop.ru,context
109991,Максим,Пермь,vip,2026-05-20 22:45:03,максим.109991@example-shop.ru,organic
109992,Дмитрий,Москва,standard,2025-04-03 05:42:25,дмитрий.109992@example-shop.ru,organic
109993,Никита,Москва,mass,2025-05-27 11:57:53,никита.109993@example-shop.ru,organic
109994,Анна,Санкт-Петербург,mass,2026-01-09 05:34:42,анна.109994@example-shop.ru,marketplace
109995,Полина,Уфа,mass,2026-01-16 08:52:07,полина.109995@example-shop.ru,referral
109996,Наталья,Воронеж,mass,2025-07-16 13:39:43,наталья.109996@example-shop.ru,context
109997,Полина,Нижний Новгород,mass,2026-05-18 09:06:36,полина.109997@example-shop.ru,social
109998,Ольга,Москва,standard,2026-04-07 04:23:37,ольга.109998@example-shop.ru,social
109999,Виктория,Санкт-Петербург,mass,2025-11-30 09:36:28,виктория.109999@example-shop.ru,organic
110000,Михаил,Краснодар,standard,2026-02-12 23:49:33,михаил.110000@example-shop.ru,context
101978,Максим,Москва,standard,2026-06-28 12:38:45,максим.101978@example-shop.ru,referral
103881,Ксения,Ростов-на-Дону,mass,2025-01-17 05:36:14,ксения.103881@example-shop.ru,context
100053,Ольга,Новосибирск,mass,2025-09-03 04:47:37,ольга.100053@example-shop.ru,context
102552,Максим,Самара,mass,2025-10-27 21:49:21,максим.102552@example-shop.ru,marketplace
102247,Виктория,Воронеж,mass,2025-09-17 16:35:13,виктория.102247@example-shop.ru,social
100271,Елена,Омск,mass,2025-02-27 15:35:26,елена.100271@example-shop.ru,social
100602,Дарья,Москва,mass,2025-12-15 14:04:57,дарья.100602@example-shop.ru,marketplace
102442,Алексей,Краснодар,mass,2025-07-04 04:19:51,алексей.102442@example-shop.ru,organic
103287,Иван,Казань,mass,2025-04-05 18:20:20,иван.103287@example-shop.ru,organic
102968,Дмитрий,Краснодар,standard,2026-02-07 11:19:30,дмитрий.102968@example-shop.ru,organic
104713,Ксения,Краснодар,standard,2025-04-03 03:07:01,ксения.104713@example-shop.ru,context
109033,Михаил,Москва,standard,2026-02-02 09:02:14,михаил.109033@example-shop.ru,organic
101788,Мария,Ростов-на-Дону,mass,2025-09-06 03:05:41,мария.101788@example-shop.ru,referral
101699,Ольга,Ростов-на-Дону,standard,2025-03-02 12:55:03,ольга.101699@example-shop.ru,organic
103226,Дарья,Москва,standard,2025-03-07 00:08:25,дарья.103226@example-shop.ru,organic
100404,Полина,Москва,standard,2026-04-09 23:20:36,полина.100404@example-shop.ru,email
103535,Мария,Ростов-на-Дону,mass,2025-09-09 16:52:04,мария.103535@example-shop.ru,marketplace
106047,Иван,Воронеж,mass,2025-12-16 10:13:41,иван.106047@example-shop.ru,organic
103048,Дарья,Тюмень,mass,2025-05-06 04:36:00,дарья.103048@example-shop.ru,organic
108863,Андрей,Екатеринбург,premium,2025-08-16 22:35:13,андрей.108863@example-shop.ru,social
107147,Ксения,Казань,standard,2025-09-20 00:52:05,ксения.107147@example-shop.ru,social
100508,Дмитрий,Казань,standard,2025-08-27 22:46:02,дмитрий.100508@example-shop.ru,organic
104477,Никита,Новосибирск,standard,2025-12-04 21:40:48,никита.104477@example-shop.ru,social
101678,Сергей,Воронеж,mass,2026-01-29 03:17:19,сергей.101678@example-shop.ru,referral
102021,Максим,Тюмень,standard,2025-06-24 05:46:50,максим.102021@example-shop.ru,social
101683,Алексей,Нижний Новгород,mass,2026-03-20 07:20:49,алексей.101683@example-shop.ru,organic
101650,Андрей,Санкт-Петербург,vip,2025-11-18 15:13:44,андрей.101650@example-shop.ru,organic
102422,Дарья,Москва,standard,2026-04-08 21:48:23,дарья.102422@example-shop.ru,social
107538,Екатерина,Новосибирск,mass,2025-09-07 21:11:09,екатерина.107538@example-shop.ru,context
104794,Елена,Москва,mass,2026-06-21 17:45:19,елена.104794@example-shop.ru,email
109637,Полина,Ростов-на-Дону,mass,2025-04-07 09:49:35,полина.109637@example-shop.ru,marketplace
101016,Андрей,Москва,mass,2026-03-04 13:45:39,андрей.101016@example-shop.ru,marketplace
108922,Сергей,Екатеринбург,standard,2026-03-16 20:44:23,сергей.108922@example-shop.ru,social
103045,Анна,Пермь,premium,2025-07-12 08:52:21,анна.103045@example-shop.ru,organic
103499,Иван,Новосибирск,premium,2026-01-09 17:37:26,,referral
105525,Михаил,Воронеж,mass,2025-11-17 03:15:20,михаил.105525@example-shop.ru,organic
109555,Наталья,Нижний Новгород,vip,2026-02-27 22:58:51,наталья.109555@example-shop.ru,organic
102847,Ксения,Екатеринбург,premium,2025-08-30 05:42:20,ксения.102847@example-shop.ru,marketplace
100836,Дарья,Москва,standard,2025-08-16 15:20:34,дарья.100836@example-shop.ru,organic
104864,Роман,Пермь,vip,2025-08-04 02:33:18,роман.104864@example-shop.ru,social
103298,Никита,Санкт-Петербург,mass,2025-06-21 08:26:13,никита.103298@example-shop.ru,marketplace
107962,Мария,Нижний Новгород,mass,2025-02-28 08:02:54,мария.107962@example-shop.ru,organic
103146,Виктория,Нижний Новгород,mass,2026-03-19 00:05:32,виктория.103146@example-shop.ru,context
106116,Анна,Екатеринбург,mass,2025-11-03 07:25:13,анна.106116@example-shop.ru,organic
101902,Артём,Новосибирск,mass,2025-11-01 09:35:55,артём.101902@example-shop.ru,referral
101412,Виктория,Ростов-на-Дону,standard,2025-05-28 22:40:18,виктория.101412@example-shop.ru,email
100624,Сергей,Нижний Новгород,standard,2025-03-29 02:18:36,сергей.100624@example-shop.ru,context
103504,Дмитрий,Нижний Новгород,mass,2025-02-27 13:55:29,дмитрий.103504@example-shop.ru,context
103067,Андрей,Москва,mass,2025-02-22 18:12:13,андрей.103067@example-shop.ru,marketplace
100642,Никита,Уфа,mass,2025-12-21 19:58:04,никита.100642@example-shop.ru,social
