snapshot_date,product_id,stock_units,reorder_point
2025-01-01,200036,46,146
2025-01-01,200161,243,85
2025-01-01,200138,81,86
2025-01-01,200229,21,43
2025-01-01,200013,123,61
2025-01-01,200056,3,137
2025-01-01,200192,193,111
2025-01-01,200193,237,65
2025-01-01,200202,214,72
2025-01-01,200162,207,21
2025-01-01,200128,180,88
2025-01-01,200182,195,172
2025-01-01,200181,53,42
2025-01-01,200220,207,80
2025-01-01,200149,233,25
2025-01-01,200235,151,91
2025-01-01,200109,189,91
2025-01-01,200077,130,47
2025-01-01,200039,170,117
2025-01-01,200118,53,53
2025-01-01,200200,230,38
2025-01-01,200174,204,171
2025-01-01,200102,239,39
2025-01-01,200180,137,101
2025-01-01,200245,218,175
2025-01-01,200137,73,108
2025-01-01,200125,42,175
2025-01-01,200209,227,83
2025-01-01,200170,124,96
2025-01-01,200159,26,145
2025-01-01,200072,160,45
2025-01-01,200199,67,49
2025-01-01,200106,130,26
2025-01-01,200140,222,58
2025-01-01,200177,50,169
2025-01-01,200164,112,147
2025-01-01,200215,78,73
2025-01-01,200204,41,44
2025-01-01,200010,121,91
2025-01-01,200009,63,111
2025-01-01,200041,133,68
2025-01-01,200095,39,143
2025-01-01,200050,74,46
2025-01-01,200217,70,138
2025-01-01,200105,172,163
2025-01-01,200141,166,64
2025-01-01,200080,75,158
2025-01-01,200030,185,126
2025-01-01,200027,229,125
2025-01-01,200065,180,76
2025-01-01,200187,8,153
2025-01-01,200218,70,175
2025-01-01,200153,193,55
2025-01-01,200173,249,150
2025-01-01,200167,129,66
2025-01-01,200190,142,159
2025-01-01,200120,210,75
2025-01-01,200195,194,167
2025-01-01,200197,172,56
2025-01-01,200078,39,29
2025-01-01,200021,91,120
2025-01-01,200121,87,91
2025-01-01,200018,224,84
2025-01-01,200003,15,115
2025-01-01,200178,36,144
2025-01-01,200103,73,136
2025-01-01,200058,39,24
2025-01-01,200073,203,58
2025-01-01,200151,212,114
2025-01-01,200148,193,20
2025-01-01,200129,187,124
2025-01-01,200111,148,34
2025-01-01,200115,140,90
2025-01-01,200026,217,167
2025-01-01,200223,3,20
2025-01-01,200082,0,59
2025-01-01,200061,79,27
2025-01-01,200069,145,143
2025-01-01,200239,152,47
2025-01-01,200171,85,133
2025-01-01,200116,149,167
2025-01-01,200092,63,138
2025-01-01,200051,59,117
2025-01-01,200191,227,153
2025-01-01,200207,224,88
2025-01-01,200032,131,82
2025-01-01,200081,63,67
2025-01-01,200176,231,151
2025-01-01,200023,204,43
2025-01-01,200022,132,39
2025-01-01,200104,14,78
2025-01-01,200012,107,106
2025-01-01,200143,21,123
2025-01-01,200076,80,29
2025-01-01,200224,176,36
2025-01-01,200035,174,150
2025-01-01,200005,206,77
2025-01-01,200052,92,106
2025-01-01,200233,39,150
2025-01-01,200205,120,125
2025-01-08,200047,50,129
2025-01-08,200109,154,141
2025-01-08,200019,155,170
2025-01-08,200206,221,154
2025-01-08,200189,73,169
2025-01-08,200100,213,150
2025-01-08,200071,156,97
2025-01-08,200013,106,26
2025-01-08,200184,210,112
2025-01-08,200123,225,155
2025-01-08,200132,225,169
2025-01-08,200216,183,133
2025-01-08,200105,41,90
2025-01-08,200085,9,47
2025-01-08,200210,246,149
2025-01-08,200232,52,57
2025-01-08,200191,143,71
2025-01-08,200104,84,54
2025-01-08,200220,136,144
2025-01-08,200173,227,56
2025-01-08,200219,94,147
2025-01-08,200002,134,166
2025-01-08,200012,211,159
2025-01-08,200137,94,176
2025-01-08,200159,108,112
2025-01-08,200068,29,158
2025-01-08,200129,126,127
2025-01-08,200044,91,79
2025-01-08,200172,15,35
2025-01-08,200014,32,73
2025-01-08,200082,141,73
2025-01-08,200093,3,171
2025-01-08,200099,109,174
2025-01-08,200143,190,50
2025-01-08,200088,140,94
2025-01-08,200225,171,62
2025-01-08,200154,8,97
2025-01-08,200224,90,54
2025-01-08,200036,111,55
2025-01-08,200111,174,46
2025-01-08,200077,181,136
2025-01-08,200131,72,105
2025-01-08,200049,97,160
2025-01-08,200108,12,179
2025-01-08,200098,156,106
2025-01-08,200061,96,88
2025-01-08,200142,181,174
2025-01-08,200149,3,104
2025-01-08,200037,46,87
2025-01-08,200176,133,88
2025-01-08,200213,186,138
2025-01-08,200040,94,42
2025-01-08,200007,185,82
2025-01-08,200194,101,154
2025-01-08,200165,164,24
2025-01-08,200078,192,134
2025-01-08,200126,185,175
2025-01-08,200017,113,58
2025-01-08,200034,195,105
2025-01-08,200101,226,108
2025-01-08,200146,10,158
2025-01-08,200185,71,129
2025-01-08,200228,150,122
2025-01-08,200062,31,26
2025-01-08,200148,72,84
2025-01-08,200038,58,146
2025-01-08,200200,193,114
2025-01-08,200242,231,161
2025-01-08,200204,152,26
2025-01-08,200102,189,57
2025-01-08,200222,221,106
2025-01-08,200140,222,33
2025-01-08,200025,10,108
2025-01-08,200182,98,116
2025-01-08,200202,200,163
2025-01-08,200199,12,71
2025-01-08,200190,22,162
2025-01-08,200079,139,125
2025-01-08,200042,212,61
2025-01-08,200178,248,38
2025-01-08,200052,47,141
2025-01-08,200205,7,56
2025-01-08,200238,129,179
2025-01-08,200055,109,175
2025-01-08,200201,124,144
2025-01-08,200188,121,162
2025-01-08,200133,29,92
2025-01-08,200180,211,155
2025-01-08,200153,65,170
2025-01-08,200073,36,127
2025-01-08,200096,88,56
2025-01-08,200240,210,123
2025-01-08,200141,66,138
2025-01-08,200237,213,31
2025-01-08,200089,48,171
2025-01-08,200226,224,93
2025-01-08,200183,150,171
2025-01-08,200041,64,82
2025-01-08,200097,221,168
2025-01-08,200117,140,60
2025-01-15,200177,182,64
2025-01-15,200109,5,105
2025-01-15,200074,168,90
2025-01-15,200087,100,116
2025-01-15,200097,104,28
2025-01-15,200203,195,144
2025-01-15,200098,143,71
2025-01-15,200210,122,101
2025-01-15,200242,185,160
2025-01-15,200170,175,142
2025-01-15,200151,111,77
2025-01-15,200232,83,173
2025-01-15,200119,48,24
2025-01-15,200220,69,167
2025-01-15,200247,196,97
2025-01-15,200146,133,100
2025-01-15,200063,231,174
2025-01-15,200196,8,77
2025-01-15,200022,81,24
2025-01-15,200033,83,51
2025-01-15,200084,214,129
2025-01-15,200148,13,126
2025-01-15,200050,191,122
2025-01-15,200101,249,115
2025-01-15,200015,161,163
2025-01-15,200058,213,127
2025-01-15,200049,222,151
2025-01-15,200029,11,96
2025-01-15,200240,135,132
2025-01-15,200142,156,94
2025-01-15,200162,207,141
2025-01-15,200115,21,63
2025-01-15,200149,49,158
2025-01-15,200159,71,94
2025-01-15,200112,240,135
2025-01-15,200092,234,117
2025-01-15,200001,20,78
2025-01-15,200011,39,44
2025-01-15,200055,145,159
2025-01-15,200070,145,156
2025-01-15,200130,219,37
2025-01-15,200165,77,146
2025-01-15,200056,24,119
2025-01-15,200239,119,34
2025-01-15,200086,132,130
2025-01-15,200143,6,113
2025-01-15,200167,93,56
2025-01-15,200107,155,169
2025-01-15,200245,235,119
2025-01-15,200222,186,99
2025-01-15,200184,149,42
2025-01-15,200100,158,149
2025-01-15,200223,154,71
2025-01-15,200233,27,173
2025-01-15,200228,62,89
2025-01-15,200059,50,148
2025-01-15,200128,121,110
2025-01-15,200156,117,52
2025-01-15,200116,154,170
2025-01-15,200094,179,159
2025-01-15,200195,28,76
2025-01-15,200006,112,125
2025-01-15,200046,105,161
2025-01-15,200027,135,166
2025-01-15,200031,233,73
2025-01-15,200158,81,24
2025-01-15,200194,189,159
2025-01-15,200047,164,131
2025-01-15,200181,38,149
2025-01-15,200077,145,103
2025-01-15,200206,33,170
2025-01-15,200110,154,142
2025-01-15,200080,68,92
2025-01-15,200104,63,51
2025-01-15,200208,164,156
2025-01-15,200123,215,162
2025-01-15,200134,189,152
2025-01-15,200231,168,138
2025-01-15,200160,168,168
2025-01-15,200211,8,68
2025-01-15,200003,163,152
2025-01-15,200161,39,54
2025-01-15,200205,154,154
2025-01-15,200132,110,95
2025-01-15,200073,109,50
2025-01-15,200192,52,99
2025-01-15,200154,46,156
2025-01-15,200121,119,47
2025-01-15,200243,49,115
2025-01-15,200042,1,44
2025-01-15,200007,2,58
2025-01-15,200005,173,90
2025-01-15,200246,104,51
2025-01-15,200039,244,159
2025-01-15,200199,155,95
2025-01-15,200163,154,97
2025-01-15,200023,118,176
2025-01-15,200024,65,160
2025-01-15,200214,164,21
2025-01-15,200037,215,150
2025-01-22,200213,108,87
2025-01-22,200087,137,52
2025-01-22,200218,200,171
2025-01-22,200028,24,79
2025-01-22,200090,215,32
2025-01-22,200168,238,145
2025-01-22,200206,76,113
2025-01-22,200202,61,76
2025-01-22,200062,22,132
2025-01-22,200105,102,52
2025-01-22,200208,215,83
2025-01-22,200192,172,31
2025-01-22,200002,153,134
2025-01-22,200053,72,80
2025-01-22,200133,34,55
2025-01-22,200149,50,104
2025-01-22,200177,95,100
2025-01-22,200162,154,139
2025-01-22,200181,215,142
2025-01-22,200203,207,104
2025-01-22,200084,35,87
2025-01-22,200170,65,75
2025-01-22,200155,146,38
2025-01-22,200128,234,168
2025-01-22,200243,242,40
2025-01-22,200048,37,104
2025-01-22,200224,245,80
2025-01-22,200030,132,139
2025-01-22,200174,32,108
2025-01-22,200245,177,123
2025-01-22,200172,165,77
2025-01-22,200166,117,75
2025-01-22,200086,163,66
2025-01-22,200242,112,122
2025-01-22,200227,97,27
2025-01-22,200037,11,149
2025-01-22,200132,179,174
2025-01-22,200161,20,162
2025-01-22,200097,117,166
2025-01-22,200225,178,161
2025-01-22,200143,193,58
2025-01-22,200134,68,83
2025-01-22,200102,16,126
2025-01-22,200003,120,94
2025-01-22,200209,106,156
2025-01-22,200057,50,45
2025-01-22,200129,24,25
2025-01-22,200232,90,162
2025-01-22,200100,13,73
2025-01-22,200182,143,22
2025-01-22,200046,217,166
2025-01-22,200228,106,32
2025-01-22,200236,216,167
2025-01-22,200141,124,171
2025-01-22,200112,115,97
2025-01-22,200147,224,103
2025-01-22,200111,192,82
2025-01-22,200055,24,71
2025-01-22,200137,163,127
2025-01-22,200219,70,143
2025-01-22,200007,218,68
2025-01-22,200108,122,68
2025-01-22,200041,92,78
2025-01-22,200240,51,27
2025-01-22,200001,148,98
2025-01-22,200027,237,137
2025-01-22,200183,110,117
2025-01-22,200145,213,127
2025-01-22,200064,110,116
2025-01-22,200093,149,57
2025-01-22,200178,207,71
2025-01-22,200098,30,69
2025-01-22,200194,223,138
2025-01-22,200107,167,40
2025-01-22,200042,8,36
2025-01-22,200076,31,111
2025-01-22,200082,7,151
2025-01-22,200222,213,132
2025-01-22,200241,191,119
2025-01-22,200195,16,52
2025-01-22,200158,7,108
2025-01-22,200119,128,144
2025-01-22,200175,18,121
2025-01-22,200121,43,26
2025-01-22,200015,126,38
2025-01-22,200103,142,150
2025-01-22,200005,176,99
2025-01-22,200029,106,143
2025-01-22,200138,141,154
2025-01-22,200212,86,115
2025-01-22,200004,242,27
2025-01-22,200144,171,169
2025-01-22,200065,72,119
2025-01-22,200115,64,27
2025-01-22,200189,64,22
2025-01-22,200200,246,126
2025-01-22,200148,150,156
2025-01-22,200238,45,106
2025-01-22,200160,237,94
2025-01-22,200180,169,153
2025-01-29,200051,147,144
2025-01-29,200203,135,61
2025-01-29,200099,12,133
2025-01-29,200004,201,65
2025-01-29,200042,204,49
2025-01-29,200062,58,106
2025-01-29,200155,111,155
2025-01-29,200031,241,138
2025-01-29,200097,97,144
2025-01-29,200012,57,79
2025-01-29,200247,26,117
2025-01-29,200081,247,159
2025-01-29,200224,32,167
2025-01-29,200165,27,31
2025-01-29,200147,57,162
2025-01-29,200112,105,177
2025-01-29,200066,136,57
2025-01-29,200090,187,58
2025-01-29,200246,159,103
2025-01-29,200108,16,151
2025-01-29,200226,190,22
2025-01-29,200215,197,140
2025-01-29,200160,93,84
2025-01-29,200168,114,62
2025-01-29,200219,231,80
2025-01-29,200192,100,92
2025-01-29,200187,237,35
2025-01-29,200018,53,81
2025-01-29,200006,54,51
2025-01-29,200170,183,124
2025-01-29,200156,180,111
2025-01-29,200091,164,117
2025-01-29,200015,141,165
2025-01-29,200157,61,80
2025-01-29,200128,85,66
2025-01-29,200171,205,79
2025-01-29,200008,234,61
2025-01-29,200163,124,26
2025-01-29,200222,180,57
2025-01-29,200231,187,174
2025-01-29,200130,127,103
2025-01-29,200205,24,58
2025-01-29,200017,79,131
2025-01-29,200087,128,169
2025-01-29,200242,225,132
2025-01-29,200077,180,176
2025-01-29,200047,64,123
2025-01-29,200020,172,168
2025-01-29,200088,29,84
2025-01-29,200207,237,104
2025-01-29,200010,208,114
2025-01-29,200110,181,169
2025-01-29,200235,114,122
2025-01-29,200034,29,80
2025-01-29,200071,42,152
2025-01-29,200019,145,114
2025-01-29,200131,151,154
2025-01-29,200028,7,95
2025-01-29,200217,248,102
2025-01-29,200024,216,76
2025-01-29,200214,243,95
2025-01-29,200093,185,79
2025-01-29,200055,47,86
2025-01-29,200056,56,156
2025-01-29,200122,28,101
2025-01-29,200144,107,67
2025-01-29,200053,48,100
2025-01-29,200166,82,107
2025-01-29,200213,210,178
2025-01-29,200234,222,127
2025-01-29,200149,15,21
2025-01-29,200044,68,149
2025-01-29,200204,1,121
2025-01-29,200159,229,44
2025-01-29,200206,184,152
2025-01-29,200101,97,54
2025-01-29,200211,230,161
2025-01-29,200125,161,145
2025-01-29,200054,177,139
2025-01-29,200048,4,174
2025-01-29,200063,105,105
2025-01-29,200180,17,20
2025-01-29,200153,0,158
2025-01-29,200174,70,169
2025-01-29,200030,137,52
2025-01-29,200121,115,138
2025-01-29,200241,70,102
2025-01-29,200005,184,135
2025-01-29,200194,51,121
2025-01-29,200105,191,91
2025-01-29,200221,129,118
2025-01-29,200013,230,170
2025-01-29,200098,87,115
2025-01-29,200073,206,137
2025-01-29,200103,69,86
2025-01-29,200185,224,164
2025-01-29,200225,8,66
2025-01-29,200074,113,129
2025-01-29,200232,69,57
2025-01-29,200239,85,161
2025-02-05,200186,221,38
2025-02-05,200211,151,179
2025-02-05,200180,27,176
2025-02-05,200174,155,89
2025-02-05,200125,83,109
2025-02-05,200111,9,120
2025-02-05,200244,12,102
2025-02-05,200221,199,74
2025-02-05,200050,142,138
2025-02-05,200198,0,133
2025-02-05,200087,20,154
2025-02-05,200151,231,175
2025-02-05,200241,9,165
2025-02-05,200048,5,121
2025-02-05,200163,133,96
2025-02-05,200002,11,39
2025-02-05,200092,236,41
2025-02-05,200157,38,56
2025-02-05,200062,12,80
2025-02-05,200008,244,53
2025-02-05,200046,79,99
2025-02-05,200246,58,132
2025-02-05,200175,32,32
2025-02-05,200007,39,56
2025-02-05,200170,221,27
2025-02-05,200171,104,95
2025-02-05,200036,17,103
2025-02-05,200114,49,139
2025-02-05,200192,168,125
2025-02-05,200189,191,141
2025-02-05,200217,94,133
2025-02-05,200025,206,54
2025-02-05,200010,144,62
2025-02-05,200127,69,46
2025-02-05,200020,217,41
2025-02-05,200099,205,141
2025-02-05,200210,234,72
2025-02-05,200183,111,136
2025-02-05,200012,0,75
2025-02-05,200041,20,104
2025-02-05,200037,59,22
2025-02-05,200138,237,33
2025-02-05,200023,53,92
2025-02-05,200219,64,108
2025-02-05,200052,141,87
2025-02-05,200124,237,119
2025-02-05,200089,157,77
2025-02-05,200223,61,35
2025-02-05,200084,89,121
2025-02-05,200177,25,33
2025-02-05,200155,172,42
2025-02-05,200108,102,62
2025-02-05,200018,30,147
2025-02-05,200242,193,26
2025-02-05,200075,27,100
2025-02-05,200169,222,28
2025-02-05,200001,11,24
2025-02-05,200243,115,29
2025-02-05,200080,184,81
2025-02-05,200161,155,150
2025-02-05,200145,218,25
2025-02-05,200231,12,120
2025-02-05,200109,15,42
2025-02-05,200245,158,113
2025-02-05,200058,203,155
2025-02-05,200167,23,171
2025-02-05,200172,103,160
2025-02-05,200090,85,85
2025-02-05,200100,145,98
2025-02-05,200240,98,155
2025-02-05,200197,96,126
2025-02-05,200013,134,145
2025-02-05,200121,165,148
2025-02-05,200014,231,107
2025-02-05,200196,209,84
2025-02-05,200051,176,52
2025-02-05,200235,20,87
2025-02-05,200146,21,176
2025-02-05,200239,247,112
2025-02-05,200206,80,122
2025-02-05,200101,9,140
2025-02-05,200107,127,32
2025-02-05,200120,206,153
2025-02-05,200076,155,142
2025-02-05,200094,72,179
2025-02-05,200213,86,116
2025-02-05,200060,174,167
2025-02-05,200110,97,30
2025-02-05,200034,167,64
2025-02-05,200061,61,95
2025-02-05,200236,212,95
2025-02-05,200016,156,160
2025-02-05,200126,243,136
2025-02-05,200069,42,63
2025-02-05,200033,66,106
2025-02-05,200187,210,99
2025-02-05,200055,206,63
2025-02-05,200204,52,65
2025-02-05,200228,232,111
2025-02-05,200031,33,75
2025-02-12,200193,87,98
2025-02-12,200024,44,43
2025-02-12,200136,79,101
2025-02-12,200095,166,127
2025-02-12,200049,98,143
2025-02-12,200207,111,26
2025-02-12,200140,77,32
2025-02-12,200010,59,79
2025-02-12,200229,170,24
2025-02-12,200125,206,177
2025-02-12,200208,94,103
2025-02-12,200149,75,172
2025-02-12,200085,121,53
2025-02-12,200108,232,109
2025-02-12,200151,247,23
2025-02-12,200237,121,63
2025-02-12,200145,149,135
2025-02-12,200132,217,101
2025-02-12,200066,124,58
2025-02-12,200080,212,116
2025-02-12,200039,248,84
2025-02-12,200097,196,164
2025-02-12,200036,132,88
2025-02-12,200017,130,139
2025-02-12,200107,204,114
2025-02-12,200126,246,45
2025-02-12,200034,169,30
2025-02-12,200020,233,28
2025-02-12,200062,84,49
2025-02-12,200142,173,71
2025-02-12,200060,9,174
2025-02-12,200143,135,179
2025-02-12,200156,68,90
2025-02-12,200202,37,162
2025-02-12,200056,136,22
2025-02-12,200015,20,41
2025-02-12,200058,2,24
2025-02-12,200224,208,141
2025-02-12,200231,36,127
2025-02-12,200124,249,99
2025-02-12,200213,155,168
2025-02-12,200137,190,62
2025-02-12,200101,39,126
2025-02-12,200199,148,53
2025-02-12,200090,33,38
2025-02-12,200035,177,82
2025-02-12,200177,43,114
2025-02-12,200110,14,53
2025-02-12,200139,40,142
2025-02-12,200028,148,134
2025-02-12,200098,26,61
2025-02-12,200074,176,53
2025-02-12,200181,136,174
2025-02-12,200047,87,26
2025-02-12,200075,192,115
2025-02-12,200079,14,132
2025-02-12,200043,14,145
2025-02-12,200109,39,70
2025-02-12,200032,77,136
2025-02-12,200023,126,47
2025-02-12,200061,249,96
2025-02-12,200089,7,94
2025-02-12,200194,84,134
2025-02-12,200180,65,57
2025-02-12,200123,20,123
2025-02-12,200134,173,130
2025-02-12,200176,149,43
2025-02-12,200120,199,132
2025-02-12,200078,172,162
2025-02-12,200121,206,30
2025-02-12,200165,243,25
2025-02-12,200050,189,167
2025-02-12,200069,87,112
2025-02-12,200153,152,146
2025-02-12,200219,147,60
2025-02-12,200155,20,128
2025-02-12,200037,246,141
2025-02-12,200116,30,43
2025-02-12,200226,134,130
2025-02-12,200222,24,74
2025-02-12,200091,229,55
2025-02-12,200148,87,130
2025-02-12,200103,92,178
2025-02-12,200138,187,172
2025-02-12,200215,218,29
2025-02-12,200055,163,79
2025-02-12,200114,6,122
2025-02-12,200221,249,127
2025-02-12,200083,43,139
2025-02-12,200217,160,133
2025-02-12,200122,167,121
2025-02-12,200040,168,59
2025-02-12,200081,4,66
2025-02-12,200014,177,30
2025-02-12,200105,84,157
2025-02-12,200052,4,46
2025-02-12,200129,249,169
2025-02-12,200227,60,148
2025-02-12,200115,207,143
2025-02-12,200144,197,154
2025-02-19,200039,239,137
2025-02-19,200027,173,117
2025-02-19,200205,33,83
2025-02-19,200059,27,179
2025-02-19,200081,68,143
2025-02-19,200105,152,100
2025-02-19,200180,108,33
2025-02-19,200141,61,154
2025-02-19,200067,14,126
2025-02-19,200236,94,162
2025-02-19,200185,212,64
2025-02-19,200220,81,64
2025-02-19,200166,106,104
2025-02-19,200025,84,68
2025-02-19,200075,35,156
2025-02-19,200135,119,51
2025-02-19,200118,53,151
2025-02-19,200060,120,101
2025-02-19,200152,90,76
2025-02-19,200247,27,51
2025-02-19,200084,47,124
2025-02-19,200113,164,126
2025-02-19,200227,189,152
2025-02-19,200024,84,98
2025-02-19,200013,194,29
2025-02-19,200136,13,174
2025-02-19,200023,225,25
2025-02-19,200033,118,42
2025-02-19,200107,18,73
2025-02-19,200162,36,126
2025-02-19,200005,97,91
2025-02-19,200034,41,24
2025-02-19,200085,231,144
2025-02-19,200240,49,49
2025-02-19,200182,2,179
2025-02-19,200062,162,33
2025-02-19,200076,244,70
2025-02-19,200095,10,123
2025-02-19,200222,154,103
2025-02-19,200157,243,172
2025-02-19,200161,203,38
2025-02-19,200125,45,117
2025-02-19,200132,39,78
2025-02-19,200196,58,54
2025-02-19,200151,80,77
2025-02-19,200045,193,86
2025-02-19,200127,6,167
2025-02-19,200041,12,38
2025-02-19,200094,215,145
2025-02-19,200173,76,124
2025-02-19,200179,45,157
2025-02-19,200200,38,170
2025-02-19,200031,6,137
2025-02-19,200178,91,134
2025-02-19,200101,83,144
2025-02-19,200242,162,98
2025-02-19,200207,91,33
2025-02-19,200120,1,45
2025-02-19,200203,81,176
2025-02-19,200111,13,72
2025-02-19,200226,139,93
2025-02-19,200123,225,175
2025-02-19,200009,101,94
2025-02-19,200100,83,75
2025-02-19,200195,136,163
2025-02-19,200174,51,76
2025-02-19,200191,213,82
2025-02-19,200038,11,92
2025-02-19,200234,134,74
2025-02-19,200129,58,109
2025-02-19,200083,155,97
2025-02-19,200128,78,136
2025-02-19,200215,221,81
2025-02-19,200063,160,64
2025-02-19,200158,10,123
2025-02-19,200193,120,173
2025-02-19,200145,0,68
2025-02-19,200225,37,83
2025-02-19,200078,154,59
2025-02-19,200032,79,151
2025-02-19,200018,96,130
2025-02-19,200090,220,170
2025-02-19,200042,107,136
2025-02-19,200104,23,71
2025-02-19,200089,121,125
2025-02-19,200209,22,66
2025-02-19,200087,156,35
2025-02-19,200080,87,69
2025-02-19,200017,37,45
2025-02-19,200026,206,85
2025-02-19,200224,242,138
2025-02-19,200156,230,171
2025-02-19,200030,75,142
2025-02-19,200229,215,170
2025-02-19,200074,247,44
2025-02-19,200245,156,112
2025-02-19,200165,67,164
2025-02-19,200019,132,24
2025-02-19,200021,35,27
2025-02-19,200004,77,92
2025-02-26,200112,221,176
2025-02-26,200119,115,121
2025-02-26,200217,142,21
2025-02-26,200143,227,65
2025-02-26,200202,124,179
2025-02-26,200065,127,74
2025-02-26,200136,168,129
2025-02-26,200206,97,178
2025-02-26,200178,182,159
2025-02-26,200128,87,145
2025-02-26,200158,234,175
2025-02-26,200183,98,31
2025-02-26,200138,6,25
2025-02-26,200160,134,73
2025-02-26,200045,68,80
2025-02-26,200245,199,107
2025-02-26,200089,249,119
2025-02-26,200048,219,118
2025-02-26,200240,23,108
2025-02-26,200211,44,84
2025-02-26,200231,65,45
2025-02-26,200223,88,142
2025-02-26,200041,242,93
2025-02-26,200216,79,170
2025-02-26,200174,203,88
2025-02-26,200166,123,51
2025-02-26,200029,194,78
2025-02-26,200226,151,114
2025-02-26,200117,104,118
2025-02-26,200099,208,67
2025-02-26,200229,215,110
2025-02-26,200233,244,42
2025-02-26,200003,223,142
2025-02-26,200017,172,59
2025-02-26,200246,249,80
2025-02-26,200006,16,50
2025-02-26,200159,37,68
2025-02-26,200107,17,103
2025-02-26,200243,19,58
2025-02-26,200111,209,86
2025-02-26,200121,45,48
2025-02-26,200129,221,135
2025-02-26,200147,15,115
2025-02-26,200055,125,62
2025-02-26,200007,212,88
2025-02-26,200191,87,43
2025-02-26,200150,231,26
2025-02-26,200019,74,22
2025-02-26,200139,221,173
2025-02-26,200192,160,178
2025-02-26,200043,88,127
2025-02-26,200161,105,134
2025-02-26,200221,181,87
2025-02-26,200163,41,77
2025-02-26,200145,217,178
2025-02-26,200205,184,119
2025-02-26,200247,16,141
2025-02-26,200165,211,49
2025-02-26,200088,89,169
2025-02-26,200075,105,164
2025-02-26,200015,21,46
2025-02-26,200053,5,34
2025-02-26,200172,189,122
2025-02-26,200074,246,79
2025-02-26,200115,132,21
2025-02-26,200020,40,43
2025-02-26,200102,12,48
2025-02-26,200200,82,58
2025-02-26,200210,41,102
2025-02-26,200181,191,170
2025-02-26,200203,194,68
2025-02-26,200125,175,38
2025-02-26,200155,88,77
2025-02-26,200101,60,138
2025-02-26,200118,239,55
2025-02-26,200236,191,162
2025-02-26,200056,245,68
2025-02-26,200028,100,82
2025-02-26,200131,186,153
2025-02-26,200086,9,167
2025-02-26,200026,219,79
2025-02-26,200097,73,169
2025-02-26,200180,172,157
2025-02-26,200175,116,40
2025-02-26,200021,121,72
2025-02-26,200027,126,124
2025-02-26,200126,145,164
2025-02-26,200025,90,167
2025-02-26,200164,239,54
2025-02-26,200149,178,61
2025-02-26,200144,199,51
2025-02-26,200069,45,20
2025-02-26,200187,220,147
2025-02-26,200105,72,168
2025-02-26,200197,108,163
2025-02-26,200076,111,70
2025-02-26,200225,237,57
2025-02-26,200083,168,163
2025-02-26,200176,100,39
2025-02-26,200036,43,150
2025-03-05,200151,177,45
2025-03-05,200027,28,26
2025-03-05,200176,6,179
2025-03-05,200142,163,38
2025-03-05,200005,207,147
2025-03-05,200059,103,99
2025-03-05,200234,67,104
2025-03-05,200061,84,93
2025-03-05,200197,184,157
2025-03-05,200198,130,91
2025-03-05,200238,196,130
2025-03-05,200071,237,158
2025-03-05,200045,21,81
2025-03-05,200132,116,67
2025-03-05,200002,71,42
2025-03-05,200104,185,83
2025-03-05,200072,38,77
2025-03-05,200034,19,133
2025-03-05,200131,101,44
2025-03-05,200138,193,95
2025-03-05,200029,234,159
2025-03-05,200165,160,117
2025-03-05,200182,47,103
2025-03-05,200012,192,179
2025-03-05,200215,84,133
2025-03-05,200139,85,161
2025-03-05,200073,192,178
2025-03-05,200110,151,86
2025-03-05,200242,155,126
2025-03-05,200013,34,127
2025-03-05,200022,154,58
2025-03-05,200014,164,147
2025-03-05,200185,226,92
2025-03-05,200200,93,71
2025-03-05,200143,17,100
2025-03-05,200220,135,132
2025-03-05,200167,123,144
2025-03-05,200089,180,134
2025-03-05,200119,238,69
2025-03-05,200121,204,22
2025-03-05,200039,79,57
2025-03-05,200065,86,153
2025-03-05,200157,111,54
2025-03-05,200117,66,39
2025-03-05,200019,181,116
2025-03-05,200128,203,146
2025-03-05,200011,43,56
2025-03-05,200077,19,53
2025-03-05,200080,94,111
2025-03-05,200191,229,156
2025-03-05,200237,206,28
2025-03-05,200095,149,90
2025-03-05,200064,214,119
2025-03-05,200161,111,91
2025-03-05,200232,34,121
2025-03-05,200203,129,51
2025-03-05,200035,226,166
2025-03-05,200113,131,114
2025-03-05,200067,204,134
2025-03-05,200243,157,24
2025-03-05,200028,16,177
2025-03-05,200181,61,134
2025-03-05,200025,3,39
2025-03-05,200187,122,35
2025-03-05,200086,35,178
2025-03-05,200069,16,92
2025-03-05,200218,143,141
2025-03-05,200231,25,121
2025-03-05,200090,91,155
2025-03-05,200158,95,50
2025-03-05,200125,167,42
2025-03-05,200137,167,171
2025-03-05,200169,135,51
2025-03-05,200171,95,163
2025-03-05,200235,112,157
2025-03-05,200172,50,139
2025-03-05,200031,104,25
2025-03-05,200214,186,176
2025-03-05,200040,1,36
2025-03-05,200120,34,160
2025-03-05,200111,92,29
2025-03-05,200036,194,163
2025-03-05,200051,160,99
2025-03-05,200114,51,81
2025-03-05,200098,36,127
2025-03-05,200195,5,105
2025-03-05,200219,43,124
2025-03-05,200093,203,107
2025-03-05,200118,241,114
2025-03-05,200082,0,48
2025-03-05,200140,56,34
2025-03-05,200177,1,42
2025-03-05,200201,123,27
2025-03-05,200164,54,91
2025-03-05,200021,193,27
2025-03-05,200148,9,131
2025-03-05,200194,230,142
2025-03-05,200179,36,160
2025-03-05,200063,141,106
2025-03-05,200130,151,152
2025-03-12,200128,62,131
2025-03-12,200016,167,35
2025-03-12,200163,16,96
2025-03-12,200231,56,102
2025-03-12,200129,24,40
2025-03-12,200061,80,34
2025-03-12,200025,165,120
2025-03-12,200113,109,31
2025-03-12,200157,57,124
2025-03-12,200186,174,59
2025-03-12,200069,62,33
2025-03-12,200201,236,93
2025-03-12,200107,101,66
2025-03-12,200180,127,154
2025-03-12,200220,238,33
2025-03-12,200167,203,88
2025-03-12,200109,130,176
2025-03-12,200215,184,39
2025-03-12,200024,87,128
2025-03-12,200042,96,88
2025-03-12,200075,38,34
2025-03-12,200149,155,154
2025-03-12,200210,90,67
2025-03-12,200119,148,32
2025-03-12,200060,128,89
2025-03-12,200219,52,48
2025-03-12,200125,205,171
2025-03-12,200139,222,28
2025-03-12,200027,180,107
2025-03-12,200236,62,75
2025-03-12,200099,189,139
2025-03-12,200034,131,130
2025-03-12,200173,236,163
2025-03-12,200074,208,131
2025-03-12,200174,200,81
2025-03-12,200031,72,128
2025-03-12,200033,54,155
2025-03-12,200071,59,79
2025-03-12,200171,243,25
2025-03-12,200179,191,173
2025-03-12,200080,210,113
2025-03-12,200094,69,34
2025-03-12,200166,153,133
2025-03-12,200098,194,35
2025-03-12,200185,65,50
2025-03-12,200133,173,41
2025-03-12,200160,30,121
2025-03-12,200196,176,65
2025-03-12,200083,187,85
2025-03-12,200246,80,70
2025-03-12,200041,127,34
2025-03-12,200022,142,167
2025-03-12,200131,234,100
2025-03-12,200090,105,136
2025-03-12,200112,217,51
2025-03-12,200137,45,132
2025-03-12,200190,202,144
2025-03-12,200192,148,40
2025-03-12,200208,183,131
2025-03-12,200003,204,35
2025-03-12,200017,130,108
2025-03-12,200188,48,107
2025-03-12,200154,178,61
2025-03-12,200037,214,70
2025-03-12,200085,27,20
2025-03-12,200004,25,85
2025-03-12,200202,41,129
2025-03-12,200234,2,137
2025-03-12,200006,133,159
2025-03-12,200122,219,47
2025-03-12,200018,30,43
2025-03-12,200187,227,131
2025-03-12,200169,234,102
2025-03-12,200144,91,44
2025-03-12,200008,137,47
2025-03-12,200081,204,143
2025-03-12,200218,97,117
2025-03-12,200158,29,101
2025-03-12,200147,114,98
2025-03-12,200135,181,112
2025-03-12,200028,50,80
2025-03-12,200007,108,49
2025-03-12,200114,213,147
2025-03-12,200002,41,133
2025-03-12,200086,125,129
2025-03-12,200093,96,121
2025-03-12,200115,76,116
2025-03-12,200011,163,29
2025-03-12,200010,100,155
2025-03-12,200111,34,98
2025-03-12,200221,185,130
2025-03-12,200183,113,23
2025-03-12,200092,142,122
2025-03-12,200214,90,107
2025-03-12,200181,240,63
2025-03-12,200136,39,86
2025-03-12,200195,14,120
2025-03-12,200015,105,159
2025-03-12,200161,101,136
2025-03-12,200039,177,99
2025-03-19,200006,214,22
2025-03-19,200015,112,67
2025-03-19,200125,129,173
2025-03-19,200129,205,65
2025-03-19,200090,239,175
2025-03-19,200055,30,57
2025-03-19,200210,222,87
2025-03-19,200180,60,49
2025-03-19,200244,93,137
2025-03-19,200082,233,43
2025-03-19,200053,73,130
2025-03-19,200032,221,99
2025-03-19,200139,68,124
2025-03-19,200111,144,22
2025-03-19,200013,173,165
2025-03-19,200038,178,28
2025-03-19,200237,16,106
2025-03-19,200227,188,168
2025-03-19,200040,113,129
2025-03-19,200042,150,37
2025-03-19,200017,129,64
2025-03-19,200060,245,172
2025-03-19,200025,167,80
2025-03-19,200027,215,112
2025-03-19,200078,215,39
2025-03-19,200169,188,127
2025-03-19,200100,198,25
2025-03-19,200209,197,57
2025-03-19,200116,181,66
2025-03-19,200137,19,88
2025-03-19,200144,115,23
2025-03-19,200190,232,30
2025-03-19,200081,97,170
2025-03-19,200062,211,168
2025-03-19,200072,153,75
2025-03-19,200105,183,49
2025-03-19,200051,17,99
2025-03-19,200077,201,59
2025-03-19,200165,14,102
2025-03-19,200061,43,115
2025-03-19,200064,23,56
2025-03-19,200063,197,20
2025-03-19,200135,136,136
2025-03-19,200085,20,58
2025-03-19,200208,13,141
2025-03-19,200159,204,96
2025-03-19,200120,209,71
2025-03-19,200215,165,38
2025-03-19,200030,48,112
2025-03-19,200182,59,21
2025-03-19,200183,114,115
2025-03-19,200150,83,54
2025-03-19,200029,186,45
2025-03-19,200148,141,70
2025-03-19,200016,243,26
2025-03-19,200094,1,114
2025-03-19,200168,69,119
2025-03-19,200059,147,96
2025-03-19,200023,155,101
2025-03-19,200097,57,90
2025-03-19,200102,196,84
2025-03-19,200153,133,28
2025-03-19,200123,238,85
2025-03-19,200115,41,51
2025-03-19,200069,103,173
2025-03-19,200187,225,81
2025-03-19,200075,189,152
2025-03-19,200039,215,54
2025-03-19,200235,202,120
2025-03-19,200065,12,62
2025-03-19,200114,234,129
2025-03-19,200131,245,127
2025-03-19,200037,183,114
2025-03-19,200224,77,164
2025-03-19,200074,144,81
2025-03-19,200004,192,123
2025-03-19,200197,52,141
2025-03-19,200167,54,89
2025-03-19,200136,38,130
2025-03-19,200220,93,32
2025-03-19,200185,166,94
2025-03-19,200010,164,23
2025-03-19,200048,190,96
2025-03-19,200079,143,171
2025-03-19,200096,158,145
2025-03-19,200011,209,84
2025-03-19,200092,201,49
2025-03-19,200212,143,25
2025-03-19,200130,55,105
2025-03-19,200073,87,146
2025-03-19,200219,226,73
2025-03-19,200199,123,121
2025-03-19,200225,89,121
2025-03-19,200174,91,25
2025-03-19,200231,26,142
2025-03-19,200099,24,102
2025-03-19,200156,136,150
2025-03-19,200095,74,24
2025-03-19,200203,104,25
2025-03-19,200007,164,155
2025-03-26,200145,202,91
2025-03-26,200095,16,62
2025-03-26,200098,149,101
2025-03-26,200043,17,160
2025-03-26,200147,106,88
2025-03-26,200209,145,164
2025-03-26,200186,135,65
2025-03-26,200183,102,122
2025-03-26,200014,78,100
2025-03-26,200230,137,117
2025-03-26,200151,92,137
2025-03-26,200030,241,97
2025-03-26,200129,13,106
2025-03-26,200005,189,112
2025-03-26,200172,81,177
2025-03-26,200125,19,84
2025-03-26,200140,66,130
2025-03-26,200146,149,175
2025-03-26,200084,49,32
2025-03-26,200132,27,87
2025-03-26,200167,199,150
2025-03-26,200106,195,42
2025-03-26,200042,113,148
2025-03-26,200064,17,141
2025-03-26,200021,49,163
2025-03-26,200040,211,173
2025-03-26,200047,124,140
2025-03-26,200068,136,62
2025-03-26,200161,29,26
2025-03-26,200246,62,75
2025-03-26,200054,42,105
2025-03-26,200243,125,118
2025-03-26,200056,130,154
2025-03-26,200226,79,158
2025-03-26,200123,61,128
2025-03-26,200032,97,116
2025-03-26,200107,54,178
2025-03-26,200085,153,95
2025-03-26,200016,101,58
2025-03-26,200174,75,132
2025-03-26,200229,40,123
2025-03-26,200118,103,111
2025-03-26,200196,4,141
2025-03-26,200189,176,152
2025-03-26,200233,157,164
2025-03-26,200074,70,161
2025-03-26,200013,72,132
2025-03-26,200017,88,116
2025-03-26,200102,67,139
2025-03-26,200195,204,82
2025-03-26,200001,243,47
2025-03-26,200072,224,85
2025-03-26,200012,155,132
2025-03-26,200020,20,171
2025-03-26,200154,228,120
2025-03-26,200113,130,43
2025-03-26,200008,81,115
2025-03-26,200080,5,126
2025-03-26,200089,14,67
2025-03-26,200011,207,35
2025-03-26,200190,58,46
2025-03-26,200224,6,151
2025-03-26,200215,160,135
2025-03-26,200110,94,90
2025-03-26,200073,28,20
2025-03-26,200070,212,23
2025-03-26,200210,191,123
2025-03-26,200199,206,42
2025-03-26,200153,96,130
2025-03-26,200015,124,125
2025-03-26,200234,203,156
2025-03-26,200165,95,126
2025-03-26,200028,9,144
2025-03-26,200105,181,95
2025-03-26,200200,235,168
2025-03-26,200231,67,119
2025-03-26,200177,145,169
2025-03-26,200236,144,27
2025-03-26,200239,33,108
2025-03-26,200050,172,169
2025-03-26,200033,211,134
2025-03-26,200131,104,24
2025-03-26,200205,183,151
2025-03-26,200094,247,125
2025-03-26,200052,2,154
2025-03-26,200241,168,64
2025-03-26,200044,84,64
2025-03-26,200225,19,125
2025-03-26,200004,38,128
2025-03-26,200087,188,51
2025-03-26,200152,197,169
2025-03-26,200026,237,111
2025-03-26,200127,54,150
2025-03-26,200049,99,59
2025-03-26,200128,27,39
2025-03-26,200035,81,152
2025-03-26,200099,38,89
2025-03-26,200112,42,104
2025-03-26,200124,222,104
2025-03-26,200238,228,139
2025-04-02,200226,73,40
2025-04-02,200247,227,110
2025-04-02,200043,6,136
2025-04-02,200020,91,121
2025-04-02,200177,127,76
2025-04-02,200187,122,21
2025-04-02,200122,103,57
2025-04-02,200152,202,70
2025-04-02,200048,237,77
2025-04-02,200002,73,42
2025-04-02,200175,164,97
2025-04-02,200098,59,29
2025-04-02,200088,72,167
2025-04-02,200104,148,164
2025-04-02,200049,202,82
2025-04-02,200125,28,131
2025-04-02,200014,235,164
2025-04-02,200151,65,153
2025-04-02,200062,9,34
2025-04-02,200186,158,78
2025-04-02,200145,93,126
2025-04-02,200084,126,113
2025-04-02,200238,130,47
2025-04-02,200142,146,125
2025-04-02,200227,35,89
2025-04-02,200083,42,53
2025-04-02,200124,112,76
2025-04-02,200179,114,149
2025-04-02,200021,129,153
2025-04-02,200195,213,176
2025-04-02,200217,238,135
2025-04-02,200154,156,85
2025-04-02,200050,110,38
2025-04-02,200075,221,91
2025-04-02,200188,165,45
2025-04-02,200015,144,104
2025-04-02,200040,149,85
2025-04-02,200114,81,96
2025-04-02,200121,228,137
2025-04-02,200055,180,121
2025-04-02,200184,170,55
2025-04-02,200222,70,39
2025-04-02,200070,224,174
2025-04-02,200149,6,136
2025-04-02,200138,0,121
2025-04-02,200009,211,102
2025-04-02,200198,18,56
2025-04-02,200047,50,128
2025-04-02,200053,131,93
2025-04-02,200074,226,124
2025-04-02,200204,151,125
2025-04-02,200146,135,124
2025-04-02,200207,180,118
2025-04-02,200007,238,119
2025-04-02,200131,151,23
2025-04-02,200137,44,150
2025-04-02,200231,150,40
2025-04-02,200167,58,172
2025-04-02,200136,56,148
2025-04-02,200004,109,85
2025-04-02,200111,38,80
2025-04-02,200118,45,56
2025-04-02,200107,37,50
2025-04-02,200115,216,146
2025-04-02,200031,232,168
2025-04-02,200116,119,63
2025-04-02,200120,136,69
2025-04-02,200045,90,59
2025-04-02,200056,125,141
2025-04-02,200046,47,25
2025-04-02,200171,180,47
2025-04-02,200157,100,109
2025-04-02,200158,217,167
2025-04-02,200044,73,22
2025-04-02,200092,209,97
2025-04-02,200065,99,114
2025-04-02,200196,120,29
2025-04-02,200093,154,94
2025-04-02,200147,43,63
2025-04-02,200240,156,74
2025-04-02,200241,156,81
2025-04-02,200246,103,59
2025-04-02,200199,128,144
2025-04-02,200148,220,113
2025-04-02,200155,125,166
2025-04-02,200095,20,74
2025-04-02,200193,89,140
2025-04-02,200205,67,83
2025-04-02,200013,116,51
2025-04-02,200038,111,101
2025-04-02,200141,37,148
2025-04-02,200010,11,35
2025-04-02,200224,153,152
2025-04-02,200170,244,72
2025-04-02,200112,140,65
2025-04-02,200071,215,139
2025-04-02,200011,163,77
2025-04-02,200180,95,148
2025-04-02,200024,210,95
2025-04-02,200037,249,48
2025-04-09,200163,199,83
2025-04-09,200034,239,121
2025-04-09,200085,103,29
2025-04-09,200233,236,68
2025-04-09,200004,94,105
2025-04-09,200102,41,85
2025-04-09,200133,226,105
2025-04-09,200232,227,85
2025-04-09,200148,122,77
2025-04-09,200182,44,25
2025-04-09,200013,85,34
2025-04-09,200052,201,80
2025-04-09,200152,238,177
2025-04-09,200208,103,146
2025-04-09,200241,103,23
2025-04-09,200198,235,60
2025-04-09,200071,172,101
2025-04-09,200111,192,157
2025-04-09,200210,8,105
2025-04-09,200180,126,177
2025-04-09,200028,34,149
2025-04-09,200091,14,100
2025-04-09,200158,142,146
2025-04-09,200100,216,59
2025-04-09,200098,26,102
2025-04-09,200006,9,111
2025-04-09,200072,20,169
2025-04-09,200247,162,129
2025-04-09,200021,182,92
2025-04-09,200138,39,74
2025-04-09,200104,172,177
2025-04-09,200157,36,164
2025-04-09,200096,71,71
2025-04-09,200130,216,23
2025-04-09,200054,177,163
2025-04-09,200238,190,163
2025-04-09,200197,112,149
2025-04-09,200225,1,157
2025-04-09,200069,20,46
2025-04-09,200214,247,29
2025-04-09,200203,216,42
2025-04-09,200156,133,76
2025-04-09,200245,203,130
2025-04-09,200246,93,25
2025-04-09,200003,223,38
2025-04-09,200050,21,20
2025-04-09,200029,223,172
2025-04-09,200067,207,69
2025-04-09,200016,66,166
2025-04-09,200027,83,93
2025-04-09,200007,46,58
2025-04-09,200030,96,128
2025-04-09,200010,158,55
2025-04-09,200049,179,170
2025-04-09,200065,80,31
2025-04-09,200045,41,116
2025-04-09,200035,141,95
2025-04-09,200236,26,28
2025-04-09,200134,222,22
2025-04-09,200176,146,128
2025-04-09,200177,227,125
2025-04-09,200094,193,109
2025-04-09,200195,83,94
2025-04-09,200046,98,179
2025-04-09,200237,214,68
2025-04-09,200124,55,159
2025-04-09,200023,96,58
2025-04-09,200043,226,153
2025-04-09,200012,178,26
2025-04-09,200178,101,157
2025-04-09,200205,169,38
2025-04-09,200200,32,72
2025-04-09,200165,72,118
2025-04-09,200032,13,120
2025-04-09,200126,228,78
2025-04-09,200075,79,136
2025-04-09,200136,175,164
2025-04-09,200002,203,169
2025-04-09,200018,7,138
2025-04-09,200042,46,76
2025-04-09,200151,26,46
2025-04-09,200224,13,171
2025-04-09,200160,50,80
2025-04-09,200118,174,79
2025-04-09,200073,182,167
2025-04-09,200162,2,111
2025-04-09,200219,31,69
2025-04-09,200243,177,50
2025-04-09,200078,10,45
2025-04-09,200057,206,24
2025-04-09,200058,13,47
2025-04-09,200154,159,44
2025-04-09,200193,84,97
2025-04-09,200129,203,68
2025-04-09,200132,69,79
2025-04-09,200239,92,103
2025-04-09,200064,63,62
2025-04-09,200055,135,94
2025-04-09,200093,46,104
2025-04-09,200068,28,70
2025-04-16,200069,201,163
2025-04-16,200029,191,96
2025-04-16,200089,52,82
2025-04-16,200088,243,164
2025-04-16,200170,212,98
2025-04-16,200091,127,178
2025-04-16,200236,71,44
2025-04-16,200008,78,166
2025-04-16,200059,132,61
2025-04-16,200034,154,115
2025-04-16,200001,97,140
2025-04-16,200198,201,148
2025-04-16,200019,29,25
2025-04-16,200143,16,61
2025-04-16,200242,68,82
2025-04-16,200030,149,73
2025-04-16,200166,163,40
2025-04-16,200132,74,93
2025-04-16,200172,114,51
2025-04-16,200014,193,171
2025-04-16,200116,118,53
2025-04-16,200012,164,177
2025-04-16,200229,240,52
2025-04-16,200212,76,130
2025-04-16,200226,160,160
2025-04-16,200203,86,54
2025-04-16,200239,69,59
2025-04-16,200079,225,65
2025-04-16,200237,237,117
2025-04-16,200117,75,120
2025-04-16,200101,62,177
2025-04-16,200164,188,69
2025-04-16,200178,6,156
2025-04-16,200035,197,59
2025-04-16,200211,79,122
2025-04-16,200006,21,77
2025-04-16,200036,123,133
2025-04-16,200049,30,144
2025-04-16,200218,129,174
2025-04-16,200118,126,20
2025-04-16,200071,120,151
2025-04-16,200231,97,124
2025-04-16,200233,64,46
2025-04-16,200081,8,34
2025-04-16,200042,81,70
2025-04-16,200141,172,40
2025-04-16,200111,171,138
2025-04-16,200245,196,171
2025-04-16,200020,9,177
2025-04-16,200247,21,111
2025-04-16,200130,12,159
2025-04-16,200167,179,20
2025-04-16,200165,112,35
2025-04-16,200054,21,78
2025-04-16,200206,129,174
2025-04-16,200173,28,166
2025-04-16,200055,28,29
2025-04-16,200154,118,141
2025-04-16,200041,48,149
2025-04-16,200024,246,113
2025-04-16,200105,242,80
2025-04-16,200186,50,53
2025-04-16,200045,3,159
2025-04-16,200066,38,42
2025-04-16,200227,108,74
2025-04-16,200068,17,179
2025-04-16,200027,103,91
2025-04-16,200219,243,128
2025-04-16,200149,61,25
2025-04-16,200137,77,104
2025-04-16,200115,214,134
2025-04-16,200064,136,108
2025-04-16,200109,143,91
2025-04-16,200051,35,74
2025-04-16,200124,102,50
2025-04-16,200122,8,104
2025-04-16,200002,163,77
2025-04-16,200110,102,95
2025-04-16,200234,38,40
2025-04-16,200205,109,84
2025-04-16,200139,195,95
2025-04-16,200121,56,140
2025-04-16,200090,229,77
2025-04-16,200072,61,78
2025-04-16,200043,131,146
2025-04-16,200201,68,28
2025-04-16,200112,200,135
2025-04-16,200151,220,136
2025-04-16,200108,11,68
2025-04-16,200196,176,24
2025-04-16,200033,133,95
2025-04-16,200150,135,150
2025-04-16,200106,208,76
2025-04-16,200238,133,27
2025-04-16,200062,129,87
2025-04-16,200148,79,51
2025-04-16,200025,165,102
2025-04-16,200073,237,40
2025-04-16,200136,211,78
2025-04-16,200021,191,89
2025-04-23,200041,223,68
2025-04-23,200172,108,130
2025-04-23,200133,14,46
2025-04-23,200002,128,87
2025-04-23,200198,155,22
2025-04-23,200070,2,43
2025-04-23,200238,120,97
2025-04-23,200245,117,47
2025-04-23,200200,67,52
2025-04-23,200016,192,102
2025-04-23,200233,46,69
2025-04-23,200062,20,71
2025-04-23,200130,18,138
2025-04-23,200088,174,152
2025-04-23,200223,184,102
2025-04-23,200118,77,21
2025-04-23,200055,32,146
2025-04-23,200121,213,26
2025-04-23,200147,227,177
2025-04-23,200023,81,68
2025-04-23,200217,73,27
2025-04-23,200220,240,132
2025-04-23,200228,153,163
2025-04-23,200017,96,27
2025-04-23,200165,224,84
2025-04-23,200236,111,37
2025-04-23,200239,201,137
2025-04-23,200145,66,176
2025-04-23,200007,102,171
2025-04-23,200102,241,115
2025-04-23,200141,245,65
2025-04-23,200024,15,46
2025-04-23,200179,8,36
2025-04-23,200184,21,151
2025-04-23,200191,59,89
2025-04-23,200169,216,52
2025-04-23,200126,112,155
2025-04-23,200079,108,170
2025-04-23,200221,242,114
2025-04-23,200149,197,178
2025-04-23,200075,93,177
2025-04-23,200231,27,149
2025-04-23,200072,237,179
2025-04-23,200048,237,175
2025-04-23,200078,9,78
2025-04-23,200222,218,137
2025-04-23,200219,23,88
2025-04-23,200044,125,67
2025-04-23,200197,175,175
2025-04-23,200105,164,29
2025-04-23,200110,173,27
2025-04-23,200040,102,142
2025-04-23,200019,171,117
2025-04-23,200029,19,25
2025-04-23,200082,212,20
2025-04-23,200161,60,114
2025-04-23,200058,74,152
2025-04-23,200069,136,64
2025-04-23,200151,4,104
2025-04-23,200080,157,75
2025-04-23,200215,227,140
2025-04-23,200157,120,51
2025-04-23,200139,95,66
2025-04-23,200013,38,176
2025-04-23,200073,99,85
2025-04-23,200237,198,47
2025-04-23,200155,101,33
2025-04-23,200159,232,66
2025-04-23,200045,153,141
2025-04-23,200054,28,132
2025-04-23,200098,42,136
2025-04-23,200113,115,115
2025-04-23,200015,206,108
2025-04-23,200114,46,100
2025-04-23,200043,47,25
2025-04-23,200150,67,72
2025-04-23,200049,117,126
2025-04-23,200230,28,106
2025-04-23,200091,184,129
2025-04-23,200210,248,156
2025-04-23,200124,179,162
2025-04-23,200174,47,101
2025-04-23,200089,37,80
2025-04-23,200003,132,54
2025-04-23,200164,229,113
2025-04-23,200046,86,170
2025-04-23,200094,199,73
2025-04-23,200027,109,23
2025-04-23,200163,203,123
2025-04-23,200168,132,61
2025-04-23,200234,80,55
2025-04-23,200104,124,36
2025-04-23,200057,20,45
2025-04-23,200097,12,126
2025-04-23,200010,17,90
2025-04-23,200064,178,79
2025-04-23,200006,72,72
2025-04-23,200030,75,49
2025-04-23,200092,181,129
2025-04-23,200099,29,66
2025-04-30,200120,178,127
2025-04-30,200080,37,179
2025-04-30,200227,180,33
2025-04-30,200133,9,78
2025-04-30,200017,142,95
2025-04-30,200217,210,40
2025-04-30,200099,151,172
2025-04-30,200083,121,134
2025-04-30,200081,211,102
2025-04-30,200115,188,42
2025-04-30,200024,221,39
2025-04-30,200132,45,43
2025-04-30,200084,21,151
2025-04-30,200107,63,65
2025-04-30,200047,152,154
2025-04-30,200052,206,62
2025-04-30,200051,201,130
2025-04-30,200147,191,34
2025-04-30,200130,5,135
2025-04-30,200137,113,168
2025-04-30,200014,120,116
2025-04-30,200032,124,40
2025-04-30,200100,86,138
2025-04-30,200072,192,129
2025-04-30,200040,3,73
2025-04-30,200179,26,172
2025-04-30,200121,66,52
2025-04-30,200141,212,164
2025-04-30,200057,17,144
2025-04-30,200108,9,27
2025-04-30,200089,20,148
2025-04-30,200066,101,20
2025-04-30,200173,29,161
2025-04-30,200209,102,58
2025-04-30,200155,174,101
2025-04-30,200119,144,114
2025-04-30,200134,219,175
2025-04-30,200241,158,160
2025-04-30,200033,196,113
2025-04-30,200202,101,94
2025-04-30,200222,106,78
2025-04-30,200156,126,108
2025-04-30,200149,130,74
2025-04-30,200045,29,45
2025-04-30,200122,249,54
2025-04-30,200063,198,142
2025-04-30,200091,176,167
2025-04-30,200150,146,146
2025-04-30,200230,68,72
2025-04-30,200105,28,96
2025-04-30,200181,141,129
2025-04-30,200207,207,44
2025-04-30,200060,77,173
2025-04-30,200240,46,161
2025-04-30,200104,179,168
2025-04-30,200235,214,135
2025-04-30,200048,6,37
2025-04-30,200127,148,118
2025-04-30,200073,69,117
2025-04-30,200004,181,48
2025-04-30,200162,209,149
2025-04-30,200192,56,23
2025-04-30,200041,200,91
2025-04-30,200180,117,138
2025-04-30,200030,5,40
2025-04-30,200198,127,177
2025-04-30,200219,191,48
2025-04-30,200223,145,168
2025-04-30,200200,64,98
2025-04-30,200214,186,59
2025-04-30,200177,231,145
2025-04-30,200243,88,70
2025-04-30,200085,117,155
2025-04-30,200097,183,82
2025-04-30,200046,154,92
2025-04-30,200201,59,142
2025-04-30,200187,83,130
2025-04-30,200216,173,125
2025-04-30,200109,91,95
2025-04-30,200174,152,165
2025-04-30,200164,68,138
2025-04-30,200204,90,67
2025-04-30,200185,237,46
2025-04-30,200012,210,83
2025-04-30,200003,96,154
2025-04-30,200025,18,164
2025-04-30,200088,150,96
2025-04-30,200036,91,164
2025-04-30,200094,90,21
2025-04-30,200142,184,128
2025-04-30,200039,58,116
2025-04-30,200242,135,88
2025-04-30,200170,153,35
2025-04-30,200225,213,173
2025-04-30,200166,45,163
2025-04-30,200213,183,36
2025-04-30,200239,219,115
2025-04-30,200212,197,68
2025-04-30,200218,117,95
2025-04-30,200131,80,101
2025-05-07,200172,107,128
2025-05-07,200006,54,74
2025-05-07,200025,107,31
2025-05-07,200227,211,168
2025-05-07,200038,170,112
2025-05-07,200159,232,46
2025-05-07,200151,94,87
2025-05-07,200055,107,92
2025-05-07,200113,16,161
2025-05-07,200184,238,94
2025-05-07,200241,112,31
2025-05-07,200204,202,152
2025-05-07,200155,136,58
2025-05-07,200022,149,138
2025-05-07,200181,174,114
2025-05-07,200139,4,24
2025-05-07,200235,102,97
2025-05-07,200137,1,154
2025-05-07,200122,236,161
2025-05-07,200243,17,91
2025-05-07,200044,75,159
2025-05-07,200143,201,98
2025-05-07,200126,67,162
2025-05-07,200063,116,36
2025-05-07,200232,116,90
2025-05-07,200242,134,115
2025-05-07,200141,22,89
2025-05-07,200206,27,63
2025-05-07,200175,149,99
2025-05-07,200133,51,98
2025-05-07,200052,232,47
2025-05-07,200033,73,21
2025-05-07,200097,249,165
2025-05-07,200017,57,67
2025-05-07,200194,126,177
2025-05-07,200039,78,68
2025-05-07,200036,61,173
2025-05-07,200169,237,121
2025-05-07,200131,51,66
2025-05-07,200124,153,80
2025-05-07,200186,136,107
2025-05-07,200004,84,139
2025-05-07,200077,124,79
2025-05-07,200158,84,80
2025-05-07,200083,62,151
2025-05-07,200164,42,151
2025-05-07,200049,176,82
2025-05-07,200002,162,25
2025-05-07,200118,142,164
2025-05-07,200072,24,97
2025-05-07,200089,126,129
2025-05-07,200157,60,70
2025-05-07,200132,29,176
2025-05-07,200215,89,36
2025-05-07,200013,101,44
2025-05-07,200244,186,120
2025-05-07,200148,242,106
2025-05-07,200191,133,40
2025-05-07,200150,144,139
2025-05-07,200068,209,137
2025-05-07,200129,56,76
2025-05-07,200152,109,158
2025-05-07,200174,220,87
2025-05-07,200003,159,98
2025-05-07,200234,163,120
2025-05-07,200147,35,36
2025-05-07,200020,106,50
2025-05-07,200019,145,69
2025-05-07,200061,249,88
2025-05-07,200050,216,82
2025-05-07,200018,216,58
2025-05-07,200026,93,143
2025-05-07,200168,201,156
2025-05-07,200130,164,71
2025-05-07,200005,162,48
2025-05-07,200138,108,61
2025-05-07,200140,225,46
2025-05-07,200048,154,84
2025-05-07,200221,2,157
2025-05-07,200224,37,39
2025-05-07,200034,94,108
2025-05-07,200069,12,146
2025-05-07,200084,69,111
2025-05-07,200087,231,70
2025-05-07,200228,5,124
2025-05-07,200102,33,173
2025-05-07,200238,121,152
2025-05-07,200199,120,53
2025-05-07,200123,36,174
2025-05-07,200231,176,175
2025-05-07,200092,187,52
2025-05-07,200051,200,83
2025-05-07,200226,221,85
2025-05-07,200010,81,149
2025-05-07,200135,16,45
2025-05-07,200127,164,66
2025-05-07,200145,146,115
2025-05-07,200045,18,50
2025-05-07,200115,95,75
2025-05-07,200059,21,85
2025-05-14,200121,31,24
2025-05-14,200209,159,139
2025-05-14,200012,80,109
2025-05-14,200119,105,172
2025-05-14,200041,69,120
2025-05-14,200184,129,122
2025-05-14,200198,22,68
2025-05-14,200207,122,97
2025-05-14,200168,177,116
2025-05-14,200047,87,34
2025-05-14,200064,87,167
2025-05-14,200186,148,38
2025-05-14,200084,198,174
2025-05-14,200008,160,112
2025-05-14,200134,91,160
2025-05-14,200005,15,58
2025-05-14,200054,149,177
2025-05-14,200236,233,86
2025-05-14,200030,191,101
2025-05-14,200218,80,103
2025-05-14,200180,81,163
2025-05-14,200230,243,122
2025-05-14,200217,9,20
2025-05-14,200009,241,66
2025-05-14,200002,239,166
2025-05-14,200090,111,57
2025-05-14,200010,52,125
2025-05-14,200203,209,38
2025-05-14,200059,178,82
2025-05-14,200233,183,73
2025-05-14,200238,220,130
2025-05-14,200174,138,108
2025-05-14,200148,110,122
2025-05-14,200075,233,100
2025-05-14,200237,175,104
2025-05-14,200189,47,153
2025-05-14,200239,131,41
2025-05-14,200140,46,139
2025-05-14,200149,60,172
2025-05-14,200024,94,148
2025-05-14,200226,125,34
2025-05-14,200058,198,157
2025-05-14,200022,46,71
2025-05-14,200161,209,123
2025-05-14,200104,212,175
2025-05-14,200015,90,76
2025-05-14,200196,169,108
2025-05-14,200155,101,74
2025-05-14,200068,114,66
2025-05-14,200055,152,113
2025-05-14,200063,56,41
2025-05-14,200081,20,23
2025-05-14,200074,107,139
2025-05-14,200011,220,136
2025-05-14,200188,226,86
2025-05-14,200019,162,155
2025-05-14,200185,183,72
2025-05-14,200160,32,51
2025-05-14,200083,40,139
2025-05-14,200110,83,151
2025-05-14,200171,106,121
2025-05-14,200137,96,54
2025-05-14,200167,96,68
2025-05-14,200096,98,178
2025-05-14,200094,113,46
2025-05-14,200138,211,33
2025-05-14,200159,78,44
2025-05-14,200029,178,119
2025-05-14,200042,77,152
2025-05-14,200124,180,104
2025-05-14,200206,0,33
2025-05-14,200190,62,69
2025-05-14,200106,233,163
2025-05-14,200036,222,110
2025-05-14,200183,233,31
2025-05-14,200125,112,148
2025-05-14,200062,124,110
2025-05-14,200193,107,102
2025-05-14,200032,33,64
2025-05-14,200204,235,109
2025-05-14,200073,44,159
2025-05-14,200211,189,58
2025-05-14,200220,108,114
2025-05-14,200045,180,77
2025-05-14,200130,110,29
2025-05-14,200069,186,83
2025-05-14,200120,83,158
2025-05-14,200179,35,179
2025-05-14,200076,105,106
2025-05-14,200210,131,43
2025-05-14,200057,113,133
2025-05-14,200164,57,112
2025-05-14,200205,194,94
2025-05-14,200245,237,28
2025-05-14,200200,164,136
2025-05-14,200097,106,141
2025-05-14,200100,115,158
2025-05-14,200128,219,88
2025-05-14,200027,102,150
2025-05-14,200150,132,91
2025-05-21,200053,23,74
2025-05-21,200153,9,63
2025-05-21,200194,52,25
2025-05-21,200064,207,132
2025-05-21,200178,34,121
2025-05-21,200095,33,129
2025-05-21,200123,201,80
2025-05-21,200052,247,162
2025-05-21,200167,150,155
2025-05-21,200054,84,73
2025-05-21,200241,20,146
2025-05-21,200134,158,58
2025-05-21,200235,23,44
2025-05-21,200133,172,159
2025-05-21,200217,57,95
2025-05-21,200047,124,139
2025-05-21,200230,69,131
2025-05-21,200152,157,165
2025-05-21,200049,156,174
2025-05-21,200145,164,178
2025-05-21,200100,175,130
2025-05-21,200159,238,77
2025-05-21,200046,115,62
2025-05-21,200126,165,44
2025-05-21,200205,47,146
2025-05-21,200092,76,44
2025-05-21,200220,78,66
2025-05-21,200117,179,40
2025-05-21,200223,230,81
2025-05-21,200136,116,96
2025-05-21,200171,154,111
2025-05-21,200056,52,159
2025-05-21,200130,222,56
2025-05-21,200183,201,144
2025-05-21,200174,218,33
2025-05-21,200118,59,138
2025-05-21,200225,128,92
2025-05-21,200107,115,125
2025-05-21,200065,107,77
2025-05-21,200006,229,24
2025-05-21,200147,67,50
2025-05-21,200127,8,134
2025-05-21,200110,173,109
2025-05-21,200079,144,163
2025-05-21,200008,242,78
2025-05-21,200040,120,133
2025-05-21,200091,137,165
2025-05-21,200191,227,177
2025-05-21,200074,225,157
2025-05-21,200059,78,87
2025-05-21,200050,7,124
2025-05-21,200033,195,126
2025-05-21,200199,179,152
2025-05-21,200060,144,160
2025-05-21,200058,219,128
2025-05-21,200189,13,23
2025-05-21,200113,149,22
2025-05-21,200045,198,90
2025-05-21,200146,133,104
2025-05-21,200193,43,104
2025-05-21,200019,80,56
2025-05-21,200238,153,47
2025-05-21,200036,237,105
2025-05-21,200070,177,94
2025-05-21,200236,234,27
2025-05-21,200158,103,139
2025-05-21,200204,194,39
2025-05-21,200124,30,88
2025-05-21,200071,33,151
2025-05-21,200038,109,176
2025-05-21,200119,120,162
2025-05-21,200120,222,172
2025-05-21,200043,12,131
2025-05-21,200214,99,63
2025-05-21,200234,54,44
2025-05-21,200004,139,170
2025-05-21,200037,10,45
2025-05-21,200015,40,101
2025-05-21,200014,227,125
2025-05-21,200005,134,154
2025-05-21,200108,8,158
2025-05-21,200105,160,158
2025-05-21,200034,219,35
2025-05-21,200035,22,63
2025-05-21,200025,6,71
2025-05-21,200144,73,63
2025-05-21,200078,172,90
2025-05-21,200023,175,67
2025-05-21,200010,195,31
2025-05-21,200001,137,54
2025-05-21,200102,36,49
2025-05-21,200104,39,66
2025-05-21,200068,89,53
2025-05-21,200022,170,120
2025-05-21,200151,1,71
2025-05-21,200076,207,70
2025-05-21,200197,71,107
2025-05-21,200028,16,35
2025-05-21,200016,25,160
2025-05-21,200138,57,39
2025-05-28,200029,197,81
2025-05-28,200201,200,161
2025-05-28,200054,47,44
2025-05-28,200148,113,149
2025-05-28,200083,235,136
2025-05-28,200245,90,131
2025-05-28,200068,195,146
2025-05-28,200235,101,160
2025-05-28,200112,61,119
2025-05-28,200046,44,97
2025-05-28,200021,248,83
2025-05-28,200190,48,163
2025-05-28,200022,19,169
2025-05-28,200125,9,158
2025-05-28,200181,184,34
2025-05-28,200020,92,91
2025-05-28,200118,169,125
2025-05-28,200111,73,43
2025-05-28,200058,97,163
2025-05-28,200087,24,109
2025-05-28,200162,95,172
2025-05-28,200078,191,109
2025-05-28,200090,73,95
2025-05-28,200238,206,110
2025-05-28,200179,198,154
2025-05-28,200089,234,147
2025-05-28,200205,19,155
2025-05-28,200229,151,162
2025-05-28,200233,207,114
2025-05-28,200092,61,30
2025-05-28,200247,20,96
2025-05-28,200182,192,31
2025-05-28,200206,181,123
2025-05-28,200117,87,41
2025-05-28,200070,127,154
2025-05-28,200234,179,174
2025-05-28,200102,221,119
2025-05-28,200040,36,95
2025-05-28,200241,50,28
2025-05-28,200082,113,139
2025-05-28,200096,4,39
2025-05-28,200135,94,154
2025-05-28,200116,46,38
2025-05-28,200246,242,84
2025-05-28,200031,238,21
2025-05-28,200174,162,127
2025-05-28,200199,95,50
2025-05-28,200191,225,33
2025-05-28,200069,242,124
2025-05-28,200163,11,51
2025-05-28,200060,136,20
2025-05-28,200012,70,122
2025-05-28,200044,150,27
2025-05-28,200161,59,94
2025-05-28,200129,137,66
2025-05-28,200115,93,121
2025-05-28,200085,156,163
2025-05-28,200243,158,115
2025-05-28,200015,73,68
2025-05-28,200216,97,76
2025-05-28,200106,145,41
2025-05-28,200172,129,164
2025-05-28,200081,149,153
2025-05-28,200119,53,83
2025-05-28,200200,39,83
2025-05-28,200121,122,33
2025-05-28,200218,85,104
2025-05-28,200132,194,46
2025-05-28,200150,244,42
2025-05-28,200187,202,92
2025-05-28,200077,203,37
2025-05-28,200170,154,129
2025-05-28,200080,235,23
2025-05-28,200055,74,142
2025-05-28,200180,249,80
2025-05-28,200219,26,28
2025-05-28,200001,107,99
2025-05-28,200101,246,72
2025-05-28,200157,108,82
2025-05-28,200228,214,142
2025-05-28,200175,154,146
2025-05-28,200033,147,179
2025-05-28,200074,81,42
2025-05-28,200168,21,167
2025-05-28,200038,193,46
2025-05-28,200159,166,63
2025-05-28,200215,126,68
2025-05-28,200104,217,32
2025-05-28,200225,193,155
2025-05-28,200017,39,65
2025-05-28,200209,244,167
2025-05-28,200164,143,149
2025-05-28,200045,1,21
2025-05-28,200084,152,132
2025-05-28,200171,13,64
2025-05-28,200048,143,91
2025-05-28,200018,72,111
2025-05-28,200043,13,122
2025-05-28,200061,93,27
2025-05-28,200143,228,36
2025-06-04,200009,79,152
2025-06-04,200235,16,59
2025-06-04,200050,162,150
2025-06-04,200124,201,76
2025-06-04,200097,8,70
2025-06-04,200181,161,145
2025-06-04,200132,212,66
2025-06-04,200051,178,122
2025-06-04,200205,188,92
2025-06-04,200076,20,81
2025-06-04,200105,100,81
2025-06-04,200116,117,51
2025-06-04,200088,169,101
2025-06-04,200027,176,177
2025-06-04,200078,203,58
2025-06-04,200203,46,36
2025-06-04,200134,150,136
2025-06-04,200131,23,51
2025-06-04,200034,241,114
2025-06-04,200223,93,174
2025-06-04,200008,0,153
2025-06-04,200142,70,58
2025-06-04,200040,6,52
2025-06-04,200149,80,53
2025-06-04,200187,130,110
2025-06-04,200232,71,60
2025-06-04,200058,197,118
2025-06-04,200059,172,50
2025-06-04,200168,101,61
2025-06-04,200215,129,62
2025-06-04,200033,69,161
2025-06-04,200036,247,25
2025-06-04,200201,79,68
2025-06-04,200191,118,29
2025-06-04,200010,69,23
2025-06-04,200109,15,71
2025-06-04,200056,52,60
2025-06-04,200114,215,68
2025-06-04,200171,86,105
2025-06-04,200159,87,119
2025-06-04,200007,104,167
2025-06-04,200195,207,164
2025-06-04,200192,195,162
2025-06-04,200017,2,139
2025-06-04,200184,153,23
2025-06-04,200166,128,166
2025-06-04,200086,20,117
2025-06-04,200067,186,162
2025-06-04,200070,81,57
2025-06-04,200133,115,154
2025-06-04,200101,195,37
2025-06-04,200041,249,127
2025-06-04,200004,114,110
2025-06-04,200048,91,126
2025-06-04,200043,58,149
2025-06-04,200082,48,53
2025-06-04,200152,43,65
2025-06-04,200095,203,80
2025-06-04,200020,202,101
2025-06-04,200243,204,105
2025-06-04,200188,16,94
2025-06-04,200234,30,26
2025-06-04,200228,147,128
2025-06-04,200047,89,51
2025-06-04,200042,110,144
2025-06-04,200217,65,115
2025-06-04,200190,173,80
2025-06-04,200107,214,61
2025-06-04,200175,238,30
2025-06-04,200198,112,69
2025-06-04,200170,186,74
2025-06-04,200079,51,130
2025-06-04,200087,4,163
2025-06-04,200173,199,152
2025-06-04,200238,13,94
2025-06-04,200164,131,148
2025-06-04,200186,71,141
2025-06-04,200151,162,92
2025-06-04,200244,116,62
2025-06-04,200239,192,51
2025-06-04,200139,5,62
2025-06-04,200071,144,138
2025-06-04,200227,235,160
2025-06-04,200236,25,130
2025-06-04,200220,246,37
2025-06-04,200003,59,165
2025-06-04,200193,114,132
2025-06-04,200084,164,69
2025-06-04,200094,75,85
2025-06-04,200106,180,68
2025-06-04,200002,8,175
2025-06-04,200055,246,109
2025-06-04,200162,65,148
2025-06-04,200011,98,173
2025-06-04,200085,152,166
2025-06-04,200158,53,28
2025-06-04,200037,158,159
2025-06-04,200115,210,29
2025-06-04,200021,171,40
2025-06-04,200208,83,70
2025-06-11,200007,205,131
2025-06-11,200058,173,44
2025-06-11,200049,159,41
2025-06-11,200223,103,165
2025-06-11,200060,95,62
2025-06-11,200077,242,158
2025-06-11,200119,155,62
2025-06-11,200139,213,156
2025-06-11,200095,128,116
2025-06-11,200089,243,159
2025-06-11,200008,170,101
2025-06-11,200067,171,97
2025-06-11,200127,180,147
2025-06-11,200028,160,74
2025-06-11,200104,238,121
2025-06-11,200231,120,90
2025-06-11,200222,97,144
2025-06-11,200216,130,161
2025-06-11,200215,157,50
2025-06-11,200035,39,50
2025-06-11,200044,13,81
2025-06-11,200174,31,110
2025-06-11,200176,48,24
2025-06-11,200097,53,44
2025-06-11,200198,249,137
2025-06-11,200173,213,93
2025-06-11,200238,87,41
2025-06-11,200235,104,82
2025-06-11,200191,97,117
2025-06-11,200053,109,71
2025-06-11,200213,21,174
2025-06-11,200130,141,67
2025-06-11,200018,56,145
2025-06-11,200179,227,112
2025-06-11,200234,208,138
2025-06-11,200148,124,144
2025-06-11,200017,240,104
2025-06-11,200068,19,112
2025-06-11,200114,29,134
2025-06-11,200092,1,176
2025-06-11,200027,167,133
2025-06-11,200010,111,129
2025-06-11,200045,73,102
2025-06-11,200075,178,163
2025-06-11,200204,241,24
2025-06-11,200011,170,91
2025-06-11,200102,222,178
2025-06-11,200132,85,30
2025-06-11,200033,89,93
2025-06-11,200150,235,75
2025-06-11,200226,98,91
2025-06-11,200103,84,140
2025-06-11,200065,170,88
2025-06-11,200192,206,174
2025-06-11,200239,71,63
2025-06-11,200181,228,100
2025-06-11,200134,118,175
2025-06-11,200182,41,89
2025-06-11,200085,142,66
2025-06-11,200107,155,33
2025-06-11,200188,185,106
2025-06-11,200003,15,48
2025-06-11,200199,173,122
2025-06-11,200076,204,133
2025-06-11,200069,16,167
2025-06-11,200099,16,112
2025-06-11,200042,150,146
2025-06-11,200079,61,163
2025-06-11,200100,51,89
2025-06-11,200186,225,50
2025-06-11,200090,246,96
2025-06-11,200012,89,155
2025-06-11,200138,104,81
2025-06-11,200123,104,111
2025-06-11,200034,226,72
2025-06-11,200140,141,58
2025-06-11,200143,80,130
2025-06-11,200206,120,115
2025-06-11,200054,159,42
2025-06-11,200232,180,112
2025-06-11,200037,70,26
2025-06-11,200001,129,89
2025-06-11,200029,0,179
2025-06-11,200121,223,22
2025-06-11,200168,238,140
2025-06-11,200229,213,58
2025-06-11,200233,113,120
2025-06-11,200159,225,67
2025-06-11,200038,113,85
2025-06-11,200136,172,80
2025-06-11,200072,67,82
2025-06-11,200084,152,21
2025-06-11,200015,198,58
2025-06-11,200013,12,46
2025-06-11,200005,165,88
2025-06-11,200152,243,86
2025-06-11,200217,36,96
2025-06-11,200082,189,176
2025-06-11,200218,205,59
2025-06-11,200098,50,94
2025-06-18,200191,128,40
2025-06-18,200222,130,48
2025-06-18,200229,131,149
2025-06-18,200104,180,157
2025-06-18,200232,184,129
2025-06-18,200225,102,108
2025-06-18,200137,180,165
2025-06-18,200055,139,89
2025-06-18,200074,47,116
2025-06-18,200028,48,157
2025-06-18,200043,56,93
2025-06-18,200171,7,178
2025-06-18,200175,41,57
2025-06-18,200159,63,143
2025-06-18,200188,202,69
2025-06-18,200138,155,160
2025-06-18,200132,68,133
2025-06-18,200151,121,104
2025-06-18,200216,244,76
2025-06-18,200061,131,179
2025-06-18,200197,220,51
2025-06-18,200008,119,43
2025-06-18,200115,175,53
2025-06-18,200195,81,101
2025-06-18,200145,116,142
2025-06-18,200009,33,104
2025-06-18,200234,76,49
2025-06-18,200021,120,176
2025-06-18,200063,108,174
2025-06-18,200157,130,55
2025-06-18,200036,169,134
2025-06-18,200060,140,175
2025-06-18,200196,31,132
2025-06-18,200107,164,135
2025-06-18,200235,151,66
2025-06-18,200201,216,143
2025-06-18,200058,185,163
2025-06-18,200046,41,146
2025-06-18,200057,144,63
2025-06-18,200241,232,47
2025-06-18,200084,135,67
2025-06-18,200070,71,63
2025-06-18,200135,44,51
2025-06-18,200231,208,38
2025-06-18,200237,44,160
2025-06-18,200011,118,153
2025-06-18,200184,45,59
2025-06-18,200158,127,40
2025-06-18,200246,50,138
2025-06-18,200186,85,151
2025-06-18,200164,121,87
2025-06-18,200025,216,96
2025-06-18,200172,5,22
2025-06-18,200006,150,172
2025-06-18,200243,146,59
2025-06-18,200034,246,83
2025-06-18,200127,239,47
2025-06-18,200239,205,145
2025-06-18,200217,120,146
2025-06-18,200181,60,32
2025-06-18,200228,80,171
2025-06-18,200073,234,120
2025-06-18,200226,80,31
2025-06-18,200182,135,87
2025-06-18,200178,225,34
2025-06-18,200149,148,162
2025-06-18,200066,35,176
2025-06-18,200010,33,161
2025-06-18,200176,105,23
2025-06-18,200155,193,72
2025-06-18,200180,33,24
2025-06-18,200099,93,175
2025-06-18,200101,42,21
2025-06-18,200117,55,61
2025-06-18,200088,86,155
2025-06-18,200064,21,79
2025-06-18,200167,62,31
2025-06-18,200238,115,157
2025-06-18,200062,113,166
2025-06-18,200052,78,166
2025-06-18,200096,196,78
2025-06-18,200037,182,77
2025-06-18,200071,208,74
2025-06-18,200012,71,120
2025-06-18,200019,54,118
2025-06-18,200110,127,99
2025-06-18,200031,10,123
2025-06-18,200078,68,110
2025-06-18,200092,192,134
2025-06-18,200219,40,41
2025-06-18,200152,1,23
2025-06-18,200023,237,61
2025-06-18,200085,181,139
2025-06-18,200168,162,145
2025-06-18,200230,147,48
2025-06-18,200174,130,66
2025-06-18,200013,91,30
2025-06-18,200116,110,94
2025-06-18,200042,194,61
2025-06-18,200038,194,59
2025-06-25,200017,152,107
2025-06-25,200209,122,90
2025-06-25,200156,193,86
2025-06-25,200163,37,139
2025-06-25,200130,63,109
2025-06-25,200153,243,40
2025-06-25,200224,55,128
2025-06-25,200115,185,87
2025-06-25,200089,205,149
2025-06-25,200157,130,125
2025-06-25,200214,57,25
2025-06-25,200154,1,159
2025-06-25,200139,182,141
2025-06-25,200040,157,149
2025-06-25,200111,228,25
2025-06-25,200196,139,109
2025-06-25,200068,103,80
2025-06-25,200169,88,125
2025-06-25,200246,180,169
2025-06-25,200055,211,123
2025-06-25,200244,80,56
2025-06-25,200190,11,167
2025-06-25,200128,106,73
2025-06-25,200243,6,111
2025-06-25,200193,112,139
2025-06-25,200129,1,173
2025-06-25,200180,120,29
2025-06-25,200004,44,62
2025-06-25,200201,205,43
2025-06-25,200046,159,138
2025-06-25,200100,51,30
2025-06-25,200054,67,107
2025-06-25,200203,61,110
2025-06-25,200207,165,56
2025-06-25,200026,120,170
2025-06-25,200187,237,52
2025-06-25,200084,0,171
2025-06-25,200126,107,95
2025-06-25,200112,224,156
2025-06-25,200161,220,106
2025-06-25,200181,124,57
2025-06-25,200070,0,55
2025-06-25,200182,188,130
2025-06-25,200211,163,76
2025-06-25,200125,249,40
2025-06-25,200118,81,123
2025-06-25,200147,152,37
2025-06-25,200145,148,131
2025-06-25,200072,120,28
2025-06-25,200020,51,149
2025-06-25,200160,129,82
2025-06-25,200120,129,56
2025-06-25,200117,160,98
2025-06-25,200231,198,163
2025-06-25,200155,181,178
2025-06-25,200090,41,89
2025-06-25,200087,166,36
2025-06-25,200177,205,96
2025-06-25,200143,221,116
2025-06-25,200124,29,149
2025-06-25,200192,134,32
2025-06-25,200036,159,173
2025-06-25,200043,243,26
2025-06-25,200164,224,90
2025-06-25,200022,40,110
2025-06-25,200152,117,32
2025-06-25,200053,179,164
2025-06-25,200067,36,48
2025-06-25,200172,196,112
2025-06-25,200088,45,173
2025-06-25,200077,39,24
2025-06-25,200024,176,89
2025-06-25,200204,161,61
2025-06-25,200222,149,85
2025-06-25,200247,146,88
2025-06-25,200009,64,39
2025-06-25,200041,58,143
2025-06-25,200003,120,96
2025-06-25,200186,87,132
2025-06-25,200039,68,97
2025-06-25,200191,247,54
2025-06-25,200092,191,38
2025-06-25,200056,201,80
2025-06-25,200038,245,74
2025-06-25,200151,217,152
2025-06-25,200002,185,94
2025-06-25,200047,184,86
2025-06-25,200171,118,24
2025-06-25,200094,217,50
2025-06-25,200131,229,136
2025-06-25,200175,139,133
2025-06-25,200045,224,105
2025-06-25,200048,31,81
2025-06-25,200001,220,166
2025-06-25,200016,71,39
2025-06-25,200194,144,169
2025-06-25,200168,190,37
2025-06-25,200102,123,149
2025-06-25,200220,133,61
2025-06-25,200235,166,30
2025-07-02,200180,191,152
2025-07-02,200107,80,94
2025-07-02,200076,210,128
2025-07-02,200124,117,63
2025-07-02,200246,161,71
2025-07-02,200155,83,167
2025-07-02,200149,225,52
2025-07-02,200245,14,146
2025-07-02,200159,160,134
2025-07-02,200236,86,84
2025-07-02,200095,72,72
2025-07-02,200090,243,88
2025-07-02,200096,21,78
2025-07-02,200194,132,92
2025-07-02,200120,107,154
2025-07-02,200130,24,164
2025-07-02,200218,123,130
2025-07-02,200228,223,88
2025-07-02,200135,162,62
2025-07-02,200239,153,161
2025-07-02,200067,172,106
2025-07-02,200121,202,142
2025-07-02,200143,75,76
2025-07-02,200116,112,53
2025-07-02,200222,59,154
2025-07-02,200141,66,136
2025-07-02,200186,10,41
2025-07-02,200111,224,68
2025-07-02,200084,246,20
2025-07-02,200024,191,131
2025-07-02,200167,245,44
2025-07-02,200046,74,79
2025-07-02,200134,163,39
2025-07-02,200196,193,88
2025-07-02,200165,189,144
2025-07-02,200177,150,100
2025-07-02,200129,244,61
2025-07-02,200055,32,146
2025-07-02,200062,61,53
2025-07-02,200050,28,176
2025-07-02,200112,159,164
2025-07-02,200201,77,81
2025-07-02,200101,113,123
2025-07-02,200138,205,72
2025-07-02,200178,127,74
2025-07-02,200161,136,113
2025-07-02,200098,183,69
2025-07-02,200171,174,147
2025-07-02,200189,20,83
2025-07-02,200094,193,20
2025-07-02,200212,73,66
2025-07-02,200232,55,176
2025-07-02,200033,174,24
2025-07-02,200077,0,113
2025-07-02,200235,156,146
2025-07-02,200097,80,23
2025-07-02,200081,74,158
2025-07-02,200220,65,76
2025-07-02,200125,139,159
2025-07-02,200147,237,102
2025-07-02,200027,87,96
2025-07-02,200243,243,125
2025-07-02,200087,25,21
2025-07-02,200205,30,164
2025-07-02,200005,204,34
2025-07-02,200217,33,28
2025-07-02,200063,174,98
2025-07-02,200204,100,28
2025-07-02,200193,215,131
2025-07-02,200207,223,102
2025-07-02,200230,189,70
2025-07-02,200127,91,28
2025-07-02,200179,98,112
2025-07-02,200229,60,176
2025-07-02,200006,13,146
2025-07-02,200225,204,55
2025-07-02,200113,30,57
2025-07-02,200042,110,35
2025-07-02,200115,62,124
2025-07-02,200187,159,90
2025-07-02,200213,167,161
2025-07-02,200145,2,157
2025-07-02,200157,142,104
2025-07-02,200181,181,155
2025-07-02,200233,25,118
2025-07-02,200025,95,96
2025-07-02,200139,72,140
2025-07-02,200183,72,120
2025-07-02,200080,77,67
2025-07-02,200100,59,30
2025-07-02,200051,90,21
2025-07-02,200049,12,101
2025-07-02,200032,133,168
2025-07-02,200142,143,21
2025-07-02,200166,190,67
2025-07-02,200037,117,139
2025-07-02,200158,162,44
2025-07-02,200192,201,175
2025-07-02,200029,233,55
2025-07-02,200231,107,162
2025-07-09,200050,57,140
2025-07-09,200127,178,56
2025-07-09,200176,36,96
2025-07-09,200236,29,167
2025-07-09,200178,87,20
2025-07-09,200017,204,47
2025-07-09,200135,42,133
2025-07-09,200044,132,158
2025-07-09,200065,72,116
2025-07-09,200245,61,93
2025-07-09,200170,57,51
2025-07-09,200161,30,48
2025-07-09,200073,204,143
2025-07-09,200070,197,171
2025-07-09,200201,121,173
2025-07-09,200010,226,135
2025-07-09,200098,7,69
2025-07-09,200099,172,45
2025-07-09,200048,110,28
2025-07-09,200167,34,171
2025-07-09,200184,223,173
2025-07-09,200107,175,86
2025-07-09,200094,195,21
2025-07-09,200145,81,125
2025-07-09,200082,141,176
2025-07-09,200012,182,145
2025-07-09,200007,203,58
2025-07-09,200151,91,124
2025-07-09,200034,215,83
2025-07-09,200160,144,141
2025-07-09,200079,241,171
2025-07-09,200197,88,128
2025-07-09,200108,87,163
2025-07-09,200159,213,66
2025-07-09,200083,70,144
2025-07-09,200021,234,46
2025-07-09,200051,222,40
2025-07-09,200137,175,178
2025-07-09,200084,112,97
2025-07-09,200126,37,65
2025-07-09,200239,139,59
2025-07-09,200222,221,78
2025-07-09,200095,178,166
2025-07-09,200238,70,160
2025-07-09,200096,184,80
2025-07-09,200134,76,143
2025-07-09,200087,216,126
2025-07-09,200186,182,48
2025-07-09,200092,39,84
2025-07-09,200049,206,150
2025-07-09,200229,144,43
2025-07-09,200181,16,89
2025-07-09,200037,130,144
2025-07-09,200174,194,131
2025-07-09,200119,84,174
2025-07-09,200046,147,70
2025-07-09,200122,31,159
2025-07-09,200109,115,131
2025-07-09,200153,76,125
2025-07-09,200097,131,155
2025-07-09,200054,243,161
2025-07-09,200071,175,125
2025-07-09,200093,118,149
2025-07-09,200215,101,57
2025-07-09,200036,55,167
2025-07-09,200157,9,38
2025-07-09,200180,248,153
2025-07-09,200243,198,52
2025-07-09,200171,79,148
2025-07-09,200228,100,65
2025-07-09,200053,1,125
2025-07-09,200052,200,169
2025-07-09,200169,146,153
2025-07-09,200104,55,151
2025-07-09,200140,108,132
2025-07-09,200040,85,35
2025-07-09,200168,71,23
2025-07-09,200182,187,108
2025-07-09,200023,91,174
2025-07-09,200210,21,107
2025-07-09,200091,249,170
2025-07-09,200014,86,167
2025-07-09,200033,164,105
2025-07-09,200111,94,59
2025-07-09,200003,164,138
2025-07-09,200188,216,121
2025-07-09,200121,166,98
2025-07-09,200028,140,60
2025-07-09,200064,99,110
2025-07-09,200031,192,50
2025-07-09,200047,36,167
2025-07-09,200024,153,178
2025-07-09,200131,87,114
2025-07-09,200075,218,33
2025-07-09,200173,50,177
2025-07-09,200136,81,38
2025-07-09,200112,115,28
2025-07-09,200045,59,166
2025-07-09,200183,207,167
2025-07-09,200191,127,89
2025-07-16,200107,73,137
2025-07-16,200057,209,152
2025-07-16,200209,4,31
2025-07-16,200077,121,130
2025-07-16,200217,237,50
2025-07-16,200041,242,108
2025-07-16,200215,239,59
2025-07-16,200029,209,71
2025-07-16,200169,22,120
2025-07-16,200083,32,49
2025-07-16,200152,114,49
2025-07-16,200058,179,24
2025-07-16,200148,237,158
2025-07-16,200025,13,99
2025-07-16,200024,108,96
2025-07-16,200155,208,157
2025-07-16,200069,61,60
2025-07-16,200151,241,104
2025-07-16,200098,149,99
2025-07-16,200102,228,92
2025-07-16,200230,0,73
2025-07-16,200072,115,154
2025-07-16,200116,144,80
2025-07-16,200113,13,159
2025-07-16,200237,223,66
2025-07-16,200050,221,58
2025-07-16,200006,103,154
2025-07-16,200007,69,156
2025-07-16,200134,0,159
2025-07-16,200138,212,178
2025-07-16,200059,149,86
2025-07-16,200202,182,141
2025-07-16,200094,15,161
2025-07-16,200037,1,126
2025-07-16,200234,240,155
2025-07-16,200092,60,127
2025-07-16,200141,163,102
2025-07-16,200066,84,106
2025-07-16,200137,155,41
2025-07-16,200071,235,144
2025-07-16,200112,65,22
2025-07-16,200080,32,55
2025-07-16,200145,31,48
2025-07-16,200106,29,58
2025-07-16,200043,4,45
2025-07-16,200074,103,115
2025-07-16,200182,177,138
2025-07-16,200081,14,145
2025-07-16,200070,215,82
2025-07-16,200038,119,137
2025-07-16,200205,28,97
2025-07-16,200033,210,95
2025-07-16,200192,216,94
2025-07-16,200100,226,77
2025-07-16,200109,245,119
2025-07-16,200199,208,51
2025-07-16,200068,249,42
2025-07-16,200064,53,129
2025-07-16,200054,99,122
2025-07-16,200228,124,35
2025-07-16,200168,169,30
2025-07-16,200122,162,75
2025-07-16,200028,22,64
2025-07-16,200114,151,46
2025-07-16,200220,43,53
2025-07-16,200093,101,132
2025-07-16,200030,162,106
2025-07-16,200018,60,124
2025-07-16,200221,233,129
2025-07-16,200229,235,152
2025-07-16,200135,136,167
2025-07-16,200166,20,112
2025-07-16,200157,76,67
2025-07-16,200196,155,90
2025-07-16,200021,130,132
2025-07-16,200231,190,119
2025-07-16,200128,110,98
2025-07-16,200194,197,153
2025-07-16,200052,238,174
2025-07-16,200126,213,51
2025-07-16,200167,232,136
2025-07-16,200002,34,111
2025-07-16,200061,149,34
2025-07-16,200158,54,103
2025-07-16,200096,234,29
2025-07-16,200079,143,125
2025-07-16,200085,131,49
2025-07-16,200088,160,106
2025-07-16,200035,70,38
2025-07-16,200012,194,54
2025-07-16,200075,62,32
2025-07-16,200241,149,52
2025-07-16,200082,23,40
2025-07-16,200031,208,103
2025-07-16,200222,247,108
2025-07-16,200051,117,159
2025-07-16,200099,241,51
2025-07-16,200184,133,28
2025-07-16,200165,63,86
2025-07-16,200124,81,144
2025-07-23,200028,22,160
2025-07-23,200237,1,166
2025-07-23,200022,6,92
2025-07-23,200001,224,153
2025-07-23,200123,216,135
2025-07-23,200055,242,89
2025-07-23,200075,18,148
2025-07-23,200143,222,110
2025-07-23,200193,249,121
2025-07-23,200168,76,171
2025-07-23,200159,245,139
2025-07-23,200173,31,124
2025-07-23,200138,132,42
2025-07-23,200217,11,176
2025-07-23,200216,246,70
2025-07-23,200129,114,96
2025-07-23,200098,130,39
2025-07-23,200198,178,171
2025-07-23,200026,106,60
2025-07-23,200031,194,175
2025-07-23,200227,143,26
2025-07-23,200188,48,112
2025-07-23,200220,201,27
2025-07-23,200110,78,24
2025-07-23,200029,134,116
2025-07-23,200221,96,80
2025-07-23,200104,221,69
2025-07-23,200111,135,92
2025-07-23,200115,219,120
2025-07-23,200064,217,47
2025-07-23,200069,34,143
2025-07-23,200131,25,169
2025-07-23,200053,5,161
2025-07-23,200076,94,156
2025-07-23,200208,77,109
2025-07-23,200061,102,101
2025-07-23,200079,178,45
2025-07-23,200016,206,22
2025-07-23,200158,191,37
2025-07-23,200183,101,153
2025-07-23,200152,167,160
2025-07-23,200065,230,33
2025-07-23,200239,104,32
2025-07-23,200156,34,73
2025-07-23,200006,243,144
2025-07-23,200145,214,161
2025-07-23,200003,115,77
2025-07-23,200052,20,105
2025-07-23,200113,128,104
2025-07-23,200196,1,107
2025-07-23,200007,172,178
2025-07-23,200107,131,150
2025-07-23,200202,45,27
2025-07-23,200070,229,91
2025-07-23,200223,17,70
2025-07-23,200025,24,142
2025-07-23,200092,118,74
2025-07-23,200088,226,41
2025-07-23,200035,128,67
2025-07-23,200071,131,101
2025-07-23,200206,180,158
2025-07-23,200126,171,105
2025-07-23,200179,146,90
2025-07-23,200040,130,124
2025-07-23,200157,13,43
2025-07-23,200151,228,76
2025-07-23,200174,49,34
2025-07-23,200019,54,169
2025-07-23,200141,31,110
2025-07-23,200209,6,109
2025-07-23,200205,233,118
2025-07-23,200105,180,86
2025-07-23,200054,96,108
2025-07-23,200046,98,56
2025-07-23,200120,192,135
2025-07-23,200109,83,123
2025-07-23,200245,69,21
2025-07-23,200200,142,85
2025-07-23,200074,208,23
2025-07-23,200091,36,35
2025-07-23,200166,41,122
2025-07-23,200103,215,78
2025-07-23,200036,158,126
2025-07-23,200247,95,27
2025-07-23,200207,9,175
2025-07-23,200128,11,33
2025-07-23,200080,207,158
2025-07-23,200059,18,111
2025-07-23,200191,91,68
2025-07-23,200189,157,48
2025-07-23,200034,19,148
2025-07-23,200062,217,124
2025-07-23,200136,143,83
2025-07-23,200226,203,66
2025-07-23,200134,193,126
2025-07-23,200057,61,64
2025-07-23,200204,88,72
2025-07-23,200084,141,59
2025-07-23,200180,124,129
2025-07-23,200185,112,78
2025-07-30,200194,191,42
2025-07-30,200013,80,151
2025-07-30,200219,26,97
2025-07-30,200021,77,135
2025-07-30,200037,35,29
2025-07-30,200025,77,126
2025-07-30,200043,92,143
2025-07-30,200229,29,116
2025-07-30,200153,174,29
2025-07-30,200074,215,165
2025-07-30,200240,69,143
2025-07-30,200018,145,80
2025-07-30,200139,129,145
2025-07-30,200165,31,172
2025-07-30,200213,32,73
2025-07-30,200059,116,134
2025-07-30,200187,95,154
2025-07-30,200242,168,140
2025-07-30,200055,81,174
2025-07-30,200030,96,90
2025-07-30,200082,211,124
2025-07-30,200159,123,104
2025-07-30,200010,61,66
2025-07-30,200143,183,39
2025-07-30,200028,152,98
2025-07-30,200190,40,111
2025-07-30,200032,36,166
2025-07-30,200166,75,38
2025-07-30,200048,112,107
2025-07-30,200072,177,45
2025-07-30,200116,232,45
2025-07-30,200233,79,76
2025-07-30,200014,222,167
2025-07-30,200119,85,105
2025-07-30,200157,72,147
2025-07-30,200228,30,31
2025-07-30,200002,58,105
2025-07-30,200182,15,147
2025-07-30,200066,233,23
2025-07-30,200237,206,177
2025-07-30,200238,179,131
2025-07-30,200022,172,71
2025-07-30,200174,1,101
2025-07-30,200215,140,55
2025-07-30,200223,2,131
2025-07-30,200052,135,20
2025-07-30,200122,84,67
2025-07-30,200163,175,168
2025-07-30,200210,173,150
2025-07-30,200189,93,31
2025-07-30,200115,169,57
2025-07-30,200132,174,107
2025-07-30,200041,8,98
2025-07-30,200075,115,55
2025-07-30,200100,15,107
2025-07-30,200195,166,53
2025-07-30,200162,249,130
2025-07-30,200053,25,60
2025-07-30,200113,17,159
2025-07-30,200186,96,27
2025-07-30,200127,46,122
2025-07-30,200091,133,85
2025-07-30,200087,176,142
2025-07-30,200029,209,175
2025-07-30,200042,211,98
2025-07-30,200081,168,161
2025-07-30,200130,247,74
2025-07-30,200065,246,135
2025-07-30,200209,190,177
2025-07-30,200173,83,170
2025-07-30,200175,180,172
2025-07-30,200151,181,43
2025-07-30,200121,53,109
2025-07-30,200191,209,38
2025-07-30,200126,66,151
2025-07-30,200221,125,84
2025-07-30,200117,3,22
2025-07-30,200007,71,58
2025-07-30,200033,47,59
2025-07-30,200024,189,163
2025-07-30,200180,213,48
2025-07-30,200131,160,21
2025-07-30,200064,168,132
2025-07-30,200015,206,44
2025-07-30,200062,212,130
2025-07-30,200063,131,148
2025-07-30,200040,123,66
2025-07-30,200177,182,152
2025-07-30,200199,47,50
2025-07-30,200230,51,162
2025-07-30,200005,249,83
2025-07-30,200104,186,20
2025-07-30,200070,220,170
2025-07-30,200196,120,90
2025-07-30,200026,27,72
2025-07-30,200156,76,21
2025-07-30,200204,91,100
2025-07-30,200069,128,120
2025-07-30,200149,156,155
2025-07-30,200129,130,96
2025-08-06,200015,76,47
2025-08-06,200018,31,156
2025-08-06,200104,162,158
2025-08-06,200188,91,156
2025-08-06,200158,185,125
2025-08-06,200075,115,75
2025-08-06,200041,86,169
2025-08-06,200066,94,60
2025-08-06,200040,5,106
2025-08-06,200061,104,160
2025-08-06,200182,193,49
2025-08-06,200010,201,123
2025-08-06,200115,127,52
2025-08-06,200245,32,22
2025-08-06,200213,164,101
2025-08-06,200022,239,35
2025-08-06,200195,71,82
2025-08-06,200025,228,31
2025-08-06,200235,111,88
2025-08-06,200069,140,45
2025-08-06,200093,9,61
2025-08-06,200223,166,145
2025-08-06,200054,120,150
2025-08-06,200119,243,62
2025-08-06,200062,192,31
2025-08-06,200037,29,49
2025-08-06,200113,146,41
2025-08-06,200064,34,176
2025-08-06,200133,58,90
2025-08-06,200198,115,120
2025-08-06,200173,31,132
2025-08-06,200180,178,112
2025-08-06,200130,84,116
2025-08-06,200146,54,128
2025-08-06,200076,181,137
2025-08-06,200178,155,64
2025-08-06,200214,222,156
2025-08-06,200091,177,75
2025-08-06,200033,159,135
2025-08-06,200029,128,164
2025-08-06,200031,97,92
2025-08-06,200017,174,41
2025-08-06,200194,135,28
2025-08-06,200087,6,35
2025-08-06,200116,108,110
2025-08-06,200144,139,158
2025-08-06,200246,193,117
2025-08-06,200168,78,60
2025-08-06,200019,88,128
2025-08-06,200165,215,128
2025-08-06,200170,70,149
2025-08-06,200147,86,56
2025-08-06,200189,187,178
2025-08-06,200240,158,155
2025-08-06,200181,136,91
2025-08-06,200164,59,73
2025-08-06,200247,74,156
2025-08-06,200095,108,138
2025-08-06,200155,183,22
2025-08-06,200209,77,50
2025-08-06,200171,136,126
2025-08-06,200051,83,139
2025-08-06,200207,55,131
2025-08-06,200002,165,165
2025-08-06,200145,58,107
2025-08-06,200174,43,80
2025-08-06,200099,110,45
2025-08-06,200036,153,99
2025-08-06,200080,162,155
2025-08-06,200120,112,177
2025-08-06,200059,11,76
2025-08-06,200126,60,140
2025-08-06,200160,75,42
2025-08-06,200221,58,163
2025-08-06,200088,216,68
2025-08-06,200157,211,114
2025-08-06,200140,214,43
2025-08-06,200073,129,58
2025-08-06,200153,230,134
2025-08-06,200016,236,30
2025-08-06,200081,167,30
2025-08-06,200156,134,81
2025-08-06,200013,39,48
2025-08-06,200135,76,118
2025-08-06,200111,219,157
2025-08-06,200003,139,83
2025-08-06,200139,129,124
2025-08-06,200106,91,30
2025-08-06,200094,15,169
2025-08-06,200028,33,124
2025-08-06,200205,68,152
2025-08-06,200097,112,40
2025-08-06,200127,176,142
2025-08-06,200167,97,106
2025-08-06,200056,55,31
2025-08-06,200175,224,28
2025-08-06,200204,231,155
2025-08-06,200008,167,166
2025-08-06,200148,172,126
2025-08-06,200142,42,59
2025-08-13,200146,157,179
2025-08-13,200121,192,64
2025-08-13,200037,59,92
2025-08-13,200131,198,94
2025-08-13,200129,87,171
2025-08-13,200157,121,86
2025-08-13,200224,9,39
2025-08-13,200015,182,27
2025-08-13,200235,10,50
2025-08-13,200193,134,147
2025-08-13,200061,57,99
2025-08-13,200041,122,177
2025-08-13,200117,195,130
2025-08-13,200170,36,22
2025-08-13,200073,102,74
2025-08-13,200124,27,123
2025-08-13,200212,147,25
2025-08-13,200083,17,179
2025-08-13,200181,78,78
2025-08-13,200222,204,157
2025-08-13,200013,181,158
2025-08-13,200187,91,128
2025-08-13,200196,198,162
2025-08-13,200232,214,170
2025-08-13,200211,176,72
2025-08-13,200088,179,60
2025-08-13,200054,121,58
2025-08-13,200094,45,144
2025-08-13,200095,105,34
2025-08-13,200120,151,135
2025-08-13,200023,236,154
2025-08-13,200082,225,103
2025-08-13,200078,69,144
2025-08-13,200173,186,42
2025-08-13,200188,226,74
2025-08-13,200168,26,102
2025-08-13,200247,10,30
2025-08-13,200066,163,51
2025-08-13,200028,9,91
2025-08-13,200091,99,68
2025-08-13,200092,122,127
2025-08-13,200103,34,131
2025-08-13,200151,161,95
2025-08-13,200002,136,173
2025-08-13,200218,20,141
2025-08-13,200200,42,148
2025-08-13,200109,26,142
2025-08-13,200242,17,65
2025-08-13,200098,150,144
2025-08-13,200004,108,88
2025-08-13,200176,19,104
2025-08-13,200018,132,71
2025-08-13,200153,159,47
2025-08-13,200038,189,128
2025-08-13,200048,182,70
2025-08-13,200219,63,95
2025-08-13,200177,125,63
2025-08-13,200163,92,164
2025-08-13,200144,122,143
2025-08-13,200058,61,93
2025-08-13,200132,239,167
2025-08-13,200186,120,79
2025-08-13,200228,83,161
2025-08-13,200010,230,64
2025-08-13,200012,238,95
2025-08-13,200178,135,154
2025-08-13,200119,216,97
2025-08-13,200025,64,130
2025-08-13,200029,215,80
2025-08-13,200210,131,59
2025-08-13,200216,188,175
2025-08-13,200074,214,136
2025-08-13,200227,207,168
2025-08-13,200237,110,34
2025-08-13,200238,247,77
2025-08-13,200220,223,174
2025-08-13,200020,34,81
2025-08-13,200243,171,78
2025-08-13,200171,25,91
2025-08-13,200145,156,152
2025-08-13,200072,26,21
2025-08-13,200195,205,97
2025-08-13,200075,1,123
2025-08-13,200009,209,113
2025-08-13,200202,113,84
2025-08-13,200035,212,151
2025-08-13,200090,13,39
2025-08-13,200044,7,128
2025-08-13,200169,200,67
2025-08-13,200175,249,143
2025-08-13,200067,102,166
2025-08-13,200158,133,122
2025-08-13,200016,168,151
2025-08-13,200152,14,108
2025-08-13,200065,20,157
2025-08-13,200096,226,38
2025-08-13,200142,180,27
2025-08-13,200086,127,108
2025-08-13,200184,97,105
2025-08-13,200197,115,126
2025-08-20,200198,61,50
2025-08-20,200178,80,137
2025-08-20,200204,57,156
2025-08-20,200154,28,87
2025-08-20,200042,214,152
2025-08-20,200214,220,155
2025-08-20,200168,40,154
2025-08-20,200207,124,112
2025-08-20,200133,128,155
2025-08-20,200165,52,119
2025-08-20,200149,103,72
2025-08-20,200195,117,122
2025-08-20,200102,148,82
2025-08-20,200074,190,151
2025-08-20,200015,200,72
2025-08-20,200029,56,110
2025-08-20,200205,221,164
2025-08-20,200220,63,148
2025-08-20,200226,104,159
2025-08-20,200113,116,92
2025-08-20,200114,69,103
2025-08-20,200027,152,177
2025-08-20,200215,81,108
2025-08-20,200007,237,137
2025-08-20,200179,4,36
2025-08-20,200037,51,44
2025-08-20,200056,248,134
2025-08-20,200206,4,25
2025-08-20,200109,19,117
2025-08-20,200235,144,81
2025-08-20,200116,101,124
2025-08-20,200186,180,47
2025-08-20,200022,62,179
2025-08-20,200083,155,147
2025-08-20,200069,249,110
2025-08-20,200043,78,89
2025-08-20,200134,158,57
2025-08-20,200006,211,106
2025-08-20,200039,98,51
2025-08-20,200223,71,37
2025-08-20,200148,64,90
2025-08-20,200004,165,23
2025-08-20,200005,92,124
2025-08-20,200052,219,149
2025-08-20,200180,107,130
2025-08-20,200064,209,171
2025-08-20,200185,192,172
2025-08-20,200048,61,111
2025-08-20,200174,218,79
2025-08-20,200104,104,95
2025-08-20,200213,63,170
2025-08-20,200145,42,170
2025-08-20,200014,79,23
2025-08-20,200216,180,91
2025-08-20,200156,187,170
2025-08-20,200241,100,71
2025-08-20,200242,143,79
2025-08-20,200176,84,107
2025-08-20,200141,28,90
2025-08-20,200107,150,110
2025-08-20,200218,66,128
2025-08-20,200197,140,149
2025-08-20,200120,11,146
2025-08-20,200162,234,81
2025-08-20,200071,74,68
2025-08-20,200147,52,121
2025-08-20,200166,43,109
2025-08-20,200201,95,175
2025-08-20,200137,106,124
2025-08-20,200236,135,108
2025-08-20,200203,86,75
2025-08-20,200169,179,158
2025-08-20,200041,11,117
2025-08-20,200018,71,129
2025-08-20,200122,183,178
2025-08-20,200121,90,140
2025-08-20,200128,26,121
2025-08-20,200091,34,111
2025-08-20,200046,20,46
2025-08-20,200212,75,81
2025-08-20,200034,115,91
2025-08-20,200101,224,151
2025-08-20,200167,24,76
2025-08-20,200028,74,127
2025-08-20,200008,182,24
2025-08-20,200135,60,27
2025-08-20,200221,208,112
2025-08-20,200124,191,118
2025-08-20,200144,154,167
2025-08-20,200130,122,153
2025-08-20,200063,69,89
2025-08-20,200094,26,54
2025-08-20,200190,28,122
2025-08-20,200228,114,156
2025-08-20,200230,168,71
2025-08-20,200170,89,66
2025-08-20,200105,121,48
2025-08-20,200095,113,126
2025-08-20,200187,134,81
2025-08-20,200152,62,116
2025-08-27,200038,120,77
2025-08-27,200005,71,133
2025-08-27,200135,71,62
2025-08-27,200094,144,35
2025-08-27,200074,146,110
2025-08-27,200076,173,131
2025-08-27,200228,236,116
2025-08-27,200134,27,147
2025-08-27,200071,37,159
2025-08-27,200091,123,134
2025-08-27,200131,38,130
2025-08-27,200239,171,113
2025-08-27,200244,28,36
2025-08-27,200036,8,136
2025-08-27,200206,144,134
2025-08-27,200243,6,171
2025-08-27,200015,226,25
2025-08-27,200103,196,61
2025-08-27,200138,87,43
2025-08-27,200161,201,159
2025-08-27,200110,226,127
2025-08-27,200226,80,115
2025-08-27,200028,18,24
2025-08-27,200107,48,174
2025-08-27,200171,52,24
2025-08-27,200008,192,131
2025-08-27,200029,236,165
2025-08-27,200040,241,80
2025-08-27,200136,240,101
2025-08-27,200153,198,47
2025-08-27,200050,204,50
2025-08-27,200039,240,152
2025-08-27,200128,44,161
2025-08-27,200173,94,42
2025-08-27,200207,176,116
2025-08-27,200130,224,140
2025-08-27,200066,129,106
2025-08-27,200234,179,126
2025-08-27,200084,232,123
2025-08-27,200120,182,174
2025-08-27,200223,109,96
2025-08-27,200068,192,53
2025-08-27,200096,195,50
2025-08-27,200225,44,175
2025-08-27,200179,181,29
2025-08-27,200099,51,143
2025-08-27,200122,147,144
2025-08-27,200188,203,169
2025-08-27,200160,17,173
2025-08-27,200166,13,171
2025-08-27,200024,12,46
2025-08-27,200240,178,31
2025-08-27,200041,130,59
2025-08-27,200175,69,174
2025-08-27,200235,126,105
2025-08-27,200214,119,84
2025-08-27,200215,109,99
2025-08-27,200242,203,86
2025-08-27,200121,121,25
2025-08-27,200058,220,178
2025-08-27,200026,220,108
2025-08-27,200089,138,75
2025-08-27,200177,208,141
2025-08-27,200097,214,159
2025-08-27,200085,161,125
2025-08-27,200007,37,161
2025-08-27,200220,161,149
2025-08-27,200125,157,118
2025-08-27,200062,234,82
2025-08-27,200127,191,72
2025-08-27,200144,91,57
2025-08-27,200222,129,21
2025-08-27,200237,193,20
2025-08-27,200142,141,58
2025-08-27,200009,20,143
2025-08-27,200014,10,73
2025-08-27,200132,71,67
2025-08-27,200199,103,95
2025-08-27,200129,192,112
2025-08-27,200152,20,121
2025-08-27,200139,121,150
2025-08-27,200172,20,176
2025-08-27,200162,4,113
2025-08-27,200167,74,51
2025-08-27,200102,179,89
2025-08-27,200157,25,121
2025-08-27,200061,151,165
2025-08-27,200044,219,78
2025-08-27,200187,97,98
2025-08-27,200018,10,96
2025-08-27,200118,249,121
2025-08-27,200087,221,83
2025-08-27,200109,210,108
2025-08-27,200246,219,162
2025-08-27,200020,0,26
2025-08-27,200149,108,104
2025-08-27,200204,220,109
2025-08-27,200016,4,53
2025-08-27,200017,138,49
2025-08-27,200191,100,178
2025-09-03,200021,59,34
2025-09-03,200224,38,94
2025-09-03,200026,93,24
2025-09-03,200184,76,20
2025-09-03,200037,49,179
2025-09-03,200215,120,139
2025-09-03,200214,210,60
2025-09-03,200201,64,78
2025-09-03,200080,227,175
2025-09-03,200091,224,111
2025-09-03,200076,3,49
2025-09-03,200060,166,164
2025-09-03,200143,185,114
2025-09-03,200212,114,82
2025-09-03,200002,28,123
2025-09-03,200136,188,69
2025-09-03,200243,130,115
2025-09-03,200003,16,37
2025-09-03,200169,3,138
2025-09-03,200057,207,40
2025-09-03,200042,219,167
2025-09-03,200056,184,35
2025-09-03,200155,29,133
2025-09-03,200022,158,177
2025-09-03,200242,92,81
2025-09-03,200158,173,153
2025-09-03,200012,156,143
2025-09-03,200065,114,29
2025-09-03,200223,54,46
2025-09-03,200038,27,87
2025-09-03,200244,182,113
2025-09-03,200176,208,69
2025-09-03,200167,6,127
2025-09-03,200234,34,153
2025-09-03,200025,51,146
2025-09-03,200177,144,94
2025-09-03,200098,93,140
2025-09-03,200172,226,101
2025-09-03,200148,29,36
2025-09-03,200087,182,96
2025-09-03,200193,40,131
2025-09-03,200063,153,139
2025-09-03,200077,231,89
2025-09-03,200105,158,177
2025-09-03,200237,19,34
2025-09-03,200117,194,145
2025-09-03,200156,240,173
2025-09-03,200121,34,34
2025-09-03,200139,91,73
2025-09-03,200039,133,77
2025-09-03,200142,202,75
2025-09-03,200127,176,125
2025-09-03,200030,50,140
2025-09-03,200111,121,141
2025-09-03,200229,65,148
2025-09-03,200182,214,95
2025-09-03,200090,188,99
2025-09-03,200017,141,36
2025-09-03,200092,28,138
2025-09-03,200084,26,62
2025-09-03,200138,44,49
2025-09-03,200019,111,138
2025-09-03,200221,97,41
2025-09-03,200187,44,165
2025-09-03,200170,17,97
2025-09-03,200145,101,82
2025-09-03,200029,193,64
2025-09-03,200024,9,102
2025-09-03,200072,223,134
2025-09-03,200207,121,146
2025-09-03,200033,148,133
2025-09-03,200046,234,99
2025-09-03,200107,146,162
2025-09-03,200220,4,97
2025-09-03,200059,62,78
2025-09-03,200181,7,52
2025-09-03,200232,56,122
2025-09-03,200230,44,176
2025-09-03,200110,48,56
2025-09-03,200218,157,153
2025-09-03,200040,169,155
2025-09-03,200108,225,100
2025-09-03,200227,93,33
2025-09-03,200209,8,99
2025-09-03,200101,116,174
2025-09-03,200235,199,46
2025-09-03,200034,14,81
2025-09-03,200126,153,175
2025-09-03,200153,204,32
2025-09-03,200005,211,71
2025-09-03,200031,212,31
2025-09-03,200095,201,92
2025-09-03,200124,131,175
2025-09-03,200168,194,122
2025-09-03,200144,121,40
2025-09-03,200123,60,111
2025-09-03,200185,52,88
2025-09-03,200150,39,44
2025-09-03,200205,155,115
2025-09-03,200093,17,145
2025-09-10,200001,28,59
2025-09-10,200113,69,40
2025-09-10,200205,120,169
2025-09-10,200188,72,48
2025-09-10,200141,122,139
2025-09-10,200033,159,55
2025-09-10,200120,19,109
2025-09-10,200045,108,137
2025-09-10,200243,233,61
2025-09-10,200095,112,88
2025-09-10,200047,9,127
2025-09-10,200182,122,140
2025-09-10,200195,163,36
2025-09-10,200039,141,50
2025-09-10,200012,217,120
2025-09-10,200091,202,39
2025-09-10,200050,121,56
2025-09-10,200021,57,56
2025-09-10,200175,123,74
2025-09-10,200189,25,178
2025-09-10,200241,135,80
2025-09-10,200097,161,131
2025-09-10,200204,185,129
2025-09-10,200058,239,29
2025-09-10,200022,51,174
2025-09-10,200160,213,157
2025-09-10,200107,232,149
2025-09-10,200166,120,132
2025-09-10,200180,153,60
2025-09-10,200016,241,121
2025-09-10,200006,123,108
2025-09-10,200009,17,156
2025-09-10,200245,189,146
2025-09-10,200015,133,143
2025-09-10,200152,84,167
2025-09-10,200193,211,64
2025-09-10,200090,22,78
2025-09-10,200027,108,46
2025-09-10,200184,92,142
2025-09-10,200213,33,70
2025-09-10,200100,247,161
2025-09-10,200116,42,122
2025-09-10,200011,219,137
2025-09-10,200202,200,162
2025-09-10,200002,50,110
2025-09-10,200082,84,70
2025-09-10,200206,151,101
2025-09-10,200064,225,26
2025-09-10,200148,225,178
2025-09-10,200121,136,109
2025-09-10,200024,148,30
2025-09-10,200144,133,31
2025-09-10,200115,70,171
2025-09-10,200203,17,114
2025-09-10,200085,212,64
2025-09-10,200048,218,148
2025-09-10,200036,92,157
2025-09-10,200123,112,178
2025-09-10,200017,227,30
2025-09-10,200128,23,113
2025-09-10,200172,169,131
2025-09-10,200186,241,72
2025-09-10,200052,245,36
2025-09-10,200049,90,36
2025-09-10,200086,164,164
2025-09-10,200018,9,85
2025-09-10,200062,81,169
2025-09-10,200222,133,168
2025-09-10,200162,24,105
2025-09-10,200230,68,91
2025-09-10,200066,210,159
2025-09-10,200197,165,48
2025-09-10,200238,118,167
2025-09-10,200210,2,30
2025-09-10,200233,126,41
2025-09-10,200019,62,59
2025-09-10,200109,200,33
2025-09-10,200173,38,68
2025-09-10,200154,54,174
2025-09-10,200176,229,120
2025-09-10,200105,50,159
2025-09-10,200083,141,97
2025-09-10,200026,229,140
2025-09-10,200187,113,87
2025-09-10,200242,82,141
2025-09-10,200167,153,178
2025-09-10,200140,74,109
2025-09-10,200087,203,139
2025-09-10,200132,112,84
2025-09-10,200101,134,115
2025-09-10,200217,99,116
2025-09-10,200231,48,46
2025-09-10,200074,0,176
2025-09-10,200151,23,58
2025-09-10,200057,231,161
2025-09-10,200063,97,89
2025-09-10,200214,177,72
2025-09-10,200169,120,166
2025-09-10,200069,229,39
2025-09-10,200227,219,162
2025-09-17,200233,12,117
2025-09-17,200138,28,159
2025-09-17,200084,25,107
2025-09-17,200222,130,34
2025-09-17,200050,110,153
2025-09-17,200193,249,30
2025-09-17,200003,237,29
2025-09-17,200229,151,95
2025-09-17,200013,248,130
2025-09-17,200159,198,122
2025-09-17,200208,245,27
2025-09-17,200245,180,117
2025-09-17,200169,218,41
2025-09-17,200039,225,56
2025-09-17,200148,243,32
2025-09-17,200121,22,61
2025-09-17,200213,69,44
2025-09-17,200099,243,139
2025-09-17,200107,66,20
2025-09-17,200124,93,149
2025-09-17,200094,45,73
2025-09-17,200046,92,138
2025-09-17,200174,8,155
2025-09-17,200136,199,179
2025-09-17,200087,103,141
2025-09-17,200209,54,23
2025-09-17,200021,220,107
2025-09-17,200023,8,33
2025-09-17,200114,101,62
2025-09-17,200142,209,88
2025-09-17,200070,106,58
2025-09-17,200195,69,87
2025-09-17,200037,222,54
2025-09-17,200026,199,150
2025-09-17,200143,5,29
2025-09-17,200042,213,113
2025-09-17,200034,101,93
2025-09-17,200244,19,151
2025-09-17,200199,171,176
2025-09-17,200187,235,112
2025-09-17,200054,9,155
2025-09-17,200022,234,161
2025-09-17,200168,146,125
2025-09-17,200141,87,165
2025-09-17,200009,114,63
2025-09-17,200164,30,109
2025-09-17,200040,14,119
2025-09-17,200089,214,175
2025-09-17,200172,154,106
2025-09-17,200201,159,34
2025-09-17,200060,55,168
2025-09-17,200165,6,172
2025-09-17,200152,14,173
2025-09-17,200017,27,88
2025-09-17,200166,95,85
2025-09-17,200134,248,51
2025-09-17,200028,109,79
2025-09-17,200108,55,20
2025-09-17,200228,152,148
2025-09-17,200014,86,148
2025-09-17,200126,40,124
2025-09-17,200119,150,35
2025-09-17,200093,111,67
2025-09-17,200018,14,132
2025-09-17,200097,153,123
2025-09-17,200203,131,20
2025-09-17,200072,160,148
2025-09-17,200236,29,97
2025-09-17,200075,226,58
2025-09-17,200163,156,144
2025-09-17,200008,119,161
2025-09-17,200083,124,50
2025-09-17,200096,59,21
2025-09-17,200030,18,113
2025-09-17,200247,7,93
2025-09-17,200191,110,70
2025-09-17,200130,36,92
2025-09-17,200116,11,34
2025-09-17,200230,83,128
2025-09-17,200219,27,136
2025-09-17,200106,166,139
2025-09-17,200137,115,115
2025-09-17,200015,25,139
2025-09-17,200135,115,152
2025-09-17,200064,156,143
2025-09-17,200004,19,37
2025-09-17,200139,44,112
2025-09-17,200086,210,98
2025-09-17,200103,228,144
2025-09-17,200246,226,49
2025-09-17,200115,116,43
2025-09-17,200127,2,162
2025-09-17,200224,179,143
2025-09-17,200212,67,58
2025-09-17,200080,238,79
2025-09-17,200085,10,45
2025-09-17,200207,182,148
2025-09-17,200079,113,20
2025-09-17,200113,196,129
2025-09-17,200241,69,93
2025-09-24,200225,95,104
2025-09-24,200215,101,152
2025-09-24,200112,80,150
2025-09-24,200213,167,129
2025-09-24,200232,210,81
2025-09-24,200049,126,147
2025-09-24,200002,235,61
2025-09-24,200197,4,42
2025-09-24,200115,180,98
2025-09-24,200244,29,102
2025-09-24,200091,70,64
2025-09-24,200029,213,75
2025-09-24,200092,27,85
2025-09-24,200102,10,162
2025-09-24,200088,94,95
2025-09-24,200234,151,77
2025-09-24,200138,140,179
2025-09-24,200230,105,143
2025-09-24,200119,182,69
2025-09-24,200212,168,159
2025-09-24,200094,248,112
2025-09-24,200223,144,65
2025-09-24,200010,207,108
2025-09-24,200228,102,107
2025-09-24,200161,104,93
2025-09-24,200019,45,46
2025-09-24,200238,218,169
2025-09-24,200012,191,147
2025-09-24,200068,172,142
2025-09-24,200217,163,100
2025-09-24,200196,98,42
2025-09-24,200175,60,41
2025-09-24,200224,203,23
2025-09-24,200037,104,142
2025-09-24,200095,103,55
2025-09-24,200141,238,38
2025-09-24,200123,132,105
2025-09-24,200001,13,91
2025-09-24,200229,198,67
2025-09-24,200125,125,116
2025-09-24,200201,181,56
2025-09-24,200041,201,53
2025-09-24,200039,241,60
2025-09-24,200060,242,174
2025-09-24,200241,106,38
2025-09-24,200086,218,164
2025-09-24,200150,169,127
2025-09-24,200126,1,29
2025-09-24,200216,194,158
2025-09-24,200098,239,52
2025-09-24,200069,227,61
2025-09-24,200008,141,113
2025-09-24,200198,149,170
2025-09-24,200066,142,32
2025-09-24,200163,65,177
2025-09-24,200242,228,53
2025-09-24,200022,42,167
2025-09-24,200023,163,125
2025-09-24,200190,112,156
2025-09-24,200226,198,32
2025-09-24,200208,151,44
2025-09-24,200171,244,99
2025-09-24,200156,213,120
2025-09-24,200194,174,39
2025-09-24,200107,20,116
2025-09-24,200130,89,50
2025-09-24,200113,200,108
2025-09-24,200038,93,57
2025-09-24,200137,239,45
2025-09-24,200006,56,74
2025-09-24,200004,7,46
2025-09-24,200075,205,38
2025-09-24,200151,90,168
2025-09-24,200204,122,58
2025-09-24,200072,72,154
2025-09-24,200153,239,171
2025-09-24,200025,115,60
2025-09-24,200179,97,55
2025-09-24,200164,189,73
2025-09-24,200046,0,31
2025-09-24,200047,202,101
2025-09-24,200063,181,95
2025-09-24,200187,11,122
2025-09-24,200079,171,109
2025-09-24,200100,242,133
2025-09-24,200183,108,135
2025-09-24,200132,244,47
2025-09-24,200210,57,75
2025-09-24,200026,34,100
2025-09-24,200034,177,71
2025-09-24,200118,181,172
2025-09-24,200211,16,125
2025-09-24,200220,121,94
2025-09-24,200036,123,67
2025-09-24,200222,80,70
2025-09-24,200033,24,93
2025-09-24,200040,213,150
2025-09-24,200206,104,56
2025-09-24,200186,236,114
2025-09-24,200081,223,77
2025-10-01,200186,49,24
2025-10-01,200035,235,150
2025-10-01,200185,74,102
2025-10-01,200068,188,42
2025-10-01,200091,243,48
2025-10-01,200207,70,140
2025-10-01,200239,212,94
2025-10-01,200084,160,136
2025-10-01,200141,128,67
2025-10-01,200070,196,145
2025-10-01,200221,196,26
2025-10-01,200132,245,67
2025-10-01,200193,81,149
2025-10-01,200158,211,70
2025-10-01,200087,86,135
2025-10-01,200154,12,116
2025-10-01,200228,124,99
2025-10-01,200155,55,23
2025-10-01,200242,72,28
2025-10-01,200123,239,168
2025-10-01,200079,30,27
2025-10-01,200088,122,125
2025-10-01,200031,104,24
2025-10-01,200243,120,128
2025-10-01,200140,203,63
2025-10-01,200150,97,72
2025-10-01,200234,29,90
2025-10-01,200106,203,149
2025-10-01,200176,22,108
2025-10-01,200121,158,85
2025-10-01,200225,230,127
2025-10-01,200096,24,131
2025-10-01,200220,211,146
2025-10-01,200063,181,22
2025-10-01,200041,119,88
2025-10-01,200211,96,179
2025-10-01,200138,98,70
2025-10-01,200175,95,129
2025-10-01,200147,36,111
2025-10-01,200236,128,76
2025-10-01,200002,227,169
2025-10-01,200112,6,156
2025-10-01,200183,85,87
2025-10-01,200227,30,55
2025-10-01,200051,121,74
2025-10-01,200200,18,23
2025-10-01,200083,126,122
2025-10-01,200005,150,166
2025-10-01,200071,181,106
2025-10-01,200078,204,31
2025-10-01,200118,10,34
2025-10-01,200108,23,91
2025-10-01,200130,244,179
2025-10-01,200054,133,120
2025-10-01,200153,126,128
2025-10-01,200018,67,93
2025-10-01,200074,134,32
2025-10-01,200160,187,33
2025-10-01,200043,3,40
2025-10-01,200206,237,92
2025-10-01,200139,37,29
2025-10-01,200133,42,164
2025-10-01,200208,17,36
2025-10-01,200235,68,131
2025-10-01,200241,126,111
2025-10-01,200019,68,90
2025-10-01,200115,30,147
2025-10-01,200066,111,167
2025-10-01,200161,218,26
2025-10-01,200092,200,39
2025-10-01,200214,43,124
2025-10-01,200231,5,20
2025-10-01,200230,135,132
2025-10-01,200116,201,124
2025-10-01,200165,30,53
2025-10-01,200090,97,26
2025-10-01,200209,124,152
2025-10-01,200081,111,24
2025-10-01,200023,216,61
2025-10-01,200024,91,57
2025-10-01,200157,213,93
2025-10-01,200199,56,126
2025-10-01,200126,147,129
2025-10-01,200029,29,28
2025-10-01,200216,114,31
2025-10-01,200021,38,108
2025-10-01,200142,99,119
2025-10-01,200198,115,23
2025-10-01,200244,148,139
2025-10-01,200196,103,62
2025-10-01,200245,49,48
2025-10-01,200119,146,37
2025-10-01,200219,223,167
2025-10-01,200182,137,151
2025-10-01,200113,218,46
2025-10-01,200203,151,139
2025-10-01,200077,182,50
2025-10-01,200100,58,24
2025-10-01,200044,156,66
2025-10-01,200172,184,143
2025-10-08,200230,181,25
2025-10-08,200207,70,132
2025-10-08,200213,218,119
2025-10-08,200127,103,99
2025-10-08,200080,243,157
2025-10-08,200188,73,87
2025-10-08,200146,163,45
2025-10-08,200037,82,124
2025-10-08,200163,192,64
2025-10-08,200238,21,122
2025-10-08,200089,22,89
2025-10-08,200002,122,41
2025-10-08,200153,129,130
2025-10-08,200214,227,156
2025-10-08,200075,145,78
2025-10-08,200174,30,23
2025-10-08,200132,249,159
2025-10-08,200198,82,73
2025-10-08,200051,233,35
2025-10-08,200236,145,99
2025-10-08,200178,52,119
2025-10-08,200157,226,86
2025-10-08,200231,142,27
2025-10-08,200099,229,29
2025-10-08,200125,24,162
2025-10-08,200241,72,64
2025-10-08,200185,17,93
2025-10-08,200159,229,84
2025-10-08,200033,166,97
2025-10-08,200133,236,168
2025-10-08,200112,182,107
2025-10-08,200183,207,64
2025-10-08,200090,205,149
2025-10-08,200060,183,156
2025-10-08,200114,103,80
2025-10-08,200032,213,90
2025-10-08,200150,246,60
2025-10-08,200106,27,159
2025-10-08,200024,68,31
2025-10-08,200091,55,94
2025-10-08,200092,182,100
2025-10-08,200065,81,150
2025-10-08,200098,150,88
2025-10-08,200137,226,74
2025-10-08,200242,207,23
2025-10-08,200135,224,99
2025-10-08,200093,168,153
2025-10-08,200043,188,126
2025-10-08,200209,15,84
2025-10-08,200229,194,68
2025-10-08,200173,10,140
2025-10-08,200179,135,42
2025-10-08,200195,65,100
2025-10-08,200054,220,33
2025-10-08,200077,227,122
2025-10-08,200027,221,164
2025-10-08,200154,92,151
2025-10-08,200057,174,178
2025-10-08,200116,0,137
2025-10-08,200165,100,48
2025-10-08,200035,40,39
2025-10-08,200040,201,160
2025-10-08,200042,46,131
2025-10-08,200194,26,41
2025-10-08,200115,147,173
2025-10-08,200026,18,25
2025-10-08,200025,3,97
2025-10-08,200160,153,66
2025-10-08,200237,24,79
2025-10-08,200164,119,89
2025-10-08,200021,18,151
2025-10-08,200222,224,100
2025-10-08,200118,126,22
2025-10-08,200030,228,76
2025-10-08,200192,247,77
2025-10-08,200147,106,135
2025-10-08,200176,186,102
2025-10-08,200140,175,30
2025-10-08,200111,204,170
2025-10-08,200180,81,156
2025-10-08,200038,229,138
2025-10-08,200151,95,64
2025-10-08,200166,55,92
2025-10-08,200006,233,121
2025-10-08,200095,200,21
2025-10-08,200097,181,130
2025-10-08,200072,20,44
2025-10-08,200019,134,82
2025-10-08,200181,247,124
2025-10-08,200184,175,153
2025-10-08,200036,24,92
2025-10-08,200247,43,111
2025-10-08,200122,91,82
2025-10-08,200191,173,94
2025-10-08,200039,212,58
2025-10-08,200216,59,179
2025-10-08,200138,58,104
2025-10-08,200149,80,59
2025-10-08,200028,28,122
2025-10-08,200009,128,156
2025-10-15,200065,231,110
2025-10-15,200122,80,87
2025-10-15,200205,30,109
2025-10-15,200055,64,123
2025-10-15,200124,79,27
2025-10-15,200089,217,43
2025-10-15,200075,207,156
2025-10-15,200068,48,63
2025-10-15,200137,28,157
2025-10-15,200062,175,172
2025-10-15,200166,112,87
2025-10-15,200093,14,63
2025-10-15,200145,21,35
2025-10-15,200238,53,77
2025-10-15,200120,29,79
2025-10-15,200212,62,42
2025-10-15,200050,93,77
2025-10-15,200184,208,38
2025-10-15,200012,17,67
2025-10-15,200010,162,34
2025-10-15,200027,228,38
2025-10-15,200168,220,144
2025-10-15,200048,128,45
2025-10-15,200044,94,69
2025-10-15,200087,203,120
2025-10-15,200161,195,161
2025-10-15,200020,72,93
2025-10-15,200046,90,73
2025-10-15,200131,150,71
2025-10-15,200215,227,112
2025-10-15,200153,24,162
2025-10-15,200187,174,149
2025-10-15,200234,171,91
2025-10-15,200021,244,107
2025-10-15,200135,88,89
2025-10-15,200112,143,103
2025-10-15,200052,28,24
2025-10-15,200189,70,77
2025-10-15,200005,244,173
2025-10-15,200170,30,116
2025-10-15,200169,160,51
2025-10-15,200066,154,153
2025-10-15,200024,245,67
2025-10-15,200179,140,37
2025-10-15,200060,222,121
2025-10-15,200181,109,83
2025-10-15,200182,66,137
2025-10-15,200019,163,44
2025-10-15,200117,55,37
2025-10-15,200223,202,65
2025-10-15,200061,126,97
2025-10-15,200115,104,129
2025-10-15,200219,39,105
2025-10-15,200191,45,32
2025-10-15,200158,89,112
2025-10-15,200071,41,96
2025-10-15,200097,129,129
2025-10-15,200216,90,145
2025-10-15,200076,218,55
2025-10-15,200221,106,70
2025-10-15,200004,244,99
2025-10-15,200138,165,59
2025-10-15,200202,185,92
2025-10-15,200147,3,47
2025-10-15,200236,176,49
2025-10-15,200132,125,166
2025-10-15,200113,6,118
2025-10-15,200006,96,93
2025-10-15,200245,189,98
2025-10-15,200111,210,130
2025-10-15,200030,68,96
2025-10-15,200051,61,144
2025-10-15,200150,69,105
2025-10-15,200043,100,136
2025-10-15,200200,170,111
2025-10-15,200099,186,115
2025-10-15,200241,58,153
2025-10-15,200165,164,155
2025-10-15,200058,120,23
2025-10-15,200154,27,56
2025-10-15,200069,2,73
2025-10-15,200140,151,75
2025-10-15,200084,132,92
2025-10-15,200130,21,143
2025-10-15,200070,46,146
2025-10-15,200164,174,40
2025-10-15,200235,44,43
2025-10-15,200080,226,128
2025-10-15,200074,213,90
2025-10-15,200108,79,165
2025-10-15,200037,219,120
2025-10-15,200121,119,157
2025-10-15,200095,197,50
2025-10-15,200079,222,148
2025-10-15,200229,122,140
2025-10-15,200040,199,57
2025-10-15,200047,27,42
2025-10-15,200057,74,154
2025-10-15,200152,122,131
2025-10-15,200176,194,134
2025-10-22,200026,21,85
2025-10-22,200218,126,148
2025-10-22,200210,21,83
2025-10-22,200034,118,77
2025-10-22,200093,160,98
2025-10-22,200011,123,102
2025-10-22,200071,232,70
2025-10-22,200185,206,64
2025-10-22,200073,79,98
2025-10-22,200194,146,139
2025-10-22,200125,52,24
2025-10-22,200111,45,57
2025-10-22,200074,205,86
2025-10-22,200069,16,138
2025-10-22,200002,36,159
2025-10-22,200018,152,165
2025-10-22,200209,59,41
2025-10-22,200077,105,65
2025-10-22,200040,38,33
2025-10-22,200131,165,103
2025-10-22,200168,157,68
2025-10-22,200056,192,64
2025-10-22,200227,216,77
2025-10-22,200212,186,165
2025-10-22,200107,51,116
2025-10-22,200217,69,145
2025-10-22,200020,8,150
2025-10-22,200044,141,173
2025-10-22,200045,62,57
2025-10-22,200201,57,123
2025-10-22,200145,201,37
2025-10-22,200116,51,60
2025-10-22,200139,59,20
2025-10-22,200083,83,53
2025-10-22,200113,80,154
2025-10-22,200157,131,62
2025-10-22,200179,148,151
2025-10-22,200235,241,67
2025-10-22,200206,196,50
2025-10-22,200192,35,106
2025-10-22,200170,99,164
2025-10-22,200204,183,73
2025-10-22,200128,187,87
2025-10-22,200229,186,66
2025-10-22,200191,28,81
2025-10-22,200101,90,132
2025-10-22,200004,22,77
2025-10-22,200142,233,94
2025-10-22,200043,158,161
2025-10-22,200075,160,163
2025-10-22,200234,197,86
2025-10-22,200163,21,22
2025-10-22,200102,53,68
2025-10-22,200049,109,77
2025-10-22,200239,127,126
2025-10-22,200048,133,135
2025-10-22,200095,164,87
2025-10-22,200174,221,101
2025-10-22,200081,193,87
2025-10-22,200243,191,178
2025-10-22,200025,243,152
2025-10-22,200187,97,118
2025-10-22,200053,127,48
2025-10-22,200245,53,162
2025-10-22,200186,77,91
2025-10-22,200214,147,116
2025-10-22,200092,176,178
2025-10-22,200244,113,177
2025-10-22,200133,149,130
2025-10-22,200123,244,52
2025-10-22,200033,228,103
2025-10-22,200180,18,171
2025-10-22,200164,241,43
2025-10-22,200166,131,85
2025-10-22,200119,35,74
2025-10-22,200211,209,153
2025-10-22,200086,144,115
2025-10-22,200096,3,161
2025-10-22,200037,0,60
2025-10-22,200148,51,89
2025-10-22,200108,72,130
2025-10-22,200190,211,36
2025-10-22,200138,25,74
2025-10-22,200189,243,83
2025-10-22,200199,249,41
2025-10-22,200213,85,122
2025-10-22,200126,53,109
2025-10-22,200232,45,158
2025-10-22,200079,242,79
2025-10-22,200215,19,111
2025-10-22,200231,148,162
2025-10-22,200099,217,88
2025-10-22,200016,100,34
2025-10-22,200182,77,85
2025-10-22,200109,135,178
2025-10-22,200103,54,34
2025-10-22,200135,215,51
2025-10-22,200041,52,72
2025-10-22,200009,163,44
2025-10-22,200150,166,105
2025-10-29,200009,193,163
2025-10-29,200098,91,150
2025-10-29,200215,96,38
2025-10-29,200240,55,94
2025-10-29,200030,146,114
2025-10-29,200046,248,41
2025-10-29,200021,41,170
2025-10-29,200010,86,174
2025-10-29,200105,91,43
2025-10-29,200150,147,37
2025-10-29,200065,96,29
2025-10-29,200107,122,132
2025-10-29,200118,40,57
2025-10-29,200202,149,110
2025-10-29,200225,29,159
2025-10-29,200011,2,134
2025-10-29,200079,10,36
2025-10-29,200174,0,122
2025-10-29,200224,21,86
2025-10-29,200127,153,109
2025-10-29,200035,151,29
2025-10-29,200144,163,106
2025-10-29,200002,231,59
2025-10-29,200101,223,117
2025-10-29,200171,131,98
2025-10-29,200140,221,95
2025-10-29,200087,226,146
2025-10-29,200197,170,88
2025-10-29,200057,150,38
2025-10-29,200109,145,27
2025-10-29,200116,176,120
2025-10-29,200191,212,21
2025-10-29,200088,76,82
2025-10-29,200089,174,34
2025-10-29,200026,11,52
2025-10-29,200070,214,97
2025-10-29,200096,123,176
2025-10-29,200158,200,173
2025-10-29,200218,62,118
2025-10-29,200184,216,44
2025-10-29,200245,104,42
2025-10-29,200036,239,88
2025-10-29,200200,162,52
2025-10-29,200086,188,138
2025-10-29,200055,150,75
2025-10-29,200187,199,43
2025-10-29,200168,163,115
2025-10-29,200206,154,178
2025-10-29,200148,159,175
2025-10-29,200037,21,23
2025-10-29,200143,185,164
2025-10-29,200049,132,167
2025-10-29,200039,121,33
2025-10-29,200076,115,71
2025-10-29,200048,245,29
2025-10-29,200181,136,177
2025-10-29,200020,36,129
2025-10-29,200237,248,120
2025-10-29,200033,2,61
2025-10-29,200203,109,139
2025-10-29,200051,105,165
2025-10-29,200085,122,44
2025-10-29,200137,159,30
2025-10-29,200103,234,129
2025-10-29,200228,92,124
2025-10-29,200092,56,166
2025-10-29,200186,161,120
2025-10-29,200113,10,92
2025-10-29,200185,75,79
2025-10-29,200114,120,103
2025-10-29,200008,83,80
2025-10-29,200034,106,36
2025-10-29,200222,142,160
2025-10-29,200022,126,86
2025-10-29,200208,123,93
2025-10-29,200209,208,110
2025-10-29,200242,155,36
2025-10-29,200080,143,161
2025-10-29,200198,7,140
2025-10-29,200029,28,111
2025-10-29,200161,99,59
2025-10-29,200064,40,111
2025-10-29,200094,249,135
2025-10-29,200207,90,22
2025-10-29,200077,161,174
2025-10-29,200170,146,163
2025-10-29,200188,164,172
2025-10-29,200120,63,68
2025-10-29,200239,125,47
2025-10-29,200205,188,124
2025-10-29,200173,38,97
2025-10-29,200233,200,81
2025-10-29,200167,26,83
2025-10-29,200095,53,109
2025-10-29,200124,161,116
2025-10-29,200142,14,27
2025-10-29,200112,175,107
2025-10-29,200199,77,25
2025-10-29,200220,179,171
2025-10-29,200121,27,27
2025-11-05,200236,217,114
2025-11-05,200157,186,52
2025-11-05,200205,129,112
2025-11-05,200149,165,160
2025-11-05,200198,204,68
2025-11-05,200008,37,134
2025-11-05,200105,71,171
2025-11-05,200088,33,139
2025-11-05,200182,59,37
2025-11-05,200055,62,128
2025-11-05,200022,30,131
2025-11-05,200215,228,102
2025-11-05,200238,113,144
2025-11-05,200200,76,103
2025-11-05,200204,99,62
2025-11-05,200210,156,46
2025-11-05,200199,156,74
2025-11-05,200080,125,173
2025-11-05,200051,159,96
2025-11-05,200116,146,53
2025-11-05,200195,73,140
2025-11-05,200048,137,169
2025-11-05,200162,100,174
2025-11-05,200179,35,61
2025-11-05,200174,113,37
2025-11-05,200112,3,90
2025-11-05,200085,49,90
2025-11-05,200245,77,164
2025-11-05,200108,125,132
2025-11-05,200029,10,95
2025-11-05,200093,113,53
2025-11-05,200203,99,127
2025-11-05,200079,208,46
2025-11-05,200207,209,55
2025-11-05,200033,148,41
2025-11-05,200126,100,173
2025-11-05,200101,53,58
2025-11-05,200167,200,140
2025-11-05,200067,51,178
2025-11-05,200244,116,165
2025-11-05,200028,0,72
2025-11-05,200192,117,99
2025-11-05,200111,177,165
2025-11-05,200170,57,37
2025-11-05,200233,211,42
2025-11-05,200098,50,118
2025-11-05,200178,214,85
2025-11-05,200038,6,77
2025-11-05,200183,68,98
2025-11-05,200232,224,91
2025-11-05,200243,70,101
2025-11-05,200123,233,78
2025-11-05,200013,185,38
2025-11-05,200247,16,122
2025-11-05,200031,29,70
2025-11-05,200152,247,30
2025-11-05,200208,133,108
2025-11-05,200059,230,178
2025-11-05,200196,123,153
2025-11-05,200071,6,136
2025-11-05,200119,158,177
2025-11-05,200234,155,50
2025-11-05,200160,63,137
2025-11-05,200073,55,70
2025-11-05,200095,54,167
2025-11-05,200176,219,95
2025-11-05,200075,153,71
2025-11-05,200090,154,47
2025-11-05,200219,209,60
2025-11-05,200010,64,83
2025-11-05,200064,180,91
2025-11-05,200193,200,65
2025-11-05,200128,110,89
2025-11-05,200124,82,170
2025-11-05,200166,1,70
2025-11-05,200212,14,111
2025-11-05,200070,203,40
2025-11-05,200094,43,135
2025-11-05,200068,82,98
2025-11-05,200060,46,22
2025-11-05,200190,156,106
2025-11-05,200191,241,41
2025-11-05,200241,186,137
2025-11-05,200222,184,93
2025-11-05,200144,110,143
2025-11-05,200021,210,128
2025-11-05,200009,88,67
2025-11-05,200012,70,139
2025-11-05,200117,234,37
2025-11-05,200118,210,132
2025-11-05,200227,190,50
2025-11-05,200007,145,119
2025-11-05,200161,87,90
2025-11-05,200184,73,164
2025-11-05,200135,225,29
2025-11-05,200181,53,96
2025-11-05,200016,204,128
2025-11-05,200039,192,61
2025-11-05,200172,16,69
2025-11-05,200027,145,61
2025-11-12,200234,148,119
2025-11-12,200048,150,42
2025-11-12,200162,244,30
2025-11-12,200147,70,134
2025-11-12,200228,202,59
2025-11-12,200141,32,60
2025-11-12,200194,146,75
2025-11-12,200164,68,108
2025-11-12,200217,110,164
2025-11-12,200051,16,108
2025-11-12,200207,120,55
2025-11-12,200110,150,53
2025-11-12,200148,119,128
2025-11-12,200039,105,148
2025-11-12,200001,187,64
2025-11-12,200197,2,60
2025-11-12,200160,33,87
2025-11-12,200122,220,93
2025-11-12,200152,214,148
2025-11-12,200117,229,106
2025-11-12,200190,135,147
2025-11-12,200091,152,145
2025-11-12,200094,60,54
2025-11-12,200238,68,43
2025-11-12,200076,157,36
2025-11-12,200019,125,69
2025-11-12,200025,201,37
2025-11-12,200107,55,109
2025-11-12,200195,19,88
2025-11-12,200247,105,110
2025-11-12,200099,46,59
2025-11-12,200198,188,47
2025-11-12,200080,1,159
2025-11-12,200225,147,142
2025-11-12,200092,121,26
2025-11-12,200063,191,128
2025-11-12,200068,85,132
2025-11-12,200058,88,91
2025-11-12,200137,139,107
2025-11-12,200161,200,123
2025-11-12,200082,241,29
2025-11-12,200108,27,178
2025-11-12,200236,11,149
2025-11-12,200196,62,42
2025-11-12,200181,169,177
2025-11-12,200140,69,54
2025-11-12,200127,153,45
2025-11-12,200030,238,74
2025-11-12,200052,144,55
2025-11-12,200145,108,153
2025-11-12,200066,23,71
2025-11-12,200129,171,92
2025-11-12,200151,204,81
2025-11-12,200189,73,161
2025-11-12,200077,155,142
2025-11-12,200006,244,179
2025-11-12,200120,93,134
2025-11-12,200218,54,136
2025-11-12,200047,189,127
2025-11-12,200029,214,115
2025-11-12,200088,225,55
2025-11-12,200135,125,170
2025-11-12,200105,94,99
2025-11-12,200219,8,122
2025-11-12,200020,69,37
2025-11-12,200035,243,23
2025-11-12,200138,70,92
2025-11-12,200119,84,141
2025-11-12,200060,170,150
2025-11-12,200061,63,179
2025-11-12,200028,182,135
2025-11-12,200069,123,108
2025-11-12,200064,50,71
2025-11-12,200169,34,70
2025-11-12,200226,41,167
2025-11-12,200072,1,106
2025-11-12,200021,149,102
2025-11-12,200065,83,71
2025-11-12,200054,61,143
2025-11-12,200007,153,34
2025-11-12,200024,203,141
2025-11-12,200096,246,149
2025-11-12,200041,70,124
2025-11-12,200071,61,176
2025-11-12,200128,182,32
2025-11-12,200203,46,167
2025-11-12,200037,161,155
2025-11-12,200009,52,71
2025-11-12,200177,229,33
2025-11-12,200216,136,61
2025-11-12,200171,80,39
2025-11-12,200237,242,100
2025-11-12,200067,118,38
2025-11-12,200242,27,88
2025-11-12,200090,29,76
2025-11-12,200038,14,82
2025-11-12,200229,12,54
2025-11-12,200180,146,36
2025-11-12,200193,174,126
2025-11-12,200093,217,156
2025-11-19,200002,38,152
2025-11-19,200051,164,167
2025-11-19,200047,210,150
2025-11-19,200065,84,87
2025-11-19,200134,122,68
2025-11-19,200170,79,118
2025-11-19,200070,95,75
2025-11-19,200056,154,151
2025-11-19,200201,4,123
2025-11-19,200156,171,133
2025-11-19,200175,154,84
2025-11-19,200228,98,49
2025-11-19,200028,53,161
2025-11-19,200008,144,65
2025-11-19,200127,44,51
2025-11-19,200001,151,134
2025-11-19,200083,105,62
2025-11-19,200191,58,153
2025-11-19,200022,6,45
2025-11-19,200174,193,163
2025-11-19,200027,123,169
2025-11-19,200244,160,50
2025-11-19,200135,5,164
2025-11-19,200133,138,152
2025-11-19,200046,73,146
2025-11-19,200221,171,114
2025-11-19,200242,114,125
2025-11-19,200131,131,102
2025-11-19,200217,102,30
2025-11-19,200203,219,148
2025-11-19,200218,192,72
2025-11-19,200210,16,100
2025-11-19,200161,100,135
2025-11-19,200092,101,52
2025-11-19,200060,1,40
2025-11-19,200231,217,173
2025-11-19,200038,221,125
2025-11-19,200128,22,57
2025-11-19,200117,195,108
2025-11-19,200018,127,147
2025-11-19,200025,50,91
2025-11-19,200126,105,101
2025-11-19,200198,76,53
2025-11-19,200055,246,73
2025-11-19,200247,141,35
2025-11-19,200030,1,86
2025-11-19,200043,248,112
2025-11-19,200168,156,49
2025-11-19,200087,10,30
2025-11-19,200041,240,161
2025-11-19,200035,78,101
2025-11-19,200091,210,88
2025-11-19,200053,152,29
2025-11-19,200188,195,50
2025-11-19,200005,247,44
2025-11-19,200049,65,33
2025-11-19,200031,108,83
2025-11-19,200132,185,144
2025-11-19,200004,9,20
2025-11-19,200094,219,79
2025-11-19,200019,79,39
2025-11-19,200185,114,95
2025-11-19,200209,121,88
2025-11-19,200130,185,85
2025-11-19,200125,186,41
2025-11-19,200015,245,89
2025-11-19,200026,48,153
2025-11-19,200149,234,82
2025-11-19,200171,192,26
2025-11-19,200208,233,86
2025-11-19,200062,147,99
2025-11-19,200184,214,151
2025-11-19,200110,245,161
2025-11-19,200111,202,114
2025-11-19,200152,209,50
2025-11-19,200202,111,168
2025-11-19,200084,100,168
2025-11-19,200177,175,166
2025-11-19,200235,92,139
2025-11-19,200204,107,103
2025-11-19,200173,129,116
2025-11-19,200006,162,111
2025-11-19,200192,4,34
2025-11-19,200115,149,50
2025-11-19,200232,143,165
2025-11-19,200147,92,139
2025-11-19,200195,248,80
2025-11-19,200160,7,164
2025-11-19,200234,218,91
2025-11-19,200193,43,130
2025-11-19,200151,220,122
2025-11-19,200058,172,63
2025-11-19,200112,60,53
2025-11-19,200119,246,27
2025-11-19,200039,76,148
2025-11-19,200227,133,144
2025-11-19,200089,202,74
2025-11-19,200079,15,166
2025-11-19,200054,106,146
2025-11-19,200182,199,178
2025-11-26,200140,240,110
2025-11-26,200216,168,149
2025-11-26,200186,135,161
2025-11-26,200205,170,84
2025-11-26,200132,247,32
2025-11-26,200112,231,64
2025-11-26,200171,213,61
2025-11-26,200043,66,131
2025-11-26,200128,223,167
2025-11-26,200188,190,131
2025-11-26,200202,28,63
2025-11-26,200183,138,176
2025-11-26,200045,121,113
2025-11-26,200105,169,129
2025-11-26,200107,60,89
2025-11-26,200044,156,54
2025-11-26,200153,96,166
2025-11-26,200027,185,70
2025-11-26,200011,16,23
2025-11-26,200194,69,88
2025-11-26,200167,135,91
2025-11-26,200165,159,28
2025-11-26,200041,111,94
2025-11-26,200052,198,144
2025-11-26,200049,25,136
2025-11-26,200050,29,124
2025-11-26,200101,173,122
2025-11-26,200133,81,60
2025-11-26,200161,96,65
2025-11-26,200016,227,30
2025-11-26,200064,94,137
2025-11-26,200047,143,179
2025-11-26,200179,219,67
2025-11-26,200065,49,108
2025-11-26,200168,152,151
2025-11-26,200240,233,92
2025-11-26,200244,204,70
2025-11-26,200061,106,140
2025-11-26,200218,242,135
2025-11-26,200237,96,156
2025-11-26,200026,76,103
2025-11-26,200063,215,21
2025-11-26,200123,217,101
2025-11-26,200094,176,131
2025-11-26,200012,5,87
2025-11-26,200234,166,103
2025-11-26,200098,160,151
2025-11-26,200181,103,35
2025-11-26,200130,231,54
2025-11-26,200238,249,176
2025-11-26,200148,10,27
2025-11-26,200114,10,149
2025-11-26,200038,175,145
2025-11-26,200215,177,139
2025-11-26,200199,86,172
2025-11-26,200002,116,83
2025-11-26,200113,13,79
2025-11-26,200127,241,98
2025-11-26,200192,195,20
2025-11-26,200021,43,95
2025-11-26,200062,16,22
2025-11-26,200129,174,139
2025-11-26,200242,132,173
2025-11-26,200084,226,177
2025-11-26,200051,63,162
2025-11-26,200117,234,104
2025-11-26,200028,189,102
2025-11-26,200191,209,113
2025-11-26,200170,48,68
2025-11-26,200033,228,81
2025-11-26,200177,119,145
2025-11-26,200074,160,30
2025-11-26,200229,162,165
2025-11-26,200193,45,39
2025-11-26,200079,111,52
2025-11-26,200020,64,175
2025-11-26,200203,126,82
2025-11-26,200172,156,27
2025-11-26,200080,58,171
2025-11-26,200004,162,167
2025-11-26,200156,37,134
2025-11-26,200037,42,53
2025-11-26,200090,137,35
2025-11-26,200115,82,143
2025-11-26,200212,178,169
2025-11-26,200009,136,96
2025-11-26,200086,62,164
2025-11-26,200034,113,60
2025-11-26,200138,140,168
2025-11-26,200178,133,61
2025-11-26,200208,121,144
2025-11-26,200187,148,53
2025-11-26,200175,230,53
2025-11-26,200015,43,60
2025-11-26,200220,184,90
2025-11-26,200152,204,121
2025-11-26,200019,151,38
2025-11-26,200032,122,36
2025-11-26,200166,62,67
2025-11-26,200076,202,155
2025-12-03,200191,205,153
2025-12-03,200234,112,59
2025-12-03,200194,59,38
2025-12-03,200140,131,163
2025-12-03,200035,185,62
2025-12-03,200236,241,20
2025-12-03,200197,189,89
2025-12-03,200060,20,74
2025-12-03,200174,183,103
2025-12-03,200001,119,115
2025-12-03,200119,82,27
2025-12-03,200148,233,64
2025-12-03,200061,28,120
2025-12-03,200146,21,29
2025-12-03,200015,138,65
2025-12-03,200030,23,147
2025-12-03,200209,74,39
2025-12-03,200058,11,61
2025-12-03,200158,221,146
2025-12-03,200143,180,163
2025-12-03,200229,176,25
2025-12-03,200168,90,46
2025-12-03,200207,67,116
2025-12-03,200217,148,84
2025-12-03,200045,118,75
2025-12-03,200048,9,55
2025-12-03,200019,151,167
2025-12-03,200214,162,89
2025-12-03,200238,232,71
2025-12-03,200031,40,25
2025-12-03,200071,220,143
2025-12-03,200204,145,167
2025-12-03,200155,142,176
2025-12-03,200023,83,137
2025-12-03,200024,174,85
2025-12-03,200215,212,108
2025-12-03,200067,49,45
2025-12-03,200218,78,22
2025-12-03,200135,131,27
2025-12-03,200051,55,136
2025-12-03,200089,245,29
2025-12-03,200131,124,102
2025-12-03,200226,43,72
2025-12-03,200104,117,65
2025-12-03,200144,95,61
2025-12-03,200047,186,74
2025-12-03,200178,95,151
2025-12-03,200052,186,37
2025-12-03,200139,94,142
2025-12-03,200014,218,153
2025-12-03,200066,190,98
2025-12-03,200079,244,42
2025-12-03,200027,52,55
2025-12-03,200022,56,57
2025-12-03,200062,24,43
2025-12-03,200098,140,172
2025-12-03,200152,79,167
2025-12-03,200165,217,94
2025-12-03,200043,151,59
2025-12-03,200011,56,92
2025-12-03,200179,90,124
2025-12-03,200206,147,177
2025-12-03,200242,244,34
2025-12-03,200235,90,88
2025-12-03,200090,40,39
2025-12-03,200192,237,23
2025-12-03,200064,133,38
2025-12-03,200097,1,160
2025-12-03,200225,193,81
2025-12-03,200086,145,74
2025-12-03,200080,142,150
2025-12-03,200103,212,147
2025-12-03,200099,127,43
2025-12-03,200243,128,21
2025-12-03,200175,27,45
2025-12-03,200190,142,97
2025-12-03,200108,155,44
2025-12-03,200145,242,137
2025-12-03,200219,240,170
2025-12-03,200195,229,79
2025-12-03,200167,169,59
2025-12-03,200055,25,70
2025-12-03,200230,192,168
2025-12-03,200070,61,135
2025-12-03,200005,74,113
2025-12-03,200122,17,137
2025-12-03,200065,95,48
2025-12-03,200036,90,50
2025-12-03,200006,66,50
2025-12-03,200028,223,73
2025-12-03,200025,246,63
2025-12-03,200110,244,173
2025-12-03,200128,62,106
2025-12-03,200034,106,151
2025-12-03,200072,133,37
2025-12-03,200172,2,137
2025-12-03,200042,48,145
2025-12-03,200134,115,53
2025-12-03,200132,219,25
2025-12-03,200003,192,117
2025-12-10,200247,97,126
2025-12-10,200043,122,115
2025-12-10,200116,30,88
2025-12-10,200181,213,29
2025-12-10,200028,116,23
2025-12-10,200082,194,168
2025-12-10,200014,161,110
2025-12-10,200088,218,92
2025-12-10,200046,130,41
2025-12-10,200136,80,142
2025-12-10,200071,120,160
2025-12-10,200192,218,170
2025-12-10,200163,47,45
2025-12-10,200142,165,24
2025-12-10,200065,193,53
2025-12-10,200144,52,42
2025-12-10,200223,128,134
2025-12-10,200113,141,159
2025-12-10,200034,104,122
2025-12-10,200168,10,169
2025-12-10,200154,97,56
2025-12-10,200022,147,63
2025-12-10,200052,56,168
2025-12-10,200171,70,92
2025-12-10,200179,208,156
2025-12-10,200051,73,86
2025-12-10,200106,187,116
2025-12-10,200085,199,89
2025-12-10,200049,31,169
2025-12-10,200035,175,111
2025-12-10,200021,209,119
2025-12-10,200109,159,176
2025-12-10,200166,26,74
2025-12-10,200044,43,125
2025-12-10,200202,169,148
2025-12-10,200137,166,150
2025-12-10,200143,132,151
2025-12-10,200173,22,51
2025-12-10,200222,225,87
2025-12-10,200042,132,115
2025-12-10,200067,157,43
2025-12-10,200077,226,67
2025-12-10,200178,194,49
2025-12-10,200092,80,136
2025-12-10,200159,31,107
2025-12-10,200124,197,110
2025-12-10,200177,207,134
2025-12-10,200182,45,140
2025-12-10,200117,6,54
2025-12-10,200096,185,126
2025-12-10,200130,11,111
2025-12-10,200206,170,164
2025-12-10,200157,22,51
2025-12-10,200039,81,55
2025-12-10,200188,84,106
2025-12-10,200059,212,73
2025-12-10,200239,66,112
2025-12-10,200066,169,111
2025-12-10,200194,14,57
2025-12-10,200195,141,24
2025-12-10,200164,40,85
2025-12-10,200050,145,151
2025-12-10,200205,68,173
2025-12-10,200007,133,26
2025-12-10,200086,108,135
2025-12-10,200172,247,73
2025-12-10,200133,221,135
2025-12-10,200100,160,20
2025-12-10,200047,23,28
2025-12-10,200013,208,74
2025-12-10,200184,183,49
2025-12-10,200231,183,36
2025-12-10,200246,8,154
2025-12-10,200029,129,146
2025-12-10,200190,75,135
2025-12-10,200165,247,157
2025-12-10,200203,162,150
2025-12-10,200149,172,148
2025-12-10,200220,45,172
2025-12-10,200135,17,161
2025-12-10,200185,124,50
2025-12-10,200084,105,146
2025-12-10,200102,36,110
2025-12-10,200093,168,90
2025-12-10,200006,178,140
2025-12-10,200160,249,23
2025-12-10,200150,120,175
2025-12-10,200214,150,165
2025-12-10,200158,179,25
2025-12-10,200068,164,91
2025-12-10,200237,132,114
2025-12-10,200219,144,80
2025-12-10,200112,216,164
2025-12-10,200061,48,35
2025-12-10,200040,95,171
2025-12-10,200235,56,43
2025-12-10,200003,158,28
2025-12-10,200225,140,32
2025-12-10,200062,187,81
2025-12-10,200196,59,107
2025-12-17,200088,67,123
2025-12-17,200107,81,156
2025-12-17,200084,204,104
2025-12-17,200213,160,162
2025-12-17,200172,209,119
2025-12-17,200147,127,115
2025-12-17,200104,134,157
2025-12-17,200031,157,155
2025-12-17,200072,67,23
2025-12-17,200060,57,115
2025-12-17,200087,60,136
2025-12-17,200040,128,57
2025-12-17,200223,83,63
2025-12-17,200133,203,115
2025-12-17,200136,61,178
2025-12-17,200216,228,175
2025-12-17,200163,46,34
2025-12-17,200239,45,33
2025-12-17,200141,150,155
2025-12-17,200090,169,43
2025-12-17,200100,172,81
2025-12-17,200243,48,81
2025-12-17,200110,34,141
2025-12-17,200113,194,91
2025-12-17,200046,66,160
2025-12-17,200021,54,94
2025-12-17,200055,8,176
2025-12-17,200201,61,31
2025-12-17,200081,22,135
2025-12-17,200173,77,172
2025-12-17,200026,210,135
2025-12-17,200196,42,22
2025-12-17,200013,59,52
2025-12-17,200080,209,60
2025-12-17,200105,201,65
2025-12-17,200108,235,92
2025-12-17,200145,173,95
2025-12-17,200205,161,51
2025-12-17,200190,161,131
2025-12-17,200057,158,57
2025-12-17,200112,27,133
2025-12-17,200085,61,171
2025-12-17,200225,235,68
2025-12-17,200131,50,115
2025-12-17,200153,203,170
2025-12-17,200146,128,72
2025-12-17,200151,26,111
2025-12-17,200015,124,27
2025-12-17,200162,75,97
2025-12-17,200011,17,142
2025-12-17,200176,15,105
2025-12-17,200195,222,119
2025-12-17,200183,129,28
2025-12-17,200211,124,122
2025-12-17,200198,83,124
2025-12-17,200215,81,99
2025-12-17,200119,214,73
2025-12-17,200028,8,44
2025-12-17,200050,10,37
2025-12-17,200016,128,116
2025-12-17,200232,148,138
2025-12-17,200116,84,95
2025-12-17,200150,48,72
2025-12-17,200075,120,104
2025-12-17,200199,167,85
2025-12-17,200051,247,32
2025-12-17,200184,196,126
2025-12-17,200135,42,76
2025-12-17,200052,132,65
2025-12-17,200233,103,75
2025-12-17,200005,229,27
2025-12-17,200089,12,166
2025-12-17,200006,173,157
2025-12-17,200194,80,109
2025-12-17,200029,142,145
2025-12-17,200241,227,34
2025-12-17,200229,217,84
2025-12-17,200023,232,178
2025-12-17,200240,95,123
2025-12-17,200156,172,54
2025-12-17,200125,111,163
2025-12-17,200082,98,28
2025-12-17,200132,212,97
2025-12-17,200247,137,176
2025-12-17,200138,146,62
2025-12-17,200124,118,128
2025-12-17,200157,125,142
2025-12-17,200064,88,98
2025-12-17,200222,95,139
2025-12-17,200079,228,37
2025-12-17,200164,192,22
2025-12-17,200204,173,100
2025-12-17,200245,108,34
2025-12-17,200008,173,51
2025-12-17,200169,162,175
2025-12-17,200228,116,24
2025-12-17,200200,42,44
2025-12-17,200221,199,141
2025-12-17,200210,209,74
2025-12-17,200121,234,46
2025-12-24,200125,179,105
2025-12-24,200191,88,147
2025-12-24,200065,118,151
2025-12-24,200238,141,92
2025-12-24,200099,227,63
2025-12-24,200075,228,34
2025-12-24,200083,176,108
2025-12-24,200068,21,79
2025-12-24,200123,39,86
2025-12-24,200052,123,44
2025-12-24,200186,246,148
2025-12-24,200139,133,64
2025-12-24,200187,81,66
2025-12-24,200098,95,45
2025-12-24,200144,213,71
2025-12-24,200121,194,93
2025-12-24,200215,58,123
2025-12-24,200193,52,108
2025-12-24,200216,172,107
2025-12-24,200132,54,40
2025-12-24,200017,94,30
2025-12-24,200030,65,136
2025-12-24,200219,223,55
2025-12-24,200024,120,49
2025-12-24,200129,41,171
2025-12-24,200056,173,38
2025-12-24,200222,194,149
2025-12-24,200203,10,141
2025-12-24,200198,146,70
2025-12-24,200094,111,71
2025-12-24,200059,121,41
2025-12-24,200019,171,53
2025-12-24,200127,231,133
2025-12-24,200171,23,111
2025-12-24,200154,183,32
2025-12-24,200220,191,52
2025-12-24,200031,161,33
2025-12-24,200001,223,101
2025-12-24,200060,227,81
2025-12-24,200157,194,98
2025-12-24,200112,192,127
2025-12-24,200114,20,96
2025-12-24,200235,41,81
2025-12-24,200245,77,22
2025-12-24,200131,192,114
2025-12-24,200170,91,73
2025-12-24,200130,48,93
2025-12-24,200013,11,107
2025-12-24,200050,65,131
2025-12-24,200110,69,142
2025-12-24,200135,10,81
2025-12-24,200088,54,36
2025-12-24,200212,15,175
2025-12-24,200071,16,174
2025-12-24,200026,52,155
2025-12-24,200089,152,26
2025-12-24,200208,69,122
2025-12-24,200009,248,97
2025-12-24,200176,22,62
2025-12-24,200087,10,85
2025-12-24,200006,25,113
2025-12-24,200233,50,168
2025-12-24,200197,177,121
2025-12-24,200241,173,138
2025-12-24,200223,134,49
2025-12-24,200102,39,64
2025-12-24,200093,172,114
2025-12-24,200231,234,27
2025-12-24,200141,206,32
2025-12-24,200066,111,155
2025-12-24,200084,68,80
2025-12-24,200095,19,38
2025-12-24,200027,16,153
2025-12-24,200016,38,96
2025-12-24,200169,223,107
2025-12-24,200053,201,50
2025-12-24,200106,212,46
2025-12-24,200036,200,156
2025-12-24,200117,223,177
2025-12-24,200199,228,33
2025-12-24,200020,26,116
2025-12-24,200021,160,61
2025-12-24,200091,118,124
2025-12-24,200002,158,174
2025-12-24,200165,27,106
2025-12-24,200082,132,69
2025-12-24,200079,37,27
2025-12-24,200078,101,42
2025-12-24,200028,29,135
2025-12-24,200108,1,84
2025-12-24,200226,211,23
2025-12-24,200008,170,141
2025-12-24,200229,249,113
2025-12-24,200224,247,108
2025-12-24,200018,115,121
2025-12-24,200069,47,164
2025-12-24,200155,161,166
2025-12-24,200067,206,86
2025-12-24,200192,7,47
2025-12-24,200032,177,134
2025-12-31,200199,146,101
2025-12-31,200234,156,83
2025-12-31,200205,135,21
2025-12-31,200024,64,131
2025-12-31,200109,3,106
2025-12-31,200015,83,72
2025-12-31,200069,119,50
2025-12-31,200210,84,103
2025-12-31,200166,64,167
2025-12-31,200183,70,59
2025-12-31,200105,48,141
2025-12-31,200130,52,112
2025-12-31,200077,25,116
2025-12-31,200233,59,129
2025-12-31,200135,65,150
2025-12-31,200129,131,145
2025-12-31,200103,231,143
2025-12-31,200178,152,127
2025-12-31,200083,50,27
2025-12-31,200108,107,168
2025-12-31,200052,203,52
2025-12-31,200159,202,123
2025-12-31,200216,63,82
2025-12-31,200065,111,66
2025-12-31,200041,185,100
2025-12-31,200247,92,91
2025-12-31,200219,239,139
2025-12-31,200244,214,70
2025-12-31,200011,52,155
2025-12-31,200031,202,72
2025-12-31,200082,177,172
2025-12-31,200148,238,135
2025-12-31,200094,237,179
2025-12-31,200150,11,48
2025-12-31,200009,134,159
2025-12-31,200026,108,118
2025-12-31,200180,214,72
2025-12-31,200038,239,143
2025-12-31,200169,236,60
2025-12-31,200223,98,118
2025-12-31,200050,176,63
2025-12-31,200115,228,165
2025-12-31,200096,28,28
2025-12-31,200246,33,125
2025-12-31,200092,248,80
2025-12-31,200093,65,119
2025-12-31,200134,174,111
2025-12-31,200175,114,147
2025-12-31,200231,236,155
2025-12-31,200215,56,157
2025-12-31,200187,84,161
2025-12-31,200245,152,43
2025-12-31,200034,24,148
2025-12-31,200055,156,167
2025-12-31,200029,66,81
2025-12-31,200184,129,83
2025-12-31,200243,206,137
2025-12-31,200057,13,127
2025-12-31,200126,84,32
2025-12-31,200236,103,155
2025-12-31,200208,242,177
2025-12-31,200010,160,94
2025-12-31,200023,247,125
2025-12-31,200153,20,50
2025-12-31,200163,27,176
2025-12-31,200156,181,29
2025-12-31,200181,83,125
2025-12-31,200098,232,45
2025-12-31,200136,99,123
2025-12-31,200060,12,63
2025-12-31,200168,121,20
2025-12-31,200047,245,162
2025-12-31,200164,203,61
2025-12-31,200133,104,147
2025-12-31,200005,238,154
2025-12-31,200080,211,143
2025-12-31,200154,36,55
2025-12-31,200232,139,85
2025-12-31,200222,146,93
2025-12-31,200003,140,94
2025-12-31,200117,189,72
2025-12-31,200237,217,68
2025-12-31,200157,59,140
2025-12-31,200213,89,63
2025-12-31,200196,229,171
2025-12-31,200085,43,106
2025-12-31,200073,194,39
2025-12-31,200078,229,170
2025-12-31,200192,81,157
2025-12-31,200035,120,97
2025-12-31,200241,192,148
2025-12-31,200224,58,107
2025-12-31,200091,192,164
2025-12-31,200075,43,154
2025-12-31,200116,185,30
2025-12-31,200088,45,56
2025-12-31,200155,151,38
2025-12-31,200051,50,88
2025-12-31,200025,20,91
2025-12-31,200021,85,78
2026-01-07,200174,107,81
2026-01-07,200108,79,103
2026-01-07,200184,238,32
2026-01-07,200111,90,149
2026-01-07,200079,209,28
2026-01-07,200134,9,170
2026-01-07,200011,230,151
2026-01-07,200034,121,128
2026-01-07,200189,19,172
2026-01-07,200083,15,134
2026-01-07,200040,87,98
2026-01-07,200112,192,98
2026-01-07,200137,62,149
2026-01-07,200030,153,79
2026-01-07,200162,150,149
2026-01-07,200203,140,121
2026-01-07,200068,233,170
2026-01-07,200093,220,179
2026-01-07,200171,248,66
2026-01-07,200055,151,113
2026-01-07,200124,119,59
2026-01-07,200094,22,163
2026-01-07,200165,172,145
2026-01-07,200082,4,25
2026-01-07,200211,43,147
2026-01-07,200076,61,50
2026-01-07,200065,21,148
2026-01-07,200095,103,124
2026-01-07,200172,189,102
2026-01-07,200070,44,159
2026-01-07,200052,20,146
2026-01-07,200090,135,75
2026-01-07,200130,24,105
2026-01-07,200177,30,33
2026-01-07,200003,0,121
2026-01-07,200163,37,71
2026-01-07,200036,70,165
2026-01-07,200088,7,142
2026-01-07,200209,45,121
2026-01-07,200235,221,41
2026-01-07,200236,102,76
2026-01-07,200161,77,65
2026-01-07,200242,65,38
2026-01-07,200148,188,103
2026-01-07,200247,32,132
2026-01-07,200046,104,39
2026-01-07,200120,70,48
2026-01-07,200224,66,71
2026-01-07,200151,248,119
2026-01-07,200230,35,24
2026-01-07,200039,20,49
2026-01-07,200001,40,70
2026-01-07,200105,59,169
2026-01-07,200087,166,58
2026-01-07,200116,230,144
2026-01-07,200156,105,34
2026-01-07,200067,202,76
2026-01-07,200135,113,169
2026-01-07,200221,111,112
2026-01-07,200048,0,129
2026-01-07,200167,25,45
2026-01-07,200210,158,178
2026-01-07,200080,147,123
2026-01-07,200015,129,82
2026-01-07,200175,115,50
2026-01-07,200106,178,177
2026-01-07,200233,41,158
2026-01-07,200133,177,112
2026-01-07,200178,58,91
2026-01-07,200237,201,68
2026-01-07,200231,7,133
2026-01-07,200128,170,122
2026-01-07,200132,211,164
2026-01-07,200101,10,175
2026-01-07,200152,81,170
2026-01-07,200122,247,98
2026-01-07,200064,221,22
2026-01-07,200026,186,65
2026-01-07,200032,91,118
2026-01-07,200169,167,37
2026-01-07,200198,24,148
2026-01-07,200150,233,146
2026-01-07,200085,162,80
2026-01-07,200005,199,27
2026-01-07,200049,74,112
2026-01-07,200212,219,146
2026-01-07,200225,98,28
2026-01-07,200098,107,107
2026-01-07,200028,62,25
2026-01-07,200057,241,110
2026-01-07,200054,226,27
2026-01-07,200176,111,60
2026-01-07,200099,165,48
2026-01-07,200004,33,43
2026-01-07,200127,184,95
2026-01-07,200119,241,48
2026-01-07,200214,26,159
2026-01-07,200017,208,91
2026-01-07,200024,8,71
2026-01-07,200097,200,172
2026-01-14,200093,208,114
2026-01-14,200171,170,113
2026-01-14,200243,143,50
2026-01-14,200053,165,59
2026-01-14,200102,36,31
2026-01-14,200139,63,153
2026-01-14,200103,119,48
2026-01-14,200136,101,135
2026-01-14,200183,224,105
2026-01-14,200113,4,99
2026-01-14,200058,42,50
2026-01-14,200005,83,63
2026-01-14,200237,14,41
2026-01-14,200132,85,87
2026-01-14,200057,105,56
2026-01-14,200070,97,47
2026-01-14,200083,120,38
2026-01-14,200197,106,178
2026-01-14,200090,142,20
2026-01-14,200086,218,126
2026-01-14,200010,9,35
2026-01-14,200039,50,168
2026-01-14,200152,27,99
2026-01-14,200209,90,156
2026-01-14,200045,233,92
2026-01-14,200094,44,58
2026-01-14,200081,165,143
2026-01-14,200032,193,170
2026-01-14,200148,159,115
2026-01-14,200028,24,91
2026-01-14,200126,22,62
2026-01-14,200077,35,84
2026-01-14,200216,118,60
2026-01-14,200155,1,74
2026-01-14,200001,170,127
2026-01-14,200165,37,138
2026-01-14,200089,242,177
2026-01-14,200140,196,129
2026-01-14,200144,55,154
2026-01-14,200008,160,102
2026-01-14,200023,239,102
2026-01-14,200129,98,38
2026-01-14,200172,244,90
2026-01-14,200025,94,95
2026-01-14,200219,41,163
2026-01-14,200107,30,70
2026-01-14,200052,28,151
2026-01-14,200245,122,177
2026-01-14,200041,18,65
2026-01-14,200069,208,175
2026-01-14,200221,73,45
2026-01-14,200174,122,171
2026-01-14,200075,11,91
2026-01-14,200105,224,84
2026-01-14,200020,113,78
2026-01-14,200153,142,100
2026-01-14,200235,233,90
2026-01-14,200234,198,80
2026-01-14,200190,28,87
2026-01-14,200095,117,70
2026-01-14,200170,201,83
2026-01-14,200014,181,89
2026-01-14,200203,113,165
2026-01-14,200169,52,66
2026-01-14,200182,121,32
2026-01-14,200125,55,29
2026-01-14,200087,75,87
2026-01-14,200112,143,102
2026-01-14,200037,201,85
2026-01-14,200130,184,114
2026-01-14,200226,106,142
2026-01-14,200207,42,131
2026-01-14,200181,240,179
2026-01-14,200085,157,42
2026-01-14,200021,82,55
2026-01-14,200007,99,138
2026-01-14,200101,111,21
2026-01-14,200184,96,153
2026-01-14,200042,65,147
2026-01-14,200111,151,58
2026-01-14,200080,77,85
2026-01-14,200121,218,87
2026-01-14,200224,111,55
2026-01-14,200178,22,170
2026-01-14,200050,41,49
2026-01-14,200232,138,80
2026-01-14,200246,213,146
2026-01-14,200242,112,175
2026-01-14,200078,104,142
2026-01-14,200225,16,117
2026-01-14,200156,129,133
2026-01-14,200074,22,63
2026-01-14,200161,217,161
2026-01-14,200164,124,162
2026-01-14,200066,193,159
2026-01-14,200244,96,29
2026-01-14,200199,75,126
2026-01-14,200179,62,95
2026-01-14,200175,131,168
2026-01-14,200127,28,110
2026-01-21,200012,37,179
2026-01-21,200016,169,38
2026-01-21,200185,90,111
2026-01-21,200098,232,153
2026-01-21,200060,192,129
2026-01-21,200210,149,32
2026-01-21,200084,120,79
2026-01-21,200218,180,65
2026-01-21,200201,148,127
2026-01-21,200230,54,155
2026-01-21,200049,220,98
2026-01-21,200233,71,138
2026-01-21,200170,22,158
2026-01-21,200021,163,146
2026-01-21,200044,84,160
2026-01-21,200101,134,176
2026-01-21,200013,194,150
2026-01-21,200235,22,21
2026-01-21,200079,141,174
2026-01-21,200187,126,146
2026-01-21,200085,52,143
2026-01-21,200105,237,106
2026-01-21,200008,146,90
2026-01-21,200175,82,45
2026-01-21,200027,238,44
2026-01-21,200015,156,123
2026-01-21,200020,42,33
2026-01-21,200099,123,32
2026-01-21,200112,246,54
2026-01-21,200192,176,109
2026-01-21,200213,132,96
2026-01-21,200220,204,161
2026-01-21,200214,4,176
2026-01-21,200057,51,103
2026-01-21,200240,139,95
2026-01-21,200030,178,78
2026-01-21,200069,215,110
2026-01-21,200136,5,27
2026-01-21,200142,237,90
2026-01-21,200089,243,104
2026-01-21,200115,59,66
2026-01-21,200088,242,55
2026-01-21,200072,88,84
2026-01-21,200243,229,79
2026-01-21,200198,89,170
2026-01-21,200225,215,72
2026-01-21,200193,145,139
2026-01-21,200147,183,159
2026-01-21,200228,128,82
2026-01-21,200231,118,168
2026-01-21,200096,248,140
2026-01-21,200126,48,165
2026-01-21,200200,168,131
2026-01-21,200174,117,118
2026-01-21,200038,166,178
2026-01-21,200163,198,95
2026-01-21,200181,205,148
2026-01-21,200018,51,100
2026-01-21,200130,205,109
2026-01-21,200216,17,88
2026-01-21,200073,20,99
2026-01-21,200010,197,27
2026-01-21,200059,65,28
2026-01-21,200158,185,172
2026-01-21,200164,133,58
2026-01-21,200095,193,74
2026-01-21,200196,98,170
2026-01-21,200070,32,120
2026-01-21,200034,80,152
2026-01-21,200039,227,115
2026-01-21,200094,127,69
2026-01-21,200165,95,61
2026-01-21,200143,238,86
2026-01-21,200244,230,160
2026-01-21,200046,89,107
2026-01-21,200247,111,158
2026-01-21,200056,244,58
2026-01-21,200145,152,56
2026-01-21,200032,25,72
2026-01-21,200128,247,130
2026-01-21,200179,3,48
2026-01-21,200080,209,87
2026-01-21,200110,30,30
2026-01-21,200241,199,133
2026-01-21,200206,222,70
2026-01-21,200151,113,135
2026-01-21,200035,225,123
2026-01-21,200017,214,27
2026-01-21,200161,60,55
2026-01-21,200139,234,137
2026-01-21,200177,188,174
2026-01-21,200009,184,139
2026-01-21,200086,140,160
2026-01-21,200043,116,73
2026-01-21,200173,191,58
2026-01-21,200133,219,98
2026-01-21,200113,181,36
2026-01-21,200065,61,141
2026-01-21,200152,98,160
2026-01-21,200135,210,71
2026-01-28,200166,236,83
2026-01-28,200079,162,52
2026-01-28,200041,171,117
2026-01-28,200242,40,45
2026-01-28,200205,176,126
2026-01-28,200183,49,72
2026-01-28,200070,206,175
2026-01-28,200105,85,72
2026-01-28,200073,240,139
2026-01-28,200017,16,118
2026-01-28,200024,37,159
2026-01-28,200246,182,155
2026-01-28,200054,6,49
2026-01-28,200039,96,136
2026-01-28,200162,176,94
2026-01-28,200124,192,166
2026-01-28,200008,126,130
2026-01-28,200119,31,94
2026-01-28,200078,3,113
2026-01-28,200109,35,106
2026-01-28,200177,118,67
2026-01-28,200228,39,133
2026-01-28,200101,162,96
2026-01-28,200199,138,159
2026-01-28,200063,124,140
2026-01-28,200030,71,37
2026-01-28,200220,157,145
2026-01-28,200040,10,154
2026-01-28,200148,177,159
2026-01-28,200103,58,140
2026-01-28,200234,85,143
2026-01-28,200013,202,122
2026-01-28,200045,154,128
2026-01-28,200168,60,150
2026-01-28,200029,212,114
2026-01-28,200049,181,38
2026-01-28,200104,172,140
2026-01-28,200118,234,128
2026-01-28,200106,16,179
2026-01-28,200059,171,24
2026-01-28,200001,10,32
2026-01-28,200155,184,151
2026-01-28,200027,213,127
2026-01-28,200204,67,41
2026-01-28,200130,183,111
2026-01-28,200128,22,175
2026-01-28,200239,156,88
2026-01-28,200052,142,43
2026-01-28,200165,241,39
2026-01-28,200240,106,158
2026-01-28,200153,118,82
2026-01-28,200009,10,35
2026-01-28,200245,199,54
2026-01-28,200032,27,136
2026-01-28,200002,213,74
2026-01-28,200016,113,159
2026-01-28,200142,9,143
2026-01-28,200057,26,32
2026-01-28,200210,51,157
2026-01-28,200135,47,122
2026-01-28,200028,239,130
2026-01-28,200133,207,106
2026-01-28,200247,163,29
2026-01-28,200243,149,43
2026-01-28,200175,88,118
2026-01-28,200202,147,149
2026-01-28,200072,162,45
2026-01-28,200198,38,145
2026-01-28,200179,13,110
2026-01-28,200047,202,92
2026-01-28,200099,100,56
2026-01-28,200156,25,34
2026-01-28,200055,122,174
2026-01-28,200206,17,146
2026-01-28,200081,149,24
2026-01-28,200096,133,86
2026-01-28,200169,76,71
2026-01-28,200085,3,91
2026-01-28,200058,129,23
2026-01-28,200176,59,93
2026-01-28,200222,32,105
2026-01-28,200164,227,123
2026-01-28,200033,95,173
2026-01-28,200184,242,118
2026-01-28,200014,122,170
2026-01-28,200197,212,36
2026-01-28,200044,172,159
2026-01-28,200021,92,83
2026-01-28,200236,156,38
2026-01-28,200004,172,149
2026-01-28,200223,200,60
2026-01-28,200154,137,76
2026-01-28,200120,19,55
2026-01-28,200125,157,116
2026-01-28,200140,28,120
2026-01-28,200186,200,63
2026-01-28,200136,243,79
2026-01-28,200036,132,73
2026-01-28,200115,102,163
2026-01-28,200095,145,95
2026-02-04,200113,128,138
2026-02-04,200081,184,33
2026-02-04,200074,193,31
2026-02-04,200169,113,116
2026-02-04,200149,135,106
2026-02-04,200142,102,82
2026-02-04,200031,201,168
2026-02-04,200180,159,160
2026-02-04,200012,226,162
2026-02-04,200192,182,133
2026-02-04,200119,6,135
2026-02-04,200084,108,27
2026-02-04,200076,214,118
2026-02-04,200060,228,86
2026-02-04,200102,166,47
2026-02-04,200053,87,119
2026-02-04,200022,215,37
2026-02-04,200219,146,70
2026-02-04,200086,89,47
2026-02-04,200024,39,167
2026-02-04,200088,159,39
2026-02-04,200011,23,130
2026-02-04,200124,159,158
2026-02-04,200140,55,32
2026-02-04,200082,49,174
2026-02-04,200048,19,105
2026-02-04,200096,234,166
2026-02-04,200223,198,63
2026-02-04,200103,220,131
2026-02-04,200171,61,176
2026-02-04,200013,60,46
2026-02-04,200165,164,118
2026-02-04,200047,132,54
2026-02-04,200214,55,20
2026-02-04,200094,15,69
2026-02-04,200032,32,115
2026-02-04,200009,177,96
2026-02-04,200163,229,160
2026-02-04,200148,137,152
2026-02-04,200138,160,126
2026-02-04,200137,148,53
2026-02-04,200106,225,114
2026-02-04,200184,69,44
2026-02-04,200010,223,56
2026-02-04,200194,10,153
2026-02-04,200186,29,30
2026-02-04,200216,189,177
2026-02-04,200226,185,175
2026-02-04,200006,11,116
2026-02-04,200181,153,53
2026-02-04,200083,249,26
2026-02-04,200183,92,163
2026-02-04,200132,145,33
2026-02-04,200217,117,129
2026-02-04,200061,156,20
2026-02-04,200077,81,38
2026-02-04,200161,94,143
2026-02-04,200122,101,144
2026-02-04,200062,193,66
2026-02-04,200035,224,159
2026-02-04,200139,19,141
2026-02-04,200028,136,135
2026-02-04,200073,146,165
2026-02-04,200159,52,143
2026-02-04,200218,18,74
2026-02-04,200092,72,82
2026-02-04,200023,105,142
2026-02-04,200063,99,50
2026-02-04,200208,214,110
2026-02-04,200234,17,56
2026-02-04,200004,112,153
2026-02-04,200046,206,94
2026-02-04,200093,232,167
2026-02-04,200203,38,81
2026-02-04,200045,65,129
2026-02-04,200054,93,105
2026-02-04,200227,214,114
2026-02-04,200158,89,61
2026-02-04,200072,184,26
2026-02-04,200016,152,148
2026-02-04,200055,237,127
2026-02-04,200175,104,24
2026-02-04,200127,156,96
2026-02-04,200185,72,119
2026-02-04,200114,183,106
2026-02-04,200168,163,162
2026-02-04,200037,93,137
2026-02-04,200182,88,101
2026-02-04,200008,99,154
2026-02-04,200166,160,130
2026-02-04,200239,202,174
2026-02-04,200057,222,106
2026-02-04,200178,171,20
2026-02-04,200190,84,159
2026-02-04,200066,10,59
2026-02-04,200027,166,109
2026-02-04,200065,142,74
2026-02-04,200051,72,135
2026-02-04,200150,164,165
2026-02-04,200123,16,125
2026-02-11,200110,109,92
2026-02-11,200190,28,141
2026-02-11,200227,207,81
2026-02-11,200091,61,34
2026-02-11,200038,119,88
2026-02-11,200142,188,27
2026-02-11,200135,215,56
2026-02-11,200137,21,65
2026-02-11,200141,165,53
2026-02-11,200050,183,97
2026-02-11,200007,4,85
2026-02-11,200189,215,133
2026-02-11,200074,184,129
2026-02-11,200049,182,125
2026-02-11,200058,164,123
2026-02-11,200184,169,132
2026-02-11,200200,139,58
2026-02-11,200034,43,40
2026-02-11,200027,213,92
2026-02-11,200105,23,143
2026-02-11,200244,141,166
2026-02-11,200069,44,59
2026-02-11,200183,222,98
2026-02-11,200194,145,82
2026-02-11,200111,244,120
2026-02-11,200243,63,65
2026-02-11,200152,213,90
2026-02-11,200230,90,130
2026-02-11,200187,72,42
2026-02-11,200136,34,82
2026-02-11,200158,95,92
2026-02-11,200044,243,72
2026-02-11,200032,103,174
2026-02-11,200226,63,62
2026-02-11,200225,235,60
2026-02-11,200124,138,72
2026-02-11,200229,125,60
2026-02-11,200213,25,133
2026-02-11,200220,199,84
2026-02-11,200166,81,128
2026-02-11,200217,74,172
2026-02-11,200209,49,104
2026-02-11,200118,88,105
2026-02-11,200071,205,99
2026-02-11,200199,25,95
2026-02-11,200115,137,124
2026-02-11,200178,109,173
2026-02-11,200029,38,79
2026-02-11,200151,6,65
2026-02-11,200238,209,144
2026-02-11,200197,90,131
2026-02-11,200052,191,22
2026-02-11,200204,56,117
2026-02-11,200192,221,145
2026-02-11,200108,17,142
2026-02-11,200195,163,97
2026-02-11,200018,41,91
2026-02-11,200094,23,156
2026-02-11,200070,77,120
2026-02-11,200245,28,119
2026-02-11,200168,158,65
2026-02-11,200030,218,86
2026-02-11,200013,82,53
2026-02-11,200193,3,113
2026-02-11,200112,246,158
2026-02-11,200162,159,174
2026-02-11,200201,7,128
2026-02-11,200002,181,144
2026-02-11,200148,161,169
2026-02-11,200239,99,73
2026-02-11,200015,103,94
2026-02-11,200208,178,121
2026-02-11,200047,120,72
2026-02-11,200109,248,42
2026-02-11,200103,146,141
2026-02-11,200171,166,51
2026-02-11,200006,185,29
2026-02-11,200163,23,85
2026-02-11,200054,7,54
2026-02-11,200159,61,150
2026-02-11,200182,71,135
2026-02-11,200082,152,115
2026-02-11,200218,212,129
2026-02-11,200117,174,94
2026-02-11,200122,214,169
2026-02-11,200024,167,107
2026-02-11,200237,184,92
2026-02-11,200096,138,161
2026-02-11,200023,214,77
2026-02-11,200102,123,131
2026-02-11,200126,46,84
2026-02-11,200150,220,64
2026-02-11,200176,105,135
2026-02-11,200048,168,95
2026-02-11,200100,153,26
2026-02-11,200228,147,119
2026-02-11,200138,69,122
2026-02-11,200246,147,137
2026-02-11,200186,149,89
2026-02-11,200042,61,20
2026-02-18,200099,224,130
2026-02-18,200230,30,103
2026-02-18,200160,175,34
2026-02-18,200031,114,174
2026-02-18,200005,150,124
2026-02-18,200094,242,146
2026-02-18,200206,67,29
2026-02-18,200239,107,166
2026-02-18,200055,117,147
2026-02-18,200184,147,169
2026-02-18,200043,106,166
2026-02-18,200164,237,129
2026-02-18,200014,50,144
2026-02-18,200198,224,143
2026-02-18,200023,138,112
2026-02-18,200102,162,30
2026-02-18,200019,21,142
2026-02-18,200033,21,149
2026-02-18,200182,213,121
2026-02-18,200116,10,117
2026-02-18,200167,202,86
2026-02-18,200200,73,20
2026-02-18,200049,215,119
2026-02-18,200209,23,29
2026-02-18,200207,48,93
2026-02-18,200003,121,62
2026-02-18,200001,236,102
2026-02-18,200197,174,134
2026-02-18,200115,123,144
2026-02-18,200220,8,140
2026-02-18,200114,208,52
2026-02-18,200037,211,72
2026-02-18,200096,148,40
2026-02-18,200120,156,48
2026-02-18,200149,88,168
2026-02-18,200015,50,116
2026-02-18,200183,174,150
2026-02-18,200100,146,157
2026-02-18,200187,198,63
2026-02-18,200235,63,170
2026-02-18,200134,55,148
2026-02-18,200234,65,175
2026-02-18,200013,179,150
2026-02-18,200026,135,95
2026-02-18,200057,20,174
2026-02-18,200058,122,138
2026-02-18,200123,150,23
2026-02-18,200140,191,104
2026-02-18,200106,248,113
2026-02-18,200245,104,42
2026-02-18,200238,226,94
2026-02-18,200145,39,111
2026-02-18,200186,45,80
2026-02-18,200006,166,159
2026-02-18,200012,136,76
2026-02-18,200214,15,59
2026-02-18,200048,112,34
2026-02-18,200188,244,135
2026-02-18,200224,156,47
2026-02-18,200168,159,158
2026-02-18,200028,72,130
2026-02-18,200062,30,122
2026-02-18,200178,21,54
2026-02-18,200027,163,131
2026-02-18,200133,178,46
2026-02-18,200060,113,70
2026-02-18,200081,198,47
2026-02-18,200122,64,146
2026-02-18,200020,204,79
2026-02-18,200170,87,96
2026-02-18,200163,246,163
2026-02-18,200119,167,42
2026-02-18,200236,143,126
2026-02-18,200041,49,98
2026-02-18,200138,203,90
2026-02-18,200021,163,160
2026-02-18,200016,52,113
2026-02-18,200007,176,51
2026-02-18,200089,57,109
2026-02-18,200216,157,145
2026-02-18,200155,238,84
2026-02-18,200111,167,46
2026-02-18,200051,29,24
2026-02-18,200074,61,35
2026-02-18,200152,164,42
2026-02-18,200082,143,172
2026-02-18,200113,38,125
2026-02-18,200205,153,123
2026-02-18,200056,61,70
2026-02-18,200039,13,141
2026-02-18,200059,166,135
2026-02-18,200044,64,45
2026-02-18,200195,79,68
2026-02-18,200172,248,175
2026-02-18,200217,196,175
2026-02-18,200202,186,143
2026-02-18,200136,110,121
2026-02-18,200223,125,63
2026-02-18,200011,187,96
2026-02-18,200147,64,44
2026-02-25,200087,17,79
2026-02-25,200176,176,65
2026-02-25,200133,149,20
2026-02-25,200138,79,166
2026-02-25,200173,152,36
2026-02-25,200234,27,148
2026-02-25,200147,19,63
2026-02-25,200222,219,174
2026-02-25,200158,189,42
2026-02-25,200216,69,24
2026-02-25,200126,55,93
2026-02-25,200167,114,26
2026-02-25,200185,142,24
2026-02-25,200066,10,93
2026-02-25,200155,123,121
2026-02-25,200178,185,115
2026-02-25,200144,40,20
2026-02-25,200012,204,114
2026-02-25,200183,62,85
2026-02-25,200120,126,47
2026-02-25,200197,86,64
2026-02-25,200081,221,69
2026-02-25,200212,247,72
2026-02-25,200139,200,74
2026-02-25,200189,188,152
2026-02-25,200046,77,75
2026-02-25,200174,125,125
2026-02-25,200093,67,24
2026-02-25,200223,94,78
2026-02-25,200039,185,115
2026-02-25,200089,174,158
2026-02-25,200080,215,31
2026-02-25,200094,39,49
2026-02-25,200140,165,59
2026-02-25,200193,117,151
2026-02-25,200131,107,65
2026-02-25,200207,231,84
2026-02-25,200117,230,30
2026-02-25,200141,126,39
2026-02-25,200156,38,76
2026-02-25,200001,80,42
2026-02-25,200010,139,42
2026-02-25,200164,35,105
2026-02-25,200157,182,71
2026-02-25,200067,216,169
2026-02-25,200150,122,101
2026-02-25,200209,15,134
2026-02-25,200061,146,86
2026-02-25,200006,184,138
2026-02-25,200020,138,69
2026-02-25,200165,204,102
2026-02-25,200210,99,32
2026-02-25,200153,134,104
2026-02-25,200198,138,163
2026-02-25,200063,51,129
2026-02-25,200159,15,52
2026-02-25,200018,205,84
2026-02-25,200142,238,127
2026-02-25,200148,86,84
2026-02-25,200145,118,58
2026-02-25,200135,177,140
2026-02-25,200040,53,73
2026-02-25,200208,4,36
2026-02-25,200233,81,120
2026-02-25,200181,169,103
2026-02-25,200122,165,161
2026-02-25,200247,197,122
2026-02-25,200213,63,120
2026-02-25,200244,241,38
2026-02-25,200022,237,130
2026-02-25,200143,133,125
2026-02-25,200008,100,42
2026-02-25,200056,58,51
2026-02-25,200241,98,112
2026-02-25,200199,82,169
2026-02-25,200236,86,142
2026-02-25,200062,207,146
2026-02-25,200075,116,113
2026-02-25,200073,104,26
2026-02-25,200007,7,119
2026-02-25,200035,244,48
2026-02-25,200226,130,133
2026-02-25,200026,177,48
2026-02-25,200169,228,66
2026-02-25,200125,1,166
2026-02-25,200232,204,82
2026-02-25,200098,182,62
2026-02-25,200180,16,37
2026-02-25,200088,159,146
2026-02-25,200215,133,36
2026-02-25,200121,119,157
2026-02-25,200217,121,121
2026-02-25,200177,29,102
2026-02-25,200160,211,20
2026-02-25,200154,230,149
2026-02-25,200123,169,119
2026-02-25,200099,47,27
2026-02-25,200113,154,79
2026-02-25,200106,112,150
2026-02-25,200224,235,105
2026-03-04,200072,73,33
2026-03-04,200158,154,96
2026-03-04,200240,4,102
2026-03-04,200129,122,166
2026-03-04,200110,75,175
2026-03-04,200175,107,75
2026-03-04,200091,131,154
2026-03-04,200002,90,55
2026-03-04,200108,116,114
2026-03-04,200063,79,111
2026-03-04,200160,50,20
2026-03-04,200061,170,114
2026-03-04,200115,55,141
2026-03-04,200045,95,116
2026-03-04,200225,80,85
2026-03-04,200054,204,68
2026-03-04,200016,26,142
2026-03-04,200177,13,66
2026-03-04,200084,40,76
2026-03-04,200092,76,49
2026-03-04,200140,109,115
2026-03-04,200004,154,113
2026-03-04,200136,123,108
2026-03-04,200032,46,151
2026-03-04,200229,87,31
2026-03-04,200071,41,56
2026-03-04,200171,245,133
2026-03-04,200189,48,145
2026-03-04,200214,94,69
2026-03-04,200206,19,177
2026-03-04,200120,139,32
2026-03-04,200228,99,62
2026-03-04,200198,246,105
2026-03-04,200201,236,85
2026-03-04,200147,150,172
2026-03-04,200181,190,80
2026-03-04,200182,55,169
2026-03-04,200098,146,166
2026-03-04,200161,89,60
2026-03-04,200008,189,108
2026-03-04,200049,128,177
2026-03-04,200111,235,45
2026-03-04,200006,204,136
2026-03-04,200141,119,45
2026-03-04,200102,183,124
2026-03-04,200164,82,160
2026-03-04,200104,44,76
2026-03-04,200055,131,154
2026-03-04,200126,87,43
2026-03-04,200059,133,93
2026-03-04,200117,52,20
2026-03-04,200233,95,114
2026-03-04,200247,37,116
2026-03-04,200097,0,46
2026-03-04,200246,172,55
2026-03-04,200118,158,123
2026-03-04,200174,157,138
2026-03-04,200052,184,66
2026-03-04,200221,36,134
2026-03-04,200046,208,80
2026-03-04,200031,124,67
2026-03-04,200105,164,56
2026-03-04,200242,206,126
2026-03-04,200053,114,42
2026-03-04,200178,173,130
2026-03-04,200044,185,122
2026-03-04,200116,41,114
2026-03-04,200163,68,62
2026-03-04,200030,38,158
2026-03-04,200041,99,146
2026-03-04,200125,161,113
2026-03-04,200121,223,145
2026-03-04,200236,240,112
2026-03-04,200211,105,108
2026-03-04,200114,63,122
2026-03-04,200050,85,35
2026-03-04,200047,112,126
2026-03-04,200112,166,53
2026-03-04,200010,143,44
2026-03-04,200014,168,20
2026-03-04,200075,168,67
2026-03-04,200143,53,40
2026-03-04,200165,240,108
2026-03-04,200025,130,112
2026-03-04,200186,155,115
2026-03-04,200106,7,98
2026-03-04,200215,80,57
2026-03-04,200230,103,167
2026-03-04,200185,187,86
2026-03-04,200077,34,44
2026-03-04,200203,115,55
2026-03-04,200216,115,109
2026-03-04,200064,242,104
2026-03-04,200011,143,173
2026-03-04,200183,31,112
2026-03-04,200056,150,89
2026-03-04,200210,31,26
2026-03-04,200148,107,60
2026-03-04,200035,75,104
2026-03-04,200024,35,42
2026-03-11,200044,59,84
2026-03-11,200128,84,163
2026-03-11,200178,147,128
2026-03-11,200210,246,145
2026-03-11,200080,158,109
2026-03-11,200089,146,62
2026-03-11,200201,226,155
2026-03-11,200220,229,144
2026-03-11,200164,59,111
2026-03-11,200208,129,36
2026-03-11,200118,225,50
2026-03-11,200204,237,44
2026-03-11,200186,214,71
2026-03-11,200133,153,24
2026-03-11,200056,144,134
2026-03-11,200236,172,174
2026-03-11,200175,144,67
2026-03-11,200226,25,92
2026-03-11,200176,137,149
2026-03-11,200235,169,126
2026-03-11,200244,135,108
2026-03-11,200108,52,157
2026-03-11,200053,136,129
2026-03-11,200076,214,103
2026-03-11,200082,107,98
2026-03-11,200137,55,25
2026-03-11,200217,245,74
2026-03-11,200111,47,146
2026-03-11,200135,146,150
2026-03-11,200096,38,65
2026-03-11,200147,183,128
2026-03-11,200221,139,123
2026-03-11,200059,189,163
2026-03-11,200183,65,111
2026-03-11,200123,168,176
2026-03-11,200113,123,84
2026-03-11,200067,221,118
2026-03-11,200072,119,115
2026-03-11,200075,30,45
2026-03-11,200157,216,139
2026-03-11,200063,112,140
2026-03-11,200041,141,123
2026-03-11,200142,32,78
2026-03-11,200139,242,152
2026-03-11,200069,181,139
2026-03-11,200085,182,136
2026-03-11,200149,237,110
2026-03-11,200233,218,171
2026-03-11,200074,35,109
2026-03-11,200093,134,104
2026-03-11,200127,77,86
2026-03-11,200095,223,124
2026-03-11,200237,46,63
2026-03-11,200101,64,75
2026-03-11,200006,178,58
2026-03-11,200046,108,35
2026-03-11,200066,229,100
2026-03-11,200207,227,149
2026-03-11,200084,107,40
2026-03-11,200014,156,136
2026-03-11,200122,36,66
2026-03-11,200003,179,67
2026-03-11,200214,83,32
2026-03-11,200021,120,50
2026-03-11,200005,107,27
2026-03-11,200024,62,79
2026-03-11,200045,21,163
2026-03-11,200054,231,47
2026-03-11,200062,102,171
2026-03-11,200190,45,130
2026-03-11,200012,237,163
2026-03-11,200136,211,62
2026-03-11,200194,62,150
2026-03-11,200166,201,100
2026-03-11,200185,45,36
2026-03-11,200181,183,107
2026-03-11,200065,69,38
2026-03-11,200197,195,56
2026-03-11,200022,223,146
2026-03-11,200035,216,51
2026-03-11,200212,9,154
2026-03-11,200174,2,135
2026-03-11,200117,195,60
2026-03-11,200160,209,175
2026-03-11,200061,244,105
2026-03-11,200247,48,63
2026-03-11,200086,100,65
2026-03-11,200148,84,164
2026-03-11,200145,193,50
2026-03-11,200150,248,49
2026-03-11,200090,21,104
2026-03-11,200130,109,27
2026-03-11,200016,160,154
2026-03-11,200187,148,168
2026-03-11,200020,3,136
2026-03-11,200058,110,28
2026-03-11,200239,105,128
2026-03-11,200055,146,92
2026-03-11,200124,81,110
2026-03-11,200116,50,32
2026-03-18,200174,224,151
2026-03-18,200015,239,170
2026-03-18,200175,25,142
2026-03-18,200010,226,158
2026-03-18,200140,153,149
2026-03-18,200094,28,34
2026-03-18,200107,153,37
2026-03-18,200187,95,139
2026-03-18,200050,109,42
2026-03-18,200173,26,28
2026-03-18,200170,21,63
2026-03-18,200195,90,147
2026-03-18,200226,87,142
2026-03-18,200122,209,26
2026-03-18,200243,151,149
2026-03-18,200002,86,53
2026-03-18,200186,103,46
2026-03-18,200058,57,125
2026-03-18,200244,57,160
2026-03-18,200080,108,147
2026-03-18,200205,163,59
2026-03-18,200024,118,22
2026-03-18,200090,56,160
2026-03-18,200152,162,176
2026-03-18,200025,90,171
2026-03-18,200202,242,167
2026-03-18,200155,152,177
2026-03-18,200055,119,81
2026-03-18,200112,140,167
2026-03-18,200078,29,76
2026-03-18,200139,156,29
2026-03-18,200085,39,163
2026-03-18,200215,54,66
2026-03-18,200068,172,141
2026-03-18,200091,149,124
2026-03-18,200194,27,42
2026-03-18,200236,110,35
2026-03-18,200056,74,152
2026-03-18,200166,170,154
2026-03-18,200128,15,69
2026-03-18,200134,134,26
2026-03-18,200079,108,63
2026-03-18,200008,3,58
2026-03-18,200233,162,24
2026-03-18,200204,42,64
2026-03-18,200172,93,155
2026-03-18,200099,163,85
2026-03-18,200031,239,124
2026-03-18,200182,126,36
2026-03-18,200133,24,103
2026-03-18,200087,69,44
2026-03-18,200234,217,152
2026-03-18,200164,81,71
2026-03-18,200072,5,94
2026-03-18,200113,44,102
2026-03-18,200222,150,169
2026-03-18,200168,58,38
2026-03-18,200029,170,73
2026-03-18,200171,203,45
2026-03-18,200121,160,142
2026-03-18,200057,79,112
2026-03-18,200229,206,119
2026-03-18,200092,49,168
2026-03-18,200081,222,148
2026-03-18,200036,153,133
2026-03-18,200124,83,95
2026-03-18,200061,60,21
2026-03-18,200218,239,112
2026-03-18,200156,213,46
2026-03-18,200067,245,123
2026-03-18,200211,60,36
2026-03-18,200116,78,121
2026-03-18,200048,223,153
2026-03-18,200209,243,166
2026-03-18,200207,238,176
2026-03-18,200129,175,55
2026-03-18,200221,36,138
2026-03-18,200052,232,42
2026-03-18,200123,29,179
2026-03-18,200035,73,63
2026-03-18,200188,86,31
2026-03-18,200060,90,96
2026-03-18,200159,108,46
2026-03-18,200083,138,138
2026-03-18,200082,228,136
2026-03-18,200042,52,97
2026-03-18,200161,13,149
2026-03-18,200245,5,143
2026-03-18,200032,166,36
2026-03-18,200125,159,49
2026-03-18,200118,42,63
2026-03-18,200003,230,148
2026-03-18,200040,203,82
2026-03-18,200201,122,147
2026-03-18,200049,12,69
2026-03-18,200004,159,45
2026-03-18,200027,0,81
2026-03-18,200127,40,89
2026-03-18,200160,102,124
2026-03-18,200064,147,131
2026-03-25,200128,174,95
2026-03-25,200189,40,170
2026-03-25,200214,204,122
2026-03-25,200099,83,170
2026-03-25,200096,167,66
2026-03-25,200019,2,75
2026-03-25,200152,27,121
2026-03-25,200224,144,115
2026-03-25,200036,152,114
2026-03-25,200234,164,128
2026-03-25,200173,11,75
2026-03-25,200014,28,162
2026-03-25,200157,73,55
2026-03-25,200050,125,41
2026-03-25,200095,144,30
2026-03-25,200245,98,119
2026-03-25,200198,115,86
2026-03-25,200075,59,137
2026-03-25,200089,110,58
2026-03-25,200138,191,94
2026-03-25,200081,153,51
2026-03-25,200091,166,111
2026-03-25,200100,234,94
2026-03-25,200029,41,155
2026-03-25,200203,95,93
2026-03-25,200242,216,120
2026-03-25,200009,229,130
2026-03-25,200072,246,125
2026-03-25,200098,66,35
2026-03-25,200084,214,178
2026-03-25,200060,225,130
2026-03-25,200218,77,71
2026-03-25,200130,54,171
2026-03-25,200103,21,26
2026-03-25,200043,24,171
2026-03-25,200161,11,23
2026-03-25,200104,159,32
2026-03-25,200046,125,87
2026-03-25,200172,73,45
2026-03-25,200090,51,116
2026-03-25,200008,162,108
2026-03-25,200237,163,167
2026-03-25,200144,129,129
2026-03-25,200068,79,151
2026-03-25,200032,138,172
2026-03-25,200212,165,40
2026-03-25,200124,234,128
2026-03-25,200022,37,20
2026-03-25,200027,121,125
2026-03-25,200247,224,101
2026-03-25,200143,98,158
2026-03-25,200013,6,152
2026-03-25,200233,0,73
2026-03-25,200199,130,66
2026-03-25,200226,142,105
2026-03-25,200220,68,79
2026-03-25,200018,149,169
2026-03-25,200155,111,74
2026-03-25,200180,88,98
2026-03-25,200194,210,111
2026-03-25,200129,155,142
2026-03-25,200196,139,59
2026-03-25,200118,219,163
2026-03-25,200207,223,103
2026-03-25,200140,59,129
2026-03-25,200227,11,166
2026-03-25,200136,146,85
2026-03-25,200064,103,130
2026-03-25,200070,84,99
2026-03-25,200133,0,131
2026-03-25,200145,151,167
2026-03-25,200147,172,93
2026-03-25,200023,92,139
2026-03-25,200174,45,133
2026-03-25,200184,97,26
2026-03-25,200071,180,158
2026-03-25,200148,151,61
2026-03-25,200162,241,130
2026-03-25,200020,73,50
2026-03-25,200200,37,20
2026-03-25,200106,182,113
2026-03-25,200208,243,84
2026-03-25,200087,242,104
2026-03-25,200059,138,160
2026-03-25,200052,245,82
2026-03-25,200038,26,154
2026-03-25,200188,242,92
2026-03-25,200006,48,124
2026-03-25,200176,40,58
2026-03-25,200102,177,133
2026-03-25,200035,105,152
2026-03-25,200012,222,58
2026-03-25,200125,1,147
2026-03-25,200049,191,97
2026-03-25,200151,179,167
2026-03-25,200182,165,74
2026-03-25,200158,195,158
2026-03-25,200061,112,128
2026-03-25,200127,155,110
2026-03-25,200016,16,137
2026-04-01,200058,153,34
2026-04-01,200187,84,158
2026-04-01,200126,226,86
2026-04-01,200193,44,174
2026-04-01,200016,55,93
2026-04-01,200188,223,68
2026-04-01,200090,96,117
2026-04-01,200028,21,111
2026-04-01,200245,13,140
2026-04-01,200033,89,25
2026-04-01,200138,122,112
2026-04-01,200180,227,52
2026-04-01,200151,76,161
2026-04-01,200045,224,88
2026-04-01,200079,93,67
2026-04-01,200191,10,24
2026-04-01,200198,201,88
2026-04-01,200064,188,49
2026-04-01,200091,54,145
2026-04-01,200147,143,69
2026-04-01,200232,126,120
2026-04-01,200166,131,150
2026-04-01,200234,215,63
2026-04-01,200068,176,177
2026-04-01,200235,67,58
2026-04-01,200143,162,81
2026-04-01,200012,111,40
2026-04-01,200183,77,150
2026-04-01,200225,65,115
2026-04-01,200244,4,42
2026-04-01,200108,0,39
2026-04-01,200176,209,32
2026-04-01,200159,207,132
2026-04-01,200048,7,86
2026-04-01,200110,206,158
2026-04-01,200076,87,33
2026-04-01,200213,149,148
2026-04-01,200060,122,140
2026-04-01,200017,178,73
2026-04-01,200238,88,72
2026-04-01,200070,245,138
2026-04-01,200148,189,116
2026-04-01,200200,18,57
2026-04-01,200121,97,127
2026-04-01,200035,176,43
2026-04-01,200111,21,93
2026-04-01,200096,33,107
2026-04-01,200202,182,121
2026-04-01,200118,90,112
2026-04-01,200019,136,87
2026-04-01,200222,102,164
2026-04-01,200105,153,155
2026-04-01,200230,151,67
2026-04-01,200114,177,173
2026-04-01,200093,96,132
2026-04-01,200032,75,93
2026-04-01,200026,45,135
2026-04-01,200086,71,91
2026-04-01,200095,207,40
2026-04-01,200199,150,120
2026-04-01,200037,114,166
2026-04-01,200089,98,40
2026-04-01,200228,69,71
2026-04-01,200062,97,54
2026-04-01,200195,230,160
2026-04-01,200030,106,164
2026-04-01,200196,120,95
2026-04-01,200077,48,35
2026-04-01,200063,128,53
2026-04-01,200129,126,95
2026-04-01,200039,131,65
2026-04-01,200125,181,27
2026-04-01,200164,188,172
2026-04-01,200040,99,75
2026-04-01,200136,222,23
2026-04-01,200140,109,94
2026-04-01,200207,187,146
2026-04-01,200036,7,64
2026-04-01,200167,232,177
2026-04-01,200104,242,89
2026-04-01,200219,61,95
2026-04-01,200055,213,124
2026-04-01,200201,36,165
2026-04-01,200184,191,83
2026-04-01,200067,232,132
2026-04-01,200177,42,145
2026-04-01,200212,45,37
2026-04-01,200043,147,66
2026-04-01,200001,128,33
2026-04-01,200046,236,54
2026-04-01,200160,26,39
2026-04-01,200029,78,165
2026-04-01,200116,85,100
2026-04-01,200181,213,57
2026-04-01,200161,150,43
2026-04-01,200119,75,113
2026-04-01,200041,165,138
2026-04-01,200175,195,72
2026-04-01,200097,32,77
2026-04-01,200144,134,52
2026-04-08,200226,9,121
2026-04-08,200127,28,104
2026-04-08,200211,92,155
2026-04-08,200124,220,164
2026-04-08,200165,10,169
2026-04-08,200196,57,59
2026-04-08,200036,115,88
2026-04-08,200129,50,61
2026-04-08,200062,32,172
2026-04-08,200207,14,139
2026-04-08,200051,178,60
2026-04-08,200130,204,34
2026-04-08,200232,212,102
2026-04-08,200204,221,32
2026-04-08,200128,26,111
2026-04-08,200244,113,169
2026-04-08,200116,8,99
2026-04-08,200104,225,168
2026-04-08,200029,39,39
2026-04-08,200167,159,91
2026-04-08,200038,29,170
2026-04-08,200012,83,22
2026-04-08,200109,160,46
2026-04-08,200046,70,107
2026-04-08,200025,120,53
2026-04-08,200096,173,139
2026-04-08,200097,138,88
2026-04-08,200030,11,165
2026-04-08,200069,146,38
2026-04-08,200245,60,35
2026-04-08,200157,132,62
2026-04-08,200033,219,150
2026-04-08,200138,185,100
2026-04-08,200147,81,55
2026-04-08,200113,75,173
2026-04-08,200180,17,85
2026-04-08,200084,209,175
2026-04-08,200006,29,44
2026-04-08,200107,244,96
2026-04-08,200070,75,109
2026-04-08,200187,25,130
2026-04-08,200176,100,82
2026-04-08,200191,202,123
2026-04-08,200111,96,148
2026-04-08,200017,53,171
2026-04-08,200112,40,39
2026-04-08,200119,178,147
2026-04-08,200206,33,103
2026-04-08,200220,236,85
2026-04-08,200161,139,35
2026-04-08,200235,114,143
2026-04-08,200205,92,122
2026-04-08,200103,145,151
2026-04-08,200188,96,56
2026-04-08,200044,127,96
2026-04-08,200154,133,165
2026-04-08,200222,117,104
2026-04-08,200018,30,108
2026-04-08,200047,245,73
2026-04-08,200177,79,74
2026-04-08,200199,249,108
2026-04-08,200100,217,176
2026-04-08,200173,74,120
2026-04-08,200106,61,171
2026-04-08,200193,187,73
2026-04-08,200023,206,30
2026-04-08,200137,170,142
2026-04-08,200182,92,160
2026-04-08,200158,69,129
2026-04-08,200056,238,110
2026-04-08,200078,154,123
2026-04-08,200223,149,72
2026-04-08,200118,148,171
2026-04-08,200213,143,64
2026-04-08,200134,103,109
2026-04-08,200086,62,97
2026-04-08,200054,61,69
2026-04-08,200163,160,91
2026-04-08,200160,234,141
2026-04-08,200186,190,96
2026-04-08,200042,156,166
2026-04-08,200239,5,162
2026-04-08,200142,20,43
2026-04-08,200091,191,54
2026-04-08,200178,45,72
2026-04-08,200065,177,126
2026-04-08,200131,232,120
2026-04-08,200035,1,134
2026-04-08,200001,242,145
2026-04-08,200168,126,56
2026-04-08,200148,51,109
2026-04-08,200108,78,151
2026-04-08,200201,78,74
2026-04-08,200164,38,49
2026-04-08,200015,226,26
2026-04-08,200122,115,60
2026-04-08,200152,176,113
2026-04-08,200246,159,63
2026-04-08,200190,6,165
2026-04-08,200172,17,157
2026-04-15,200219,129,30
2026-04-15,200037,222,168
2026-04-15,200015,120,95
2026-04-15,200214,156,58
2026-04-15,200237,69,161
2026-04-15,200134,71,40
2026-04-15,200026,72,107
2026-04-15,200075,49,94
2026-04-15,200032,128,122
2026-04-15,200136,246,73
2026-04-15,200044,92,78
2026-04-15,200220,203,106
2026-04-15,200082,122,68
2026-04-15,200239,166,141
2026-04-15,200008,40,125
2026-04-15,200216,10,61
2026-04-15,200160,164,125
2026-04-15,200154,54,39
2026-04-15,200010,143,32
2026-04-15,200241,108,145
2026-04-15,200198,221,117
2026-04-15,200204,231,146
2026-04-15,200071,82,62
2026-04-15,200235,220,50
2026-04-15,200121,229,127
2026-04-15,200231,140,176
2026-04-15,200164,144,168
2026-04-15,200130,62,132
2026-04-15,200089,80,141
2026-04-15,200148,69,30
2026-04-15,200052,74,128
2026-04-15,200184,106,153
2026-04-15,200191,107,29
2026-04-15,200183,249,123
2026-04-15,200185,189,47
2026-04-15,200151,122,36
2026-04-15,200003,218,123
2026-04-15,200147,146,25
2026-04-15,200158,114,63
2026-04-15,200040,10,177
2026-04-15,200004,113,36
2026-04-15,200173,162,59
2026-04-15,200066,225,178
2026-04-15,200099,136,64
2026-04-15,200149,194,105
2026-04-15,200033,131,132
2026-04-15,200187,203,100
2026-04-15,200174,232,65
2026-04-15,200024,67,54
2026-04-15,200102,77,88
2026-04-15,200186,205,110
2026-04-15,200039,35,152
2026-04-15,200222,127,161
2026-04-15,200095,86,171
2026-04-15,200206,189,129
2026-04-15,200081,1,59
2026-04-15,200205,203,147
2026-04-15,200166,190,69
2026-04-15,200002,38,83
2026-04-15,200061,21,109
2026-04-15,200207,66,156
2026-04-15,200116,65,112
2026-04-15,200195,116,168
2026-04-15,200038,69,172
2026-04-15,200007,126,52
2026-04-15,200238,67,105
2026-04-15,200218,166,101
2026-04-15,200131,38,145
2026-04-15,200023,80,132
2026-04-15,200096,128,117
2026-04-15,200047,128,92
2026-04-15,200244,106,85
2026-04-15,200034,38,22
2026-04-15,200196,245,77
2026-04-15,200232,60,83
2026-04-15,200144,131,158
2026-04-15,200111,239,51
2026-04-15,200022,239,75
2026-04-15,200197,105,127
2026-04-15,200109,218,123
2026-04-15,200050,109,177
2026-04-15,200155,78,172
2026-04-15,200168,132,115
2026-04-15,200072,216,152
2026-04-15,200159,148,53
2026-04-15,200053,10,111
2026-04-15,200035,202,177
2026-04-15,200228,115,158
2026-04-15,200139,162,147
2026-04-15,200005,49,44
2026-04-15,200017,237,178
2026-04-15,200086,111,128
2026-04-15,200199,68,48
2026-04-15,200110,194,115
2026-04-15,200230,149,125
2026-04-15,200119,229,22
2026-04-15,200157,196,144
2026-04-15,200028,191,116
2026-04-15,200063,143,114
2026-04-15,200087,248,161
2026-04-22,200144,135,168
2026-04-22,200101,125,37
2026-04-22,200054,49,47
2026-04-22,200182,133,89
2026-04-22,200203,130,26
2026-04-22,200079,42,89
2026-04-22,200208,159,152
2026-04-22,200188,29,71
2026-04-22,200184,20,138
2026-04-22,200181,30,166
2026-04-22,200078,169,70
2026-04-22,200180,200,123
2026-04-22,200032,89,179
2026-04-22,200008,167,120
2026-04-22,200193,214,36
2026-04-22,200020,91,93
2026-04-22,200242,82,66
2026-04-22,200061,183,124
2026-04-22,200162,138,56
2026-04-22,200241,42,128
2026-04-22,200089,143,83
2026-04-22,200036,94,154
2026-04-22,200102,54,41
2026-04-22,200060,141,44
2026-04-22,200223,19,121
2026-04-22,200038,22,123
2026-04-22,200228,74,147
2026-04-22,200029,117,162
2026-04-22,200212,218,75
2026-04-22,200140,141,90
2026-04-22,200219,219,78
2026-04-22,200082,210,158
2026-04-22,200030,78,30
2026-04-22,200120,172,72
2026-04-22,200071,119,42
2026-04-22,200068,166,20
2026-04-22,200064,136,80
2026-04-22,200198,71,147
2026-04-22,200113,25,62
2026-04-22,200174,36,102
2026-04-22,200131,46,98
2026-04-22,200100,28,156
2026-04-22,200073,40,128
2026-04-22,200230,184,22
2026-04-22,200075,24,40
2026-04-22,200154,162,53
2026-04-22,200199,40,89
2026-04-22,200035,139,111
2026-04-22,200139,162,174
2026-04-22,200007,84,81
2026-04-22,200153,216,70
2026-04-22,200010,173,161
2026-04-22,200109,205,48
2026-04-22,200159,155,162
2026-04-22,200222,38,48
2026-04-22,200202,103,162
2026-04-22,200205,177,44
2026-04-22,200065,50,141
2026-04-22,200019,231,133
2026-04-22,200216,170,153
2026-04-22,200015,83,140
2026-04-22,200192,208,62
2026-04-22,200160,186,145
2026-04-22,200229,52,159
2026-04-22,200232,196,76
2026-04-22,200116,153,30
2026-04-22,200097,34,65
2026-04-22,200165,214,157
2026-04-22,200093,145,115
2026-04-22,200016,208,153
2026-04-22,200033,86,83
2026-04-22,200026,137,43
2026-04-22,200157,184,23
2026-04-22,200069,114,177
2026-04-22,200156,62,132
2026-04-22,200122,244,25
2026-04-22,200028,7,69
2026-04-22,200128,149,121
2026-04-22,200074,62,80
2026-04-22,200245,14,168
2026-04-22,200027,104,144
2026-04-22,200243,187,60
2026-04-22,200196,219,141
2026-04-22,200163,11,70
2026-04-22,200136,184,115
2026-04-22,200072,77,136
2026-04-22,200009,189,158
2026-04-22,200176,231,60
2026-04-22,200047,124,162
2026-04-22,200164,14,54
2026-04-22,200204,191,121
2026-04-22,200190,171,150
2026-04-22,200106,98,61
2026-04-22,200045,138,136
2026-04-22,200186,173,75
2026-04-22,200236,227,177
2026-04-22,200056,159,53
2026-04-22,200218,42,21
2026-04-22,200040,60,94
2026-04-22,200135,155,127
2026-04-29,200137,49,122
2026-04-29,200082,176,42
2026-04-29,200143,123,149
2026-04-29,200005,45,26
2026-04-29,200066,134,27
2026-04-29,200007,52,111
2026-04-29,200086,175,37
2026-04-29,200154,178,99
2026-04-29,200162,133,78
2026-04-29,200152,159,138
2026-04-29,200226,231,159
2026-04-29,200201,205,74
2026-04-29,200139,45,70
2026-04-29,200116,15,52
2026-04-29,200073,31,49
2026-04-29,200054,110,151
2026-04-29,200212,1,127
2026-04-29,200025,249,116
2026-04-29,200172,199,65
2026-04-29,200175,14,41
2026-04-29,200206,192,173
2026-04-29,200114,134,169
2026-04-29,200166,180,147
2026-04-29,200194,230,124
2026-04-29,200081,198,37
2026-04-29,200108,137,74
2026-04-29,200113,55,161
2026-04-29,200148,85,60
2026-04-29,200119,156,106
2026-04-29,200136,105,166
2026-04-29,200122,21,68
2026-04-29,200182,84,24
2026-04-29,200096,247,48
2026-04-29,200105,218,42
2026-04-29,200135,179,34
2026-04-29,200040,84,159
2026-04-29,200090,84,123
2026-04-29,200078,143,90
2026-04-29,200018,187,39
2026-04-29,200134,135,93
2026-04-29,200087,168,132
2026-04-29,200101,209,169
2026-04-29,200191,46,108
2026-04-29,200016,70,161
2026-04-29,200003,162,64
2026-04-29,200035,212,166
2026-04-29,200171,200,115
2026-04-29,200151,81,134
2026-04-29,200015,4,174
2026-04-29,200176,85,156
2026-04-29,200233,54,124
2026-04-29,200200,137,37
2026-04-29,200247,82,147
2026-04-29,200155,171,42
2026-04-29,200103,22,168
2026-04-29,200110,229,105
2026-04-29,200058,209,55
2026-04-29,200031,194,99
2026-04-29,200186,96,89
2026-04-29,200145,197,32
2026-04-29,200008,171,150
2026-04-29,200041,54,149
2026-04-29,200084,129,58
2026-04-29,200196,138,86
2026-04-29,200228,200,70
2026-04-29,200002,135,177
2026-04-29,200026,193,72
2026-04-29,200165,141,121
2026-04-29,200006,20,60
2026-04-29,200238,68,23
2026-04-29,200144,231,20
2026-04-29,200236,63,56
2026-04-29,200124,142,106
2026-04-29,200245,157,108
2026-04-29,200022,212,157
2026-04-29,200053,53,179
2026-04-29,200232,124,111
2026-04-29,200220,109,119
2026-04-29,200167,59,155
2026-04-29,200177,58,81
2026-04-29,200059,235,81
2026-04-29,200138,180,138
2026-04-29,200042,113,132
2026-04-29,200174,45,151
2026-04-29,200205,14,85
2026-04-29,200088,215,98
2026-04-29,200213,233,163
2026-04-29,200051,212,80
2026-04-29,200158,171,43
2026-04-29,200024,68,27
2026-04-29,200221,137,122
2026-04-29,200242,216,147
2026-04-29,200060,197,54
2026-04-29,200219,228,123
2026-04-29,200203,133,141
2026-04-29,200142,125,68
2026-04-29,200032,83,62
2026-04-29,200080,79,109
2026-04-29,200095,179,30
2026-04-29,200164,30,178
2026-05-06,200172,219,175
2026-05-06,200074,63,148
2026-05-06,200137,66,125
2026-05-06,200050,11,43
2026-05-06,200190,130,176
2026-05-06,200062,182,110
2026-05-06,200028,132,108
2026-05-06,200124,166,50
2026-05-06,200031,203,105
2026-05-06,200138,98,46
2026-05-06,200196,143,160
2026-05-06,200009,145,28
2026-05-06,200117,234,148
2026-05-06,200116,3,106
2026-05-06,200160,208,34
2026-05-06,200197,111,67
2026-05-06,200065,52,86
2026-05-06,200132,217,141
2026-05-06,200096,200,107
2026-05-06,200061,105,20
2026-05-06,200121,5,177
2026-05-06,200002,103,41
2026-05-06,200111,248,25
2026-05-06,200185,84,173
2026-05-06,200032,58,172
2026-05-06,200166,227,101
2026-05-06,200214,100,120
2026-05-06,200037,59,143
2026-05-06,200247,132,118
2026-05-06,200077,224,137
2026-05-06,200228,47,148
2026-05-06,200113,200,91
2026-05-06,200005,165,78
2026-05-06,200141,228,64
2026-05-06,200081,173,105
2026-05-06,200071,187,138
2026-05-06,200136,36,146
2026-05-06,200017,136,58
2026-05-06,200154,153,68
2026-05-06,200211,130,136
2026-05-06,200149,237,162
2026-05-06,200206,79,111
2026-05-06,200068,145,57
2026-05-06,200169,216,80
2026-05-06,200230,157,50
2026-05-06,200073,8,83
2026-05-06,200059,5,77
2026-05-06,200159,69,31
2026-05-06,200066,81,71
2026-05-06,200099,89,152
2026-05-06,200231,110,127
2026-05-06,200157,132,123
2026-05-06,200015,143,105
2026-05-06,200023,56,154
2026-05-06,200207,80,76
2026-05-06,200043,98,123
2026-05-06,200224,10,121
2026-05-06,200102,207,31
2026-05-06,200155,212,59
2026-05-06,200188,28,33
2026-05-06,200180,197,28
2026-05-06,200219,135,31
2026-05-06,200179,9,124
2026-05-06,200176,199,162
2026-05-06,200085,222,69
2026-05-06,200027,39,114
2026-05-06,200067,211,99
2026-05-06,200152,174,139
2026-05-06,200177,16,62
2026-05-06,200244,180,52
2026-05-06,200080,126,179
2026-05-06,200168,203,24
2026-05-06,200128,147,162
2026-05-06,200110,243,141
2026-05-06,200208,119,105
2026-05-06,200001,248,84
2026-05-06,200210,12,69
2026-05-06,200133,80,37
2026-05-06,200093,144,123
2026-05-06,200122,178,177
2026-05-06,200101,99,123
2026-05-06,200209,176,68
2026-05-06,200245,222,50
2026-05-06,200014,220,99
2026-05-06,200054,87,173
2026-05-06,200070,47,97
2026-05-06,200115,90,66
2026-05-06,200060,179,20
2026-05-06,200191,190,95
2026-05-06,200178,52,68
2026-05-06,200120,175,146
2026-05-06,200142,92,91
2026-05-06,200030,163,59
2026-05-06,200194,73,154
2026-05-06,200195,30,171
2026-05-06,200056,93,43
2026-05-06,200082,20,20
2026-05-06,200040,14,21
2026-05-06,200246,112,44
2026-05-06,200098,161,125
2026-05-13,200091,105,34
2026-05-13,200045,212,92
2026-05-13,200174,25,136
2026-05-13,200121,226,160
2026-05-13,200022,38,89
2026-05-13,200183,114,170
2026-05-13,200219,208,91
2026-05-13,200228,106,105
2026-05-13,200212,120,172
2026-05-13,200214,49,163
2026-05-13,200236,188,110
2026-05-13,200118,27,91
2026-05-13,200186,56,137
2026-05-13,200226,7,170
2026-05-13,200056,1,36
2026-05-13,200215,33,25
2026-05-13,200096,242,54
2026-05-13,200225,168,148
2026-05-13,200151,228,149
2026-05-13,200095,241,140
2026-05-13,200133,120,155
2026-05-13,200003,28,105
2026-05-13,200117,239,92
2026-05-13,200023,213,138
2026-05-13,200161,153,176
2026-05-13,200025,113,55
2026-05-13,200006,154,138
2026-05-13,200223,52,58
2026-05-13,200147,150,150
2026-05-13,200197,157,170
2026-05-13,200173,57,116
2026-05-13,200114,114,45
2026-05-13,200135,237,126
2026-05-13,200176,116,99
2026-05-13,200053,245,129
2026-05-13,200052,118,107
2026-05-13,200155,153,159
2026-05-13,200099,208,42
2026-05-13,200124,106,166
2026-05-13,200055,44,92
2026-05-13,200029,184,107
2026-05-13,200038,28,48
2026-05-13,200206,167,142
2026-05-13,200166,140,29
2026-05-13,200086,191,76
2026-05-13,200107,76,23
2026-05-13,200195,46,78
2026-05-13,200102,164,152
2026-05-13,200106,195,122
2026-05-13,200177,89,130
2026-05-13,200245,95,137
2026-05-13,200088,212,90
2026-05-13,200200,9,112
2026-05-13,200104,4,178
2026-05-13,200108,125,132
2026-05-13,200144,120,133
2026-05-13,200156,33,121
2026-05-13,200148,141,25
2026-05-13,200035,70,67
2026-05-13,200014,40,138
2026-05-13,200032,119,26
2026-05-13,200141,114,157
2026-05-13,200070,179,28
2026-05-13,200065,109,145
2026-05-13,200090,2,97
2026-05-13,200216,241,101
2026-05-13,200064,175,174
2026-05-13,200157,160,136
2026-05-13,200221,209,163
2026-05-13,200016,178,160
2026-05-13,200087,3,61
2026-05-13,200190,38,116
2026-05-13,200234,28,141
2026-05-13,200201,13,112
2026-05-13,200208,80,172
2026-05-13,200042,169,117
2026-05-13,200227,62,119
2026-05-13,200189,155,165
2026-05-13,200188,127,99
2026-05-13,200002,163,172
2026-05-13,200027,112,31
2026-05-13,200243,179,113
2026-05-13,200111,77,108
2026-05-13,200008,223,101
2026-05-13,200146,7,144
2026-05-13,200113,19,156
2026-05-13,200122,118,163
2026-05-13,200057,89,87
2026-05-13,200061,238,107
2026-05-13,200217,194,177
2026-05-13,200094,46,64
2026-05-13,200231,148,73
2026-05-13,200170,50,113
2026-05-13,200009,96,60
2026-05-13,200080,149,121
2026-05-13,200085,170,53
2026-05-13,200159,13,115
2026-05-13,200073,2,145
2026-05-13,200072,232,118
2026-05-13,200204,110,162
2026-05-20,200174,17,106
2026-05-20,200043,197,159
2026-05-20,200133,14,26
2026-05-20,200151,143,43
2026-05-20,200182,54,99
2026-05-20,200012,134,101
2026-05-20,200142,97,56
2026-05-20,200179,98,171
2026-05-20,200033,48,51
2026-05-20,200021,27,116
2026-05-20,200204,75,144
2026-05-20,200064,106,127
2026-05-20,200005,218,32
2026-05-20,200111,169,79
2026-05-20,200115,99,135
2026-05-20,200034,33,37
2026-05-20,200167,102,30
2026-05-20,200052,130,126
2026-05-20,200131,198,95
2026-05-20,200032,0,76
2026-05-20,200234,108,35
2026-05-20,200215,52,78
2026-05-20,200189,171,123
2026-05-20,200113,3,23
2026-05-20,200224,183,107
2026-05-20,200222,183,147
2026-05-20,200177,1,95
2026-05-20,200158,152,143
2026-05-20,200049,138,102
2026-05-20,200077,42,152
2026-05-20,200006,23,151
2026-05-20,200014,155,108
2026-05-20,200063,204,85
2026-05-20,200048,216,64
2026-05-20,200028,184,171
2026-05-20,200153,47,24
2026-05-20,200102,18,126
2026-05-20,200053,52,152
2026-05-20,200143,11,118
2026-05-20,200220,72,165
2026-05-20,200241,104,79
2026-05-20,200004,204,80
2026-05-20,200201,123,112
2026-05-20,200152,89,112
2026-05-20,200061,154,74
2026-05-20,200164,111,168
2026-05-20,200026,221,104
2026-05-20,200162,162,35
2026-05-20,200042,116,136
2026-05-20,200003,37,29
2026-05-20,200214,125,74
2026-05-20,200202,99,122
2026-05-20,200172,1,81
2026-05-20,200225,101,174
2026-05-20,200098,245,157
2026-05-20,200074,104,84
2026-05-20,200237,9,119
2026-05-20,200232,40,160
2026-05-20,200071,113,32
2026-05-20,200129,40,174
2026-05-20,200216,84,140
2026-05-20,200007,122,98
2026-05-20,200096,141,47
2026-05-20,200206,166,162
2026-05-20,200181,181,85
2026-05-20,200068,221,143
2026-05-20,200060,85,62
2026-05-20,200161,153,131
2026-05-20,200218,126,113
2026-05-20,200195,96,154
2026-05-20,200050,150,32
2026-05-20,200029,92,129
2026-05-20,200132,132,51
2026-05-20,200040,125,115
2026-05-20,200059,35,24
2026-05-20,200100,32,101
2026-05-20,200022,145,26
2026-05-20,200076,188,81
2026-05-20,200105,218,47
2026-05-20,200185,77,136
2026-05-20,200057,111,160
2026-05-20,200242,159,162
2026-05-20,200011,159,156
2026-05-20,200243,27,93
2026-05-20,200046,161,82
2026-05-20,200150,66,51
2026-05-20,200205,104,35
2026-05-20,200066,234,34
2026-05-20,200157,61,102
2026-05-20,200246,29,49
2026-05-20,200024,15,56
2026-05-20,200127,243,92
2026-05-20,200223,233,153
2026-05-20,200036,129,75
2026-05-20,200183,235,152
2026-05-20,200075,236,78
2026-05-20,200236,36,57
2026-05-20,200212,5,176
2026-05-20,200141,36,82
2026-05-20,200062,170,78
2026-05-27,200156,134,126
2026-05-27,200127,143,32
2026-05-27,200147,8,128
2026-05-27,200045,142,94
2026-05-27,200098,102,103
2026-05-27,200067,182,126
2026-05-27,200093,205,94
2026-05-27,200181,99,110
2026-05-27,200022,149,167
2026-05-27,200164,68,143
2026-05-27,200201,31,59
2026-05-27,200206,19,118
2026-05-27,200027,192,138
2026-05-27,200123,10,101
2026-05-27,200176,41,169
2026-05-27,200146,51,176
2026-05-27,200032,155,30
2026-05-27,200200,90,148
2026-05-27,200213,65,110
2026-05-27,200096,128,20
2026-05-27,200225,132,117
2026-05-27,200026,197,46
2026-05-27,200084,131,139
2026-05-27,200055,24,50
2026-05-27,200040,105,58
2026-05-27,200245,206,85
2026-05-27,200078,131,81
2026-05-27,200144,7,160
2026-05-27,200085,45,103
2026-05-27,200092,152,108
2026-05-27,200028,126,73
2026-05-27,200063,138,102
2026-05-27,200053,23,60
2026-05-27,200162,149,63
2026-05-27,200060,201,59
2026-05-27,200232,184,175
2026-05-27,200219,41,63
2026-05-27,200168,131,129
2026-05-27,200188,5,176
2026-05-27,200097,75,21
2026-05-27,200210,249,176
2026-05-27,200120,94,165
2026-05-27,200013,229,149
2026-05-27,200226,62,140
2026-05-27,200033,38,34
2026-05-27,200221,216,140
2026-05-27,200090,77,62
2026-05-27,200119,117,133
2026-05-27,200172,198,72
2026-05-27,200235,8,70
2026-05-27,200095,232,155
2026-05-27,200128,108,107
2026-05-27,200134,33,25
2026-05-27,200113,237,106
2026-05-27,200133,234,23
2026-05-27,200217,82,179
2026-05-27,200216,72,129
2026-05-27,200117,140,146
2026-05-27,200141,116,112
2026-05-27,200173,231,105
2026-05-27,200202,38,88
2026-05-27,200209,164,75
2026-05-27,200105,137,161
2026-05-27,200222,23,154
2026-05-27,200139,203,93
2026-05-27,200112,211,167
2026-05-27,200136,102,76
2026-05-27,200008,232,124
2026-05-27,200054,98,109
2026-05-27,200099,127,175
2026-05-27,200197,147,37
2026-05-27,200102,172,87
2026-05-27,200019,149,161
2026-05-27,200002,169,177
2026-05-27,200160,232,155
2026-05-27,200005,149,126
2026-05-27,200111,61,129
2026-05-27,200159,43,74
2026-05-27,200124,90,129
2026-05-27,200091,114,93
2026-05-27,200185,219,103
2026-05-27,200043,68,54
2026-05-27,200010,175,103
2026-05-27,200192,70,41
2026-05-27,200158,223,97
2026-05-27,200178,100,121
2026-05-27,200239,175,161
2026-05-27,200006,131,27
2026-05-27,200169,37,54
2026-05-27,200125,236,60
2026-05-27,200223,106,179
2026-05-27,200180,74,140
2026-05-27,200240,165,149
2026-05-27,200108,93,23
2026-05-27,200044,186,93
2026-05-27,200042,207,138
2026-05-27,200025,233,82
2026-05-27,200049,70,166
2026-05-27,200024,39,52
2026-05-27,200161,74,103
2026-06-03,200165,231,161
2026-06-03,200190,156,141
2026-06-03,200105,32,162
2026-06-03,200227,204,138
2026-06-03,200148,121,90
2026-06-03,200097,129,94
2026-06-03,200124,92,44
2026-06-03,200108,105,62
2026-06-03,200072,199,134
2026-06-03,200055,172,78
2026-06-03,200163,75,74
2026-06-03,200003,234,112
2026-06-03,200139,96,165
2026-06-03,200182,81,93
2026-06-03,200049,122,155
2026-06-03,200021,46,44
2026-06-03,200207,111,51
2026-06-03,200045,72,67
2026-06-03,200073,102,29
2026-06-03,200166,14,80
2026-06-03,200125,127,170
2026-06-03,200217,32,80
2026-06-03,200001,113,26
2026-06-03,200084,36,98
2026-06-03,200031,174,154
2026-06-03,200011,179,153
2026-06-03,200061,73,33
2026-06-03,200123,162,166
2026-06-03,200019,112,121
2026-06-03,200102,149,137
2026-06-03,200013,246,108
2026-06-03,200062,139,119
2026-06-03,200185,157,138
2026-06-03,200016,234,169
2026-06-03,200063,56,169
2026-06-03,200096,157,66
2026-06-03,200205,227,138
2026-06-03,200041,6,73
2026-06-03,200036,181,44
2026-06-03,200115,35,99
2026-06-03,200054,155,119
2026-06-03,200235,76,157
2026-06-03,200145,160,124
2026-06-03,200008,101,107
2026-06-03,200180,6,61
2026-06-03,200074,123,127
2026-06-03,200150,64,153
2026-06-03,200232,171,69
2026-06-03,200006,117,21
2026-06-03,200225,55,24
2026-06-03,200151,218,112
2026-06-03,200060,125,24
2026-06-03,200158,82,27
2026-06-03,200246,231,89
2026-06-03,200176,167,84
2026-06-03,200122,196,46
2026-06-03,200134,61,27
2026-06-03,200040,152,140
2026-06-03,200189,10,155
2026-06-03,200005,124,174
2026-06-03,200142,155,103
2026-06-03,200221,30,124
2026-06-03,200208,47,165
2026-06-03,200187,218,165
2026-06-03,200044,124,32
2026-06-03,200156,44,55
2026-06-03,200233,217,54
2026-06-03,200120,130,104
2026-06-03,200103,176,33
2026-06-03,200012,119,63
2026-06-03,200087,47,30
2026-06-03,200199,151,109
2026-06-03,200056,68,138
2026-06-03,200238,227,161
2026-06-03,200183,10,109
2026-06-03,200213,225,22
2026-06-03,200196,150,25
2026-06-03,200226,156,152
2026-06-03,200240,243,45
2026-06-03,200047,113,31
2026-06-03,200203,224,79
2026-06-03,200179,161,130
2026-06-03,200026,95,164
2026-06-03,200035,230,173
2026-06-03,200138,18,100
2026-06-03,200085,237,157
2026-06-03,200029,164,141
2026-06-03,200243,192,106
2026-06-03,200107,76,24
2026-06-03,200220,14,56
2026-06-03,200093,125,75
2026-06-03,200229,94,159
2026-06-03,200132,38,176
2026-06-03,200177,212,168
2026-06-03,200216,82,169
2026-06-03,200201,54,73
2026-06-03,200191,134,24
2026-06-03,200118,70,160
2026-06-03,200020,215,47
2026-06-03,200209,234,81
2026-06-10,200080,4,146
2026-06-10,200172,12,134
2026-06-10,200062,202,126
2026-06-10,200015,60,30
2026-06-10,200241,157,137
2026-06-10,200169,119,148
2026-06-10,200082,50,71
2026-06-10,200176,144,23
2026-06-10,200134,213,132
2026-06-10,200235,68,103
2026-06-10,200247,103,128
2026-06-10,200165,149,167
2026-06-10,200240,229,48
2026-06-10,200234,190,63
2026-06-10,200125,9,112
2026-06-10,200073,166,58
2026-06-10,200061,179,167
2026-06-10,200229,36,136
2026-06-10,200167,241,160
2026-06-10,200117,188,126
2026-06-10,200150,142,113
2026-06-10,200159,199,89
2026-06-10,200194,63,179
2026-06-10,200179,231,177
2026-06-10,200151,212,55
2026-06-10,200019,165,25
2026-06-10,200221,238,121
2026-06-10,200126,135,152
2026-06-10,200095,184,116
2026-06-10,200157,162,26
2026-06-10,200197,156,93
2026-06-10,200064,90,160
2026-06-10,200162,194,78
2026-06-10,200137,67,137
2026-06-10,200044,249,135
2026-06-10,200129,1,98
2026-06-10,200036,238,67
2026-06-10,200178,42,162
2026-06-10,200181,159,65
2026-06-10,200115,52,34
2026-06-10,200021,107,105
2026-06-10,200154,180,58
2026-06-10,200050,9,42
2026-06-10,200083,189,107
2026-06-10,200090,69,115
2026-06-10,200205,168,179
2026-06-10,200218,120,80
2026-06-10,200051,208,68
2026-06-10,200206,199,142
2026-06-10,200138,42,179
2026-06-10,200001,79,132
2026-06-10,200204,237,90
2026-06-10,200033,186,160
2026-06-10,200239,113,61
2026-06-10,200067,53,159
2026-06-10,200043,13,84
2026-06-10,200184,201,86
2026-06-10,200012,70,45
2026-06-10,200203,168,133
2026-06-10,200227,213,173
2026-06-10,200116,1,74
2026-06-10,200236,182,177
2026-06-10,200189,47,77
2026-06-10,200026,119,141
2026-06-10,200002,123,43
2026-06-10,200027,225,53
2026-06-10,200069,113,154
2026-06-10,200079,228,125
2026-06-10,200085,66,177
2026-06-10,200118,80,109
2026-06-10,200017,168,30
2026-06-10,200099,177,146
2026-06-10,200037,17,164
2026-06-10,200143,111,27
2026-06-10,200191,208,43
2026-06-10,200200,85,99
2026-06-10,200230,144,81
2026-06-10,200101,188,93
2026-06-10,200034,172,45
2026-06-10,200052,173,134
2026-06-10,200209,227,30
2026-06-10,200010,70,171
2026-06-10,200049,180,153
2026-06-10,200175,161,79
2026-06-10,200008,174,25
2026-06-10,200210,213,164
2026-06-10,200071,229,36
2026-06-10,200232,204,87
2026-06-10,200063,75,84
2026-06-10,200109,33,82
2026-06-10,200211,89,95
2026-06-10,200078,200,57
2026-06-10,200156,103,122
2026-06-10,200030,202,49
2026-06-10,200195,107,127
2026-06-10,200201,41,58
2026-06-10,200035,176,71
2026-06-10,200077,37,45
2026-06-10,200060,182,61
2026-06-10,200092,166,106
2026-06-17,200191,246,45
2026-06-17,200051,39,27
2026-06-17,200109,163,174
2026-06-17,200106,52,20
2026-06-17,200087,82,144
2026-06-17,200097,87,134
2026-06-17,200153,214,146
2026-06-17,200112,146,137
2026-06-17,200182,85,100
2026-06-17,200150,131,65
2026-06-17,200215,161,66
2026-06-17,200245,25,108
2026-06-17,200033,220,71
2026-06-17,200001,191,175
2026-06-17,200210,2,63
2026-06-17,200028,49,70
2026-06-17,200175,131,29
2026-06-17,200125,131,25
2026-06-17,200221,199,79
2026-06-17,200044,87,21
2026-06-17,200141,48,49
2026-06-17,200186,183,137
2026-06-17,200021,33,25
2026-06-17,200234,74,144
2026-06-17,200235,200,97
2026-06-17,200016,184,23
2026-06-17,200013,123,151
2026-06-17,200241,181,87
2026-06-17,200039,119,74
2026-06-17,200237,126,70
2026-06-17,200228,80,65
2026-06-17,200164,241,155
2026-06-17,200169,211,22
2026-06-17,200024,17,82
2026-06-17,200104,141,73
2026-06-17,200145,75,27
2026-06-17,200230,7,53
2026-06-17,200119,113,61
2026-06-17,200162,21,35
2026-06-17,200030,188,62
2026-06-17,200193,135,150
2026-06-17,200086,88,52
2026-06-17,200091,220,168
2026-06-17,200022,62,164
2026-06-17,200155,20,95
2026-06-17,200080,206,51
2026-06-17,200115,247,46
2026-06-17,200059,122,94
2026-06-17,200246,79,55
2026-06-17,200142,134,43
2026-06-17,200082,127,39
2026-06-17,200027,10,43
2026-06-17,200015,177,97
2026-06-17,200103,244,108
2026-06-17,200017,122,65
2026-06-17,200140,190,56
2026-06-17,200003,100,98
2026-06-17,200110,132,156
2026-06-17,200075,239,148
2026-06-17,200002,13,72
2026-06-17,200222,132,120
2026-06-17,200089,92,39
2026-06-17,200006,12,163
2026-06-17,200216,18,59
2026-06-17,200123,67,44
2026-06-17,200057,226,123
2026-06-17,200180,21,127
2026-06-17,200183,249,160
2026-06-17,200190,23,64
2026-06-17,200072,81,28
2026-06-17,200159,8,79
2026-06-17,200181,176,111
2026-06-17,200111,59,35
2026-06-17,200200,94,167
2026-06-17,200004,8,77
2026-06-17,200105,8,106
2026-06-17,200133,1,179
2026-06-17,200084,5,74
2026-06-17,200019,247,165
2026-06-17,200189,5,156
2026-06-17,200045,115,107
2026-06-17,200107,170,94
2026-06-17,200124,247,80
2026-06-17,200219,1,99
2026-06-17,200236,227,65
2026-06-17,200227,62,165
2026-06-17,200079,23,45
2026-06-17,200073,158,84
2026-06-17,200093,91,149
2026-06-17,200166,142,30
2026-06-17,200114,208,149
2026-06-17,200178,170,137
2026-06-17,200168,134,58
2026-06-17,200020,188,82
2026-06-17,200143,179,119
2026-06-17,200223,8,112
2026-06-17,200026,33,126
2026-06-17,200174,154,74
2026-06-17,200113,139,116
2026-06-17,200043,244,155
2026-06-24,200115,116,130
2026-06-24,200109,101,160
2026-06-24,200116,22,148
2026-06-24,200071,170,22
2026-06-24,200177,101,110
2026-06-24,200068,172,88
2026-06-24,200219,16,112
2026-06-24,200160,130,46
2026-06-24,200169,76,54
2026-06-24,200033,27,133
2026-06-24,200063,2,53
2026-06-24,200064,24,31
2026-06-24,200205,87,164
2026-06-24,200225,153,53
2026-06-24,200010,150,35
2026-06-24,200099,210,27
2026-06-24,200193,212,43
2026-06-24,200192,134,155
2026-06-24,200134,243,115
2026-06-24,200096,3,165
2026-06-24,200060,156,148
2026-06-24,200164,19,102
2026-06-24,200202,165,140
2026-06-24,200125,190,35
2026-06-24,200104,87,138
2026-06-24,200037,141,41
2026-06-24,200185,30,43
2026-06-24,200171,0,132
2026-06-24,200181,203,39
2026-06-24,200132,211,81
2026-06-24,200069,118,108
2026-06-24,200184,16,168
2026-06-24,200235,140,62
2026-06-24,200090,66,133
2026-06-24,200038,2,173
2026-06-24,200067,25,176
2026-06-24,200019,121,113
2026-06-24,200016,30,85
2026-06-24,200103,26,23
2026-06-24,200088,233,173
2026-06-24,200053,167,101
2026-06-24,200100,51,68
2026-06-24,200034,15,163
2026-06-24,200139,54,91
2026-06-24,200095,33,52
2026-06-24,200191,133,178
2026-06-24,200240,38,122
2026-06-24,200148,54,115
2026-06-24,200154,160,28
2026-06-24,200050,71,67
2026-06-24,200214,245,170
2026-06-24,200138,11,140
2026-06-24,200241,21,44
2026-06-24,200149,132,37
2026-06-24,200024,40,167
2026-06-24,200008,64,95
2026-06-24,200135,70,42
2026-06-24,200175,128,132
2026-06-24,200247,36,35
2026-06-24,200208,85,57
2026-06-24,200127,115,177
2026-06-24,200105,180,130
2026-06-24,200086,187,78
2026-06-24,200145,66,34
2026-06-24,200022,17,40
2026-06-24,200151,30,177
2026-06-24,200121,151,71
2026-06-24,200102,108,152
2026-06-24,200213,123,139
2026-06-24,200204,223,91
2026-06-24,200052,51,71
2026-06-24,200126,15,96
2026-06-24,200226,189,125
2026-06-24,200239,130,163
2026-06-24,200044,94,64
2026-06-24,200236,218,39
2026-06-24,200129,95,154
2026-06-24,200027,158,111
2026-06-24,200017,87,46
2026-06-24,200156,47,124
2026-06-24,200078,11,89
2026-06-24,200081,72,76
2026-06-24,200159,101,111
2026-06-24,200245,11,32
2026-06-24,200170,227,101
2026-06-24,200182,205,29
2026-06-24,200211,152,154
2026-06-24,200242,103,80
2026-06-24,200076,121,45
2026-06-24,200172,32,45
2026-06-24,200227,165,176
2026-06-24,200074,127,166
2026-06-24,200094,143,131
2026-06-24,200158,41,149
2026-06-24,200059,143,61
2026-06-24,200215,28,97
2026-06-24,200011,63,144
2026-06-24,200026,102,109
2026-06-24,200166,113,136
2026-06-24,200012,173,60
