return_id,order_id,product_id,return_ts,reason,refund_amount
9000001,5004474,200163,2025-02-28,changed_mind,2592.25
9000002,5006951,200032,2025-04-28,changed_mind,1433.42
9000003,5040333,200094,2025-01-15,not_as_described,731.31
9000004,5035746,200234,2025-07-25,changed_mind,2935.28
9000005,5038109,200115,2025-08-01,defect,2722.09
9000006,5010763,200212,2026-02-18,defect,13093.17
9000007,5039448,200093,2025-06-01,changed_mind,5269.46
9000008,5017667,200013,2026-06-14,defect,2823.28
9000009,5042995,200119,2026-01-04,damaged_delivery,2454.79
9000010,5046953,200054,2025-08-28,damaged_delivery,13188.57
9000011,5008333,200242,2025-03-30,not_as_described,10009.38
9000012,5044341,200099,2026-02-05,defect,1475.01
9000013,5013732,200213,2025-09-06,not_as_described,3283.35
9000014,5012192,200144,2026-06-09,changed_mind,1803.59
9000015,5034063,200047,2025-08-31,not_as_described,6550.24
9000016,5056625,200122,2025-03-24,not_as_described,2755.98
9000017,5012239,200210,2025-02-19,not_as_described,5815.56
9000018,5022275,200237,2026-05-24,defect,5880.24
9000019,5026468,200071,2026-01-26,not_as_described,2211.7
9000020,5048516,200205,2025-10-08,changed_mind,20722.98
9000021,5045220,200213,2025-06-29,not_as_described,1968.56
9000022,5018336,200051,2025-01-31,defect,3088.77
9000023,5054109,200126,2026-03-03,defect,1538.39
9000024,5043238,200212,2026-05-12,wrong_size,6718.98
9000025,5018449,200096,2025-10-13,damaged_delivery,1947.58
9000026,5037077,200153,2025-01-12,defect,886.43
9000027,5032506,200163,2026-01-15,wrong_size,2153.75
9000028,5001240,200235,2025-07-12,defect,4741.78
9000029,5006220,200120,2025-06-25,wrong_size,2896.06
9000030,5057122,200099,2026-01-31,defect,1256.58
9000031,5008772,200064,2026-06-22,changed_mind,1216.49
9000032,5050454,200145,2025-01-27,not_as_described,8496.05
9000033,5016994,200188,2025-03-02,wrong_size,1295.21
9000034,5030877,200176,2025-10-11,not_as_described,3367.14
9000035,5015989,200077,2025-07-23,defect,20748.49
9000036,5041295,200240,2025-03-09,wrong_size,1138.42
9000037,5026605,200088,2026-04-29,not_as_described,4050.01
9000038,5021321,200207,2025-06-17,damaged_delivery,3610.4
9000039,5004988,200006,2025-07-05,defect,1154.33
9000040,5017434,200095,2025-03-30,changed_mind,2753.7
9000041,5026123,200185,2025-06-10,changed_mind,6253.08
9000042,5037606,200092,2026-03-04,damaged_delivery,2154.53
9000043,5019360,200190,2025-07-13,defect,10836.33
9000044,5005067,200150,2025-09-14,wrong_size,4081.96
9000045,5019054,200162,2025-02-04,not_as_described,2053.99
9000046,5050904,200233,2025-06-16,changed_mind,5979.4
9000047,5059956,200122,2026-03-04,changed_mind,2823.78
9000048,5001438,200004,2025-07-08,not_as_described,1633.18
9000049,5017180,200087,2025-06-20,damaged_delivery,1918.3
9000050,5011939,200136,2026-02-23,defect,672.85
9000051,5054541,200241,2025-04-26,damaged_delivery,4562.21
9000052,5033332,200148,2026-01-18,changed_mind,3166.3
9000053,5027077,200105,2026-04-17,changed_mind,1484.55
9000054,5031131,200110,2025-07-06,damaged_delivery,1662.48
9000055,5057222,200090,2026-05-07,changed_mind,4025.51
9000056,5003977,200002,2026-03-26,changed_mind,1951.96
9000057,5050077,200019,2026-05-05,changed_mind,5620.26
9000058,5029995,200188,2025-06-06,not_as_described,1214.18
9000059,5004999,200035,2026-04-12,defect,5777.71
9000060,5009430,200045,2026-04-25,changed_mind,4807.71
9000061,5053145,200050,2025-09-17,damaged_delivery,2738.1
9000062,5025940,200090,2025-01-30,damaged_delivery,9447.69
9000063,5027156,200207,2026-03-01,changed_mind,2288.3
9000064,5024383,200247,2025-06-21,changed_mind,3859.67
9000065,5025820,200110,2026-01-01,wrong_size,2321.81
9000066,5045648,200237,2026-02-01,defect,12416.13
9000067,5052793,200032,2026-05-09,wrong_size,4616.1
9000068,5036885,200099,2025-02-09,not_as_described,2705.26
9000069,5014370,200081,2026-01-04,defect,1698.62
9000070,5042300,200076,2025-09-06,damaged_delivery,1206.59
9000071,5013257,200186,2025-04-13,changed_mind,1647.1
9000072,5037853,200125,2025-05-11,not_as_described,796.44
9000073,5037306,200119,2025-12-09,changed_mind,2416.01
9000074,5052157,200173,2025-10-31,changed_mind,1438.74
9000075,5028656,200220,2025-12-14,damaged_delivery,3209.16
9000076,5053692,200134,2025-12-06,not_as_described,926.52
9000077,5016832,200106,2026-06-22,not_as_described,5967.24
9000078,5036124,200196,2026-06-25,changed_mind,4013.76
9000079,5017976,200007,2025-11-22,not_as_described,2883.74
9000080,5059329,200054,2026-01-05,changed_mind,13184.19
9000081,5002682,200247,2026-06-24,wrong_size,3270.08
9000082,5026087,200021,2025-09-30,changed_mind,5507.11
9000083,5020162,200177,2025-10-12,defect,4918.22
9000084,5031905,200145,2025-02-17,changed_mind,8424.71
9000085,5044494,200208,2025-05-21,defect,3781.61
9000086,5004883,200122,2026-04-10,changed_mind,7764.1
9000087,5026935,200181,2026-03-25,damaged_delivery,1766.88
9000088,5002937,200138,2026-01-05,damaged_delivery,5346.35
9000089,5021921,200134,2025-11-21,changed_mind,1095.72
9000090,5028736,200004,2025-04-20,changed_mind,681.48
9000091,5000575,200114,2026-05-04,changed_mind,45813.58
9000092,5026960,200229,2026-01-10,not_as_described,3381.87
9000093,5004498,200099,2025-03-13,not_as_described,3883.95
9000094,5009542,200009,2025-05-01,defect,4237.17
9000095,5031716,200204,2026-04-29,wrong_size,2454.61
9000096,5006682,200125,2026-03-14,not_as_described,1185.66
9000097,5004318,200103,2025-11-09,defect,926.4
9000098,5033365,200170,2025-10-26,not_as_described,1534.5
9000099,5006974,200205,2026-01-28,changed_mind,21933.72
9000100,5044651,200180,2025-03-12,not_as_described,1411.51
9000101,5007159,200211,2025-05-08,changed_mind,3373.78
9000102,5016702,200011,2025-11-18,changed_mind,3660.09
9000103,5015450,200090,2025-04-03,damaged_delivery,4642.54
9000104,5018426,200089,2025-01-25,damaged_delivery,1212.99
9000105,5035295,200107,2025-05-28,damaged_delivery,1846.06
9000106,5045372,200205,2025-01-13,not_as_described,12181.6
9000107,5031902,200081,2025-08-09,not_as_described,1557.0
9000108,5031450,200078,2025-09-14,changed_mind,9017.42
9000109,5045743,200172,2025-04-13,changed_mind,4446.15
9000110,5049004,200148,2025-07-17,not_as_described,3443.34
9000111,5037482,200104,2025-12-08,damaged_delivery,2633.32
9000112,5034631,200093,2025-12-14,defect,6212.8
9000113,5010040,200126,2026-02-15,not_as_described,475.7
9000114,5053379,200155,2025-05-19,not_as_described,16155.4
9000115,5022466,200237,2025-01-24,not_as_described,5940.25
9000116,5012738,200089,2025-03-30,changed_mind,1255.27
9000117,5047321,200007,2026-03-16,wrong_size,1805.69
9000118,5026600,200163,2025-07-17,not_as_described,7894.69
9000119,5009989,200244,2026-05-15,damaged_delivery,1381.45
9000120,5031816,200119,2025-09-14,wrong_size,4899.32
9000121,5014141,200200,2025-06-30,defect,2952.64
9000122,5020799,200121,2025-09-20,wrong_size,1687.32
9000123,5048492,200104,2025-04-29,wrong_size,1219.3
9000124,5010364,200073,2026-06-30,damaged_delivery,13206.66
9000125,5027208,200135,2025-05-02,not_as_described,10351.3
9000126,5043249,200091,2025-11-02,damaged_delivery,971.29
9000127,5022392,200245,2025-03-13,changed_mind,511.25
9000128,5037728,200161,2025-09-21,not_as_described,2384.18
9000129,5058719,200085,2026-01-15,not_as_described,5131.89
9000130,5047355,200079,2025-04-10,damaged_delivery,1380.61
9000131,5033583,200123,2025-07-23,changed_mind,13693.7
9000132,5045989,200061,2026-04-15,wrong_size,2233.12
9000133,5046794,200040,2025-05-24,damaged_delivery,865.46
9000134,5050248,200234,2025-12-22,not_as_described,2785.49
9000135,5029106,200152,2025-07-01,defect,8249.66
9000136,5038920,200076,2025-02-12,damaged_delivery,887.39
9000137,5047026,200014,2025-11-16,changed_mind,12356.39
9000138,5042402,200157,2026-01-19,defect,988.62
9000139,5054409,200116,2025-09-02,wrong_size,684.13
9000140,5000893,200138,2026-04-20,changed_mind,8938.83
9000141,5020523,200113,2026-05-30,not_as_described,3256.39
9000142,5056690,200195,2025-12-03,damaged_delivery,19677.95
9000143,5031955,200225,2025-01-12,changed_mind,5088.28
9000144,5058330,200064,2025-07-10,damaged_delivery,3977.71
9000145,5020124,200075,2026-03-26,damaged_delivery,1958.44
9000146,5022045,200222,2025-07-25,damaged_delivery,2723.31
9000147,5023272,200026,2025-07-20,not_as_described,6090.23
9000148,5015059,200209,2025-03-19,changed_mind,3437.89
9000149,5037933,200094,2025-11-07,not_as_described,1360.91
9000150,5030271,200186,2025-12-09,wrong_size,2821.86
9000151,5051365,200188,2026-02-19,damaged_delivery,4823.12
9000152,5016836,200075,2025-12-02,not_as_described,2670.67
9000153,5052914,200051,2026-03-18,damaged_delivery,1223.24
9000154,5011424,200002,2026-02-07,wrong_size,1874.14
9000155,5035834,200043,2025-07-15,changed_mind,2516.53
9000156,5046694,200026,2025-03-09,wrong_size,4032.99
9000157,5007567,200112,2025-08-02,defect,22921.86
9000158,5033794,200112,2025-04-06,changed_mind,18312.08
9000159,5006339,200178,2025-09-30,damaged_delivery,1673.06
9000160,5056990,200049,2026-01-27,damaged_delivery,1265.53
9000161,5053495,200067,2025-06-14,changed_mind,9330.48
9000162,5058528,200107,2025-09-27,changed_mind,3748.97
9000163,5031807,200026,2025-06-30,not_as_described,5968.05
9000164,5038805,200119,2025-03-03,changed_mind,2684.68
9000165,5050356,200001,2025-05-03,not_as_described,2089.04
9000166,5047929,200014,2026-06-12,changed_mind,13402.09
9000167,5013817,200020,2026-01-04,defect,5627.43
9000168,5029973,200012,2025-04-30,changed_mind,1281.63
9000169,5011338,200148,2025-09-25,not_as_described,4746.8
9000170,5002917,200124,2025-03-26,damaged_delivery,5874.12
9000171,5038182,200179,2026-04-10,changed_mind,1284.99
9000172,5033089,200119,2025-04-06,defect,2364.78
9000173,5043620,200025,2026-05-22,not_as_described,5659.85
9000174,5056240,200093,2026-01-02,not_as_described,9069.04
9000175,5051492,200194,2025-11-08,wrong_size,18759.19
9000176,5030746,200067,2025-02-01,wrong_size,4163.93
9000177,5010601,200237,2026-03-22,wrong_size,11877.49
9000178,5035235,200075,2025-03-08,defect,2214.4
9000179,5034362,200049,2025-11-12,defect,3948.7
9000180,5040939,200227,2025-04-15,not_as_described,1282.25
9000181,5006265,200026,2025-04-18,defect,12032.34
9000182,5056167,200117,2025-01-26,changed_mind,398.16
9000183,5059575,200064,2025-10-07,changed_mind,3744.16
9000184,5016692,200165,2025-09-18,not_as_described,3262.3
9000185,5004771,200098,2025-06-09,wrong_size,1129.6
9000186,5008076,200015,2026-04-12,changed_mind,18951.73
9000187,5030026,200228,2025-06-02,changed_mind,4074.66
9000188,5042773,200129,2026-05-27,wrong_size,2644.05
9000189,5011107,200012,2025-05-07,damaged_delivery,2748.1
9000190,5047951,200227,2026-01-26,damaged_delivery,2445.9
9000191,5020179,200150,2025-02-06,wrong_size,12572.56
9000192,5029192,200174,2025-07-11,wrong_size,4855.19
9000193,5049141,200219,2025-04-24,changed_mind,2141.34
9000194,5035565,200244,2025-05-18,wrong_size,2730.46
9000195,5010710,200022,2025-05-09,changed_mind,9704.39
9000196,5010542,200238,2026-05-31,changed_mind,796.49
9000197,5042773,200129,2026-06-03,changed_mind,2845.72
9000198,5009310,200096,2025-04-22,damaged_delivery,827.7
9000199,5027142,200206,2026-05-20,changed_mind,1479.28
9000200,5009158,200182,2025-07-25,not_as_described,1932.97
9000201,5004066,200197,2026-05-01,not_as_described,4257.98
9000202,5030737,200030,2026-04-10,not_as_described,1919.11
9000203,5000611,200121,2026-01-08,damaged_delivery,1973.79
9000204,5015057,200053,2025-06-16,changed_mind,8356.6
9000205,5007473,200208,2026-03-10,wrong_size,3654.94
9000206,5024614,200050,2026-05-21,changed_mind,1778.23
9000207,5034360,200004,2026-04-30,changed_mind,1406.85
9000208,5038026,200246,2025-11-13,defect,423.82
9000209,5054662,200221,2025-12-12,changed_mind,2970.93
9000210,5057111,200052,2025-08-03,wrong_size,766.86
9000211,5037109,200155,2025-02-09,wrong_size,7716.04
9000212,5024955,200162,2026-01-16,not_as_described,3417.49
9000213,5046680,200044,2025-04-27,defect,1998.06
9000214,5012445,200134,2025-06-27,changed_mind,2101.68
9000215,5041657,200171,2026-01-30,not_as_described,3838.25
9000216,5034072,200230,2026-04-30,not_as_described,1584.61
9000217,5054408,200148,2025-09-11,defect,1921.82
9000218,5025376,200034,2025-06-26,not_as_described,3955.38
9000219,5023857,200204,2025-05-23,not_as_described,1478.79
9000220,5001633,200169,2026-02-24,wrong_size,3619.23
9000221,5006855,200074,2025-01-13,wrong_size,5119.6
9000222,5017303,200002,2025-10-25,damaged_delivery,580.18
9000223,5004933,200193,2025-05-26,changed_mind,2643.02
9000224,5044287,200148,2026-06-14,defect,1263.32
9000225,5029062,200132,2025-02-21,not_as_described,415.02
9000226,5006223,200032,2025-03-15,defect,1814.72
9000227,5020122,200054,2025-04-29,damaged_delivery,9106.47
9000228,5036929,200172,2025-11-23,not_as_described,4604.35
9000229,5056146,200175,2026-02-14,not_as_described,993.34
9000230,5050851,200115,2025-01-22,changed_mind,2451.84
9000231,5031553,200123,2026-05-29,wrong_size,5425.45
9000232,5049843,200059,2025-06-22,wrong_size,3673.71
9000233,5005997,200246,2025-12-20,not_as_described,475.19
9000234,5043731,200207,2025-02-28,changed_mind,6478.26
9000235,5009246,200062,2025-05-20,defect,1621.21
9000236,5006624,200148,2025-07-20,changed_mind,4390.88
9000237,5011058,200081,2025-02-09,not_as_described,2376.64
9000238,5055197,200157,2025-08-27,damaged_delivery,1265.9
9000239,5035610,200170,2026-03-17,changed_mind,1889.87
9000240,5045013,200085,2025-04-22,changed_mind,12611.32
9000241,5020870,200132,2025-07-28,not_as_described,713.72
9000242,5056680,200072,2026-02-13,not_as_described,1372.0
9000243,5017272,200168,2025-10-29,defect,4168.19
9000244,5020771,200220,2025-01-27,defect,2746.56
9000245,5030115,200099,2025-01-17,changed_mind,1392.75
9000246,5012092,200100,2025-03-04,defect,5064.03
9000247,5032192,200203,2025-11-12,changed_mind,1441.42
9000248,5037426,200035,2025-06-10,not_as_described,5419.7
9000249,5001045,200137,2025-09-22,wrong_size,1449.5
9000250,5038848,200030,2025-12-26,damaged_delivery,3461.21
9000251,5027872,200127,2025-03-16,defect,12103.26
9000252,5037487,200105,2026-03-25,wrong_size,2357.52
9000253,5047864,200070,2025-12-13,changed_mind,4700.71
9000254,5028866,200216,2025-09-11,wrong_size,1972.86
9000255,5035083,200023,2026-01-01,wrong_size,3670.97
9000256,5048339,200088,2026-06-25,damaged_delivery,4669.68
9000257,5009844,200175,2025-12-22,damaged_delivery,2111.5
9000258,5056837,200216,2026-05-16,not_as_described,3663.2
9000259,5048661,200031,2025-03-09,defect,778.0
9000260,5022151,200231,2025-12-20,changed_mind,484.11
9000261,5037833,200147,2025-11-01,wrong_size,636.74
9000262,5043378,200163,2025-01-18,not_as_described,5184.01
9000263,5028548,200110,2026-06-02,wrong_size,869.11
9000264,5024073,200103,2025-04-25,damaged_delivery,951.76
9000265,5057568,200003,2025-04-30,wrong_size,5628.96
9000266,5058062,200044,2025-11-22,damaged_delivery,3175.15
9000267,5005942,200215,2026-05-17,damaged_delivery,2641.92
9000268,5017317,200046,2026-03-23,changed_mind,9879.56
9000269,5031563,200126,2025-03-18,changed_mind,412.38
9000270,5033180,200006,2025-11-25,damaged_delivery,2850.94
9000271,5043172,200126,2025-01-11,defect,701.65
9000272,5042132,200227,2025-10-09,defect,2836.53
9000273,5019672,200114,2025-09-30,not_as_described,66515.96
9000274,5037645,200068,2025-08-01,defect,3547.64
9000275,5001612,200098,2025-10-17,not_as_described,1259.64
9000276,5014355,200104,2026-04-06,not_as_described,2757.73
9000277,5043161,200245,2025-08-04,not_as_described,886.17
9000278,5004217,200242,2026-03-17,defect,6811.01
9000279,5019557,200147,2026-04-24,wrong_size,703.06
9000280,5033560,200158,2026-05-14,changed_mind,6159.57
9000281,5026591,200191,2025-07-07,not_as_described,1563.72
9000282,5005762,200177,2025-03-26,changed_mind,6871.4
9000283,5059876,200178,2025-02-24,damaged_delivery,1512.6
9000284,5057500,200020,2025-03-14,damaged_delivery,2531.96
9000285,5012429,200035,2025-12-01,changed_mind,3239.03
9000286,5020835,200202,2026-05-13,changed_mind,889.3
9000287,5022775,200213,2026-03-30,wrong_size,1343.39
9000288,5028951,200013,2025-11-28,not_as_described,3353.99
9000289,5029951,200012,2025-07-17,damaged_delivery,4118.12
9000290,5055285,200245,2025-07-15,wrong_size,627.42
9000291,5051353,200011,2025-10-09,changed_mind,3255.83
9000292,5027220,200147,2025-11-02,damaged_delivery,1252.0
9000293,5040880,200151,2025-02-16,wrong_size,2350.07
9000294,5056639,200095,2026-02-17,not_as_described,3808.71
9000295,5048938,200245,2025-04-29,defect,583.24
9000296,5053665,200019,2026-05-06,defect,5634.25
9000297,5004734,200062,2026-05-23,not_as_described,1287.62
9000298,5030580,200093,2026-05-04,damaged_delivery,5669.23
9000299,5002383,200032,2025-01-22,damaged_delivery,2808.36
9000300,5035395,200128,2026-06-16,damaged_delivery,5690.77
9000301,5027239,200124,2025-09-23,not_as_described,2234.34
9000302,5032427,200130,2025-04-24,not_as_described,10475.47
9000303,5045044,200055,2026-05-30,defect,9194.31
9000304,5027492,200094,2025-10-10,defect,825.83
9000305,5001113,200062,2026-05-14,defect,3393.01
9000306,5004165,200031,2026-06-11,damaged_delivery,1126.72
9000307,5004838,200215,2026-02-21,changed_mind,9537.93
9000308,5050399,200109,2026-06-30,wrong_size,2659.23
9000309,5059077,200191,2026-03-09,not_as_described,815.7
9000310,5015176,200040,2026-06-01,not_as_described,385.04
9000311,5036608,200002,2026-05-14,not_as_described,1531.86
9000312,5043698,200204,2025-12-07,wrong_size,867.37
9000313,5026110,200134,2025-04-22,changed_mind,2623.09
9000314,5048320,200112,2025-02-16,wrong_size,9283.96
9000315,5044253,200097,2025-03-25,damaged_delivery,4508.34
9000316,5026312,200100,2025-12-21,damaged_delivery,1682.63
9000317,5051287,200139,2025-12-15,changed_mind,6854.81
9000318,5000290,200109,2025-01-17,changed_mind,3093.55
9000319,5054909,200117,2026-04-27,wrong_size,746.1
9000320,5047291,200128,2025-07-09,changed_mind,9096.42
9000321,5008815,200168,2025-11-14,changed_mind,4812.04
9000322,5017375,200203,2025-02-24,defect,384.6
9000323,5012345,200118,2025-11-07,wrong_size,1775.35
9000324,5018628,200157,2026-06-15,wrong_size,1029.04
9000325,5058740,200037,2025-01-23,wrong_size,2635.32
9000326,5026743,200189,2025-05-06,defect,5430.58
9000327,5056317,200145,2025-11-12,defect,7805.89
9000328,5052581,200076,2025-03-22,defect,694.08
9000329,5054054,200156,2026-01-08,not_as_described,666.43
9000330,5005260,200026,2025-08-20,defect,3488.83
9000331,5050392,200222,2025-12-06,defect,2836.71
9000332,5026663,200172,2025-07-26,damaged_delivery,4037.2
9000333,5000088,200232,2025-09-02,damaged_delivery,878.63
9000334,5047442,200093,2025-04-28,damaged_delivery,3469.18
9000335,5005367,200193,2026-06-26,damaged_delivery,3138.28
9000336,5025424,200097,2025-08-06,changed_mind,12365.17
9000337,5049124,200061,2026-05-19,changed_mind,1070.85
9000338,5001961,200098,2026-02-20,changed_mind,2533.75
9000339,5039260,200131,2025-12-16,damaged_delivery,3391.45
9000340,5049007,200049,2026-03-25,not_as_described,995.32
9000341,5006362,200077,2025-08-14,not_as_described,11325.64
9000342,5026156,200135,2025-08-11,not_as_described,7701.88
9000343,5025429,200169,2025-08-18,wrong_size,14120.92
9000344,5047705,200117,2025-03-12,not_as_described,701.45
9000345,5031309,200233,2025-07-08,damaged_delivery,8437.28
9000346,5041436,200077,2025-11-20,not_as_described,18242.45
9000347,5009171,200032,2025-03-18,changed_mind,1342.95
9000348,5016904,200153,2025-10-08,changed_mind,929.74
9000349,5035506,200227,2025-03-13,wrong_size,1447.94
9000350,5014344,200111,2025-02-22,damaged_delivery,6587.65
9000351,5025721,200051,2026-04-06,not_as_described,1307.55
9000352,5003846,200196,2025-04-19,wrong_size,4712.44
9000353,5003468,200209,2025-11-23,damaged_delivery,4604.26
9000354,5006711,200039,2026-02-22,wrong_size,873.96
9000355,5006209,200030,2025-06-21,changed_mind,1608.88
9000356,5054577,200198,2025-04-30,not_as_described,4078.49
9000357,5026785,200110,2025-10-05,damaged_delivery,554.1
9000358,5039722,200217,2025-05-01,defect,3108.16
9000359,5009273,200189,2026-04-28,defect,1563.62
9000360,5005802,200130,2026-01-02,defect,10426.23
9000361,5005008,200063,2025-11-09,not_as_described,3048.9
9000362,5016664,200227,2025-11-19,changed_mind,2587.62
9000363,5027993,200080,2025-06-20,defect,3048.27
9000364,5020333,200129,2025-04-16,defect,6851.24
9000365,5007799,200203,2026-06-10,changed_mind,418.72
9000366,5022287,200181,2025-12-22,changed_mind,2748.08
9000367,5056977,200230,2025-11-27,defect,3187.98
9000368,5033018,200199,2025-06-08,changed_mind,2404.88
9000369,5036167,200098,2025-05-26,defect,1130.04
9000370,5010431,200241,2026-02-08,not_as_described,1911.58
9000371,5008187,200042,2025-09-18,defect,6721.13
9000372,5036787,200109,2025-05-05,changed_mind,3168.9
9000373,5003122,200059,2025-07-12,not_as_described,1288.78
9000374,5015277,200212,2025-03-29,defect,8718.46
9000375,5000890,200217,2026-06-10,wrong_size,8983.53
9000376,5049068,200202,2026-06-24,not_as_described,839.07
9000377,5051306,200095,2025-04-12,wrong_size,1150.53
9000378,5050096,200074,2025-05-26,changed_mind,4715.83
9000379,5059668,200180,2026-02-08,defect,1096.3
9000380,5052166,200039,2026-01-28,not_as_described,619.88
9000381,5052018,200136,2026-04-27,damaged_delivery,1086.83
9000382,5031010,200102,2026-05-26,defect,11433.31
9000383,5035180,200023,2025-10-08,defect,3608.59
9000384,5048878,200044,2025-02-28,wrong_size,1941.93
9000385,5041916,200203,2025-12-16,defect,1113.64
9000386,5024553,200090,2025-04-27,wrong_size,4855.4
9000387,5053919,200197,2025-10-31,wrong_size,9607.62
9000388,5050809,200067,2025-03-31,not_as_described,7189.34
9000389,5032226,200148,2026-05-29,not_as_described,1361.51
9000390,5026667,200055,2025-04-04,changed_mind,28894.19
9000391,5007716,200173,2025-04-30,damaged_delivery,3830.82
9000392,5043163,200196,2025-12-04,damaged_delivery,3853.98
9000393,5005229,200031,2026-05-31,defect,1761.07
9000394,5021020,200002,2026-04-24,wrong_size,791.7
9000395,5007422,200133,2026-03-13,changed_mind,13378.69
9000396,5018447,200087,2026-05-26,wrong_size,4919.42
9000397,5010212,200216,2025-01-14,not_as_described,3477.58
9000398,5044588,200043,2026-03-21,not_as_described,5824.77
9000399,5010310,200038,2026-05-15,damaged_delivery,4220.18
9000400,5025008,200194,2025-03-02,damaged_delivery,34308.98
9000401,5049518,200073,2025-12-22,defect,12531.24
9000402,5002125,200138,2026-04-13,wrong_size,16374.37
9000403,5019332,200131,2026-04-04,damaged_delivery,2298.05
9000404,5040890,200031,2025-12-01,wrong_size,867.69
9000405,5006917,200191,2025-04-30,defect,1576.36
9000406,5039636,200118,2025-04-16,damaged_delivery,1178.98
9000407,5022127,200094,2025-05-06,defect,705.08
9000408,5012588,200175,2025-05-02,damaged_delivery,903.12
9000409,5008449,200135,2025-05-26,changed_mind,3980.75
9000410,5035227,200143,2025-01-28,damaged_delivery,6467.38
9000411,5046336,200091,2025-12-21,damaged_delivery,1822.11
9000412,5031896,200235,2026-04-15,not_as_described,1875.92
9000413,5059722,200175,2025-03-14,damaged_delivery,1764.98
9000414,5040061,200008,2025-02-09,not_as_described,13446.07
9000415,5052467,200141,2025-05-16,changed_mind,2095.38
9000416,5051645,200125,2025-09-25,damaged_delivery,644.07
9000417,5028148,200207,2025-05-23,changed_mind,2256.58
9000418,5008272,200216,2026-05-02,wrong_size,3566.31
9000419,5005514,200017,2025-10-04,not_as_described,16386.64
9000420,5024364,200212,2025-05-07,not_as_described,7117.4
9000421,5026640,200173,2025-02-06,wrong_size,2316.44
9000422,5049667,200021,2025-11-06,defect,9582.44
9000423,5031049,200176,2025-12-17,not_as_described,1867.6
9000424,5058681,200238,2025-09-04,wrong_size,1697.52
9000425,5011623,200115,2025-05-16,changed_mind,2206.09
9000426,5000900,200113,2025-04-06,wrong_size,4174.29
9000427,5044354,200093,2025-11-12,not_as_described,3009.71
9000428,5036348,200099,2026-01-01,wrong_size,1525.25
9000429,5047325,200138,2025-10-02,not_as_described,7760.85
9000430,5052874,200116,2025-02-14,not_as_described,876.5
9000431,5026326,200127,2026-06-29,changed_mind,19011.05
9000432,5015739,200204,2025-11-07,defect,1039.84
9000433,5009846,200140,2025-01-31,wrong_size,3357.73
9000434,5007565,200034,2025-04-26,changed_mind,1823.23
9000435,5013314,200191,2025-07-18,defect,2257.05
9000436,5014754,200107,2026-04-25,damaged_delivery,3821.58
9000437,5044903,200083,2025-12-16,defect,1684.19
9000438,5050974,200171,2025-12-05,damaged_delivery,3777.22
9000439,5011806,200179,2025-10-18,changed_mind,514.69
9000440,5035811,200167,2026-05-22,damaged_delivery,1892.58
9000441,5030239,200139,2025-09-09,damaged_delivery,2388.82
9000442,5011020,200068,2026-04-27,not_as_described,3362.94
9000443,5021374,200215,2025-04-13,defect,2711.61
9000444,5027290,200097,2025-01-22,changed_mind,4855.47
9000445,5001564,200035,2026-06-16,not_as_described,2978.87
9000446,5057757,200042,2025-02-05,damaged_delivery,4959.54
9000447,5015979,200159,2026-02-22,defect,750.44
9000448,5015039,200060,2026-04-18,wrong_size,1411.68
9000449,5055494,200121,2025-03-13,wrong_size,1957.31
9000450,5015126,200103,2025-11-26,changed_mind,3148.9
9000451,5012763,200189,2026-02-06,not_as_described,1741.15
9000452,5029987,200073,2025-08-16,wrong_size,15702.81
9000453,5041049,200227,2025-02-02,changed_mind,1479.91
9000454,5020262,200082,2025-07-09,wrong_size,2213.76
9000455,5012154,200154,2025-05-13,changed_mind,1220.07
9000456,5032615,200220,2026-03-23,defect,2599.46
9000457,5045956,200127,2025-10-20,wrong_size,15643.31
9000458,5041086,200241,2025-10-11,defect,1909.3
9000459,5033290,200247,2026-04-11,changed_mind,3810.16
9000460,5031329,200238,2025-09-26,wrong_size,1596.63
9000461,5017757,200078,2025-09-16,changed_mind,7651.98
9000462,5027225,200084,2025-11-17,damaged_delivery,3292.75
9000463,5040961,200202,2026-01-18,defect,1631.47
9000464,5059246,200086,2026-01-23,damaged_delivery,30527.98
9000465,5010086,200218,2025-03-20,damaged_delivery,1654.08
9000466,5000629,200247,2026-02-22,wrong_size,2820.2
9000467,5054091,200034,2026-03-30,changed_mind,2846.61
9000468,5013316,200016,2025-12-12,wrong_size,14853.14
9000469,5056364,200140,2025-10-21,defect,3740.06
9000470,5025654,200045,2025-02-03,damaged_delivery,7467.6
9000471,5020948,200171,2026-03-02,defect,7709.33
9000472,5038101,200006,2025-06-08,changed_mind,3076.16
9000473,5015948,200207,2026-02-20,wrong_size,2437.43
9000474,5040035,200079,2026-01-16,defect,3239.76
9000475,5038954,200177,2025-07-03,wrong_size,3972.74
9000476,5040287,200019,2025-08-05,changed_mind,6381.75
9000477,5037457,200164,2025-02-23,wrong_size,3387.91
9000478,5018826,200110,2025-09-25,not_as_described,1278.73
9000479,5009231,200209,2025-05-04,changed_mind,5326.77
9000480,5051795,200035,2026-05-03,damaged_delivery,6194.09
9000481,5027099,200196,2025-02-11,not_as_described,6268.66
9000482,5028346,200008,2025-10-15,not_as_described,18494.48
9000483,5042662,200078,2025-09-30,damaged_delivery,4969.83
9000484,5059760,200182,2025-12-01,damaged_delivery,2110.4
9000485,5031286,200201,2025-07-07,changed_mind,998.64
9000486,5033867,200036,2025-03-10,damaged_delivery,1411.89
9000487,5000395,200239,2026-01-27,changed_mind,3950.52
9000488,5054784,200140,2025-06-21,defect,7836.84
9000489,5011203,200172,2025-12-01,not_as_described,5972.65
9000490,5022737,200181,2025-10-25,damaged_delivery,1107.9
9000491,5051125,200156,2026-01-28,wrong_size,818.75
9000492,5041519,200065,2025-03-23,not_as_described,7033.14
9000493,5005181,200241,2026-01-17,defect,2201.77
9000494,5005119,200215,2026-06-27,wrong_size,5774.08
9000495,5049853,200091,2025-04-19,wrong_size,1518.27
9000496,5041337,200033,2025-11-20,defect,8412.46
9000497,5030336,200153,2025-07-12,damaged_delivery,1070.99
9000498,5019174,200063,2026-05-05,changed_mind,3160.56
9000499,5038192,200196,2026-06-01,not_as_described,3874.9
9000500,5015827,200097,2025-05-17,wrong_size,6141.15
9000501,5055837,200043,2025-03-19,defect,3477.17
9000502,5028930,200185,2025-06-04,wrong_size,5507.85
9000503,5016319,200020,2025-01-13,not_as_described,5372.4
9000504,5000283,200227,2025-03-23,not_as_described,3956.68
9000505,5032134,200108,2025-12-17,changed_mind,5566.24
9000506,5018160,200220,2025-03-12,changed_mind,2367.63
9000507,5042634,200101,2026-05-04,changed_mind,831.79
9000508,5031045,200244,2025-09-26,damaged_delivery,1518.44
9000509,5011996,200104,2025-11-08,not_as_described,1325.88
9000510,5056439,200039,2025-08-07,damaged_delivery,866.44
9000511,5044511,200122,2025-10-08,changed_mind,3343.81
9000512,5043853,200171,2025-11-10,damaged_delivery,3948.78
9000513,5033954,200226,2026-02-19,not_as_described,1585.74
9000514,5020166,200210,2025-06-01,not_as_described,4113.35
9000515,5008011,200152,2025-08-02,damaged_delivery,8408.31
9000516,5026113,200225,2026-06-14,not_as_described,5563.51
9000517,5016173,200001,2025-10-10,changed_mind,1831.07
9000518,5058399,200247,2026-03-19,damaged_delivery,6759.1
9000519,5018440,200091,2025-05-30,changed_mind,924.42
9000520,5048016,200204,2026-01-02,damaged_delivery,1995.86
9000521,5056263,200084,2025-08-16,damaged_delivery,1719.57
9000522,5029918,200035,2025-06-06,changed_mind,3290.39
9000523,5003447,200117,2025-08-15,not_as_described,444.8
9000524,5017146,200059,2025-04-24,defect,3188.72
9000525,5001161,200153,2025-10-17,not_as_described,1048.58
9000526,5021955,200143,2025-05-17,changed_mind,6652.49
9000527,5031625,200150,2025-06-23,not_as_described,3585.54
9000528,5004280,200236,2025-11-13,changed_mind,3762.47
9000529,5008740,200176,2025-01-23,not_as_described,1645.1
9000530,5056703,200169,2025-06-17,changed_mind,4341.91
9000531,5002862,200167,2025-10-02,not_as_described,3625.69
9000532,5043246,200217,2025-04-03,damaged_delivery,4805.42
9000533,5030822,200100,2026-02-14,defect,3758.41
9000534,5058836,200075,2025-02-20,damaged_delivery,1346.08
9000535,5016960,200196,2026-04-11,not_as_described,5145.55
9000536,5041112,200173,2025-11-10,damaged_delivery,1482.25
9000537,5005199,200023,2025-07-01,wrong_size,1125.72
9000538,5009665,200181,2025-09-29,damaged_delivery,999.17
9000539,5029959,200233,2026-04-06,damaged_delivery,7935.93
9000540,5059363,200058,2025-04-01,changed_mind,7034.85
9000541,5005566,200101,2025-02-24,damaged_delivery,552.61
9000542,5059985,200227,2025-11-12,defect,1275.47
9000543,5019851,200240,2025-02-27,not_as_described,3611.68
9000544,5013136,200229,2025-08-19,wrong_size,13451.01
9000545,5058712,200164,2025-04-23,defect,939.19
9000546,5055471,200010,2026-03-27,wrong_size,3034.78
9000547,5013980,200067,2025-06-14,changed_mind,8315.95
9000548,5006447,200152,2026-02-17,damaged_delivery,4283.4
9000549,5056061,200086,2025-12-17,changed_mind,9225.06
9000550,5017831,200095,2026-05-10,defect,1355.71
9000551,5011354,200227,2026-02-01,wrong_size,2507.13
9000552,5046289,200034,2025-05-11,not_as_described,3891.63
9000553,5058171,200015,2025-11-15,damaged_delivery,10295.35
9000554,5032246,200031,2026-03-12,changed_mind,1894.83
9000555,5048730,200140,2025-10-03,defect,2734.97
9000556,5049859,200162,2025-01-19,damaged_delivery,3339.34
9000557,5050600,200177,2026-06-26,wrong_size,4709.38
9000558,5020424,200210,2025-05-28,not_as_described,3454.19
9000559,5059617,200101,2025-02-14,defect,1176.12
9000560,5010606,200133,2025-06-24,wrong_size,26573.82
9000561,5017355,200058,2025-11-28,changed_mind,2259.88
9000562,5024603,200168,2025-03-22,damaged_delivery,3853.88
9000563,5041690,200156,2025-08-05,defect,581.1
9000564,5018996,200144,2026-05-02,wrong_size,4002.27
9000565,5053216,200056,2025-06-28,not_as_described,2620.22
9000566,5023225,200042,2026-06-28,wrong_size,5013.76
9000567,5046030,200061,2025-04-09,changed_mind,2495.34
9000568,5049540,200030,2026-04-27,not_as_described,1502.25
9000569,5020822,200075,2025-06-14,defect,3223.25
9000570,5031801,200060,2025-12-22,wrong_size,1784.44
9000571,5034880,200218,2025-12-10,damaged_delivery,2155.03
9000572,5036761,200067,2026-05-26,damaged_delivery,5180.03
9000573,5055262,200021,2025-11-24,wrong_size,4706.87
9000574,5023127,200051,2025-05-23,changed_mind,1399.25
9000575,5038607,200011,2025-10-02,defect,5942.44
9000576,5013067,200136,2025-01-19,defect,1141.92
9000577,5032480,200216,2025-10-10,damaged_delivery,5543.82
9000578,5017526,200052,2025-04-07,defect,1435.55
9000579,5057086,200221,2026-05-31,not_as_described,4459.01
9000580,5016776,200019,2026-02-07,not_as_described,13622.48
9000581,5059493,200221,2025-06-04,not_as_described,3411.6
9000582,5053529,200125,2025-10-20,wrong_size,589.84
9000583,5055807,200043,2025-01-16,changed_mind,7745.44
9000584,5054544,200121,2026-04-15,defect,4131.3
9000585,5058796,200081,2025-04-11,defect,4942.87
9000586,5055803,200088,2025-10-07,changed_mind,2295.6
9000587,5012989,200206,2025-02-05,changed_mind,746.79
9000588,5040530,200223,2026-04-04,changed_mind,5101.49
9000589,5026763,200239,2026-04-25,damaged_delivery,3352.96
9000590,5040292,200147,2025-09-05,defect,1725.59
9000591,5038418,200056,2025-09-30,defect,931.69
9000592,5034270,200210,2025-09-06,changed_mind,1951.41
9000593,5008523,200152,2026-05-16,not_as_described,3679.45
9000594,5045988,200019,2025-01-16,damaged_delivery,4556.14
9000595,5028847,200070,2025-12-18,damaged_delivery,3665.58
9000596,5035494,200121,2026-02-09,damaged_delivery,3481.1
9000597,5038985,200204,2025-11-20,wrong_size,1113.66
9000598,5022592,200141,2026-03-08,changed_mind,989.62
9000599,5059555,200185,2026-01-07,damaged_delivery,7039.87
9000600,5018137,200029,2025-08-11,defect,4139.53
9000601,5023240,200209,2026-06-18,not_as_described,6154.75
9000602,5027696,200023,2025-05-25,changed_mind,2983.5
9000603,5023132,200101,2026-05-23,damaged_delivery,1031.21
9000604,5028125,200182,2025-05-29,wrong_size,6078.98
9000605,5056428,200230,2025-06-18,not_as_described,2748.01
9000606,5039456,200167,2026-01-14,damaged_delivery,1923.27
9000607,5003823,200082,2025-04-02,wrong_size,5247.63
9000608,5001339,200109,2025-10-14,not_as_described,3440.89
9000609,5049048,200164,2026-03-21,not_as_described,1246.35
9000610,5053629,200077,2025-02-11,damaged_delivery,12115.84
9000611,5019682,200205,2025-08-21,defect,8974.22
9000612,5056034,200128,2025-03-22,damaged_delivery,2576.74
9000613,5048499,200007,2026-03-09,not_as_described,1447.79
9000614,5000064,200010,2025-01-23,defect,3450.48
9000615,5002001,200013,2025-08-25,wrong_size,6181.74
9000616,5014078,200201,2026-05-06,wrong_size,1143.31
9000617,5021900,200118,2026-04-09,changed_mind,959.64
9000618,5030670,200244,2026-06-06,changed_mind,2832.75
9000619,5001427,200144,2026-04-05,wrong_size,5904.25
9000620,5023884,200006,2025-09-05,changed_mind,1496.03
9000621,5001457,200050,2026-04-03,defect,2133.22
9000622,5002947,200179,2026-04-20,defect,395.18
9000623,5026182,200074,2025-02-21,damaged_delivery,6005.57
9000624,5038747,200243,2025-05-16,wrong_size,3606.23
9000625,5020404,200221,2026-05-08,wrong_size,5463.25
9000626,5003424,200185,2026-03-23,defect,6607.8
9000627,5004082,200069,2025-10-19,not_as_described,2319.74
9000628,5010016,200014,2025-06-26,not_as_described,23994.1
9000629,5002564,200113,2025-01-26,changed_mind,1871.5
9000630,5039146,200180,2025-05-24,changed_mind,2575.65
9000631,5028427,200165,2026-02-03,changed_mind,5916.87
9000632,5002171,200130,2025-04-28,defect,5820.42
9000633,5011726,200215,2025-09-07,defect,4472.61
9000634,5032752,200211,2025-05-01,not_as_described,4077.56
9000635,5018993,200211,2025-08-16,defect,9490.97
9000636,5012838,200157,2026-03-07,defect,4457.12
9000637,5007359,200080,2025-01-13,wrong_size,4295.05
9000638,5016820,200061,2025-11-12,changed_mind,2150.95
9000639,5054755,200084,2025-08-22,not_as_described,1912.15
9000640,5043848,200198,2026-03-17,defect,1574.68
9000641,5019396,200176,2025-10-16,damaged_delivery,2078.58
9000642,5019285,200155,2025-02-25,defect,9972.24
9000643,5032261,200118,2025-04-17,defect,1260.11
9000644,5040984,200100,2025-05-04,changed_mind,1663.19
9000645,5029926,200038,2025-12-03,changed_mind,3679.36
9000646,5030933,200067,2026-01-15,defect,7910.55
9000647,5029416,200211,2026-03-30,damaged_delivery,13911.82
9000648,5049319,200026,2025-01-28,wrong_size,4230.29
9000649,5054626,200175,2025-12-01,wrong_size,2891.74
9000650,5014916,200120,2025-10-01,changed_mind,2874.05
9000651,5015876,200065,2025-12-23,changed_mind,7828.03
9000652,5023184,200031,2025-11-07,changed_mind,3281.84
9000653,5032296,200062,2025-10-04,defect,1211.43
9000654,5048898,200042,2025-08-31,damaged_delivery,3071.0
9000655,5044435,200104,2025-07-06,changed_mind,1436.44
9000656,5023782,200020,2025-10-08,changed_mind,5183.24
9000657,5051907,200122,2026-03-29,not_as_described,2720.71
9000658,5049468,200217,2025-03-26,wrong_size,2957.41
9000659,5001702,200241,2026-01-28,defect,2271.7
9000660,5053019,200224,2025-02-14,wrong_size,1193.73
9000661,5028893,200160,2025-12-13,damaged_delivery,1991.03
9000662,5009208,200063,2025-11-26,not_as_described,5754.21
9000663,5011317,200141,2025-07-03,defect,1108.63
9000664,5009614,200091,2025-08-11,wrong_size,873.98
9000665,5012917,200122,2026-02-24,changed_mind,8703.12
9000666,5035006,200220,2025-12-20,damaged_delivery,3007.58
9000667,5039788,200083,2025-06-19,changed_mind,4768.01
9000668,5034211,200056,2026-01-01,damaged_delivery,2458.39
9000669,5031472,200096,2025-01-24,damaged_delivery,1757.78
9000670,5021000,200216,2025-05-11,defect,2377.94
9000671,5050767,200058,2025-05-23,changed_mind,5745.45
9000672,5013701,200119,2025-10-09,wrong_size,4033.28
9000673,5016012,200061,2026-03-28,changed_mind,2145.24
9000674,5050146,200136,2025-10-18,not_as_described,1368.75
9000675,5026573,200023,2025-02-15,defect,1555.9
9000676,5034272,200162,2026-03-27,defect,2437.06
9000677,5005372,200177,2025-08-16,damaged_delivery,4773.52
9000678,5011524,200188,2026-04-19,damaged_delivery,2428.74
9000679,5018361,200209,2025-09-05,defect,2332.84
9000680,5016134,200089,2025-06-12,wrong_size,1252.51
9000681,5024032,200139,2025-06-23,not_as_described,3925.28
9000682,5043544,200185,2025-10-27,changed_mind,3307.75
9000683,5015984,200146,2025-02-01,not_as_described,4819.52
9000684,5018471,200089,2025-03-13,damaged_delivery,4035.47
9000685,5005954,200246,2025-06-27,changed_mind,467.75
9000686,5056067,200121,2025-12-08,defect,3561.04
9000687,5039029,200084,2026-02-05,changed_mind,3953.22
9000688,5037391,200172,2026-05-13,wrong_size,2127.58
9000689,5028704,200148,2026-05-24,changed_mind,1382.3
9000690,5052658,200219,2026-03-11,not_as_described,4710.42
9000691,5014146,200243,2025-03-28,wrong_size,1908.51
9000692,5018815,200225,2025-10-07,defect,9568.23
9000693,5046332,200193,2025-01-13,defect,2823.79
9000694,5004779,200083,2026-02-28,changed_mind,1534.68
9000695,5007159,200211,2026-06-12,defect,3197.08
9000696,5035616,200044,2025-08-26,not_as_described,1451.83
9000697,5028392,200194,2025-07-22,defect,15678.36
9000698,5009838,200187,2025-04-24,defect,10877.02
9000699,5013402,200177,2025-04-21,changed_mind,1743.52
9000700,5019752,200153,2025-04-14,damaged_delivery,1681.48
9000701,5019338,200028,2026-06-24,wrong_size,9820.37
9000702,5046977,200097,2025-09-24,defect,6405.39
9000703,5003037,200214,2026-06-11,wrong_size,27817.21
9000704,5006369,200178,2025-05-22,defect,4347.05
9000705,5013361,200021,2025-11-19,changed_mind,5753.92
9000706,5045877,200237,2025-10-15,defect,19525.46
9000707,5059775,200179,2025-03-12,damaged_delivery,1427.69
9000708,5003387,200070,2025-12-24,changed_mind,3705.06
9000709,5030064,200188,2026-05-10,wrong_size,1427.08
9000710,5048331,200096,2025-04-22,defect,954.41
9000711,5053556,200154,2026-06-07,defect,3671.3
9000712,5039445,200147,2026-02-15,changed_mind,667.72
9000713,5058507,200155,2025-05-20,defect,21267.52
9000714,5049690,200181,2025-09-11,changed_mind,970.98
9000715,5051902,200101,2025-11-16,wrong_size,786.19
9000716,5006376,200212,2025-11-26,defect,8983.43
9000717,5045654,200178,2026-04-15,damaged_delivery,1930.41
9000718,5042692,200099,2025-06-08,wrong_size,3944.0
9000719,5030708,200124,2025-03-17,wrong_size,8756.01
9000720,5014052,200152,2026-04-19,defect,7343.6
9000721,5044600,200213,2026-01-27,wrong_size,1918.27
9000722,5026901,200125,2025-11-28,changed_mind,522.66
9000723,5052613,200148,2026-06-16,defect,3252.78
9000724,5051275,200120,2025-12-05,damaged_delivery,5676.43
9000725,5055274,200195,2025-06-06,changed_mind,21637.5
9000726,5019975,200060,2025-09-22,wrong_size,5277.17
9000727,5052680,200209,2025-11-13,defect,5819.12
9000728,5000657,200216,2025-08-16,damaged_delivery,1934.87
9000729,5044141,200118,2025-07-29,defect,597.8
9000730,5023858,200196,2025-02-12,not_as_described,12987.08
9000731,5025700,200019,2026-05-03,damaged_delivery,9689.48
9000732,5040777,200052,2025-05-02,not_as_described,823.44
9000733,5016100,200130,2026-02-18,defect,11196.99
9000734,5057949,200187,2026-05-16,damaged_delivery,5855.44
9000735,5030745,200088,2026-01-15,changed_mind,5691.42
9000736,5019755,200010,2025-09-29,wrong_size,3985.57
9000737,5042598,200173,2026-06-16,changed_mind,2722.38
9000738,5041691,200102,2026-03-06,changed_mind,4010.62
9000739,5023117,200154,2026-03-29,not_as_described,2246.32
9000740,5049980,200069,2025-07-13,changed_mind,2830.15
9000741,5026630,200115,2025-04-10,not_as_described,4778.59
9000742,5054818,200031,2026-04-22,wrong_size,905.77
9000743,5005791,200127,2026-05-31,damaged_delivery,5300.95
9000744,5025123,200123,2025-09-05,damaged_delivery,7804.51
9000745,5053205,200063,2025-05-14,damaged_delivery,5660.31
9000746,5046202,200089,2026-03-13,defect,2982.45
9000747,5034190,200040,2025-08-09,changed_mind,433.11
9000748,5026583,200152,2025-01-16,changed_mind,4151.72
9000749,5009602,200098,2025-09-13,changed_mind,952.77
9000750,5051447,200213,2026-06-22,changed_mind,2112.38
9000751,5016962,200070,2025-07-22,changed_mind,4719.99
9000752,5041989,200158,2025-06-03,wrong_size,2927.63
9000753,5016952,200034,2025-01-17,defect,5630.45
9000754,5019128,200058,2025-04-12,defect,1990.8
9000755,5056851,200195,2025-08-12,changed_mind,19005.1
9000756,5047933,200152,2025-12-28,damaged_delivery,6444.3
9000757,5016806,200165,2025-01-27,wrong_size,6442.8
9000758,5001991,200020,2026-02-05,damaged_delivery,2732.44
9000759,5016166,200143,2025-10-15,defect,6149.65
9000760,5012430,200101,2026-05-15,defect,425.72
9000761,5030614,200124,2025-01-16,wrong_size,5133.12
9000762,5032821,200125,2025-07-12,damaged_delivery,753.0
9000763,5040908,200013,2025-02-25,wrong_size,7247.68
9000764,5000521,200063,2025-05-22,damaged_delivery,10127.53
9000765,5050468,200148,2025-09-12,defect,1417.92
9000766,5027577,200210,2025-06-14,defect,2089.41
9000767,5029112,200099,2025-12-26,defect,4525.9
9000768,5014848,200133,2026-01-26,defect,13182.89
9000769,5042102,200104,2025-06-29,changed_mind,3240.83
9000770,5050697,200207,2025-07-21,defect,5358.45
9000771,5050470,200011,2025-11-25,damaged_delivery,12557.39
9000772,5033767,200069,2026-03-19,changed_mind,3599.96
9000773,5008431,200245,2025-09-16,not_as_described,484.51
9000774,5003052,200099,2025-01-26,changed_mind,4012.31
9000775,5053840,200224,2025-05-27,not_as_described,1115.3
9000776,5048219,200149,2026-05-15,defect,1380.49
9000777,5011800,200062,2025-02-19,wrong_size,1142.53
9000778,5002664,200017,2026-05-12,changed_mind,5971.34
9000779,5055551,200224,2026-05-04,defect,1031.13
9000780,5037944,200166,2026-05-11,defect,5800.17
9000781,5056656,200138,2026-03-16,not_as_described,5330.33
9000782,5056405,200191,2025-03-21,changed_mind,826.06
9000783,5042002,200013,2026-01-08,defect,2815.77
9000784,5000570,200091,2025-02-12,defect,1968.81
9000785,5029712,200012,2025-06-26,not_as_described,1272.22
9000786,5026803,200135,2025-06-18,damaged_delivery,4901.43
9000787,5052664,200224,2026-01-14,wrong_size,1146.98
9000788,5017057,200132,2026-03-06,damaged_delivery,459.06
9000789,5032443,200203,2025-01-29,defect,788.67
9000790,5039225,200232,2025-05-18,defect,2126.03
9000791,5037223,200036,2025-04-03,defect,2288.76
9000792,5017427,200188,2025-10-30,not_as_described,1113.35
9000793,5012080,200188,2025-01-14,defect,1266.96
9000794,5020573,200053,2026-05-11,changed_mind,4027.02
9000795,5024940,200089,2026-06-09,changed_mind,1562.03
9000796,5040659,200221,2026-02-20,changed_mind,1450.04
9000797,5018984,200181,2026-05-18,changed_mind,1022.05
9000798,5054372,200177,2026-01-12,changed_mind,6268.31
9000799,5041586,200027,2025-12-01,changed_mind,1836.58
9000800,5007003,200111,2025-12-15,damaged_delivery,8969.05
9000801,5010984,200180,2026-02-02,changed_mind,1920.88
9000802,5032922,200132,2025-07-23,not_as_described,465.01
9000803,5016568,200201,2026-06-23,changed_mind,2929.26
9000804,5007574,200153,2025-10-06,wrong_size,2579.4
9000805,5003609,200218,2026-05-26,changed_mind,3458.52
9000806,5035385,200141,2026-04-20,damaged_delivery,3615.81
9000807,5001610,200226,2025-05-13,changed_mind,1690.32
9000808,5028736,200004,2025-08-25,changed_mind,575.67
9000809,5046107,200229,2025-10-18,damaged_delivery,9285.86
9000810,5027817,200078,2025-11-07,changed_mind,7566.86
9000811,5029906,200051,2026-02-18,changed_mind,3987.66
9000812,5011897,200154,2026-04-20,not_as_described,3381.15
9000813,5050159,200204,2025-03-14,wrong_size,1678.52
9000814,5054254,200091,2026-04-05,defect,1055.7
9000815,5028404,200008,2025-12-13,damaged_delivery,6769.72
9000816,5036734,200048,2025-05-22,defect,1808.65
9000817,5054635,200217,2025-04-27,damaged_delivery,8359.44
9000818,5053819,200080,2025-03-10,wrong_size,4988.88
9000819,5017096,200050,2026-03-07,damaged_delivery,2227.1
9000820,5038932,200180,2026-04-17,not_as_described,3472.81
9000821,5010986,200001,2025-09-05,wrong_size,4859.99
9000822,5028601,200238,2026-02-02,changed_mind,667.75
9000823,5013206,200094,2026-06-03,wrong_size,855.64
9000824,5000355,200055,2025-08-04,changed_mind,9337.32
9000825,5046211,200095,2025-03-12,wrong_size,1629.47
9000826,5027636,200101,2026-02-14,wrong_size,761.06
9000827,5027600,200146,2026-01-13,damaged_delivery,4405.55
9000828,5031450,200234,2026-06-22,changed_mind,1347.11
9000829,5024289,200123,2026-02-08,not_as_described,7581.78
9000830,5052866,200058,2025-03-12,changed_mind,2109.32
9000831,5001351,200216,2026-06-26,changed_mind,1833.8
9000832,5023663,200210,2025-04-21,damaged_delivery,3460.37
9000833,5016040,200197,2025-04-08,changed_mind,4220.46
9000834,5041191,200026,2025-06-17,wrong_size,7189.53
9000835,5004611,200153,2025-12-13,changed_mind,2332.07
9000836,5034281,200150,2025-12-30,changed_mind,3741.08
9000837,5004765,200155,2026-04-15,damaged_delivery,8467.22
9000838,5054213,200037,2025-11-18,wrong_size,2077.81
9000839,5017535,200104,2025-09-30,not_as_described,4601.06
9000840,5004796,200077,2026-05-24,changed_mind,7433.96
9000841,5047551,200126,2025-11-02,not_as_described,478.14
9000842,5044733,200190,2025-02-20,changed_mind,3388.09
9000843,5032138,200149,2025-10-19,defect,1332.43
9000844,5026547,200044,2026-04-01,changed_mind,5130.16
9000845,5044785,200077,2025-02-24,wrong_size,7297.71
9000846,5026707,200242,2026-06-15,defect,5580.18
9000847,5040475,200037,2025-12-21,wrong_size,1064.29
9000848,5048153,200082,2025-02-08,damaged_delivery,2184.11
9000849,5035612,200228,2025-06-26,changed_mind,1739.6
9000850,5030028,200160,2025-10-30,wrong_size,2339.05
9000851,5014266,200112,2025-02-12,not_as_described,18863.11
9000852,5034401,200052,2025-10-07,changed_mind,1545.21
9000853,5039678,200203,2025-12-28,defect,890.71
9000854,5052638,200177,2025-05-12,changed_mind,4178.53
9000855,5049411,200240,2026-01-01,wrong_size,3234.56
9000856,5053379,200108,2025-01-25,changed_mind,5801.53
9000857,5017267,200166,2025-05-17,wrong_size,7719.96
9000858,5034140,200238,2025-03-08,wrong_size,839.66
9000859,5026991,200193,2025-10-26,changed_mind,2509.51
9000860,5019886,200193,2025-10-05,not_as_described,1482.31
9000861,5013801,200246,2025-12-23,damaged_delivery,1286.25
9000862,5029415,200203,2025-02-19,damaged_delivery,367.85
9000863,5003782,200038,2025-01-29,damaged_delivery,3427.53
9000864,5025682,200165,2025-06-23,wrong_size,2515.36
9000865,5016595,200193,2026-06-11,changed_mind,2644.19
9000866,5022261,200053,2025-04-18,changed_mind,10231.61
9000867,5044368,200212,2025-01-11,wrong_size,26374.69
9000868,5046606,200169,2025-08-27,defect,8426.72
9000869,5046994,200039,2025-03-15,damaged_delivery,1009.35
9000870,5001206,200092,2025-02-07,not_as_described,3524.41
9000871,5048740,200161,2026-02-02,damaged_delivery,6598.58
9000872,5054897,200139,2025-06-30,changed_mind,4290.44
9000873,5005442,200064,2025-03-06,wrong_size,3185.42
9000874,5050928,200240,2026-04-27,changed_mind,2137.82
9000875,5025867,200080,2025-08-10,not_as_described,1579.55
9000876,5054290,200118,2026-01-02,damaged_delivery,1351.26
9000877,5036933,200161,2025-01-30,damaged_delivery,6422.23
9000878,5026528,200213,2025-07-30,defect,3480.26
9000879,5030367,200144,2025-03-21,damaged_delivery,4811.68
9000880,5014022,200131,2025-05-22,damaged_delivery,2265.69
9000881,5005194,200238,2025-12-10,damaged_delivery,1949.26
9000882,5025719,200245,2026-04-15,defect,1182.57
9000883,5039692,200154,2025-06-24,wrong_size,2918.3
9000884,5024798,200196,2025-08-30,not_as_described,3194.62
9000885,5021630,200118,2026-01-18,not_as_described,1111.66
9000886,5040306,200200,2025-10-05,damaged_delivery,5412.24
9000887,5006699,200183,2025-10-05,wrong_size,1865.32
9000888,5012075,200062,2025-01-15,damaged_delivery,1399.27
9000889,5002982,200017,2025-06-20,defect,7113.24
9000890,5010268,200043,2025-11-05,not_as_described,6788.49
9000891,5037154,200054,2025-07-04,wrong_size,4508.36
9000892,5030674,200065,2025-05-19,wrong_size,3675.38
9000893,5040401,200034,2025-11-27,changed_mind,2146.36
9000894,5023572,200110,2025-09-27,changed_mind,1279.23
9000895,5012233,200128,2026-05-27,changed_mind,7022.49
9000896,5043400,200182,2026-03-31,wrong_size,4166.78
9000897,5001053,200246,2025-06-28,damaged_delivery,1245.6
9000898,5058301,200200,2026-01-18,wrong_size,2996.63
9000899,5028776,200147,2025-05-14,wrong_size,1579.17
9000900,5050358,200234,2026-05-16,damaged_delivery,1342.2
9000901,5058019,200136,2025-02-03,not_as_described,661.93
9000902,5034046,200168,2025-07-23,wrong_size,4623.32
9000903,5031332,200191,2025-02-09,defect,653.63
9000904,5054404,200045,2025-06-07,wrong_size,2644.58
9000905,5044846,200131,2026-03-06,defect,5084.29
9000906,5041898,200041,2025-09-05,damaged_delivery,1108.51
9000907,5037032,200024,2026-02-25,wrong_size,1630.18
9000908,5050782,200235,2025-11-24,wrong_size,1971.96
9000909,5043305,200216,2025-09-11,damaged_delivery,3673.72
9000910,5042036,200155,2025-08-27,wrong_size,18057.31
9000911,5022398,200204,2026-02-13,damaged_delivery,808.85
9000912,5042823,200170,2025-07-20,wrong_size,1918.08
9000913,5000359,200134,2026-04-05,defect,3152.71
9000914,5044008,200185,2026-04-17,not_as_described,2502.98
9000915,5006091,200218,2025-02-28,wrong_size,3799.38
9000916,5010813,200080,2025-06-24,not_as_described,1311.03
9000917,5024619,200089,2025-06-12,defect,4234.34
9000918,5050910,200204,2026-06-17,wrong_size,2061.37
9000919,5033845,200099,2026-03-22,defect,2940.06
9000920,5009211,200024,2025-10-08,wrong_size,5237.92
9000921,5050845,200043,2026-05-19,defect,5418.0
9000922,5022413,200153,2026-01-03,wrong_size,2348.04
9000923,5012993,200196,2025-02-18,not_as_described,3922.98
9000924,5050494,200158,2025-12-19,defect,5794.65
9000925,5053433,200006,2025-09-11,changed_mind,2516.71
9000926,5022565,200039,2025-11-16,damaged_delivery,2077.49
9000927,5053089,200071,2025-06-05,not_as_described,2276.25
9000928,5020394,200081,2026-05-30,wrong_size,1323.02
9000929,5003686,200182,2026-02-24,wrong_size,1909.03
9000930,5026644,200151,2025-12-05,defect,3722.63
9000931,5044756,200240,2025-09-25,defect,1390.82
9000932,5017197,200209,2025-01-22,changed_mind,8395.03
9000933,5011010,200183,2025-10-30,wrong_size,5031.5
9000934,5047885,200238,2025-03-13,changed_mind,1451.65
9000935,5044751,200143,2025-10-28,changed_mind,16940.2
9000936,5026843,200108,2025-12-17,not_as_described,5520.84
9000937,5056494,200013,2026-06-16,defect,3256.76
9000938,5026326,200127,2025-07-21,not_as_described,20344.44
9000939,5059034,200173,2025-11-23,not_as_described,4578.68
9000940,5048270,200183,2025-09-12,not_as_described,3565.14
9000941,5054522,200215,2025-01-25,changed_mind,2828.29
9000942,5052924,200243,2025-05-28,defect,4297.79
9000943,5047417,200042,2025-12-28,changed_mind,6082.59
9000944,5035210,200134,2025-03-14,wrong_size,1015.0
9000945,5059381,200036,2025-05-30,not_as_described,766.51
9000946,5054044,200026,2025-11-08,not_as_described,3375.43
9000947,5000423,200236,2025-11-05,wrong_size,3990.83
9000948,5057477,200178,2025-12-18,damaged_delivery,2054.76
9000949,5052798,200241,2025-01-12,damaged_delivery,2164.16
9000950,5054839,200092,2025-11-01,defect,1500.38
9000951,5019231,200160,2025-10-11,defect,1756.59
9000952,5011195,200160,2025-09-30,not_as_described,1079.89
9000953,5044421,200176,2026-03-09,not_as_described,1970.05
9000954,5012226,200173,2025-01-15,defect,2953.03
9000955,5049330,200004,2025-02-14,wrong_size,1310.07
9000956,5036242,200213,2025-03-01,damaged_delivery,3762.9
9000957,5028400,200073,2026-02-24,damaged_delivery,11329.5
9000958,5023491,200063,2025-09-07,wrong_size,6406.05
9000959,5056514,200222,2025-06-29,wrong_size,2892.4
9000960,5014798,200125,2025-04-04,damaged_delivery,577.98
9000961,5037163,200240,2026-02-16,not_as_described,3484.93
9000962,5000148,200037,2025-08-17,damaged_delivery,1868.04
9000963,5030679,200123,2025-04-20,damaged_delivery,12229.62
9000964,5003031,200230,2026-06-04,wrong_size,2470.46
9000965,5053344,200196,2026-02-10,wrong_size,12311.41
9000966,5016701,200188,2025-05-22,defect,1146.24
9000967,5038352,200049,2026-04-25,changed_mind,1501.46
9000968,5034567,200126,2025-09-30,changed_mind,1380.06
9000969,5055334,200048,2025-06-26,not_as_described,1716.06
9000970,5043741,200196,2026-03-19,changed_mind,8266.61
9000971,5044892,200089,2026-05-05,changed_mind,1387.85
9000972,5016489,200243,2026-05-05,damaged_delivery,3096.34
9000973,5021176,200182,2025-03-29,wrong_size,1966.72
9000974,5016433,200103,2025-11-25,wrong_size,3267.25
9000975,5027828,200239,2025-03-02,not_as_described,1591.57
9000976,5028502,200239,2025-05-21,wrong_size,1867.24
9000977,5033210,200060,2025-04-14,not_as_described,4103.12
9000978,5014537,200230,2025-06-28,damaged_delivery,3167.32
9000979,5014963,200048,2026-04-26,damaged_delivery,1755.09
9000980,5022338,200121,2025-02-22,changed_mind,4959.99
9000981,5000756,200106,2026-03-21,defect,3371.34
9000982,5050441,200187,2025-09-18,defect,5780.21
9000983,5048022,200133,2025-02-25,defect,33722.92
9000984,5040926,200079,2026-06-04,damaged_delivery,2585.96
9000985,5022533,200092,2026-04-19,changed_mind,1636.6
9000986,5010996,200199,2025-08-28,not_as_described,2235.11
9000987,5011600,200203,2026-05-16,changed_mind,446.0
9000988,5021461,200047,2025-10-13,wrong_size,12793.49
9000989,5040996,200095,2026-04-29,defect,1144.63
9000990,5058127,200124,2026-03-08,damaged_delivery,5189.23
9000991,5033972,200092,2025-03-25,changed_mind,3927.17
9000992,5001910,200025,2026-05-28,changed_mind,6409.22
9000993,5043404,200212,2025-06-08,damaged_delivery,10329.4
9000994,5018888,200187,2026-02-14,wrong_size,12201.68
9000995,5001836,200142,2025-07-11,defect,2332.37
9000996,5012333,200010,2025-01-19,wrong_size,2054.79
9000997,5020536,200027,2026-06-29,damaged_delivery,5209.39
9000998,5044217,200015,2026-05-02,wrong_size,22226.57
9000999,5033726,200083,2026-05-07,wrong_size,1135.91
9001000,5024783,200204,2026-04-15,defect,2248.51
9001001,5022391,200198,2026-05-01,wrong_size,3163.28
9001002,5025250,200198,2025-08-03,changed_mind,3643.44
9001003,5030939,200088,2025-07-31,damaged_delivery,2628.91
9001004,5021624,200159,2026-04-20,wrong_size,1648.47
9001005,5000259,200196,2026-02-10,defect,3974.45
9001006,5055197,200157,2026-04-06,wrong_size,1182.38
9001007,5052574,200209,2025-08-01,defect,7956.79
9001008,5013444,200010,2025-01-16,changed_mind,6696.57
9001009,5023973,200011,2026-03-26,damaged_delivery,7657.45
9001010,5040056,200148,2025-03-01,wrong_size,3078.85
9001011,5033469,200075,2025-05-16,not_as_described,2626.58
9001012,5010339,200081,2026-03-21,changed_mind,1371.8
9001013,5016800,200076,2025-08-11,wrong_size,1473.29
9001014,5011190,200217,2025-12-31,not_as_described,5588.58
9001015,5029685,200150,2026-06-04,not_as_described,4334.74
9001016,5010956,200068,2025-02-18,not_as_described,1269.42
9001017,5014585,200225,2025-10-29,damaged_delivery,4990.42
9001018,5028468,200018,2025-03-08,not_as_described,1905.35
9001019,5005813,200213,2025-12-09,changed_mind,1463.82
9001020,5017069,200130,2025-11-27,wrong_size,13730.03
9001021,5037887,200237,2025-03-17,wrong_size,10361.79
9001022,5010669,200137,2025-01-19,damaged_delivery,1548.23
9001023,5046835,200235,2025-10-23,changed_mind,2169.56
9001024,5039792,200017,2025-04-09,damaged_delivery,21110.7
9001025,5027791,200099,2025-06-07,defect,1360.69
9001026,5009697,200063,2025-11-29,defect,10408.43
9001027,5038563,200099,2025-01-29,damaged_delivery,1291.45
9001028,5012756,200086,2026-01-17,wrong_size,12126.43
9001029,5020304,200154,2026-02-20,changed_mind,1043.79
9001030,5035840,200066,2025-05-14,not_as_described,2137.21
9001031,5046180,200099,2025-12-08,wrong_size,3371.34
9001032,5019664,200078,2025-06-16,not_as_described,9167.54
9001033,5027892,200140,2025-01-31,damaged_delivery,10580.88
9001034,5007597,200105,2026-06-03,damaged_delivery,2692.73
9001035,5027986,200204,2026-02-01,wrong_size,849.89
9001036,5047814,200041,2026-06-30,changed_mind,777.09
9001037,5020437,200063,2026-04-13,damaged_delivery,6462.68
9001038,5043541,200054,2025-11-27,changed_mind,9129.08
9001039,5010410,200193,2025-04-29,changed_mind,1447.09
9001040,5018441,200155,2025-06-06,changed_mind,9044.46
9001041,5010180,200007,2026-04-06,wrong_size,1874.98
9001042,5029483,200119,2025-05-30,changed_mind,2637.0
9001043,5035007,200148,2025-01-18,wrong_size,1798.17
9001044,5013843,200034,2025-02-05,damaged_delivery,4539.8
9001045,5014324,200139,2026-03-11,changed_mind,5054.12
9001046,5058074,200138,2025-04-23,damaged_delivery,4027.38
9001047,5018052,200204,2026-05-07,changed_mind,965.96
9001048,5034949,200050,2025-09-22,changed_mind,928.12
9001049,5050595,200116,2026-04-13,defect,1671.06
9001050,5034350,200027,2026-02-08,changed_mind,2075.78
9001051,5036586,200036,2026-01-27,damaged_delivery,611.59
9001052,5054536,200031,2025-11-14,defect,2177.17
9001053,5041227,200013,2025-02-28,not_as_described,2868.66
9001054,5015160,200106,2026-04-24,damaged_delivery,1619.82
9001055,5051727,200236,2026-04-23,defect,8478.37
9001056,5037801,200030,2025-09-18,damaged_delivery,4447.91
9001057,5027023,200157,2025-11-13,defect,1268.01
9001058,5056868,200244,2025-07-29,not_as_described,1547.03
9001059,5050473,200203,2025-11-11,changed_mind,370.53
9001060,5015384,200221,2025-08-10,damaged_delivery,1352.35
9001061,5043707,200238,2026-06-25,damaged_delivery,1010.66
9001062,5028840,200246,2025-11-18,damaged_delivery,1706.86
9001063,5019195,200129,2025-09-13,changed_mind,3057.84
9001064,5025031,200247,2025-12-07,defect,3911.56
9001065,5031864,200229,2025-02-28,wrong_size,9855.67
9001066,5021166,200224,2025-08-06,changed_mind,2030.06
9001067,5051447,200206,2025-12-20,not_as_described,572.42
9001068,5011647,200071,2026-02-23,defect,2340.14
9001069,5041128,200103,2026-02-13,damaged_delivery,1116.82
9001070,5046349,200082,2025-07-01,damaged_delivery,2665.76
9001071,5007529,200218,2025-04-18,not_as_described,6261.39
9001072,5040023,200170,2025-02-26,changed_mind,1422.96
9001073,5032501,200078,2026-01-11,changed_mind,7339.2
9001074,5029454,200146,2025-04-14,wrong_size,2258.44
9001075,5046242,200011,2025-12-15,not_as_described,3491.82
9001076,5045374,200198,2025-11-28,not_as_described,3079.75
9001077,5004169,200189,2025-10-25,changed_mind,1573.44
9001078,5020488,200240,2026-05-05,damaged_delivery,1858.55
9001079,5014802,200090,2025-07-16,changed_mind,5665.34
9001080,5000278,200044,2026-02-27,damaged_delivery,3906.43
9001081,5034679,200097,2025-12-15,not_as_described,10372.17
9001082,5009226,200191,2025-12-11,wrong_size,1930.4
9001083,5045069,200224,2026-05-18,changed_mind,2301.96
9001084,5029047,200105,2026-05-01,changed_mind,800.29
9001085,5024347,200243,2026-02-12,not_as_described,4017.64
9001086,5059222,200235,2026-02-02,changed_mind,6969.95
9001087,5031977,200238,2026-01-07,changed_mind,778.21
9001088,5030807,200171,2025-06-04,changed_mind,4255.02
9001089,5039217,200242,2026-01-19,not_as_described,5283.92
9001090,5020853,200134,2025-09-10,changed_mind,3613.64
9001091,5057777,200143,2025-12-27,wrong_size,6313.56
9001092,5031051,200181,2025-03-18,not_as_described,1871.91
9001093,5005436,200167,2025-09-24,changed_mind,1315.56
9001094,5022174,200208,2026-06-12,defect,2458.32
9001095,5040573,200118,2026-05-22,not_as_described,570.0
9001096,5028767,200102,2025-10-10,damaged_delivery,5471.62
9001097,5020168,200177,2026-05-16,defect,6753.64
9001098,5012209,200203,2026-01-24,damaged_delivery,443.55
9001099,5038113,200213,2025-07-17,damaged_delivery,4500.92
9001100,5034000,200231,2025-03-22,damaged_delivery,522.03
9001101,5000408,200064,2026-01-19,wrong_size,1187.35
9001102,5001230,200036,2025-12-28,damaged_delivery,1423.79
9001103,5014413,200198,2026-02-18,not_as_described,1412.33
9001104,5050086,200023,2025-12-06,wrong_size,2903.29
9001105,5049513,200146,2025-06-07,damaged_delivery,2622.04
9001106,5054110,200221,2025-09-22,damaged_delivery,1761.4
9001107,5022184,200091,2025-06-01,not_as_described,777.1
9001108,5046830,200137,2026-03-12,damaged_delivery,1789.96
9001109,5030132,200002,2026-06-21,damaged_delivery,600.69
9001110,5026624,200060,2026-05-09,changed_mind,2966.67
9001111,5053947,200158,2025-02-01,not_as_described,6183.1
9001112,5000354,200002,2026-01-02,not_as_described,801.32
9001113,5035003,200193,2025-12-26,changed_mind,1589.55
9001114,5022804,200150,2025-06-27,wrong_size,4962.51
9001115,5050849,200138,2025-03-01,not_as_described,3702.35
9001116,5010965,200122,2025-05-05,not_as_described,9080.15
9001117,5026154,200089,2025-07-14,damaged_delivery,1446.77
9001118,5034985,200169,2025-10-06,not_as_described,13410.7
9001119,5051620,200237,2025-04-21,changed_mind,13986.72
9001120,5018217,200121,2025-05-14,changed_mind,5973.96
9001121,5039061,200072,2025-07-06,defect,1313.42
9001122,5037101,200225,2025-05-23,not_as_described,10600.11
9001123,5010502,200214,2025-07-03,wrong_size,24931.25
9001124,5049573,200051,2025-12-10,not_as_described,1420.94
9001125,5031923,200084,2026-01-04,not_as_described,1110.75
9001126,5034002,200183,2025-07-26,damaged_delivery,2773.07
9001127,5057602,200039,2025-10-20,wrong_size,895.02
9001128,5042179,200003,2026-06-10,changed_mind,8436.45
9001129,5019277,200085,2025-08-11,wrong_size,5543.99
9001130,5011522,200043,2025-04-29,changed_mind,3073.02
9001131,5008540,200027,2026-01-03,wrong_size,1837.24
9001132,5025103,200001,2025-11-11,damaged_delivery,1517.04
9001133,5015378,200132,2025-12-05,changed_mind,429.15
9001134,5027054,200005,2025-12-29,changed_mind,4582.78
9001135,5024398,200190,2025-03-07,wrong_size,4182.39
9001136,5010419,200177,2025-03-03,defect,2264.37
9001137,5053855,200119,2026-05-29,defect,5646.36
9001138,5034441,200227,2025-08-29,changed_mind,1144.59
9001139,5021163,200152,2025-12-20,damaged_delivery,8327.9
9001140,5022455,200132,2025-05-04,damaged_delivery,379.27
9001141,5025374,200202,2025-02-06,wrong_size,887.74
9001142,5051059,200246,2026-06-24,changed_mind,448.64
9001143,5049090,200072,2025-11-13,damaged_delivery,1640.84
9001144,5045259,200131,2025-12-26,defect,2333.04
9001145,5016404,200031,2025-03-11,changed_mind,1221.87
9001146,5004882,200037,2025-03-21,damaged_delivery,2180.58
9001147,5038248,200078,2025-09-09,changed_mind,7211.9
9001148,5018603,200071,2026-05-23,defect,6487.19
9001149,5009886,200228,2025-08-23,damaged_delivery,1995.2
9001150,5055423,200195,2025-10-04,damaged_delivery,36823.69
9001151,5017123,200014,2025-10-25,wrong_size,12960.48
9001152,5031541,200145,2025-08-04,not_as_described,9554.09
9001153,5032103,200243,2025-05-25,not_as_described,2821.17
9001154,5007071,200138,2025-09-16,defect,3999.95
9001155,5031279,200131,2025-05-16,changed_mind,5866.29
9001156,5059797,200024,2025-01-12,changed_mind,2066.4
9001157,5001117,200061,2026-04-10,not_as_described,3218.91
9001158,5000576,200199,2025-12-05,wrong_size,5948.82
9001159,5021296,200226,2026-02-17,changed_mind,941.54
9001160,5042103,200091,2026-06-28,defect,1789.9
9001161,5022969,200081,2025-02-12,changed_mind,1557.48
9001162,5036803,200036,2025-08-31,defect,2464.39
9001163,5049076,200176,2025-04-10,wrong_size,3598.38
9001164,5008422,200101,2026-04-26,wrong_size,517.61
9001165,5037330,200201,2026-01-18,damaged_delivery,1152.44
9001166,5044461,200039,2025-12-31,changed_mind,841.98
9001167,5001537,200217,2025-08-04,changed_mind,2306.96
9001168,5050634,200037,2025-11-28,changed_mind,1275.79
9001169,5016038,200150,2025-04-08,wrong_size,4887.23
9001170,5030551,200057,2026-01-29,wrong_size,8674.15
9001171,5007603,200211,2026-05-09,not_as_described,4151.67
9001172,5045860,200083,2025-10-29,damaged_delivery,3520.19
9001173,5018945,200006,2026-04-12,changed_mind,2823.27
9001174,5018834,200071,2025-11-21,changed_mind,6549.79
9001175,5032294,200218,2025-08-07,changed_mind,2142.83
9001176,5020900,200203,2025-07-31,damaged_delivery,402.63
9001177,5020937,200062,2025-04-23,damaged_delivery,3383.11
9001178,5041434,200017,2025-05-04,not_as_described,14065.05
9001179,5015665,200092,2025-11-15,defect,1740.75
9001180,5031302,200178,2026-05-17,not_as_described,2943.01
9001181,5000297,200064,2025-06-03,damaged_delivery,4723.2
9001182,5007427,200066,2026-01-28,changed_mind,2251.5
9001183,5059710,200044,2026-06-12,wrong_size,3499.16
9001184,5033418,200077,2025-05-21,defect,5285.82
9001185,5000020,200126,2025-07-27,damaged_delivery,448.47
9001186,5050666,200218,2025-09-05,changed_mind,2410.08
9001187,5019242,200001,2025-01-31,not_as_described,1562.52
9001188,5034515,200063,2025-09-11,not_as_described,6223.77
9001189,5009077,200029,2025-11-11,damaged_delivery,3983.08
9001190,5025705,200097,2025-09-17,changed_mind,5156.9
9001191,5009406,200057,2025-07-13,changed_mind,9010.03
9001192,5050338,200097,2026-02-16,changed_mind,4841.04
9001193,5040634,200191,2025-01-26,defect,1921.02
9001194,5055040,200240,2025-07-14,damaged_delivery,1991.19
9001195,5018996,200144,2026-06-28,defect,4508.13
9001196,5008425,200026,2026-04-15,defect,4166.62
9001197,5039388,200032,2025-06-05,changed_mind,5376.98
9001198,5032620,200004,2025-12-15,not_as_described,781.76
9001199,5055970,200022,2025-12-06,damaged_delivery,5668.12
9001200,5019810,200179,2025-07-16,changed_mind,1088.5
9001201,5033097,200029,2026-02-13,defect,4257.95
9001202,5022788,200247,2025-08-03,wrong_size,3649.83
9001203,5007536,200066,2025-08-09,not_as_described,1132.66
9001204,5008205,200191,2025-01-23,not_as_described,2322.32
9001205,5005816,200173,2026-04-08,damaged_delivery,1269.4
9001206,5018476,200160,2025-05-17,wrong_size,1007.08
9001207,5005060,200070,2025-05-26,changed_mind,2105.26
9001208,5041406,200121,2025-08-27,not_as_described,1711.12
9001209,5051920,200065,2025-12-29,changed_mind,7115.62
9001210,5051869,200151,2026-02-12,defect,2557.69
9001211,5015470,200052,2026-02-27,defect,760.06
9001212,5047759,200219,2025-12-28,wrong_size,2728.88
9001213,5005079,200138,2025-09-07,not_as_described,4710.62
9001214,5033648,200091,2026-01-20,damaged_delivery,1064.4
9001215,5004193,200021,2025-10-14,damaged_delivery,3987.32
9001216,5022184,200091,2025-02-14,defect,969.06
9001217,5012657,200137,2026-02-27,defect,3486.67
9001218,5052318,200114,2025-10-13,not_as_described,40914.92
9001219,5004979,200147,2025-03-10,changed_mind,1490.75
9001220,5033218,200065,2025-10-01,damaged_delivery,2910.19
9001221,5045288,200150,2025-11-09,wrong_size,12239.0
9001222,5010104,200153,2025-08-20,damaged_delivery,1051.11
9001223,5014498,200106,2025-04-18,wrong_size,2078.2
9001224,5017879,200106,2025-09-27,damaged_delivery,2499.43
9001225,5020900,200203,2025-10-29,defect,502.58
9001226,5044060,200079,2025-10-12,not_as_described,2429.24
9001227,5052882,200218,2025-03-28,defect,1984.63
9001228,5012422,200069,2025-04-12,damaged_delivery,1992.36
9001229,5012658,200043,2025-08-29,changed_mind,3470.24
9001230,5014525,200001,2025-06-09,changed_mind,4094.51
9001231,5057789,200196,2025-05-17,changed_mind,3831.26
9001232,5043397,200076,2025-09-10,defect,1928.52
9001233,5026255,200031,2026-06-27,defect,983.9
9001234,5051212,200168,2026-04-20,changed_mind,4415.68
9001235,5023611,200040,2026-04-14,wrong_size,348.28
9001236,5021163,200152,2025-10-25,defect,8924.0
9001237,5051911,200138,2025-05-12,defect,13233.51
9001238,5055665,200002,2025-09-20,defect,1194.84
9001239,5037812,200173,2026-04-04,not_as_described,3022.69
9001240,5050721,200080,2025-01-29,damaged_delivery,2400.63
9001241,5054863,200023,2025-07-02,not_as_described,3282.17
9001242,5028353,200057,2026-03-15,damaged_delivery,10031.97
9001243,5058766,200132,2025-12-29,defect,737.42
9001244,5051552,200165,2026-04-07,wrong_size,3166.21
9001245,5000854,200034,2025-12-10,not_as_described,5748.26
9001246,5046797,200206,2025-06-17,not_as_described,1377.83
9001247,5027057,200216,2026-04-23,wrong_size,2365.65
9001248,5027745,200230,2025-10-19,wrong_size,3087.05
9001249,5018819,200059,2025-01-27,changed_mind,3292.82
9001250,5048073,200107,2025-07-15,wrong_size,4116.86
9001251,5009168,200155,2025-10-08,defect,30120.23
9001252,5046420,200173,2025-01-21,defect,1201.19
9001253,5049648,200119,2025-05-31,damaged_delivery,1848.18
9001254,5044290,200160,2025-06-29,changed_mind,1014.44
9001255,5015311,200069,2025-11-29,not_as_described,2207.14
9001256,5001215,200198,2026-03-16,damaged_delivery,3125.25
9001257,5050005,200201,2025-11-27,not_as_described,4463.1
9001258,5033340,200122,2025-06-23,defect,2327.29
9001259,5018356,200075,2025-02-07,damaged_delivery,989.68
9001260,5046596,200004,2025-02-13,wrong_size,1494.75
9001261,5039201,200076,2026-04-09,changed_mind,836.84
9001262,5031459,200074,2026-03-14,damaged_delivery,6952.62
9001263,5024946,200041,2025-01-11,not_as_described,1723.21
9001264,5055392,200037,2025-11-26,defect,1411.18
9001265,5010443,200213,2025-10-16,changed_mind,1581.26
9001266,5003299,200067,2026-03-26,defect,8657.64
9001267,5019096,200097,2025-12-22,wrong_size,10236.55
9001268,5009396,200173,2025-01-21,defect,1665.23
9001269,5038808,200011,2026-01-03,defect,11560.35
9001270,5048376,200153,2025-04-20,wrong_size,1756.7
9001271,5039383,200204,2025-06-29,wrong_size,982.06
9001272,5054226,200149,2026-04-26,wrong_size,1332.66
9001273,5046311,200074,2025-05-09,damaged_delivery,4629.91
9001274,5019147,200158,2025-09-22,changed_mind,2598.23
9001275,5007927,200037,2026-01-11,not_as_described,1025.0
9001276,5041762,200144,2025-10-17,changed_mind,3555.28
9001277,5040679,200156,2026-04-27,changed_mind,970.13
9001278,5038756,200118,2026-01-17,damaged_delivery,638.62
9001279,5054158,200237,2025-10-23,wrong_size,6499.75
9001280,5008022,200041,2025-08-22,not_as_described,2138.42
9001281,5017507,200204,2026-02-22,changed_mind,2621.86
9001282,5033314,200158,2026-01-19,wrong_size,2598.83
9001283,5058320,200160,2025-08-18,defect,1016.03
9001284,5058089,200168,2025-12-14,changed_mind,7245.26
9001285,5025541,200164,2026-05-25,changed_mind,3730.91
9001286,5034952,200015,2025-04-05,damaged_delivery,21568.68
9001287,5007390,200129,2026-02-19,changed_mind,3258.74
9001288,5019599,200104,2025-02-13,not_as_described,2483.88
9001289,5023061,200014,2025-09-14,changed_mind,10848.53
9001290,5009153,200148,2026-04-23,wrong_size,1293.61
9001291,5016884,200015,2025-08-07,changed_mind,6879.76
9001292,5025085,200194,2025-10-25,not_as_described,44962.31
9001293,5026654,200185,2025-05-10,damaged_delivery,3105.09
9001294,5036150,200092,2025-06-16,changed_mind,4151.94
9001295,5003443,200114,2025-04-11,changed_mind,66940.17
9001296,5031966,200092,2026-02-13,changed_mind,2717.09
9001297,5028464,200222,2025-11-22,damaged_delivery,9112.22
9001298,5049159,200022,2025-05-14,damaged_delivery,2628.24
9001299,5058789,200141,2025-04-07,not_as_described,3654.38
9001300,5022501,200181,2026-02-02,damaged_delivery,2421.6
9001301,5041417,200125,2025-04-07,damaged_delivery,614.29
9001302,5042326,200037,2025-07-23,damaged_delivery,1361.43
9001303,5030863,200174,2025-06-13,wrong_size,2830.09
9001304,5047177,200050,2026-05-31,changed_mind,2125.33
9001305,5037473,200135,2025-12-13,not_as_described,12233.18
9001306,5025356,200011,2026-01-25,damaged_delivery,3522.72
9001307,5052169,200119,2026-05-30,changed_mind,7126.03
9001308,5041141,200155,2025-12-19,wrong_size,17545.06
9001309,5051117,200166,2026-03-08,changed_mind,9240.57
9001310,5035719,200071,2025-03-21,not_as_described,5324.67
9001311,5046539,200225,2025-04-23,defect,11665.86
9001312,5055371,200109,2025-04-29,defect,8490.75
9001313,5019887,200183,2026-06-07,not_as_described,1936.89
9001314,5028244,200138,2026-05-23,damaged_delivery,4507.1
9001315,5019909,200162,2025-12-15,not_as_described,2029.68
9001316,5028918,200204,2025-09-13,wrong_size,973.73
9001317,5054105,200110,2026-01-22,wrong_size,1513.75
9001318,5031114,200104,2026-01-09,damaged_delivery,2268.07
9001319,5022396,200191,2025-10-16,changed_mind,1323.34
9001320,5051741,200023,2025-04-04,damaged_delivery,2701.6
9001321,5027666,200059,2025-02-02,wrong_size,1933.4
9001322,5019115,200091,2026-03-10,changed_mind,1021.94
9001323,5051885,200096,2026-05-01,damaged_delivery,957.95
9001324,5008432,200167,2025-11-26,damaged_delivery,1075.78
9001325,5049717,200199,2026-04-27,changed_mind,2591.89
9001326,5036061,200074,2025-11-21,damaged_delivery,4004.83
9001327,5058976,200107,2025-05-08,changed_mind,3955.82
9001328,5030399,200098,2026-04-08,wrong_size,1106.48
9001329,5006291,200046,2025-02-27,changed_mind,20655.64
9001330,5034276,200057,2025-08-05,defect,7543.93
9001331,5022466,200237,2026-01-14,damaged_delivery,7246.69
9001332,5020866,200216,2025-02-06,wrong_size,2174.9
9001333,5034255,200186,2026-02-20,wrong_size,930.76
9001334,5051918,200170,2026-02-15,defect,1840.21
9001335,5010781,200085,2026-04-15,changed_mind,5847.56
9001336,5059270,200143,2025-05-02,changed_mind,4949.35
9001337,5040101,200201,2025-04-12,defect,934.05
9001338,5051466,200222,2025-02-01,changed_mind,6454.5
9001339,5019797,200247,2026-01-30,damaged_delivery,3621.78
9001340,5013294,200093,2025-07-26,damaged_delivery,5785.48
9001341,5002500,200181,2025-10-30,not_as_described,3329.19
9001342,5008513,200053,2026-02-15,not_as_described,4212.58
9001343,5058453,200223,2025-07-28,defect,5872.87
9001344,5055234,200065,2025-06-13,wrong_size,3255.98
9001345,5045540,200059,2025-02-14,defect,3166.92
9001346,5018398,200077,2025-12-09,changed_mind,15739.53
9001347,5015900,200166,2025-12-30,changed_mind,6757.71
9001348,5056772,200081,2025-08-21,not_as_described,2864.28
9001349,5014804,200099,2025-07-19,wrong_size,1657.84
9001350,5041814,200039,2026-05-17,not_as_described,885.64
9001351,5024792,200210,2025-11-22,wrong_size,6731.6
9001352,5035830,200087,2025-09-03,defect,3216.28
9001353,5011052,200221,2025-12-20,defect,3270.58
9001354,5017528,200247,2025-02-12,defect,6749.98
9001355,5004000,200233,2026-03-16,wrong_size,3768.31
9001356,5044166,200086,2025-09-27,wrong_size,12440.94
9001357,5016497,200175,2025-05-01,damaged_delivery,1801.3
9001358,5046240,200229,2025-10-29,defect,8518.76
9001359,5027096,200170,2026-05-14,wrong_size,2011.27
9001360,5001183,200189,2025-01-29,damaged_delivery,4363.38
9001361,5005928,200121,2026-05-08,wrong_size,4319.99
9001362,5037034,200107,2025-04-26,changed_mind,2320.65
9001363,5046190,200042,2026-05-15,damaged_delivery,2811.61
9001364,5011374,200097,2025-02-14,not_as_described,12748.96
9001365,5055698,200169,2025-12-16,changed_mind,4785.62
9001366,5023062,200045,2025-03-16,defect,2540.27
9001367,5030530,200237,2025-03-09,changed_mind,12071.88
9001368,5030612,200111,2026-05-30,not_as_described,17163.41
9001369,5030272,200050,2025-09-12,changed_mind,1222.65
9001370,5057115,200057,2025-09-01,changed_mind,9606.08
9001371,5053802,200011,2026-05-27,changed_mind,10573.57
9001372,5059663,200039,2025-04-07,changed_mind,930.62
9001373,5053788,200079,2025-10-24,changed_mind,2748.17
9001374,5027707,200101,2025-06-08,changed_mind,587.37
9001375,5008422,200170,2025-06-26,defect,1331.76
9001376,5005321,200172,2025-07-01,damaged_delivery,2603.26
9001377,5006847,200146,2025-12-08,wrong_size,2556.88
9001378,5057101,200036,2025-01-29,changed_mind,1422.85
9001379,5001271,200207,2025-05-30,changed_mind,2209.85
9001380,5000876,200180,2025-10-04,defect,1225.46
9001381,5018685,200151,2026-02-26,wrong_size,1088.78
9001382,5042308,200057,2025-07-28,changed_mind,10114.79
9001383,5016338,200052,2025-08-24,not_as_described,1637.25
9001384,5037472,200060,2026-02-23,not_as_described,1758.66
9001385,5032400,200237,2025-01-29,wrong_size,11117.5
9001386,5011345,200226,2025-07-23,wrong_size,2877.49
9001387,5042474,200098,2025-07-13,not_as_described,3553.14
9001388,5030455,200085,2025-10-20,not_as_described,3905.59
9001389,5007833,200082,2026-01-28,defect,2669.95
9001390,5045395,200072,2025-11-20,not_as_described,4100.14
9001391,5045728,200103,2026-01-20,defect,983.46
9001392,5059744,200207,2026-02-23,defect,2502.13
9001393,5043781,200122,2025-03-01,defect,2847.16
9001394,5059331,200178,2026-06-12,not_as_described,1903.88
9001395,5039535,200030,2026-02-15,changed_mind,5970.71
9001396,5054417,200111,2025-07-06,defect,22632.21
9001397,5014189,200028,2025-10-20,changed_mind,9012.14
9001398,5057080,200009,2025-07-13,defect,11996.04
9001399,5049258,200178,2026-06-06,defect,3744.99
9001400,5006193,200064,2026-02-09,wrong_size,1664.66
9001401,5015303,200142,2026-03-20,damaged_delivery,3338.95
9001402,5000293,200136,2025-12-20,damaged_delivery,668.62
9001403,5027231,200070,2025-05-08,damaged_delivery,2126.81
9001404,5036670,200141,2025-08-02,changed_mind,1272.87
9001405,5053893,200178,2025-06-04,not_as_described,1739.22
9001406,5038051,200227,2025-05-09,defect,1384.03
9001407,5031019,200109,2025-09-10,not_as_described,5185.48
9001408,5015498,200013,2025-07-21,not_as_described,9554.05
9001409,5018918,200154,2025-04-13,changed_mind,1009.35
9001410,5032837,200165,2026-05-17,damaged_delivery,4963.37
9001411,5043704,200202,2025-09-10,changed_mind,1851.22
9001412,5002208,200222,2025-10-30,wrong_size,2560.08
9001413,5023149,200027,2025-01-23,not_as_described,3664.04
9001414,5004932,200120,2025-12-19,not_as_described,7321.33
9001415,5009518,200175,2025-11-12,wrong_size,1912.35
9001416,5019654,200064,2026-01-19,defect,1208.84
9001417,5041042,200172,2026-03-18,wrong_size,4803.62
9001418,5040272,200239,2025-09-12,defect,5159.68
9001419,5037021,200134,2025-03-13,changed_mind,1864.69
9001420,5030190,200225,2026-01-01,wrong_size,18004.99
9001421,5044215,200171,2026-06-22,changed_mind,3636.05
9001422,5038346,200222,2026-05-11,wrong_size,2201.81
9001423,5004215,200247,2025-11-28,damaged_delivery,10502.95
9001424,5013175,200019,2025-12-01,changed_mind,5756.67
9001425,5032003,200105,2026-04-13,damaged_delivery,1415.75
9001426,5025114,200023,2026-05-01,changed_mind,1195.69
9001427,5008619,200022,2026-02-13,damaged_delivery,2857.73
9001428,5003244,200215,2025-10-18,defect,2122.61
9001429,5037477,200003,2025-09-28,wrong_size,14707.4
9001430,5038837,200177,2025-03-16,defect,2099.94
9001431,5058287,200052,2025-12-08,changed_mind,2380.7
9001432,5001450,200159,2026-02-17,changed_mind,2300.76
9001433,5044224,200204,2025-02-11,not_as_described,1062.58
9001434,5004552,200224,2026-06-10,damaged_delivery,1203.07
9001435,5030877,200176,2025-08-06,not_as_described,3723.77
9001436,5043740,200019,2026-02-03,defect,10670.12
9001437,5022798,200199,2026-05-13,not_as_described,4120.01
9001438,5016999,200160,2026-06-10,damaged_delivery,2535.17
9001439,5003388,200096,2026-02-09,changed_mind,2491.21
9001440,5026379,200110,2025-03-07,wrong_size,1451.06
9001441,5037692,200188,2026-01-29,not_as_described,1449.75
9001442,5040941,200056,2025-05-16,changed_mind,2323.37
9001443,5050069,200001,2025-07-02,not_as_described,4825.88
9001444,5037872,200102,2025-04-30,changed_mind,10148.55
9001445,5017253,200059,2025-10-31,changed_mind,2284.35
9001446,5034740,200209,2025-08-29,damaged_delivery,2005.87
9001447,5045890,200024,2025-09-12,damaged_delivery,5022.38
9001448,5003574,200185,2025-09-19,wrong_size,2810.44
9001449,5041173,200071,2025-02-19,not_as_described,3499.34
9001450,5053682,200228,2025-07-09,changed_mind,2090.37
9001451,5021504,200066,2026-04-29,changed_mind,1954.96
9001452,5046241,200031,2026-05-12,changed_mind,2516.98
9001453,5032661,200116,2025-06-18,wrong_size,1559.85
9001454,5031330,200080,2025-05-30,not_as_described,4240.76
9001455,5023468,200225,2025-12-31,damaged_delivery,6256.46
9001456,5006972,200192,2025-03-07,damaged_delivery,2392.33
9001457,5013574,200140,2025-08-07,not_as_described,3321.56
9001458,5004640,200036,2025-03-15,not_as_described,1299.5
9001459,5001900,200011,2025-09-12,wrong_size,3747.94
9001460,5034834,200076,2025-03-25,changed_mind,2674.33
9001461,5000374,200177,2025-03-05,not_as_described,2451.49
9001462,5024818,200068,2025-04-05,wrong_size,4391.57
9001463,5022258,200224,2025-03-21,damaged_delivery,2333.5
9001464,5047851,200065,2025-11-24,changed_mind,3114.68
9001465,5050984,200016,2025-09-13,not_as_described,22600.15
9001466,5047263,200141,2025-03-16,changed_mind,1166.02
9001467,5027880,200137,2026-03-19,wrong_size,3180.69
9001468,5037089,200226,2025-11-08,defect,727.62
9001469,5048774,200120,2026-06-19,damaged_delivery,6016.26
9001470,5056166,200200,2025-05-11,changed_mind,6285.45
9001471,5009443,200079,2025-02-09,damaged_delivery,1303.6
9001472,5046240,200229,2026-01-12,wrong_size,7254.26
9001473,5007678,200019,2026-03-13,changed_mind,10062.04
9001474,5020777,200189,2025-05-17,not_as_described,4241.77
9001475,5058539,200185,2025-12-26,changed_mind,9488.27
9001476,5028944,200019,2026-03-25,changed_mind,15617.94
9001477,5037894,200205,2025-02-26,defect,32439.43
9001478,5000604,200155,2026-03-06,wrong_size,8711.33
9001479,5039033,200107,2025-03-24,not_as_described,1795.62
9001480,5014261,200063,2026-03-13,not_as_described,8422.74
9001481,5050812,200063,2025-03-17,damaged_delivery,10089.61
9001482,5039670,200156,2026-04-23,damaged_delivery,1748.63
9001483,5057562,200020,2025-01-25,damaged_delivery,2875.49
9001484,5023871,200098,2025-04-26,not_as_described,2144.07
9001485,5013379,200174,2025-08-25,changed_mind,5463.36
9001486,5051140,200240,2026-01-25,defect,1040.28
9001487,5018615,200070,2026-01-22,defect,6862.54
9001488,5021006,200119,2025-01-20,not_as_described,7243.48
9001489,5036943,200026,2026-01-11,damaged_delivery,2883.8
9001490,5007918,200178,2025-04-25,defect,4040.97
9001491,5012981,200005,2026-06-21,changed_mind,6970.22
9001492,5004731,200225,2025-06-11,changed_mind,13189.12
9001493,5001554,200013,2025-01-31,defect,3775.28
9001494,5047224,200102,2025-03-01,not_as_described,10053.16
9001495,5020799,200121,2025-01-31,changed_mind,1998.28
9001496,5013922,200112,2026-04-22,changed_mind,21210.97
9001497,5015477,200019,2026-02-28,defect,6943.39
9001498,5018393,200201,2025-04-21,damaged_delivery,898.82
9001499,5033978,200006,2025-03-22,wrong_size,2551.82
9001500,5017667,200013,2026-03-04,damaged_delivery,3172.74
9001501,5058187,200048,2025-02-28,defect,2190.25
9001502,5034042,200186,2026-05-14,not_as_described,674.26
9001503,5053472,200212,2026-01-09,changed_mind,16619.72
9001504,5002440,200173,2025-12-20,damaged_delivery,3000.25
9001505,5044227,200222,2026-02-18,defect,9370.0
9001506,5032395,200137,2026-01-10,wrong_size,1638.03
9001507,5044047,200091,2025-12-27,changed_mind,977.02
9001508,5056837,200216,2025-08-06,damaged_delivery,3186.7
9001509,5000927,200026,2025-06-12,damaged_delivery,6863.22
9001510,5016263,200164,2025-05-11,defect,1103.1
9001511,5048231,200149,2026-03-18,wrong_size,1183.05
9001512,5052971,200210,2026-05-27,damaged_delivery,3440.96
9001513,5040747,200210,2026-01-24,defect,6764.92
9001514,5011333,200179,2025-06-02,changed_mind,432.13
9001515,5014454,200049,2025-05-16,not_as_described,1161.24
9001516,5037016,200018,2025-05-30,wrong_size,711.96
9001517,5033955,200223,2025-06-21,damaged_delivery,10121.68
9001518,5018234,200190,2026-05-01,changed_mind,10423.59
9001519,5012941,200149,2025-04-24,wrong_size,4566.61
9001520,5029261,200151,2025-02-11,wrong_size,1075.47
9001521,5034464,200075,2025-05-22,damaged_delivery,2925.61
9001522,5041462,200133,2025-12-07,changed_mind,24387.32
9001523,5021403,200030,2026-05-10,damaged_delivery,3517.0
9001524,5018807,200095,2025-11-30,defect,2963.84
9001525,5027476,200138,2026-06-24,defect,3587.93
9001526,5026421,200009,2025-08-15,damaged_delivery,12482.03
9001527,5020616,200074,2026-02-03,defect,1796.89
9001528,5017131,200240,2026-03-16,damaged_delivery,1129.52
9001529,5021487,200089,2026-01-25,changed_mind,4101.35
9001530,5048166,200105,2026-06-04,damaged_delivery,1991.49
9001531,5013754,200014,2026-03-26,changed_mind,24925.61
9001532,5027188,200176,2025-03-20,wrong_size,1859.89
9001533,5005159,200060,2025-06-04,damaged_delivery,3389.2
9001534,5059378,200203,2026-05-11,damaged_delivery,1173.76
9001535,5028670,200184,2026-04-13,not_as_described,7628.52
9001536,5013252,200218,2025-12-22,changed_mind,1910.21
9001537,5041064,200175,2026-04-16,wrong_size,1928.8
9001538,5036374,200217,2025-12-20,defect,3279.74
9001539,5013174,200155,2025-11-26,changed_mind,27618.85
9001540,5028630,200062,2026-03-26,wrong_size,1386.61
9001541,5051558,200084,2026-04-11,not_as_described,3804.49
9001542,5037006,200182,2025-07-29,defect,4228.92
9001543,5034531,200131,2025-09-03,not_as_described,2524.35
9001544,5000130,200133,2025-02-09,defect,24261.71
9001545,5023093,200044,2025-09-22,damaged_delivery,4010.1
9001546,5010686,200022,2025-10-23,not_as_described,3197.64
9001547,5025969,200058,2025-02-02,damaged_delivery,6690.06
9001548,5052220,200093,2026-02-14,not_as_described,6442.29
9001549,5003711,200053,2025-04-12,defect,4904.63
9001550,5049404,200002,2025-04-09,damaged_delivery,819.38
9001551,5050436,200192,2025-08-01,not_as_described,2761.52
9001552,5029628,200161,2025-12-30,defect,7472.2
9001553,5024595,200154,2025-02-28,damaged_delivery,2004.83
9001554,5039385,200210,2026-01-13,damaged_delivery,2257.95
9001555,5056934,200230,2026-04-21,defect,1500.31
9001556,5003448,200002,2025-04-06,not_as_described,843.15
9001557,5000596,200122,2025-06-09,not_as_described,2114.12
9001558,5055805,200047,2026-03-09,wrong_size,6030.76
9001559,5027130,200229,2026-01-18,changed_mind,3602.68
9001560,5009580,200178,2025-02-13,defect,4566.54
9001561,5052650,200036,2025-07-16,not_as_described,2371.24
9001562,5043781,200122,2025-01-18,defect,2600.46
9001563,5031790,200246,2026-02-09,not_as_described,593.52
9001564,5022820,200171,2025-07-09,wrong_size,7128.82
9001565,5016842,200171,2025-07-26,defect,6884.82
9001566,5038554,200019,2025-12-20,changed_mind,5811.35
9001567,5058860,200122,2025-12-09,not_as_described,7517.48
9001568,5040156,200090,2025-07-21,damaged_delivery,10848.07
9001569,5012125,200179,2025-10-15,changed_mind,448.87
9001570,5033562,200069,2025-02-10,changed_mind,1943.42
9001571,5039127,200200,2025-03-29,defect,6467.48
9001572,5043850,200232,2026-03-04,wrong_size,1762.8
9001573,5024077,200118,2025-11-26,damaged_delivery,659.53
9001574,5057104,200122,2025-10-15,not_as_described,2826.79
9001575,5047386,200160,2025-03-13,changed_mind,1253.2
9001576,5052978,200141,2025-05-18,damaged_delivery,1063.21
9001577,5055474,200206,2026-01-12,damaged_delivery,1401.0
9001578,5023462,200245,2026-04-01,not_as_described,1314.31
9001579,5059471,200148,2025-02-10,wrong_size,1662.34
9001580,5006863,200004,2026-02-11,damaged_delivery,673.17
9001581,5018436,200224,2025-07-04,defect,3018.45
9001582,5052870,200131,2025-10-18,not_as_described,7509.42
9001583,5006006,200222,2025-04-13,defect,2172.6
9001584,5009189,200118,2025-04-08,wrong_size,523.88
9001585,5023648,200198,2025-07-02,changed_mind,4081.49
9001586,5051691,200154,2025-10-22,changed_mind,3776.23
9001587,5022966,200172,2026-02-03,defect,4675.74
9001588,5003735,200034,2026-04-22,wrong_size,5095.75
9001589,5042821,200124,2025-08-31,not_as_described,2101.8
9001590,5000574,200172,2026-01-11,damaged_delivery,4681.74
9001591,5012675,200137,2026-06-17,wrong_size,3431.74
9001592,5046937,200100,2026-04-11,defect,1589.73
9001593,5016888,200139,2025-03-17,defect,4184.43
9001594,5000160,200156,2025-09-23,damaged_delivery,866.59
9001595,5040039,200246,2025-04-11,changed_mind,1151.73
9001596,5034458,200036,2025-07-10,not_as_described,2296.58
9001597,5005260,200026,2026-03-09,not_as_described,4256.35
9001598,5055268,200068,2025-03-17,changed_mind,1504.14
9001599,5015810,200105,2025-05-10,not_as_described,909.93
9001600,5049763,200230,2025-04-21,not_as_described,3169.9
9001601,5049529,200245,2026-03-26,changed_mind,908.3
9001602,5021635,200117,2025-06-07,not_as_described,706.73
9001603,5048484,200089,2025-03-03,wrong_size,2108.46
9001604,5005989,200075,2026-02-01,not_as_described,1491.45
9001605,5025126,200130,2025-08-18,changed_mind,12301.63
9001606,5046133,200009,2025-04-15,damaged_delivery,3665.24
9001607,5038318,200167,2025-09-08,changed_mind,1266.91
9001608,5028131,200069,2026-02-19,wrong_size,2120.56
9001609,5030192,200010,2026-05-31,defect,3304.38
9001610,5048005,200219,2025-03-01,changed_mind,8008.69
9001611,5016672,200237,2025-02-21,wrong_size,12264.28
9001612,5054619,200129,2025-11-26,damaged_delivery,5333.58
9001613,5015106,200012,2025-03-12,changed_mind,2709.59
9001614,5008233,200153,2025-01-21,damaged_delivery,2112.92
9001615,5015329,200135,2025-05-20,not_as_described,3561.28
9001616,5056606,200167,2025-11-20,changed_mind,2084.5
9001617,5009294,200206,2025-09-02,not_as_described,671.6
9001618,5023849,200230,2025-12-01,changed_mind,1700.54
9001619,5019991,200247,2026-03-23,damaged_delivery,4258.61
9001620,5027822,200201,2026-01-01,changed_mind,2822.89
9001621,5038809,200107,2025-12-15,changed_mind,1871.56
9001622,5052038,200030,2025-03-20,damaged_delivery,2052.41
9001623,5009344,200105,2025-04-04,wrong_size,1979.35
9001624,5011840,200150,2026-02-05,wrong_size,6338.2
9001625,5010295,200024,2025-12-26,damaged_delivery,3897.68
9001626,5056455,200106,2026-04-02,defect,1869.59
9001627,5029292,200003,2025-09-07,defect,18276.67
9001628,5011142,200245,2026-06-16,damaged_delivery,1154.9
9001629,5000628,200187,2026-01-08,wrong_size,11926.51
9001630,5059568,200024,2026-05-20,not_as_described,5335.83
9001631,5009100,200243,2026-04-03,changed_mind,1238.78
9001632,5025570,200011,2025-11-28,changed_mind,4234.18
9001633,5003728,200080,2026-04-30,wrong_size,2999.91
9001634,5029918,200035,2026-01-06,not_as_described,2547.57
9001635,5057209,200188,2025-12-08,not_as_described,1497.38
9001636,5035004,200124,2025-05-02,not_as_described,2616.5
9001637,5015490,200229,2025-12-22,defect,11757.43
9001638,5037755,200126,2025-04-09,wrong_size,1356.02
9001639,5059091,200020,2025-06-18,damaged_delivery,5281.16
9001640,5009108,200040,2026-05-05,not_as_described,403.6
9001641,5017282,200107,2025-12-03,defect,2159.2
9001642,5021280,200048,2025-05-08,changed_mind,3693.8
9001643,5022851,200097,2025-09-13,damaged_delivery,4070.68
9001644,5047933,200155,2026-05-18,changed_mind,25361.43
9001645,5059032,200094,2026-03-28,changed_mind,1690.81
9001646,5053263,200231,2025-01-15,not_as_described,899.39
9001647,5047061,200078,2026-06-27,not_as_described,8910.46
9001648,5057266,200246,2025-04-09,defect,1045.73
9001649,5033802,200133,2026-06-04,changed_mind,22193.01
9001650,5018418,200182,2025-11-12,changed_mind,4707.46
9001651,5044964,200042,2025-01-11,not_as_described,6469.14
9001652,5020028,200129,2025-09-24,changed_mind,6215.8
9001653,5050497,200037,2025-02-16,wrong_size,2354.64
9001654,5036750,200056,2025-04-13,changed_mind,653.03
9001655,5024663,200195,2026-06-26,damaged_delivery,36296.78
9001656,5021843,200184,2026-01-29,damaged_delivery,2268.24
9001657,5037773,200071,2026-02-04,changed_mind,5953.43
9001658,5041799,200209,2025-01-28,wrong_size,6854.14
9001659,5048904,200221,2026-01-12,not_as_described,2650.05
9001660,5026362,200119,2025-07-03,damaged_delivery,4408.86
9001661,5020194,200093,2025-08-04,defect,2519.17
9001662,5046335,200098,2026-05-21,damaged_delivery,3230.7
9001663,5053365,200047,2026-01-26,not_as_described,11584.99
9001664,5036023,200182,2025-07-12,damaged_delivery,2026.04
9001665,5028878,200233,2025-06-28,not_as_described,3213.66
9001666,5043987,200186,2025-04-22,changed_mind,2170.94
9001667,5018025,200017,2025-03-29,not_as_described,6882.89
9001668,5025709,200150,2025-01-21,wrong_size,4200.32
9001669,5002322,200174,2026-04-10,damaged_delivery,5550.73
9001670,5004660,200067,2025-04-04,defect,4165.23
9001671,5011462,200011,2026-02-05,changed_mind,10102.55
9001672,5023316,200247,2025-05-16,changed_mind,7752.84
9001673,5034098,200209,2026-04-05,defect,2581.62
9001674,5013111,200242,2025-02-26,changed_mind,2356.76
9001675,5017468,200213,2025-08-29,changed_mind,1751.84
9001676,5017204,200247,2025-12-30,changed_mind,4452.45
9001677,5056049,200134,2025-07-11,damaged_delivery,1105.58
9001678,5013392,200017,2025-03-01,changed_mind,6801.77
9001679,5046943,200036,2025-11-12,not_as_described,718.41
9001680,5004177,200244,2025-11-09,wrong_size,1441.26
9001681,5030092,200040,2025-06-29,not_as_described,486.46
9001682,5011109,200156,2025-10-29,changed_mind,2085.63
9001683,5016128,200136,2026-03-01,not_as_described,600.84
9001684,5001888,200228,2025-08-12,not_as_described,4479.6
9001685,5056560,200028,2025-08-13,wrong_size,13845.0
9001686,5059815,200140,2026-04-17,changed_mind,7298.95
9001687,5029627,200113,2025-08-26,changed_mind,1748.17
9001688,5016539,200010,2025-11-26,wrong_size,3544.13
9001689,5008708,200111,2026-02-07,defect,14864.7
9001690,5029108,200177,2026-02-10,not_as_described,2369.47
9001691,5003838,200161,2026-01-18,wrong_size,5474.44
9001692,5004566,200049,2025-02-22,changed_mind,1169.81
9001693,5039612,200075,2025-06-23,wrong_size,1308.92
9001694,5014699,200066,2026-05-26,not_as_described,2012.29
9001695,5011399,200158,2025-08-06,not_as_described,3332.82
9001696,5050033,200166,2026-05-07,changed_mind,8154.29
9001697,5048641,200107,2025-10-06,not_as_described,3917.04
9001698,5037321,200111,2025-12-01,wrong_size,9506.48
9001699,5008788,200233,2025-12-17,defect,6767.04
9001700,5040556,200012,2025-06-29,damaged_delivery,2438.86
9001701,5031463,200142,2026-04-07,defect,2631.32
9001702,5049190,200018,2025-09-12,not_as_described,914.73
9001703,5031858,200019,2025-10-05,wrong_size,9700.29
9001704,5027183,200137,2025-12-16,wrong_size,4662.55
9001705,5026223,200027,2025-11-26,changed_mind,1644.74
9001706,5018205,200067,2026-01-18,not_as_described,9685.34
9001707,5016897,200192,2025-02-12,defect,4104.45
9001708,5003956,200229,2025-02-19,damaged_delivery,4060.49
9001709,5005486,200031,2025-12-11,not_as_described,1026.05
9001710,5055820,200232,2026-05-21,not_as_described,3687.5
9001711,5004037,200247,2026-02-24,changed_mind,4404.21
9001712,5020722,200152,2025-12-13,damaged_delivery,9955.92
9001713,5027362,200013,2025-09-10,not_as_described,7818.41
9001714,5050903,200044,2025-07-09,wrong_size,1832.76
9001715,5054987,200236,2025-03-20,wrong_size,3473.45
9001716,5045567,200109,2025-01-12,wrong_size,6748.07
9001717,5012335,200140,2025-11-11,damaged_delivery,6838.31
9001718,5002544,200240,2026-04-12,not_as_described,1234.77
9001719,5014673,200103,2025-05-24,damaged_delivery,1249.38
9001720,5052022,200198,2026-03-19,defect,4329.4
9001721,5043978,200204,2025-08-24,wrong_size,777.57
9001722,5034085,200231,2026-04-24,changed_mind,1147.19
9001723,5021851,200146,2025-07-22,changed_mind,8439.07
9001724,5018830,200180,2026-04-14,changed_mind,2383.79
9001725,5020135,200047,2025-08-30,changed_mind,11501.81
9001726,5044113,200097,2026-02-04,wrong_size,3352.09
9001727,5024798,200012,2025-11-15,damaged_delivery,2351.98
9001728,5041239,200118,2025-10-23,defect,576.11
9001729,5058397,200207,2025-07-14,defect,3491.33
9001730,5054302,200083,2026-02-05,changed_mind,2888.37
9001731,5048442,200160,2025-06-26,defect,1056.29
9001732,5057280,200019,2025-12-15,defect,9964.69
9001733,5045748,200162,2026-04-01,changed_mind,2070.73
9001734,5027256,200209,2025-11-08,changed_mind,7290.01
9001735,5045140,200239,2025-05-14,not_as_described,1679.37
9001736,5032528,200219,2025-07-20,not_as_described,1780.45
9001737,5002988,200060,2025-10-23,not_as_described,2990.16
9001738,5042727,200087,2025-10-27,wrong_size,2883.98
9001739,5020939,200003,2025-12-13,not_as_described,9571.05
9001740,5009190,200216,2025-06-05,damaged_delivery,6260.71
9001741,5030495,200070,2025-04-10,changed_mind,1956.55
9001742,5044032,200138,2026-02-13,changed_mind,12428.35
9001743,5032642,200241,2025-04-12,changed_mind,1841.36
9001744,5014797,200058,2026-02-24,not_as_described,7153.9
9001745,5030212,200007,2025-05-06,defect,1554.85
9001746,5022945,200101,2025-03-16,defect,1491.3
9001747,5048555,200086,2025-04-10,not_as_described,15997.28
9001748,5021283,200123,2025-11-02,wrong_size,5541.9
9001749,5023379,200124,2025-05-17,not_as_described,2786.33
9001750,5047438,200062,2026-01-26,damaged_delivery,3186.33
9001751,5013965,200118,2025-05-06,wrong_size,1648.0
9001752,5028137,200151,2026-05-23,changed_mind,1293.22
9001753,5013675,200066,2025-02-09,changed_mind,1070.57
9001754,5012666,200246,2025-04-26,changed_mind,518.33
9001755,5022173,200215,2025-02-26,defect,4994.65
9001756,5055401,200047,2025-05-03,defect,6074.88
9001757,5035176,200063,2025-02-13,changed_mind,7874.24
9001758,5002920,200066,2026-05-15,changed_mind,1070.51
9001759,5008403,200016,2026-01-04,changed_mind,6686.01
9001760,5047334,200133,2025-09-16,defect,47957.32
9001761,5001671,200215,2025-01-15,changed_mind,2503.53
9001762,5031398,200104,2025-09-11,defect,1287.25
9001763,5031304,200161,2025-12-13,changed_mind,2984.71
9001764,5053717,200056,2025-10-04,changed_mind,1323.59
9001765,5025544,200216,2025-01-11,changed_mind,1829.61
9001766,5024542,200199,2026-06-29,changed_mind,2087.89
9001767,5011074,200053,2025-01-16,not_as_described,4430.94
9001768,5053777,200013,2025-12-25,wrong_size,9680.82
9001769,5033246,200023,2025-03-31,wrong_size,1387.55
9001770,5013288,200100,2025-09-04,wrong_size,1552.95
9001771,5046761,200151,2025-12-22,damaged_delivery,2223.11
9001772,5023759,200120,2025-08-27,changed_mind,3815.56
9001773,5030728,200092,2025-02-21,wrong_size,2048.2
9001774,5056946,200083,2025-08-15,not_as_described,1478.28
9001775,5015259,200132,2025-09-01,damaged_delivery,642.67
9001776,5011314,200207,2025-08-08,wrong_size,2025.08
9001777,5001537,200034,2025-09-02,wrong_size,2425.34
9001778,5045265,200103,2026-01-20,defect,3501.81
9001779,5008481,200064,2025-02-09,defect,1746.77
9001780,5007198,200117,2025-06-28,damaged_delivery,1265.58
9001781,5035397,200200,2025-08-16,wrong_size,5809.02
9001782,5007103,200053,2025-03-30,wrong_size,4865.67
9001783,5031004,200149,2025-06-19,defect,2419.29
9001784,5000351,200212,2025-06-29,changed_mind,5946.9
9001785,5057228,200129,2025-07-01,wrong_size,5431.97
9001786,5050397,200193,2025-08-01,not_as_described,1306.65
9001787,5057710,200105,2025-11-28,not_as_described,1828.63
9001788,5001137,200154,2025-11-12,damaged_delivery,1244.23
9001789,5019444,200084,2025-04-05,wrong_size,1360.66
9001790,5028134,200198,2026-01-07,not_as_described,3098.02
9001791,5041928,200105,2025-09-22,defect,887.99
9001792,5056462,200244,2026-04-10,defect,1329.38
9001793,5036322,200102,2025-01-18,not_as_described,2727.65
9001794,5022099,200026,2025-02-09,not_as_described,6064.76
9001795,5041010,200192,2026-03-04,damaged_delivery,4855.44
9001796,5008919,200193,2025-01-23,wrong_size,1140.46
9001797,5040127,200024,2025-07-20,not_as_described,3382.58
9001798,5039965,200196,2025-01-15,wrong_size,4634.01
9001799,5052093,200147,2025-11-10,changed_mind,683.39
9001800,5019159,200148,2026-06-13,defect,1814.16
9001801,5042684,200195,2025-03-10,not_as_described,43944.64
9001802,5011252,200232,2025-10-07,wrong_size,3484.5
9001803,5042391,200003,2025-02-03,defect,8838.54
9001804,5041518,200098,2026-04-14,damaged_delivery,2275.14
9001805,5039525,200099,2025-12-13,changed_mind,3069.61
9001806,5051469,200003,2026-05-24,wrong_size,8167.02
9001807,5040244,200244,2025-05-24,damaged_delivery,1798.24
9001808,5028936,200070,2025-12-27,wrong_size,2631.87
9001809,5050065,200011,2025-04-16,changed_mind,7235.73
9001810,5008596,200116,2026-03-26,defect,717.99
9001811,5056840,200160,2026-01-04,wrong_size,1933.83
9001812,5000625,200190,2026-03-05,damaged_delivery,4984.01
9001813,5047613,200072,2026-05-30,not_as_described,1495.37
9001814,5023362,200042,2025-01-21,not_as_described,9099.42
9001815,5016157,200036,2025-10-17,wrong_size,2247.73
9001816,5003743,200062,2025-12-16,changed_mind,1314.7
9001817,5010268,200043,2025-10-09,changed_mind,6590.57
9001818,5017482,200041,2026-02-22,changed_mind,915.65
9001819,5051154,200042,2026-04-14,wrong_size,5498.78
9001820,5048221,200127,2025-11-23,changed_mind,13824.93
9001821,5009996,200049,2025-07-20,not_as_described,1229.62
9001822,5050507,200138,2026-05-27,wrong_size,4257.02
9001823,5051533,200192,2025-03-13,changed_mind,1840.01
9001824,5013983,200228,2025-07-23,damaged_delivery,2404.26
9001825,5020976,200051,2026-02-11,not_as_described,2819.18
9001826,5027602,200124,2025-04-24,changed_mind,5644.88
9001827,5008433,200066,2025-02-02,not_as_described,1137.27
9001828,5031141,200070,2025-02-26,damaged_delivery,2251.01
9001829,5028750,200190,2025-02-15,wrong_size,3839.48
9001830,5028088,200147,2025-08-19,changed_mind,1416.34
9001831,5054811,200142,2025-10-06,damaged_delivery,4257.7
9001832,5018981,200193,2025-03-14,damaged_delivery,1410.54
9001833,5020277,200210,2025-04-17,changed_mind,2124.58
9001834,5053991,200223,2025-12-09,not_as_described,4986.6
9001835,5031481,200227,2025-01-13,defect,2806.16
9001836,5038437,200208,2025-02-03,changed_mind,1340.25
9001837,5054426,200074,2025-05-27,wrong_size,6246.79
9001838,5022848,200053,2025-10-24,defect,3476.21
9001839,5047110,200241,2026-03-10,changed_mind,2265.14
9001840,5034265,200127,2026-01-13,not_as_described,6261.13
9001841,5050936,200130,2025-04-22,changed_mind,13384.39
9001842,5006566,200211,2025-05-21,defect,6524.0
9001843,5022280,200139,2025-10-19,changed_mind,3806.77
9001844,5022209,200134,2025-08-18,changed_mind,2087.96
9001845,5017156,200163,2025-01-19,not_as_described,4868.75
9001846,5007950,200174,2025-05-24,not_as_described,4672.08
9001847,5038171,200160,2025-10-14,changed_mind,3336.08
9001848,5010699,200156,2025-12-22,wrong_size,734.39
9001849,5051317,200231,2025-05-05,defect,493.52
9001850,5055827,200233,2025-10-25,defect,9754.12
9001851,5045223,200190,2025-09-27,changed_mind,16335.17
9001852,5030018,200021,2025-08-11,damaged_delivery,8047.13
9001853,5057240,200074,2025-10-30,wrong_size,2540.7
9001854,5011767,200013,2025-10-03,wrong_size,7429.98
9001855,5013578,200114,2025-03-28,damaged_delivery,61323.98
9001856,5023944,200107,2026-04-11,damaged_delivery,4422.58
9001857,5045092,200127,2025-04-28,wrong_size,5660.4
9001858,5018796,200052,2026-02-14,damaged_delivery,1687.24
9001859,5054170,200124,2025-04-15,changed_mind,2707.75
9001860,5016208,200201,2025-10-22,damaged_delivery,2603.02
9001861,5054468,200111,2025-02-04,not_as_described,6019.92
9001862,5025192,200206,2025-09-04,changed_mind,815.21
9001863,5001150,200134,2025-12-18,not_as_described,3140.53
9001864,5004567,200084,2026-05-22,not_as_described,2451.68
9001865,5004763,200203,2025-04-23,damaged_delivery,725.51
9001866,5009608,200029,2026-06-03,changed_mind,14181.59
9001867,5056002,200177,2025-12-18,changed_mind,2465.42
9001868,5046376,200136,2026-06-05,not_as_described,561.16
9001869,5050769,200119,2025-03-05,damaged_delivery,2443.45
9001870,5050010,200226,2026-02-13,changed_mind,2783.6
9001871,5016149,200115,2025-10-08,damaged_delivery,3037.05
9001872,5031698,200064,2025-04-07,wrong_size,1350.66
9001873,5018662,200245,2025-06-04,changed_mind,1014.24
9001874,5048934,200225,2025-08-29,damaged_delivery,6687.35
9001875,5020860,200193,2026-06-04,changed_mind,1699.78
9001876,5022013,200071,2025-04-14,defect,5628.36
9001877,5031874,200124,2025-08-09,damaged_delivery,6154.3
9001878,5027839,200112,2025-12-23,changed_mind,8004.05
9001879,5042629,200210,2025-11-01,damaged_delivery,3278.0
9001880,5051513,200080,2026-05-12,changed_mind,1460.61
9001881,5053613,200233,2026-06-24,wrong_size,11564.44
9001882,5014160,200039,2026-02-23,wrong_size,1964.69
9001883,5039944,200037,2026-01-01,wrong_size,993.26
9001884,5010319,200061,2026-06-27,defect,2439.98
9001885,5020208,200105,2026-05-05,not_as_described,617.65
9001886,5015321,200156,2025-04-20,not_as_described,1009.04
9001887,5033054,200076,2025-09-01,defect,964.47
9001888,5055831,200229,2025-04-29,changed_mind,7479.78
9001889,5053987,200161,2026-04-12,not_as_described,5253.79
9001890,5057214,200100,2026-02-08,changed_mind,3966.86
9001891,5055650,200071,2025-05-16,wrong_size,5876.35
9001892,5004226,200018,2025-06-22,changed_mind,689.25
9001893,5013093,200172,2025-11-07,defect,2707.02
9001894,5041393,200141,2026-05-12,not_as_described,2542.29
9001895,5013970,200079,2026-03-25,changed_mind,1327.14
9001896,5001387,200117,2025-12-11,changed_mind,359.06
9001897,5025734,200089,2026-02-17,defect,2519.99
9001898,5024140,200075,2025-10-04,defect,2595.72
9001899,5032526,200222,2025-09-27,defect,2681.88
9001900,5018846,200018,2026-05-21,damaged_delivery,1375.97
9001901,5039667,200218,2026-05-01,defect,1953.26
9001902,5052704,200112,2026-02-26,not_as_described,8479.21
9001903,5033622,200166,2026-01-07,damaged_delivery,5080.75
9001904,5040482,200152,2025-01-14,wrong_size,4015.95
9001905,5008946,200154,2025-06-16,wrong_size,2693.66
9001906,5005060,200070,2025-01-19,wrong_size,2040.3
9001907,5012922,200002,2026-02-19,wrong_size,1298.3
9001908,5033951,200059,2025-01-26,damaged_delivery,3494.49
9001909,5031559,200161,2026-05-16,damaged_delivery,2782.12
9001910,5035227,200143,2025-06-20,wrong_size,6023.68
9001911,5021871,200191,2025-10-10,defect,716.41
9001912,5028875,200002,2025-09-16,damaged_delivery,598.32
9001913,5043556,200220,2025-02-16,wrong_size,1852.96
9001914,5000026,200110,2025-08-24,changed_mind,777.08
9001915,5055279,200226,2026-03-09,not_as_described,2880.34
9001916,5004937,200116,2025-09-30,changed_mind,1853.42
9001917,5002136,200025,2025-04-24,damaged_delivery,4914.5
9001918,5033403,200126,2025-03-09,changed_mind,895.92
9001919,5000716,200123,2026-05-02,damaged_delivery,8072.9
9001920,5014596,200173,2025-01-16,damaged_delivery,1386.64
9001921,5050178,200068,2025-05-04,changed_mind,1821.12
9001922,5017691,200002,2025-08-01,wrong_size,1543.27
9001923,5050410,200137,2025-10-17,defect,2336.55
9001924,5054801,200119,2025-09-07,wrong_size,2307.98
9001925,5000811,200170,2026-05-02,damaged_delivery,1312.21
9001926,5046402,200191,2026-06-12,not_as_described,2876.52
9001927,5003854,200179,2026-06-08,changed_mind,551.39
9001928,5048447,200080,2025-10-03,wrong_size,3520.15
9001929,5011427,200229,2026-02-24,wrong_size,8399.36
9001930,5000627,200156,2025-07-29,not_as_described,2846.6
9001931,5022237,200153,2025-01-22,wrong_size,774.75
9001932,5050365,200032,2025-07-22,damaged_delivery,1860.92
9001933,5020232,200213,2025-05-23,damaged_delivery,4488.1
9001934,5056597,200238,2026-04-20,damaged_delivery,1521.89
9001935,5004854,200017,2025-08-31,changed_mind,6033.09
9001936,5043177,200139,2025-06-21,defect,2627.28
9001937,5055824,200059,2025-11-27,changed_mind,2969.37
9001938,5028931,200024,2025-12-10,damaged_delivery,3701.57
9001939,5029706,200199,2025-05-02,wrong_size,5814.43
9001940,5047747,200119,2025-08-10,damaged_delivery,2472.77
9001941,5009699,200178,2025-09-14,not_as_described,5942.96
9001942,5048679,200079,2025-11-14,wrong_size,2585.66
9001943,5024775,200088,2026-06-24,changed_mind,5129.64
9001944,5026996,200168,2025-08-18,defect,12918.77
9001945,5012440,200219,2026-06-05,wrong_size,5286.42
9001946,5055794,200227,2025-04-26,damaged_delivery,2618.67
9001947,5054630,200095,2025-10-05,changed_mind,1668.81
9001948,5046749,200109,2025-05-13,defect,2891.54
9001949,5011864,200094,2026-04-21,damaged_delivery,1594.62
9001950,5009247,200232,2026-01-25,defect,4110.07
9001951,5059462,200078,2025-03-15,not_as_described,4628.55
9001952,5000264,200237,2025-04-19,not_as_described,14615.69
9001953,5059796,200203,2026-03-26,changed_mind,406.06
9001954,5002599,200193,2025-06-27,defect,1413.05
9001955,5052774,200004,2026-01-23,defect,2185.05
9001956,5044018,200128,2026-03-10,changed_mind,2634.97
9001957,5011611,200220,2026-04-07,damaged_delivery,5544.63
9001958,5039033,200035,2025-03-30,not_as_described,7090.71
9001959,5031074,200144,2025-04-12,changed_mind,3359.54
9001960,5023219,200041,2025-05-16,not_as_described,1107.25
9001961,5058284,200136,2025-05-24,wrong_size,1534.93
9001962,5043104,200001,2026-06-30,defect,4214.02
9001963,5022224,200153,2025-06-16,changed_mind,2124.87
9001964,5052222,200069,2026-04-12,changed_mind,1805.06
9001965,5020944,200110,2025-09-12,wrong_size,2013.3
9001966,5046838,200126,2025-08-02,not_as_described,466.49
9001967,5006451,200048,2025-12-10,wrong_size,1379.08
9001968,5013146,200184,2026-05-15,not_as_described,3048.2
9001969,5042750,200102,2026-06-25,defect,3864.73
9001970,5008505,200037,2026-02-16,damaged_delivery,2336.51
9001971,5023184,200164,2025-04-26,wrong_size,1436.46
9001972,5023490,200210,2025-05-01,wrong_size,2257.06
9001973,5038292,200204,2025-06-12,changed_mind,1115.58
9001974,5058695,200077,2026-05-05,wrong_size,6304.41
9001975,5048221,200119,2026-06-23,changed_mind,2714.2
9001976,5055483,200076,2025-11-14,changed_mind,2071.24
9001977,5039569,200232,2025-02-01,wrong_size,1239.02
9001978,5002243,200168,2026-02-04,damaged_delivery,8148.87
9001979,5050138,200211,2026-01-02,changed_mind,4225.48
9001980,5015292,200021,2025-11-09,changed_mind,10343.17
9001981,5036159,200052,2025-04-28,defect,1506.57
9001982,5030310,200176,2025-02-07,damaged_delivery,1433.53
9001983,5046390,200202,2026-05-03,wrong_size,823.73
9001984,5000649,200221,2025-06-11,not_as_described,1415.95
9001985,5031808,200077,2025-05-03,damaged_delivery,20104.89
9001986,5024056,200046,2026-03-11,changed_mind,33657.39
9001987,5035243,200087,2026-05-01,defect,1693.21
9001988,5017072,200163,2025-12-02,wrong_size,2538.77
9001989,5048625,200219,2025-12-18,changed_mind,4371.4
9001990,5005582,200019,2025-01-22,defect,9487.09
9001991,5042495,200063,2026-05-16,damaged_delivery,3174.49
9001992,5036062,200144,2025-07-23,not_as_described,2319.46
9001993,5042653,200166,2025-10-18,changed_mind,8374.98
9001994,5028780,200227,2026-02-26,defect,1095.43
9001995,5038839,200084,2025-12-20,not_as_described,2782.47
9001996,5022145,200125,2025-07-30,defect,605.89
9001997,5020044,200015,2025-02-04,defect,14687.76
9001998,5009042,200053,2025-12-11,wrong_size,7827.47
9001999,5000784,200095,2026-01-21,wrong_size,4778.04
9002000,5035471,200075,2025-06-16,wrong_size,1422.2
9002001,5004865,200136,2025-07-29,not_as_described,1525.11
9002002,5023237,200026,2025-10-23,changed_mind,3433.65
9002003,5006148,200177,2025-12-11,changed_mind,2138.07
9002004,5033812,200050,2025-05-09,damaged_delivery,1015.01
9002005,5045002,200024,2025-03-23,not_as_described,4104.02
9002006,5005091,200154,2026-02-11,damaged_delivery,1074.76
9002007,5028000,200025,2026-01-18,not_as_described,4706.68
9002008,5001414,200043,2025-08-25,wrong_size,7316.68
9002009,5058668,200093,2026-04-12,damaged_delivery,3268.14
9002010,5025046,200029,2025-08-19,not_as_described,10040.91
9002011,5052991,200200,2025-02-15,changed_mind,3447.23
9002012,5043558,200138,2025-10-10,changed_mind,9246.5
9002013,5056546,200070,2025-02-15,changed_mind,4993.58
9002014,5029783,200171,2025-08-27,changed_mind,9277.58
9002015,5030661,200217,2025-09-10,damaged_delivery,5203.57
9002016,5004337,200166,2025-10-31,changed_mind,3607.24
9002017,5008712,200062,2026-04-21,wrong_size,1349.81
9002018,5040963,200225,2025-04-08,changed_mind,5250.58
9002019,5026182,200221,2025-08-06,changed_mind,5389.5
9002020,5055137,200071,2026-02-02,damaged_delivery,4616.81
9002021,5053382,200083,2025-11-13,changed_mind,2692.25
9002022,5007224,200173,2025-12-12,defect,4362.74
9002023,5021643,200187,2025-01-28,not_as_described,9081.89
9002024,5027592,200127,2025-08-09,defect,10131.78
9002025,5008936,200110,2025-06-09,changed_mind,1340.85
9002026,5045767,200164,2025-08-21,changed_mind,865.98
9002027,5045077,200246,2025-09-18,changed_mind,633.69
9002028,5009024,200159,2025-08-18,not_as_described,1887.8
9002029,5056489,200139,2025-05-29,changed_mind,2481.57
9002030,5053344,200196,2025-10-06,not_as_described,10699.27
9002031,5006582,200156,2026-01-13,not_as_described,892.16
9002032,5032177,200036,2026-04-30,changed_mind,2022.21
9002033,5019474,200162,2026-01-11,damaged_delivery,1719.36
9002034,5038607,200011,2025-07-29,changed_mind,7030.18
9002035,5056390,200091,2026-05-01,changed_mind,1251.69
9002036,5050995,200139,2025-03-08,wrong_size,6566.9
9002037,5051506,200091,2025-09-18,damaged_delivery,906.08
9002038,5040764,200012,2025-09-29,damaged_delivery,2347.16
9002039,5020966,200170,2026-01-10,wrong_size,620.91
9002040,5002943,200078,2025-11-28,defect,12368.5
9002041,5056648,200026,2025-12-08,defect,3313.55
9002042,5006638,200239,2025-09-07,wrong_size,1707.0
9002043,5054789,200075,2026-04-08,changed_mind,2110.38
9002044,5059578,200231,2026-05-22,wrong_size,828.85
9002045,5045189,200207,2026-04-01,damaged_delivery,2365.7
9002046,5032071,200217,2025-04-11,changed_mind,10271.63
9002047,5010753,200042,2025-01-18,wrong_size,3327.73
9002048,5011659,200213,2026-06-14,not_as_described,3520.38
9002049,5001271,200207,2025-05-08,defect,2111.13
9002050,5015279,200220,2025-03-25,not_as_described,2708.15
9002051,5059387,200207,2025-12-09,damaged_delivery,1765.79
9002052,5020117,200246,2025-01-22,defect,480.12
9002053,5052849,200223,2025-06-04,changed_mind,5028.42
9002054,5030343,200102,2025-08-08,wrong_size,3973.58
9002055,5046125,200134,2026-01-19,changed_mind,1923.6
9002056,5039841,200108,2025-04-08,not_as_described,3703.55
9002057,5008978,200180,2025-11-28,wrong_size,2667.74
9002058,5032561,200073,2025-04-02,defect,11137.91
9002059,5024351,200015,2025-03-23,not_as_described,6398.19
9002060,5028356,200030,2026-03-20,changed_mind,4714.05
9002061,5053288,200227,2026-03-30,changed_mind,2341.39
9002062,5009209,200072,2025-11-22,wrong_size,1518.45
9002063,5019754,200203,2025-08-04,not_as_described,851.56
9002064,5000771,200225,2025-08-23,damaged_delivery,13014.48
9002065,5032861,200030,2025-10-21,damaged_delivery,1567.33
9002066,5016191,200120,2025-07-14,changed_mind,3049.81
9002067,5021324,200165,2026-03-09,changed_mind,3524.87
9002068,5056525,200222,2025-04-30,not_as_described,2825.29
9002069,5005124,200136,2025-05-25,defect,1394.15
9002070,5021394,200036,2026-01-10,defect,853.52
9002071,5043607,200160,2025-05-11,changed_mind,1166.01
9002072,5024083,200167,2025-06-28,wrong_size,901.67
9002073,5050547,200084,2025-11-23,defect,2283.86
9002074,5007600,200043,2025-01-20,defect,10385.94
9002075,5019130,200097,2025-08-22,defect,5512.4
9002076,5043750,200111,2025-06-08,wrong_size,15498.06
9002077,5021298,200198,2025-08-18,wrong_size,2965.25
9002078,5038527,200227,2025-03-12,damaged_delivery,3169.18
9002079,5019608,200061,2026-01-17,defect,3247.79
9002080,5029014,200208,2025-10-02,damaged_delivery,3355.63
9002081,5059672,200096,2025-02-24,wrong_size,678.54
9002082,5040134,200126,2025-06-29,damaged_delivery,889.57
9002083,5044827,200085,2025-12-20,not_as_described,6743.22
9002084,5000853,200113,2025-10-02,not_as_described,4287.08
9002085,5037485,200050,2026-03-28,not_as_described,908.13
9002086,5031551,200051,2025-06-11,defect,1328.96
9002087,5040099,200076,2025-06-10,not_as_described,959.6
9002088,5014979,200037,2025-04-21,not_as_described,1218.64
9002089,5029531,200245,2026-02-27,wrong_size,398.84
9002090,5010900,200224,2026-03-03,changed_mind,2079.67
9002091,5048294,200145,2025-02-25,not_as_described,17094.83
9002092,5051344,200134,2025-03-16,defect,1292.17
9002093,5031948,200232,2025-08-24,damaged_delivery,973.24
9002094,5044277,200056,2026-03-14,changed_mind,2269.45
9002095,5023580,200213,2025-02-15,changed_mind,1502.46
9002096,5038322,200091,2026-03-02,not_as_described,805.02
9002097,5054406,200214,2025-05-11,changed_mind,42254.07
9002098,5003541,200226,2025-08-07,changed_mind,1024.02
9002099,5021831,200160,2026-02-11,damaged_delivery,1105.81
9002100,5016962,200070,2026-02-26,defect,5218.62
9002101,5009795,200241,2026-01-29,wrong_size,2056.41
9002102,5025598,200161,2026-04-02,defect,8824.26
9002103,5010512,200241,2025-09-09,damaged_delivery,1996.92
9002104,5014341,200163,2025-04-22,damaged_delivery,2288.1
9002105,5038537,200156,2025-07-03,damaged_delivery,2138.53
9002106,5051987,200109,2025-04-11,changed_mind,3535.62
9002107,5046909,200184,2026-05-12,wrong_size,2931.54
9002108,5004212,200208,2025-01-11,not_as_described,1245.73
9002109,5014418,200031,2025-10-16,changed_mind,1128.06
9002110,5037024,200157,2026-06-12,changed_mind,2577.12
9002111,5010391,200202,2025-10-09,not_as_described,879.89
9002112,5046480,200092,2025-04-14,wrong_size,1626.84
9002113,5007328,200065,2025-07-22,damaged_delivery,3636.97
9002114,5024374,200193,2025-09-19,damaged_delivery,1454.09
9002115,5050096,200074,2026-03-07,damaged_delivery,4219.26
9002116,5041570,200027,2025-12-31,not_as_described,1733.04
9002117,5020889,200133,2026-04-29,not_as_described,27058.94
9002118,5004933,200193,2026-04-11,not_as_described,2926.5
9002119,5044506,200183,2025-02-21,not_as_described,1518.51
9002120,5052241,200116,2025-09-18,damaged_delivery,1966.74
9002121,5007436,200137,2025-06-17,changed_mind,1560.15
9002122,5053361,200056,2025-02-08,changed_mind,856.64
9002123,5001522,200091,2026-06-10,wrong_size,876.28
9002124,5026208,200223,2026-06-09,defect,13537.52
9002125,5006836,200161,2025-10-12,not_as_described,2250.18
9002126,5017432,200021,2025-06-05,wrong_size,14066.3
9002127,5021942,200078,2025-02-12,defect,10177.9
9002128,5016253,200236,2026-01-22,damaged_delivery,3032.23
9002129,5027810,200181,2025-03-31,damaged_delivery,1808.88
9002130,5018235,200043,2025-07-08,wrong_size,2069.77
9002131,5004942,200099,2025-05-13,changed_mind,3629.12
9002132,5021466,200246,2025-05-30,damaged_delivery,1504.16
9002133,5001043,200062,2026-03-05,not_as_described,2577.73
9002134,5014047,200065,2026-05-16,damaged_delivery,5542.41
9002135,5009435,200124,2025-11-12,not_as_described,7172.93
9002136,5055123,200054,2025-03-31,changed_mind,3309.3
9002137,5008749,200051,2026-03-30,wrong_size,5116.92
9002138,5032069,200173,2025-12-15,wrong_size,2865.87
9002139,5035379,200163,2025-02-28,defect,2611.02
9002140,5005030,200166,2025-11-25,changed_mind,2661.96
9002141,5039062,200157,2025-10-18,not_as_described,2921.62
9002142,5000371,200044,2026-04-29,not_as_described,6293.8
9002143,5011359,200230,2025-11-22,not_as_described,2570.3
9002144,5022708,200030,2026-03-15,defect,6509.24
9002145,5003081,200109,2025-05-02,not_as_described,5273.92
9002146,5004326,200082,2025-07-08,changed_mind,2243.78
9002147,5047313,200237,2026-06-04,not_as_described,11351.18
9002148,5042107,200153,2026-04-12,damaged_delivery,985.51
9002149,5029881,200082,2026-02-09,defect,2862.84
9002150,5057081,200099,2025-03-25,defect,3047.18
9002151,5016879,200218,2026-01-14,changed_mind,6173.11
9002152,5009926,200005,2026-04-11,defect,2940.63
9002153,5048541,200209,2025-08-17,changed_mind,2922.77
9002154,5008334,200043,2026-04-16,wrong_size,5982.99
9002155,5022345,200082,2025-10-25,wrong_size,2312.95
9002156,5041732,200116,2026-04-05,defect,1715.0
9002157,5033242,200202,2025-02-12,changed_mind,873.02
9002158,5059017,200015,2026-05-21,not_as_described,5865.7
9002159,5015711,200064,2026-04-10,not_as_described,2879.01
9002160,5004998,200097,2026-06-24,changed_mind,6605.74
9002161,5013465,200246,2026-05-25,damaged_delivery,1817.29
9002162,5053842,200148,2025-05-16,changed_mind,3701.93
9002163,5030509,200005,2025-12-17,changed_mind,2810.59
9002164,5031340,200213,2025-09-18,wrong_size,3112.86
9002165,5050373,200006,2025-08-06,wrong_size,1310.44
9002166,5017822,200037,2025-12-22,defect,2324.95
9002167,5021127,200025,2026-05-16,changed_mind,13770.61
9002168,5005720,200031,2026-03-09,damaged_delivery,1001.36
9002169,5040349,200240,2025-06-14,defect,1474.25
9002170,5027276,200150,2026-01-02,not_as_described,3797.05
9002171,5004441,200056,2025-02-09,not_as_described,801.29
9002172,5052643,200186,2025-12-28,defect,919.3
9002173,5021934,200015,2025-06-30,changed_mind,5463.03
9002174,5009165,200194,2026-05-20,changed_mind,15070.78
9002175,5040747,200213,2026-03-01,defect,1937.21
9002176,5022343,200201,2025-06-30,changed_mind,1103.63
9002177,5053825,200241,2026-01-30,not_as_described,2032.94
9002178,5021790,200187,2025-10-19,changed_mind,7602.66
9002179,5022870,200213,2026-04-16,not_as_described,1783.18
9002180,5042271,200025,2025-10-29,damaged_delivery,8491.7
9002181,5017212,200030,2026-02-26,changed_mind,1599.59
9002182,5040224,200073,2026-05-19,not_as_described,19352.53
9002183,5033494,200001,2025-12-08,not_as_described,4283.57
9002184,5030190,200175,2026-01-04,defect,1263.77
9002185,5040430,200183,2025-09-23,not_as_described,3480.23
9002186,5046486,200244,2025-11-14,defect,2803.2
9002187,5026088,200094,2026-05-15,changed_mind,1224.01
9002188,5047749,200136,2026-02-08,damaged_delivery,1482.53
9002189,5000951,200028,2026-04-05,wrong_size,7417.39
9002190,5046167,200022,2025-10-10,defect,3434.84
9002191,5004522,200137,2026-03-06,wrong_size,3462.96
9002192,5009670,200187,2025-04-01,defect,11851.25
9002193,5023980,200166,2025-09-16,defect,3567.03
9002194,5052841,200117,2026-05-31,changed_mind,688.11
9002195,5029463,200071,2025-06-06,wrong_size,3136.38
9002196,5043766,200155,2025-08-09,changed_mind,17522.14
9002197,5006748,200203,2025-01-18,changed_mind,1276.02
9002198,5057018,200147,2025-03-05,damaged_delivery,848.38
9002199,5022120,200167,2025-09-19,changed_mind,1150.16
9002200,5038756,200118,2025-12-21,wrong_size,539.19
9002201,5050139,200034,2026-03-11,wrong_size,2026.08
9002202,5041548,200169,2025-10-23,defect,5294.55
9002203,5037991,200158,2025-03-30,not_as_described,2737.16
9002204,5017652,200060,2025-02-12,changed_mind,5403.11
9002205,5026342,200104,2025-10-02,wrong_size,1396.0
9002206,5057427,200245,2025-04-19,changed_mind,1033.54
9002207,5056125,200077,2025-07-15,not_as_described,8145.46
9002208,5009678,200230,2025-06-18,damaged_delivery,2832.44
9002209,5036618,200111,2025-09-01,not_as_described,6416.16
9002210,5035758,200220,2025-09-10,changed_mind,3035.83
9002211,5024951,200059,2025-06-19,changed_mind,1214.89
9002212,5027205,200144,2026-03-11,wrong_size,2155.35
9002213,5046179,200109,2025-09-15,wrong_size,3185.36
9002214,5048663,200037,2025-04-30,not_as_described,2452.43
9002215,5023240,200220,2025-10-04,wrong_size,5724.68
9002216,5027311,200222,2026-03-13,defect,2582.1
9002217,5050054,200213,2025-03-06,changed_mind,3439.01
9002218,5025914,200188,2026-01-26,damaged_delivery,1604.73
9002219,5055087,200099,2026-01-06,changed_mind,3040.33
9002220,5000732,200183,2025-02-12,changed_mind,1582.17
9002221,5013563,200083,2025-09-30,damaged_delivery,1698.42
9002222,5045238,200238,2025-12-07,wrong_size,1016.76
9002223,5012456,200057,2025-06-01,wrong_size,15442.79
9002224,5044204,200140,2025-01-30,wrong_size,3922.44
9002225,5007722,200145,2025-09-15,defect,7129.95
9002226,5042636,200052,2025-07-16,changed_mind,2810.89
9002227,5025269,200241,2025-11-09,changed_mind,4067.51
9002228,5017381,200226,2026-01-24,defect,1973.13
9002229,5053444,200030,2026-06-07,not_as_described,1588.67
9002230,5027995,200027,2026-02-13,defect,5471.8
9002231,5043668,200161,2025-08-07,not_as_described,6455.61
9002232,5050903,200242,2025-12-05,changed_mind,9176.47
9002233,5057682,200176,2026-05-16,changed_mind,3554.22
9002234,5006192,200087,2025-10-13,not_as_described,4921.64
9002235,5022771,200026,2026-06-27,not_as_described,3248.05
9002236,5011148,200245,2026-04-24,wrong_size,1242.49
9002237,5049562,200140,2026-06-20,wrong_size,3624.54
9002238,5005497,200197,2026-03-18,changed_mind,7838.06
9002239,5044916,200098,2025-01-29,changed_mind,1242.1
9002240,5039609,200174,2025-08-09,damaged_delivery,4053.24
9002241,5002266,200145,2025-01-13,wrong_size,10253.62
9002242,5013114,200054,2025-05-17,not_as_described,3660.37
9002243,5005134,200119,2025-07-14,wrong_size,1916.45
9002244,5049913,200001,2026-06-11,defect,3535.85
9002245,5051670,200004,2026-01-27,damaged_delivery,900.22
9002246,5057733,200222,2026-03-03,wrong_size,5732.49
9002247,5029123,200068,2025-09-25,wrong_size,3122.19
9002248,5051892,200200,2025-09-28,not_as_described,3869.73
9002249,5021952,200066,2025-04-13,changed_mind,3285.65
9002250,5010403,200113,2025-09-30,changed_mind,2037.88
9002251,5037138,200096,2025-12-05,changed_mind,1162.73
9002252,5043241,200061,2025-05-01,changed_mind,1320.47
9002253,5024908,200142,2025-11-30,defect,1469.74
9002254,5016628,200025,2025-07-20,not_as_described,15263.53
9002255,5013380,200075,2025-08-16,damaged_delivery,1185.25
9002256,5011687,200007,2025-01-25,changed_mind,1613.13
9002257,5026857,200203,2025-02-28,damaged_delivery,426.06
9002258,5054079,200147,2025-09-07,damaged_delivery,2345.06
9002259,5006393,200105,2026-01-31,defect,1405.95
9002260,5003444,200085,2025-09-18,wrong_size,6151.75
9002261,5024782,200019,2026-03-06,not_as_described,11146.83
9002262,5001928,200105,2026-04-24,wrong_size,717.92
9002263,5036678,200141,2026-05-22,defect,1266.88
9002264,5011206,200214,2025-10-30,not_as_described,33036.16
9002265,5039058,200104,2026-01-17,damaged_delivery,2173.98
9002266,5042062,200076,2025-11-20,wrong_size,2216.34
9002267,5035321,200005,2026-05-21,damaged_delivery,5831.33
9002268,5059516,200118,2026-02-17,not_as_described,594.9
9002269,5005243,200067,2025-12-11,damaged_delivery,11565.53
9002270,5059202,200006,2025-11-29,changed_mind,4573.08
9002271,5030663,200126,2025-05-04,not_as_described,1077.89
9002272,5051937,200063,2026-06-18,not_as_described,6547.96
9002273,5040182,200054,2025-03-14,changed_mind,11391.44
9002274,5030166,200210,2025-09-18,changed_mind,2241.28
9002275,5025580,200048,2025-08-10,wrong_size,3236.62
9002276,5037321,200141,2025-07-05,damaged_delivery,1178.45
9002277,5019173,200018,2025-10-21,damaged_delivery,689.74
9002278,5049722,200005,2025-11-20,changed_mind,5366.55
9002279,5046264,200130,2025-12-25,changed_mind,4697.88
9002280,5032847,200196,2025-01-29,wrong_size,4242.94
9002281,5052467,200141,2026-06-09,changed_mind,2396.3
9002282,5007482,200041,2025-09-11,not_as_described,927.58
9002283,5004593,200107,2025-10-07,wrong_size,5768.01
9002284,5057546,200175,2026-06-10,not_as_described,2249.34
9002285,5015453,200023,2025-12-27,wrong_size,3401.64
9002286,5043473,200176,2025-07-27,wrong_size,2030.06
9002287,5050304,200136,2025-03-07,not_as_described,565.18
9002288,5041026,200166,2025-09-09,not_as_described,3599.37
9002289,5058284,200136,2025-10-23,changed_mind,1730.22
9002290,5033609,200128,2026-05-01,wrong_size,7087.73
9002291,5038087,200046,2025-04-13,wrong_size,11134.42
9002292,5013943,200231,2025-06-06,not_as_described,406.15
9002293,5015319,200031,2025-05-25,defect,1903.78
9002294,5017079,200178,2025-10-12,wrong_size,1863.53
9002295,5015389,200160,2025-06-18,changed_mind,2396.38
9002296,5019095,200024,2026-05-15,not_as_described,1444.85
9002297,5048718,200047,2026-01-19,wrong_size,5273.38
9002298,5035465,200003,2026-02-20,wrong_size,19813.56
9002299,5048117,200055,2025-12-02,defect,9619.07
9002300,5038340,200057,2026-01-03,not_as_described,18685.69
9002301,5030953,200183,2025-11-22,changed_mind,1544.67
9002302,5017799,200013,2025-04-20,defect,3755.16
9002303,5039680,200229,2025-02-03,defect,7809.59
9002304,5039053,200112,2025-12-07,wrong_size,19309.72
9002305,5023959,200110,2025-12-22,damaged_delivery,616.27
9002306,5005902,200188,2025-06-27,wrong_size,1359.97
9002307,5056278,200107,2025-03-15,not_as_described,1995.95
9002308,5045666,200141,2025-06-18,changed_mind,3026.8
9002309,5057770,200205,2025-07-06,not_as_described,16092.75
9002310,5025586,200044,2025-12-08,damaged_delivery,1893.37
9002311,5034184,200011,2025-02-06,wrong_size,11670.27
9002312,5035479,200183,2025-03-15,changed_mind,1623.98
9002313,5045399,200039,2026-01-23,not_as_described,920.75
9002314,5010708,200092,2025-02-26,not_as_described,1541.65
9002315,5048672,200071,2026-05-31,not_as_described,6224.3
9002316,5022527,200095,2026-04-15,wrong_size,1277.4
9002317,5037017,200159,2025-10-03,defect,2331.69
9002318,5031711,200085,2026-05-12,wrong_size,15788.17
9002319,5042064,200113,2026-05-16,defect,2472.72
9002320,5034229,200231,2025-01-17,changed_mind,448.71
9002321,5011456,200236,2025-01-28,damaged_delivery,8180.93
9002322,5045021,200083,2025-10-05,changed_mind,5334.37
9002323,5001887,200212,2026-05-29,damaged_delivery,24540.68
9002324,5023361,200221,2026-03-10,damaged_delivery,2885.45
9002325,5003434,200220,2026-02-07,not_as_described,4564.35
9002326,5052400,200235,2026-01-12,wrong_size,4634.47
9002327,5042182,200025,2026-01-20,changed_mind,4985.09
9002328,5007257,200103,2026-05-20,wrong_size,1894.73
9002329,5053541,200175,2026-04-01,changed_mind,996.24
9002330,5039851,200209,2025-11-12,defect,3043.26
9002331,5046680,200230,2025-07-03,wrong_size,1757.86
9002332,5023660,200083,2026-05-11,defect,4510.82
9002333,5009119,200035,2026-02-22,changed_mind,6802.32
9002334,5034964,200143,2025-04-09,changed_mind,5502.94
9002335,5024619,200143,2026-06-06,not_as_described,5705.15
9002336,5054451,200090,2025-10-07,defect,3964.17
9002337,5023082,200108,2026-06-08,defect,11182.07
9002338,5020093,200167,2025-06-13,wrong_size,2043.47
9002339,5013016,200065,2026-04-04,damaged_delivery,10436.7
9002340,5005605,200075,2025-07-13,not_as_described,1340.06
9002341,5006525,200163,2026-01-21,not_as_described,5111.61
9002342,5019123,200065,2026-06-20,not_as_described,3518.72
9002343,5011266,200073,2025-12-29,wrong_size,5714.78
9002344,5057280,200019,2025-02-10,defect,13006.38
9002345,5028541,200068,2025-06-08,not_as_described,2539.93
9002346,5027318,200141,2025-05-21,damaged_delivery,2131.95
9002347,5024096,200075,2025-07-07,damaged_delivery,988.0
9002348,5001587,200167,2025-05-24,wrong_size,1168.79
9002349,5031623,200150,2025-04-21,damaged_delivery,5076.34
9002350,5015255,200013,2025-05-25,damaged_delivery,2763.3
9002351,5008473,200138,2025-07-04,changed_mind,9486.22
9002352,5024592,200102,2025-08-27,not_as_described,3713.04
9002353,5030057,200027,2025-10-18,damaged_delivery,2017.57
9002354,5042564,200008,2025-08-11,defect,5079.11
9002355,5010607,200230,2025-03-11,not_as_described,2744.2
9002356,5053151,200115,2025-08-27,damaged_delivery,4461.77
9002357,5009531,200089,2025-05-15,changed_mind,2129.6
9002358,5036728,200042,2026-01-03,not_as_described,2490.46
9002359,5004700,200147,2025-11-26,changed_mind,940.44
9002360,5006935,200061,2026-04-14,defect,1409.54
9002361,5003101,200017,2025-08-25,damaged_delivery,5940.84
9002362,5055805,200047,2025-02-04,damaged_delivery,6072.81
9002363,5015949,200081,2025-08-27,damaged_delivery,1677.15
9002364,5022690,200046,2026-04-10,changed_mind,10293.11
9002365,5013596,200021,2026-05-12,changed_mind,14865.08
9002366,5004275,200072,2025-03-23,defect,2758.46
9002367,5036244,200213,2025-05-24,wrong_size,1832.75
9002368,5044947,200135,2025-06-17,damaged_delivery,11483.85
9002369,5025839,200067,2026-03-20,not_as_described,5033.95
9002370,5032205,200212,2025-03-16,defect,6557.47
9002371,5023707,200148,2025-12-28,not_as_described,3149.8
9002372,5000485,200196,2026-06-10,not_as_described,3768.39
9002373,5048331,200096,2025-12-07,damaged_delivery,1108.92
9002374,5015400,200100,2025-02-20,changed_mind,3256.76
9002375,5013955,200118,2026-06-09,damaged_delivery,479.88
9002376,5015920,200150,2025-07-24,not_as_described,4378.69
9002377,5041477,200131,2025-10-02,wrong_size,4990.61
9002378,5030143,200148,2025-09-14,not_as_described,3376.49
9002379,5047954,200095,2026-05-25,not_as_described,1265.9
9002380,5022672,200032,2025-11-09,defect,1430.37
9002381,5030139,200226,2025-09-09,not_as_described,958.81
9002382,5003181,200078,2025-02-01,wrong_size,8709.0
9002383,5026121,200147,2025-11-14,wrong_size,704.28
9002384,5034271,200058,2026-01-31,defect,4896.98
9002385,5058578,200238,2025-10-11,damaged_delivery,2706.17
9002386,5009273,200189,2025-08-26,wrong_size,1971.94
9002387,5040838,200057,2025-12-24,wrong_size,9373.23
9002388,5021875,200040,2025-01-31,wrong_size,771.07
9002389,5025662,200231,2026-03-27,wrong_size,529.59
9002390,5023168,200240,2025-03-29,wrong_size,1321.4
9002391,5039917,200240,2025-05-13,defect,2307.33
9002392,5022048,200022,2026-04-12,damaged_delivery,2799.44
9002393,5040345,200044,2026-03-18,damaged_delivery,3147.8
9002394,5014164,200239,2026-02-10,damaged_delivery,1518.85
9002395,5025672,200130,2025-09-11,changed_mind,5108.52
9002396,5019708,200222,2025-03-18,damaged_delivery,6809.18
9002397,5000615,200088,2025-05-30,changed_mind,3298.3
9002398,5003522,200122,2025-01-28,changed_mind,3332.48
9002399,5047281,200182,2025-07-26,damaged_delivery,1682.96
9002400,5057095,200151,2026-03-21,not_as_described,1013.68
9002401,5044475,200028,2025-10-02,defect,12454.8
9002402,5055359,200046,2025-08-23,defect,12564.96
9002403,5050553,200038,2025-07-02,wrong_size,2928.35
9002404,5006959,200083,2026-03-25,defect,3526.4
9002405,5007050,200030,2025-07-23,wrong_size,1863.26
9002406,5007422,200133,2026-03-27,damaged_delivery,15689.66
9002407,5052627,200136,2025-06-19,wrong_size,465.86
9002408,5059948,200225,2025-05-14,wrong_size,4570.59
9002409,5016322,200004,2025-01-12,changed_mind,629.37
9002410,5013017,200225,2026-02-26,defect,5598.11
9002411,5038979,200169,2026-05-15,changed_mind,4596.81
9002412,5016628,200025,2026-06-07,wrong_size,12657.39
9002413,5038619,200091,2025-05-25,wrong_size,1120.34
9002414,5020731,200092,2025-05-09,not_as_described,1965.96
9002415,5022069,200236,2025-07-18,changed_mind,3920.74
9002416,5028323,200050,2026-02-22,damaged_delivery,970.23
9002417,5055289,200227,2025-06-08,damaged_delivery,2585.85
9002418,5048083,200134,2025-05-03,not_as_described,2196.46
9002419,5002142,200240,2025-06-05,changed_mind,921.42
9002420,5047412,200059,2026-04-16,not_as_described,2474.14
9002421,5025385,200085,2025-02-22,defect,4234.25
9002422,5022289,200081,2025-02-05,damaged_delivery,4664.4
9002423,5012475,200151,2025-06-16,damaged_delivery,3919.16
9002424,5052565,200182,2025-07-22,damaged_delivery,1542.55
9002425,5040740,200108,2025-09-24,wrong_size,5207.78
9002426,5053958,200014,2026-04-25,changed_mind,33236.78
9002427,5037081,200223,2025-11-01,defect,4583.17
9002428,5006962,200193,2026-03-04,defect,1591.05
9002429,5034757,200013,2025-09-28,damaged_delivery,3000.67
9002430,5001591,200136,2026-06-05,changed_mind,531.09
9002431,5008817,200092,2025-12-28,damaged_delivery,1180.44
9002432,5014751,200086,2026-04-08,defect,34731.74
9002433,5019230,200106,2026-01-23,damaged_delivery,5194.97
9002434,5051572,200102,2025-07-15,wrong_size,3296.97
9002435,5022268,200149,2025-06-19,damaged_delivery,1032.55
9002436,5031282,200209,2026-04-04,defect,3059.85
9002437,5010125,200145,2025-03-11,damaged_delivery,6762.22
9002438,5047819,200073,2026-01-22,damaged_delivery,12443.53
9002439,5047859,200192,2025-08-13,damaged_delivery,4678.21
9002440,5011003,200090,2026-01-29,wrong_size,9356.82
9002441,5026892,200143,2025-05-03,not_as_described,18064.42
9002442,5025356,200011,2025-12-21,changed_mind,3386.32
9002443,5001384,200059,2025-08-11,defect,3384.93
9002444,5019922,200144,2025-06-06,damaged_delivery,7438.32
9002445,5038873,200064,2025-04-24,defect,1495.13
9002446,5003466,200118,2025-04-05,changed_mind,737.94
9002447,5059282,200121,2026-05-18,damaged_delivery,4217.98
9002448,5059383,200115,2026-06-27,damaged_delivery,2212.58
9002449,5006034,200106,2026-01-24,defect,5728.67
9002450,5004268,200062,2026-06-26,damaged_delivery,3117.96
9002451,5025315,200185,2026-06-14,damaged_delivery,4936.54
9002452,5027170,200050,2025-09-18,not_as_described,1917.54
9002453,5029630,200062,2025-09-09,not_as_described,1454.66
9002454,5023717,200242,2026-01-18,wrong_size,3064.22
9002455,5014196,200174,2026-01-06,not_as_described,2625.04
9002456,5017277,200219,2025-06-19,not_as_described,2242.19
9002457,5027070,200038,2025-03-07,not_as_described,7205.67
9002458,5046969,200173,2026-04-09,not_as_described,4151.97
9002459,5059141,200017,2025-04-28,defect,13992.8
9002460,5042359,200015,2026-04-22,not_as_described,5937.23
9002461,5017134,200035,2025-11-21,defect,5885.89
9002462,5020461,200172,2025-06-23,defect,2460.44
9002463,5003986,200154,2026-04-23,changed_mind,3589.9
9002464,5031760,200030,2025-05-07,damaged_delivery,4314.96
9002465,5047706,200057,2026-04-30,wrong_size,7599.96
9002466,5056551,200190,2026-02-07,defect,11032.76
9002467,5035096,200182,2025-03-08,damaged_delivery,3651.21
9002468,5053147,200207,2026-04-27,not_as_described,4559.39
9002469,5045739,200099,2025-08-01,changed_mind,1693.55
9002470,5026586,200245,2025-09-29,damaged_delivery,933.04
9002471,5032142,200048,2025-04-17,wrong_size,3565.66
9002472,5023204,200161,2025-03-23,wrong_size,2448.73
9002473,5026458,200229,2026-03-10,changed_mind,12903.65
9002474,5054003,200051,2026-04-05,wrong_size,1549.29
9002475,5008320,200212,2026-01-18,changed_mind,7572.11
9002476,5009820,200048,2025-08-27,defect,3453.62
9002477,5038306,200061,2026-05-10,damaged_delivery,1208.66
9002478,5029188,200096,2025-08-20,wrong_size,890.35
9002479,5010822,200103,2025-03-09,not_as_described,1187.5
9002480,5011150,200158,2025-10-21,changed_mind,5190.1
9002481,5030607,200232,2026-02-15,wrong_size,2070.18
9002482,5001823,200122,2025-08-28,defect,6775.47
9002483,5027130,200229,2025-09-30,wrong_size,3764.28
9002484,5050425,200125,2025-11-30,wrong_size,1741.83
9002485,5045289,200031,2026-04-10,defect,1589.63
9002486,5051807,200036,2025-03-22,changed_mind,691.8
9002487,5030173,200067,2025-04-03,defect,4180.01
9002488,5017501,200213,2025-10-31,defect,2049.53
9002489,5010030,200070,2025-06-29,not_as_described,4150.47
9002490,5015706,200165,2025-04-11,not_as_described,3093.99
9002491,5052456,200206,2025-09-17,damaged_delivery,1330.73
9002492,5028269,200134,2025-09-16,defect,1265.2
9002493,5054024,200098,2025-12-20,changed_mind,998.09
9002494,5043939,200113,2026-06-19,damaged_delivery,2334.36
9002495,5056443,200060,2026-05-23,defect,3398.05
9002496,5054048,200054,2025-07-23,changed_mind,5771.85
9002497,5049521,200045,2025-05-12,wrong_size,2792.67
9002498,5058751,200120,2025-10-04,defect,6209.5
9002499,5044419,200040,2025-02-26,defect,378.39
9002500,5053700,200141,2025-04-08,not_as_described,2434.75
9002501,5051126,200183,2025-03-18,not_as_described,1738.34
9002502,5000631,200051,2026-02-26,changed_mind,2731.81
9002503,5048101,200223,2026-01-20,changed_mind,4963.7
9002504,5036869,200011,2025-02-18,wrong_size,3882.51
9002505,5056585,200209,2025-02-05,changed_mind,5364.47
9002506,5040738,200024,2025-09-27,not_as_described,1641.46
9002507,5031711,200085,2025-03-29,changed_mind,16288.79
9002508,5029164,200136,2026-05-19,not_as_described,1235.59
9002509,5051661,200170,2025-06-19,damaged_delivery,815.9
9002510,5031564,200167,2025-09-13,changed_mind,1224.41
9002511,5039244,200187,2025-09-11,not_as_described,12655.9
9002512,5018554,200241,2025-09-29,defect,6339.72
9002513,5033359,200083,2026-05-23,damaged_delivery,3844.74
9002514,5026594,200165,2025-04-21,changed_mind,3581.1
9002515,5006270,200238,2025-07-16,damaged_delivery,1597.58
9002516,5049577,200198,2025-12-27,defect,3339.97
9002517,5046756,200159,2025-10-28,not_as_described,630.64
9002518,5027575,200179,2026-01-23,not_as_described,541.6
9002519,5050743,200186,2025-09-30,wrong_size,1013.63
9002520,5014971,200160,2025-09-30,changed_mind,2254.87
9002521,5051472,200117,2026-01-18,not_as_described,1019.75
9002522,5009913,200154,2026-05-14,not_as_described,1156.63
9002523,5018630,200189,2026-06-20,not_as_described,1370.34
9002524,5007789,200147,2026-03-21,damaged_delivery,658.6
9002525,5010892,200208,2025-12-01,defect,5155.4
9002526,5050754,200181,2026-02-11,damaged_delivery,906.5
9002527,5035783,200231,2026-04-19,wrong_size,556.95
9002528,5010382,200106,2026-01-26,damaged_delivery,1830.89
9002529,5050877,200201,2025-07-22,wrong_size,1162.81
9002530,5059023,200134,2026-02-20,defect,942.12
9002531,5024404,200167,2025-03-27,changed_mind,3774.56
9002532,5024124,200203,2025-05-30,not_as_described,399.29
9002533,5057030,200239,2026-04-14,damaged_delivery,5208.6
9002534,5027947,200141,2025-06-12,defect,1173.49
9002535,5045423,200138,2026-04-06,wrong_size,9107.29
9002536,5024658,200107,2026-05-28,changed_mind,4151.24
9002537,5021723,200063,2026-06-30,changed_mind,10559.99
9002538,5028777,200186,2026-03-10,defect,679.35
9002539,5004989,200157,2026-04-06,damaged_delivery,1105.96
9002540,5046116,200104,2026-06-06,changed_mind,1590.15
9002541,5044866,200071,2026-05-24,changed_mind,5276.19
9002542,5023228,200061,2025-03-12,defect,4292.79
9002543,5017414,200002,2025-02-28,changed_mind,1304.5
9002544,5032701,200185,2025-01-18,not_as_described,2918.5
9002545,5049654,200188,2025-10-07,changed_mind,1245.65
9002546,5036818,200016,2025-03-04,changed_mind,11289.2
9002547,5024498,200054,2026-06-07,changed_mind,3528.98
9002548,5036896,200242,2025-07-01,not_as_described,6516.75
9002549,5028354,200178,2025-06-25,not_as_described,3409.94
9002550,5029253,200053,2025-12-13,wrong_size,7804.26
9002551,5045012,200097,2025-12-05,not_as_described,4319.28
9002552,5022164,200127,2026-05-16,not_as_described,13872.98
9002553,5046300,200041,2025-05-29,wrong_size,1864.35
9002554,5025423,200179,2026-01-10,changed_mind,816.2
9002555,5049115,200132,2025-03-08,changed_mind,1219.98
9002556,5052048,200157,2026-04-20,wrong_size,3378.7
9002557,5057614,200139,2025-11-24,changed_mind,1832.16
9002558,5000242,200162,2025-09-16,wrong_size,4337.9
9002559,5051679,200023,2025-03-01,changed_mind,1402.37
9002560,5049159,200238,2026-03-17,changed_mind,2005.6
9002561,5030917,200222,2025-07-03,changed_mind,5638.99
9002562,5053721,200164,2025-09-26,changed_mind,1395.52
9002563,5043593,200080,2026-05-28,not_as_described,1431.49
9002564,5059645,200051,2026-04-16,defect,2944.62
9002565,5014139,200061,2025-09-19,not_as_described,970.32
9002566,5047960,200237,2026-04-07,damaged_delivery,5104.04
9002567,5058637,200029,2025-07-27,defect,17081.41
9002568,5021380,200242,2025-02-14,damaged_delivery,2233.9
9002569,5005787,200224,2025-12-03,defect,1295.92
9002570,5011796,200133,2026-02-21,wrong_size,16101.53
9002571,5002198,200155,2025-03-01,defect,15525.35
9002572,5058983,200147,2025-02-07,damaged_delivery,849.78
9002573,5033073,200217,2025-07-23,not_as_described,3302.82
9002574,5006687,200193,2026-01-25,changed_mind,1500.16
9002575,5053906,200106,2025-08-07,changed_mind,3692.52
9002576,5037552,200103,2025-05-12,not_as_described,2091.97
9002577,5037882,200185,2026-04-20,wrong_size,2818.88
9002578,5047295,200166,2025-10-01,defect,3374.56
9002579,5045639,200158,2025-11-19,changed_mind,5166.59
9002580,5042597,200128,2025-12-11,defect,5963.8
9002581,5002808,200033,2026-06-14,damaged_delivery,8474.69
9002582,5051971,200074,2026-03-09,damaged_delivery,2060.26
9002583,5019350,200166,2025-06-13,wrong_size,9615.32
9002584,5010838,200213,2025-06-13,not_as_described,1967.67
9002585,5028651,200037,2025-09-04,changed_mind,3379.9
9002586,5041991,200071,2025-05-26,defect,8108.26
9002587,5058545,200076,2026-04-02,changed_mind,861.04
9002588,5030689,200159,2025-01-25,not_as_described,723.64
9002589,5012957,200118,2026-01-21,defect,1083.99
9002590,5048100,200163,2025-08-10,not_as_described,5559.26
9002591,5036515,200042,2025-08-06,wrong_size,3347.3
9002592,5052663,200216,2025-06-05,not_as_described,3020.2
9002593,5025860,200005,2025-11-10,defect,2706.13
9002594,5052614,200032,2026-05-31,changed_mind,5563.1
9002595,5017862,200016,2025-02-01,not_as_described,21480.33
9002596,5052645,200023,2025-08-29,changed_mind,1395.16
9002597,5023565,200140,2026-01-22,changed_mind,9280.75
9002598,5028543,200037,2025-02-25,wrong_size,2344.98
9002599,5048138,200214,2026-04-21,changed_mind,31311.7
9002600,5018395,200019,2026-02-03,not_as_described,18713.68
9002601,5012796,200199,2025-03-02,changed_mind,5888.74
9002602,5054098,200030,2026-01-21,damaged_delivery,1801.99
9002603,5024611,200050,2025-02-25,defect,2799.94
9002604,5041881,200069,2026-06-30,damaged_delivery,1797.25
9002605,5043679,200093,2025-03-13,changed_mind,2872.47
9002606,5009355,200238,2025-06-17,defect,2734.45
9002607,5009326,200241,2025-01-20,changed_mind,2368.7
9002608,5002473,200222,2026-01-11,damaged_delivery,3113.68
9002609,5053748,200139,2025-10-20,not_as_described,7693.22
9002610,5025794,200208,2025-10-11,defect,1471.44
9002611,5004084,200045,2025-09-19,not_as_described,4123.14
9002612,5027532,200129,2025-08-21,changed_mind,3069.97
9002613,5014607,200179,2026-01-29,wrong_size,854.51
9002614,5019923,200087,2025-02-11,defect,1437.57
9002615,5013363,200117,2025-03-16,changed_mind,711.8
9002616,5004567,200060,2026-04-12,not_as_described,3191.75
9002617,5005051,200222,2026-01-28,not_as_described,9032.72
9002618,5009090,200105,2025-07-26,changed_mind,986.46
9002619,5027848,200090,2026-01-17,not_as_described,3764.41
9002620,5006077,200227,2026-04-07,changed_mind,4116.63
9002621,5026988,200142,2026-06-22,defect,3215.16
9002622,5007791,200222,2026-04-19,not_as_described,9923.88
9002623,5030312,200161,2025-01-30,damaged_delivery,3148.29
9002624,5029149,200136,2025-02-21,damaged_delivery,964.16
9002625,5030067,200070,2025-10-02,damaged_delivery,4085.32
9002626,5009192,200066,2026-03-29,damaged_delivery,2044.83
9002627,5049525,200064,2025-05-06,wrong_size,3270.14
9002628,5007239,200198,2025-04-21,wrong_size,3201.54
9002629,5000174,200044,2026-02-17,changed_mind,3304.58
9002630,5002826,200136,2025-08-09,not_as_described,1262.23
9002631,5011167,200095,2025-07-21,changed_mind,4043.69
9002632,5037372,200171,2025-03-20,wrong_size,3102.54
9002633,5053283,200047,2026-01-01,damaged_delivery,7508.85
9002634,5044854,200124,2025-12-12,changed_mind,4939.37
9002635,5047365,200209,2026-01-27,defect,3129.29
9002636,5057968,200069,2025-08-31,changed_mind,1755.47
9002637,5032152,200218,2025-04-08,changed_mind,2280.32
9002638,5032256,200206,2026-04-30,defect,802.8
9002639,5022750,200201,2026-06-19,wrong_size,2310.26
9002640,5040101,200201,2026-03-13,changed_mind,1060.18
9002641,5010777,200231,2025-08-05,damaged_delivery,775.07
9002642,5033253,200105,2026-06-29,defect,882.19
9002643,5010911,200024,2025-11-16,wrong_size,2676.23
9002644,5040601,200040,2025-09-12,changed_mind,721.61
9002645,5023875,200041,2025-03-09,changed_mind,2419.28
9002646,5041150,200219,2025-03-07,wrong_size,6678.4
9002647,5039670,200156,2026-06-06,changed_mind,1821.14
9002648,5039493,200109,2025-12-15,changed_mind,2304.0
9002649,5053314,200158,2026-02-11,wrong_size,9349.93
9002650,5021220,200048,2025-02-05,wrong_size,1481.98
9002651,5045627,200223,2025-01-17,defect,4635.67
9002652,5032571,200055,2026-06-09,changed_mind,18468.72
9002653,5022813,200030,2025-10-10,defect,1835.59
9002654,5022701,200116,2026-03-10,changed_mind,853.56
9002655,5002241,200159,2025-11-28,not_as_described,745.58
9002656,5031497,200061,2026-04-02,changed_mind,2357.27
9002657,5053432,200102,2026-02-17,defect,7064.33
9002658,5059294,200189,2025-06-12,changed_mind,2029.6
9002659,5002588,200219,2025-02-26,not_as_described,5070.42
9002660,5028926,200015,2025-07-08,defect,15477.79
9002661,5025511,200210,2025-12-20,changed_mind,2522.08
9002662,5028893,200160,2025-07-06,changed_mind,2380.48
9002663,5039340,200246,2025-03-12,defect,908.96
9002664,5014641,200206,2025-01-17,changed_mind,1260.78
9002665,5052069,200077,2026-06-11,defect,6453.28
9002666,5041979,200183,2026-03-31,damaged_delivery,2753.2
9002667,5024620,200050,2025-06-17,wrong_size,2786.26
9002668,5030882,200116,2025-04-06,wrong_size,2471.47
9002669,5021693,200205,2025-07-20,changed_mind,12549.5
9002670,5009260,200004,2025-12-18,defect,895.03
9002671,5022798,200199,2025-12-27,changed_mind,4446.01
9002672,5022326,200234,2025-03-19,damaged_delivery,2367.71
9002673,5025479,200032,2026-06-13,changed_mind,3555.8
9002674,5035752,200045,2026-02-07,damaged_delivery,7002.98
9002675,5055694,200054,2025-02-06,wrong_size,3836.85
9002676,5053487,200221,2025-05-22,changed_mind,1213.84
9002677,5012134,200076,2025-04-07,wrong_size,2193.25
9002678,5005028,200180,2025-04-01,wrong_size,1411.19
9002679,5011996,200193,2026-03-17,changed_mind,1399.94
9002680,5032967,200161,2025-07-10,defect,2989.96
9002681,5053258,200160,2025-10-14,wrong_size,1021.53
9002682,5031592,200225,2025-07-27,defect,5226.88
9002683,5025318,200118,2026-04-19,wrong_size,1746.05
9002684,5056036,200235,2025-06-11,wrong_size,2992.56
9002685,5018952,200182,2026-01-06,wrong_size,5053.63
9002686,5047771,200099,2025-01-16,not_as_described,2557.7
9002687,5044255,200183,2025-06-02,defect,4706.33
9002688,5043119,200159,2026-06-16,changed_mind,765.81
9002689,5004655,200019,2025-04-12,not_as_described,5943.75
9002690,5016778,200010,2025-09-25,damaged_delivery,3243.15
9002691,5045401,200038,2025-09-21,defect,3844.87
9002692,5012985,200133,2026-05-26,defect,48346.61
9002693,5047101,200047,2026-06-26,defect,5084.66
9002694,5039792,200017,2026-04-07,changed_mind,23738.48
9002695,5032411,200114,2025-10-18,changed_mind,57443.43
9002696,5056630,200213,2025-05-05,defect,1373.7
9002697,5049115,200132,2025-10-04,not_as_described,1258.62
9002698,5018226,200169,2026-03-04,changed_mind,4420.98
9002699,5010344,200022,2025-03-22,wrong_size,3418.47
9002700,5007912,200144,2025-01-27,damaged_delivery,1878.37
9002701,5034985,200169,2025-09-07,damaged_delivery,12773.35
9002702,5023914,200014,2025-11-28,changed_mind,26348.52
9002703,5007657,200038,2026-02-23,changed_mind,7018.85
9002704,5024155,200168,2025-10-15,not_as_described,2966.97
9002705,5020413,200200,2026-03-01,changed_mind,2650.73
9002706,5011275,200024,2025-03-09,wrong_size,2030.64
9002707,5044561,200120,2025-08-19,defect,9415.58
9002708,5051840,200175,2025-08-30,wrong_size,1964.89
9002709,5013064,200090,2026-04-25,changed_mind,8813.29
9002710,5034584,200128,2025-08-05,changed_mind,2210.9
9002711,5056909,200149,2025-12-28,not_as_described,1393.39
9002712,5004934,200217,2025-03-24,damaged_delivery,3112.87
9002713,5038004,200001,2026-06-03,wrong_size,4615.49
9002714,5008965,200037,2025-10-02,defect,1086.58
9002715,5004551,200009,2026-06-15,defect,4537.86
9002716,5031604,200124,2025-11-28,wrong_size,2584.61
9002717,5052875,200133,2025-02-10,wrong_size,27044.56
9002718,5015654,200054,2025-11-05,not_as_described,3863.67
9002719,5050437,200057,2026-05-14,changed_mind,10886.14
9002720,5051338,200112,2026-03-08,wrong_size,9701.77
9002721,5013491,200247,2026-04-12,changed_mind,10948.59
9002722,5050515,200156,2025-06-09,changed_mind,1445.89
9002723,5006246,200129,2025-07-07,not_as_described,3195.7
9002724,5021958,200194,2026-03-02,damaged_delivery,43126.77
9002725,5017424,200168,2025-07-06,changed_mind,8056.18
9002726,5050621,200019,2025-03-06,not_as_described,10050.83
9002727,5035920,200127,2026-01-25,not_as_described,18365.76
9002728,5034800,200056,2025-12-18,defect,1913.39
9002729,5031832,200195,2026-01-23,damaged_delivery,37912.89
9002730,5015159,200085,2026-03-23,changed_mind,5726.11
9002731,5028512,200105,2026-01-11,changed_mind,2047.62
9002732,5008792,200138,2025-07-26,wrong_size,3910.62
9002733,5031409,200210,2025-10-02,wrong_size,1892.88
9002734,5013815,200191,2025-03-18,not_as_described,2107.97
9002735,5012895,200121,2025-08-27,defect,2003.3
9002736,5016553,200070,2025-09-03,changed_mind,2237.21
9002737,5010636,200058,2025-12-29,damaged_delivery,4757.37
9002738,5026315,200097,2025-05-05,not_as_described,9512.3
9002739,5024875,200081,2026-04-24,changed_mind,2724.61
9002740,5037425,200235,2025-08-08,wrong_size,1909.14
9002741,5053444,200030,2026-03-02,changed_mind,1649.01
9002742,5043809,200043,2025-05-09,not_as_described,2255.76
9002743,5045557,200013,2025-09-30,defect,11391.65
9002744,5059619,200195,2025-02-16,changed_mind,24057.49
9002745,5059230,200097,2026-02-01,wrong_size,9722.63
9002746,5011301,200204,2025-05-05,damaged_delivery,1062.71
9002747,5053120,200023,2025-01-21,wrong_size,1422.95
9002748,5059650,200116,2025-12-15,wrong_size,3248.38
9002749,5022883,200235,2025-11-25,not_as_described,1835.52
9002750,5030987,200025,2025-05-22,changed_mind,4460.05
9002751,5056078,200113,2025-06-23,changed_mind,1695.24
9002752,5046902,200194,2025-07-05,changed_mind,18149.16
9002753,5056633,200179,2025-01-23,changed_mind,469.3
9002754,5045675,200184,2025-08-07,defect,7077.56
9002755,5021682,200094,2026-01-11,changed_mind,835.44
9002756,5007501,200170,2025-02-20,wrong_size,566.66
9002757,5010126,200036,2025-03-24,damaged_delivery,2135.47
9002758,5008450,200155,2025-11-27,changed_mind,8759.95
9002759,5010176,200216,2025-09-22,not_as_described,5698.06
9002760,5050214,200116,2025-04-20,wrong_size,747.13
9002761,5006835,200245,2025-03-24,changed_mind,1692.96
9002762,5022281,200104,2025-03-14,wrong_size,1239.64
9002763,5021145,200104,2025-07-02,not_as_described,1090.1
9002764,5019589,200012,2025-08-15,damaged_delivery,1354.75
9002765,5012720,200236,2025-12-27,damaged_delivery,4441.42
9002766,5029700,200141,2025-05-26,not_as_described,880.61
9002767,5030008,200027,2025-04-04,not_as_described,2274.3
9002768,5028707,200176,2025-07-01,damaged_delivery,5481.06
9002769,5027244,200229,2025-08-01,not_as_described,8740.95
9002770,5014286,200068,2025-11-12,changed_mind,1552.82
9002771,5014483,200086,2026-01-09,changed_mind,39493.13
9002772,5023577,200067,2025-09-17,changed_mind,4932.23
9002773,5039748,200191,2025-07-13,defect,1680.49
9002774,5055837,200043,2026-01-19,wrong_size,3119.27
9002775,5033265,200079,2025-08-06,not_as_described,3669.58
9002776,5038130,200083,2026-04-21,defect,3918.12
9002777,5020966,200170,2025-06-13,changed_mind,616.73
9002778,5026251,200047,2025-10-26,defect,16004.17
9002779,5054538,200106,2026-01-25,defect,4061.27
9002780,5055564,200024,2026-06-16,wrong_size,1742.95
9002781,5059943,200131,2025-05-17,damaged_delivery,2306.76
9002782,5016710,200150,2025-04-21,changed_mind,3838.5
9002783,5057699,200120,2026-02-03,damaged_delivery,9151.14
9002784,5013111,200242,2026-03-31,not_as_described,3065.17
9002785,5008774,200157,2026-03-17,defect,3914.64
9002786,5049714,200060,2025-01-28,not_as_described,3172.48
9002787,5003645,200062,2026-01-15,changed_mind,1171.69
9002788,5025976,200149,2025-03-16,changed_mind,902.54
9002789,5021587,200065,2026-06-18,changed_mind,2903.6
9002790,5021281,200050,2025-08-26,defect,819.14
9002791,5049444,200179,2026-04-28,not_as_described,492.37
9002792,5056598,200213,2025-06-03,changed_mind,1914.73
9002793,5041138,200061,2026-06-15,damaged_delivery,1410.72
9002794,5008926,200247,2025-06-11,changed_mind,7210.97
9002795,5027831,200087,2025-06-02,wrong_size,1561.47
9002796,5007685,200015,2025-10-30,damaged_delivery,6357.92
9002797,5001926,200021,2025-06-10,wrong_size,5611.45
9002798,5004989,200157,2025-03-11,defect,1545.94
9002799,5006742,200157,2026-03-13,changed_mind,3139.32
9002800,5044953,200228,2026-06-09,changed_mind,7740.9
9002801,5037365,200122,2025-01-14,wrong_size,10554.22
9002802,5048573,200207,2025-11-17,changed_mind,4121.97
9002803,5008014,200238,2025-02-02,not_as_described,730.21
9002804,5029567,200003,2025-11-14,damaged_delivery,17804.85
9002805,5005433,200061,2025-09-15,changed_mind,1210.13
9002806,5038286,200203,2025-06-21,defect,484.36
9002807,5005190,200025,2025-08-18,defect,6435.3
9002808,5017876,200120,2025-05-07,defect,3424.98
9002809,5044291,200025,2025-05-12,not_as_described,17562.33
9002810,5026471,200155,2026-05-12,wrong_size,16686.58
9002811,5033646,200088,2025-11-01,wrong_size,2443.73
9002812,5006386,200040,2025-12-12,not_as_described,344.31
9002813,5048599,200055,2025-06-10,wrong_size,11357.76
9002814,5055893,200124,2025-12-18,damaged_delivery,2600.79
9002815,5030503,200212,2025-02-14,not_as_described,6887.08
9002816,5034666,200015,2025-07-17,changed_mind,12494.4
9002817,5049746,200109,2025-12-11,changed_mind,2854.11
9002818,5052375,200026,2025-12-05,damaged_delivery,3386.82
9002819,5027418,200110,2025-03-30,defect,1087.1
9002820,5033970,200236,2025-08-06,not_as_described,4447.23
9002821,5055498,200245,2025-09-16,not_as_described,472.79
9002822,5039951,200163,2025-08-17,changed_mind,2758.25
9002823,5034369,200001,2026-04-17,changed_mind,4850.78
9002824,5051711,200094,2025-05-08,defect,739.92
9002825,5038591,200236,2025-11-06,not_as_described,3838.13
9002826,5035546,200185,2025-03-24,wrong_size,5903.46
9002827,5048797,200039,2025-10-09,changed_mind,2139.4
9002828,5009834,200180,2025-07-28,changed_mind,1289.08
9002829,5019485,200208,2026-01-20,not_as_described,3278.05
9002830,5050303,200183,2025-08-10,not_as_described,1636.13
9002831,5006631,200155,2025-04-11,not_as_described,10396.82
9002832,5015434,200104,2026-02-27,damaged_delivery,1213.83
9002833,5044976,200042,2025-04-15,wrong_size,7589.06
9002834,5035760,200024,2025-10-20,wrong_size,2015.44
9002835,5013747,200144,2025-01-29,wrong_size,2650.41
9002836,5031147,200146,2026-04-21,defect,5226.79
9002837,5035864,200115,2026-03-07,changed_mind,6554.12
9002838,5025826,200142,2025-05-23,defect,1500.41
9002839,5033501,200113,2026-04-30,changed_mind,1793.89
9002840,5008869,200038,2026-04-17,defect,6084.8
9002841,5052085,200130,2025-07-25,not_as_described,4956.3
9002842,5027598,200002,2025-02-18,defect,609.94
9002843,5031242,200201,2025-07-04,changed_mind,2680.4
9002844,5058278,200159,2025-09-09,wrong_size,750.88
9002845,5016140,200201,2025-05-17,defect,1239.19
9002846,5019795,200080,2026-03-18,wrong_size,2499.04
9002847,5035925,200221,2025-09-06,wrong_size,3934.69
9002848,5022320,200230,2025-03-03,not_as_described,2754.63
9002849,5038653,200065,2025-09-16,changed_mind,3457.17
9002850,5045335,200179,2025-02-08,wrong_size,421.07
9002851,5058083,200083,2025-10-20,damaged_delivery,5015.33
9002852,5030951,200144,2025-05-11,changed_mind,2601.7
9002853,5050880,200191,2025-04-02,changed_mind,870.31
9002854,5033942,200096,2026-04-23,wrong_size,822.25
9002855,5010050,200120,2026-05-24,changed_mind,2917.52
9002856,5002475,200101,2025-03-27,damaged_delivery,602.3
9002857,5015337,200127,2025-03-19,wrong_size,9981.8
9002858,5011760,200012,2025-02-16,not_as_described,2705.23
9002859,5032500,200162,2025-07-04,changed_mind,7840.62
9002860,5035614,200031,2026-05-17,damaged_delivery,2192.42
9002861,5001227,200083,2026-01-11,wrong_size,3437.33
9002862,5005938,200215,2026-05-20,damaged_delivery,5343.04
9002863,5025946,200150,2026-06-29,changed_mind,4129.08
9002864,5015904,200242,2026-02-04,wrong_size,6235.06
9002865,5004817,200233,2025-08-11,changed_mind,6714.39
9002866,5044187,200115,2025-04-30,changed_mind,7120.44
9002867,5048614,200186,2026-05-19,damaged_delivery,2586.59
9002868,5039653,200148,2025-05-07,not_as_described,1377.82
9002869,5034908,200017,2025-09-10,wrong_size,6059.22
9002870,5058037,200157,2026-05-25,defect,1255.46
9002871,5001331,200234,2025-08-02,changed_mind,4761.24
9002872,5028624,200063,2026-01-01,not_as_described,5021.51
9002873,5012513,200083,2025-12-27,damaged_delivery,2940.84
9002874,5039764,200244,2025-10-01,damaged_delivery,1639.08
9002875,5011722,200057,2025-08-11,changed_mind,10192.62
9002876,5003344,200157,2025-03-08,damaged_delivery,1409.29
9002877,5050847,200068,2025-11-08,wrong_size,1522.31
9002878,5041650,200159,2026-01-05,not_as_described,2483.56
9002879,5056780,200215,2026-04-02,changed_mind,2023.42
9002880,5015739,200113,2025-07-24,wrong_size,1896.89
9002881,5058237,200180,2025-11-18,not_as_described,1378.82
9002882,5053474,200176,2025-04-12,damaged_delivery,3568.18
9002883,5025934,200198,2025-07-24,wrong_size,1582.04
9002884,5018957,200217,2025-06-16,damaged_delivery,8773.53
9002885,5044028,200227,2025-09-09,damaged_delivery,2700.94
9002886,5002484,200014,2025-08-12,changed_mind,18769.36
9002887,5036789,200021,2025-02-05,not_as_described,12738.08
9002888,5044402,200184,2025-03-04,not_as_described,2463.31
9002889,5056778,200061,2025-10-23,damaged_delivery,2162.98
9002890,5012313,200067,2025-01-24,damaged_delivery,4279.16
9002891,5055619,200242,2025-07-06,wrong_size,7613.13
9002892,5014935,200019,2025-11-27,wrong_size,5035.75
9002893,5009196,200202,2025-07-31,damaged_delivery,1690.75
9002894,5013045,200231,2026-02-24,changed_mind,934.02
9002895,5002544,200240,2025-04-30,not_as_described,1079.9
9002896,5033911,200185,2025-09-25,damaged_delivery,2335.89
9002897,5017736,200079,2025-09-15,defect,2016.05
9002898,5008251,200244,2025-12-20,not_as_described,1234.43
9002899,5002136,200117,2025-04-14,wrong_size,707.43
9002900,5002148,200078,2025-08-20,changed_mind,7952.39
9002901,5006732,200021,2026-04-30,changed_mind,10252.37
9002902,5011063,200091,2025-05-17,wrong_size,766.79
9002903,5008497,200198,2026-04-27,not_as_described,1460.97
9002904,5038086,200006,2025-11-22,damaged_delivery,2132.97
9002905,5028012,200059,2026-06-17,damaged_delivery,1245.68
9002906,5004470,200208,2026-06-20,changed_mind,1671.79
9002907,5034382,200015,2025-11-25,changed_mind,9864.29
9002908,5045073,200061,2025-12-08,not_as_described,3650.46
9002909,5007609,200194,2026-01-02,wrong_size,14789.97
9002910,5011433,200059,2025-07-12,wrong_size,1147.2
9002911,5003575,200153,2026-02-21,wrong_size,1671.46
9002912,5024115,200173,2026-03-18,not_as_described,1430.09
9002913,5056327,200094,2025-10-31,damaged_delivery,620.25
9002914,5044141,200040,2025-07-10,defect,328.17
9002915,5048317,200170,2026-05-22,changed_mind,557.54
9002916,5016321,200044,2026-06-17,defect,2016.9
9002917,5010430,200236,2025-10-02,wrong_size,12276.96
9002918,5056695,200073,2026-06-09,changed_mind,5400.55
9002919,5030232,200139,2025-06-17,changed_mind,5891.74
9002920,5044601,200053,2025-01-21,changed_mind,15124.07
9002921,5000655,200244,2025-12-13,changed_mind,1493.39
9002922,5044970,200243,2026-05-03,changed_mind,2726.38
9002923,5049594,200061,2025-09-16,wrong_size,1092.11
9002924,5000866,200021,2026-02-23,damaged_delivery,10843.4
9002925,5054561,200145,2025-01-16,wrong_size,17734.71
9002926,5013496,200058,2026-01-09,changed_mind,1816.28
9002927,5040373,200112,2025-07-25,defect,9755.21
9002928,5035777,200161,2025-06-12,wrong_size,2741.79
9002929,5044516,200227,2025-07-25,wrong_size,1312.72
9002930,5023712,200192,2026-06-01,not_as_described,4199.04
9002931,5006603,200240,2025-06-02,defect,1271.79
9002932,5013723,200137,2025-08-11,wrong_size,1848.5
9002933,5024809,200093,2025-12-22,damaged_delivery,2673.57
9002934,5049076,200176,2025-10-19,wrong_size,3882.09
9002935,5003747,200057,2025-10-07,changed_mind,8154.59
9002936,5012971,200143,2025-03-22,changed_mind,5973.75
9002937,5053738,200221,2025-05-16,damaged_delivery,3340.83
9002938,5012637,200200,2026-01-31,changed_mind,7337.24
9002939,5008692,200163,2025-05-28,wrong_size,2675.51
9002940,5053683,200203,2026-05-04,changed_mind,432.93
9002941,5016227,200047,2025-09-28,changed_mind,6455.44
9002942,5029433,200186,2025-12-15,not_as_described,1837.6
9002943,5005997,200104,2025-10-08,changed_mind,3034.86
9002944,5059912,200191,2025-11-24,changed_mind,1031.69
9002945,5022900,200166,2025-06-07,damaged_delivery,3810.87
9002946,5017049,200186,2025-12-16,defect,1688.77
9002947,5059156,200047,2025-11-15,defect,6701.69
9002948,5030780,200044,2025-04-04,changed_mind,1562.12
9002949,5036447,200072,2025-05-25,damaged_delivery,3105.43
9002950,5023333,200207,2025-07-27,wrong_size,5046.93
9002951,5009310,200096,2025-03-13,defect,838.3
9002952,5030276,200215,2025-02-19,changed_mind,4783.57
9002953,5006432,200214,2025-06-22,wrong_size,45094.63
9002954,5029608,200137,2025-07-22,damaged_delivery,1603.02
9002955,5038253,200063,2025-03-09,not_as_described,2636.04
9002956,5015766,200016,2026-02-11,changed_mind,21526.76
9002957,5038517,200158,2025-07-29,damaged_delivery,5343.89
9002958,5001631,200225,2025-04-21,damaged_delivery,12829.82
9002959,5016167,200018,2026-05-23,not_as_described,693.91
9002960,5027641,200163,2025-04-24,not_as_described,5842.88
9002961,5039912,200186,2025-02-11,defect,979.56
9002962,5032468,200183,2025-01-27,defect,1337.4
9002963,5017391,200246,2025-09-22,changed_mind,1217.51
9002964,5025386,200161,2025-12-04,not_as_described,2625.06
9002965,5000688,200166,2025-08-07,defect,7417.48
9002966,5012041,200212,2025-07-18,damaged_delivery,14303.61
9002967,5037638,200127,2025-11-28,wrong_size,10782.69
9002968,5052276,200073,2025-04-01,damaged_delivery,6198.67
9002969,5047257,200002,2025-06-02,changed_mind,1210.82
9002970,5020037,200114,2025-11-05,changed_mind,23844.97
9002971,5048498,200186,2025-08-28,changed_mind,1788.58
9002972,5014659,200175,2026-02-06,wrong_size,1026.17
9002973,5042260,200098,2026-05-02,changed_mind,1045.33
9002974,5019511,200040,2025-09-09,wrong_size,396.37
9002975,5001567,200009,2026-01-20,damaged_delivery,9236.94
9002976,5020841,200079,2025-02-08,changed_mind,1382.37
9002977,5020286,200213,2025-02-04,not_as_described,3822.8
9002978,5004851,200134,2026-03-01,changed_mind,1329.97
9002979,5026896,200137,2026-05-31,damaged_delivery,3525.04
9002980,5018975,200116,2026-03-24,wrong_size,2095.77
9002981,5053838,200155,2026-06-04,defect,24153.88
9002982,5054011,200167,2025-11-24,defect,3127.47
9002983,5044872,200143,2025-07-12,damaged_delivery,10830.8
9002984,5022455,200058,2026-01-28,wrong_size,2022.22
9002985,5051580,200232,2026-03-23,wrong_size,956.02
9002986,5044849,200029,2025-03-23,damaged_delivery,5448.77
9002987,5014946,200240,2025-12-06,damaged_delivery,1074.03
9002988,5029011,200099,2026-04-07,not_as_described,4370.56
9002989,5049946,200206,2025-02-12,damaged_delivery,694.63
9002990,5001632,200214,2025-07-23,changed_mind,33180.15
9002991,5042874,200058,2025-07-13,not_as_described,4792.82
9002992,5048079,200146,2025-06-18,changed_mind,8748.36
9002993,5013337,200240,2025-04-24,changed_mind,1332.23
9002994,5048730,200140,2025-07-22,wrong_size,2753.75
9002995,5053946,200058,2025-07-29,not_as_described,4604.4
9002996,5046450,200008,2025-01-25,changed_mind,11581.24
9002997,5038500,200181,2025-11-18,defect,1928.28
9002998,5020456,200002,2025-06-26,changed_mind,1312.02
9002999,5012586,200075,2025-05-23,changed_mind,1047.19
9003000,5051407,200179,2026-06-20,wrong_size,943.35
9003001,5037772,200066,2025-10-22,not_as_described,3458.62
9003002,5024227,200086,2025-04-10,not_as_described,10760.98
9003003,5030449,200050,2026-04-06,damaged_delivery,984.21
9003004,5053146,200227,2025-04-26,not_as_described,2472.82
9003005,5041397,200174,2026-03-22,wrong_size,2062.84
9003006,5041084,200172,2025-12-24,damaged_delivery,5737.17
9003007,5007592,200217,2026-06-16,defect,2054.1
9003008,5057449,200241,2025-04-07,changed_mind,4618.66
9003009,5013784,200164,2025-08-20,changed_mind,2008.07
9003010,5020467,200033,2025-12-04,damaged_delivery,10151.12
9003011,5043027,200101,2026-03-22,damaged_delivery,362.59
9003012,5030362,200212,2025-04-10,damaged_delivery,21135.78
9003013,5041923,200072,2026-05-31,not_as_described,2912.53
9003014,5031019,200109,2026-02-24,wrong_size,4553.25
9003015,5054369,200083,2025-12-03,damaged_delivery,2019.0
9003016,5009633,200067,2026-03-30,not_as_described,8614.74
9003017,5030603,200122,2025-01-11,defect,4436.77
9003018,5013722,200210,2026-05-23,changed_mind,3824.17
9003019,5048882,200222,2025-02-11,not_as_described,6163.86
9003020,5055902,200010,2025-09-07,changed_mind,11478.79
9003021,5029718,200001,2025-09-12,damaged_delivery,5785.4
9003022,5053053,200040,2025-09-13,changed_mind,357.09
9003023,5050255,200045,2026-03-20,changed_mind,8081.61
9003024,5059181,200126,2026-05-31,damaged_delivery,1428.34
9003025,5031816,200119,2025-01-22,damaged_delivery,5032.85
9003026,5042764,200149,2025-12-10,defect,1441.6
9003027,5052325,200178,2026-04-12,defect,5049.32
9003028,5010312,200238,2026-02-22,damaged_delivery,1657.65
9003029,5018374,200075,2025-03-14,changed_mind,3063.36
9003030,5013783,200114,2025-07-03,wrong_size,24031.85
9003031,5050559,200101,2026-03-03,changed_mind,422.17
9003032,5037921,200105,2026-02-23,damaged_delivery,2122.48
9003033,5026971,200186,2025-10-21,changed_mind,1650.07
9003034,5052886,200213,2026-06-09,changed_mind,1911.83
9003035,5046502,200199,2025-04-22,defect,5184.68
9003036,5044124,200092,2025-04-06,wrong_size,5037.33
9003037,5052579,200119,2025-08-14,changed_mind,1714.65
9003038,5053863,200114,2026-03-20,not_as_described,61969.94
9003039,5015319,200138,2026-06-15,not_as_described,10931.81
9003040,5019946,200126,2026-05-11,damaged_delivery,345.13
9003041,5040477,200200,2025-10-31,changed_mind,2973.51
9003042,5012066,200167,2025-08-15,changed_mind,2556.05
9003043,5009485,200091,2026-02-11,wrong_size,972.39
9003044,5031256,200157,2025-04-19,damaged_delivery,2297.19
9003045,5048367,200101,2025-11-16,not_as_described,487.39
9003046,5036531,200171,2025-08-20,changed_mind,3008.56
9003047,5038745,200143,2025-06-27,wrong_size,10612.98
9003048,5022104,200090,2026-06-01,changed_mind,4446.38
9003049,5042906,200135,2026-03-06,defect,8789.64
9003050,5025132,200225,2026-03-26,defect,10962.6
9003051,5035116,200074,2026-02-03,not_as_described,4487.19
9003052,5012753,200240,2025-06-10,changed_mind,1804.86
9003053,5018043,200124,2025-09-11,not_as_described,8902.69
9003054,5011150,200158,2025-08-29,defect,5441.13
9003055,5043343,200042,2026-01-17,damaged_delivery,5294.23
9003056,5052028,200042,2026-06-09,not_as_described,5100.04
9003057,5011674,200036,2025-03-18,not_as_described,1256.28
9003058,5010380,200010,2026-01-24,changed_mind,4046.47
9003059,5000950,200119,2026-01-22,not_as_described,6423.83
9003060,5031340,200213,2025-06-21,damaged_delivery,3915.96
9003061,5036760,200178,2025-06-11,damaged_delivery,6076.0
9003062,5036512,200057,2025-04-08,not_as_described,8644.14
9003063,5015548,200118,2025-12-26,wrong_size,1979.3
9003064,5041716,200246,2025-10-21,not_as_described,563.98
9003065,5034919,200003,2025-10-28,damaged_delivery,8216.62
9003066,5039096,200211,2026-06-10,wrong_size,8398.62
9003067,5058639,200198,2025-08-11,changed_mind,1622.67
9003068,5003743,200043,2026-04-30,defect,3204.78
9003069,5051930,200213,2025-11-03,not_as_described,3076.72
9003070,5042388,200075,2025-12-29,changed_mind,4175.16
9003071,5035933,200051,2025-07-12,not_as_described,3119.16
9003072,5032539,200158,2026-06-10,not_as_described,8767.97
9003073,5007093,200143,2025-07-06,not_as_described,11563.64
9003074,5045174,200137,2025-01-31,wrong_size,4556.63
9003075,5016529,200221,2025-08-15,not_as_described,1378.85
9003076,5059287,200149,2026-04-04,changed_mind,2571.6
9003077,5049969,200082,2025-08-12,not_as_described,1959.45
9003078,5053343,200216,2025-10-04,defect,2251.5
9003079,5027140,200230,2025-01-18,wrong_size,1420.81
9003080,5039651,200178,2026-05-28,changed_mind,1718.33
9003081,5012289,200056,2026-05-28,defect,1735.63
9003082,5028701,200063,2026-01-16,wrong_size,3238.9
9003083,5014813,200149,2026-04-08,not_as_described,1118.0
9003084,5001180,200173,2025-06-12,defect,1359.27
9003085,5019527,200136,2025-04-03,defect,583.21
9003086,5004785,200053,2025-08-24,defect,7483.47
9003087,5034945,200188,2026-02-08,changed_mind,2237.19
9003088,5027272,200039,2025-06-07,changed_mind,2373.99
9003089,5054786,200053,2025-07-15,damaged_delivery,10413.47
9003090,5007926,200162,2025-07-14,damaged_delivery,5322.23
9003091,5046722,200192,2025-02-10,changed_mind,5109.2
9003092,5032468,200224,2025-03-04,defect,4295.03
9003093,5037089,200226,2025-03-08,damaged_delivery,829.58
9003094,5054196,200084,2025-04-06,wrong_size,963.47
9003095,5049536,200111,2026-05-07,defect,7516.95
9003096,5056191,200167,2025-05-15,wrong_size,3035.61
9003097,5041263,200222,2025-08-05,changed_mind,2686.07
9003098,5015613,200203,2025-10-17,damaged_delivery,353.1
9003099,5052755,200145,2026-05-13,damaged_delivery,8936.79
9003100,5016312,200006,2026-05-08,not_as_described,1322.39
9003101,5028320,200179,2025-10-12,defect,927.5
9003102,5031439,200203,2025-03-16,wrong_size,682.63
9003103,5034040,200199,2026-03-07,not_as_described,5730.45
9003104,5041765,200227,2025-04-19,changed_mind,3708.1
9003105,5047272,200100,2025-06-13,defect,3576.02
9003106,5040548,200152,2026-04-12,wrong_size,10760.63
9003107,5030539,200183,2025-05-07,wrong_size,2543.71
9003108,5031469,200004,2025-11-26,changed_mind,1377.68
9003109,5003613,200056,2025-10-21,defect,919.97
9003110,5009230,200191,2026-03-16,wrong_size,1558.78
9003111,5013196,200065,2026-06-29,not_as_described,3691.61
9003112,5025861,200158,2025-04-22,changed_mind,2501.33
9003113,5004706,200148,2025-06-04,changed_mind,1597.72
9003114,5024946,200125,2025-08-12,not_as_described,1414.39
9003115,5015152,200133,2025-06-02,not_as_described,16378.85
9003116,5036839,200221,2025-03-05,not_as_described,1494.02
9003117,5015099,200037,2026-06-13,defect,3514.13
9003118,5059357,200002,2025-04-14,damaged_delivery,644.29
9003119,5048690,200132,2025-11-22,wrong_size,1342.57
9003120,5034567,200126,2025-07-04,defect,1352.06
9003121,5019300,200080,2025-06-15,not_as_described,1319.72
9003122,5010860,200190,2025-07-02,defect,9897.72
9003123,5008852,200140,2025-02-26,changed_mind,3410.63
9003124,5057587,200061,2025-05-28,wrong_size,1181.17
9003125,5026206,200028,2025-09-12,defect,11057.7
9003126,5033025,200206,2025-07-07,defect,1480.25
9003127,5042741,200146,2026-04-29,changed_mind,2158.97
9003128,5056385,200190,2025-02-12,defect,11428.72
9003129,5018139,200150,2026-05-13,not_as_described,4856.47
9003130,5014963,200158,2025-09-03,defect,2232.05
9003131,5043942,200017,2026-06-30,changed_mind,19219.4
9003132,5038224,200083,2025-07-06,changed_mind,1864.85
9003133,5024945,200087,2026-06-15,defect,2585.6
9003134,5040363,200006,2026-04-21,damaged_delivery,1362.58
9003135,5014065,200092,2025-08-22,changed_mind,3873.03
9003136,5001334,200145,2025-05-20,damaged_delivery,14795.08
9003137,5047585,200241,2026-04-30,wrong_size,1240.15
9003138,5004652,200193,2025-07-27,changed_mind,3088.32
9003139,5029848,200209,2025-03-14,defect,3580.85
9003140,5028263,200247,2025-12-24,wrong_size,7245.08
9003141,5052394,200018,2025-06-01,changed_mind,943.52
9003142,5013871,200026,2026-04-12,damaged_delivery,7215.0
9003143,5013196,200065,2025-12-07,wrong_size,3144.39
9003144,5016090,200220,2025-01-31,wrong_size,5011.76
9003145,5044983,200054,2025-04-29,damaged_delivery,6781.01
9003146,5027170,200050,2025-07-30,not_as_described,2112.27
9003147,5031773,200132,2025-07-08,wrong_size,438.97
9003148,5016118,200015,2026-04-27,changed_mind,10643.67
9003149,5051726,200040,2025-10-21,changed_mind,768.75
9003150,5021334,200095,2025-08-05,changed_mind,1291.13
9003151,5015827,200097,2026-01-14,changed_mind,5448.51
9003152,5013057,200181,2026-04-01,damaged_delivery,1066.15
9003153,5007857,200019,2025-02-03,damaged_delivery,4651.09
9003154,5033553,200142,2026-03-10,defect,1802.36
9003155,5046339,200203,2025-12-20,changed_mind,1148.3
9003156,5011129,200023,2025-03-16,changed_mind,2544.53
9003157,5052621,200015,2026-04-25,defect,7870.72
9003158,5004971,200072,2026-03-25,damaged_delivery,3390.36
9003159,5018993,200211,2026-03-25,not_as_described,7428.8
9003160,5000359,200134,2026-03-16,not_as_described,2879.25
9003161,5049486,200181,2025-12-27,not_as_described,1082.66
9003162,5045988,200019,2026-06-13,damaged_delivery,4212.22
9003163,5037439,200060,2025-01-20,changed_mind,2455.62
9003164,5046337,200204,2026-04-25,damaged_delivery,1902.3
9003165,5031223,200075,2025-02-13,not_as_described,1366.04
9003166,5017944,200148,2025-08-31,damaged_delivery,2535.14
9003167,5048122,200093,2025-11-23,not_as_described,7904.41
9003168,5011988,200014,2025-11-30,changed_mind,23887.71
9003169,5041874,200229,2025-10-13,damaged_delivery,11086.02
9003170,5000620,200049,2026-04-05,changed_mind,2258.21
9003171,5047753,200226,2025-12-05,changed_mind,973.68
9003172,5051381,200001,2025-06-05,changed_mind,4117.56
9003173,5015518,200127,2025-05-30,damaged_delivery,6523.68
9003174,5048085,200173,2025-06-08,wrong_size,3039.66
9003175,5006500,200109,2025-04-10,not_as_described,3255.75
9003176,5030869,200021,2025-08-18,defect,9664.61
9003177,5030592,200058,2026-04-02,changed_mind,4139.96
9003178,5058492,200080,2026-05-22,changed_mind,4660.71
9003179,5025561,200227,2025-06-22,defect,2728.52
9003180,5051242,200026,2026-02-04,wrong_size,8808.45
9003181,5011999,200160,2026-06-13,not_as_described,1131.61
9003182,5052924,200073,2026-02-25,wrong_size,7065.86
9003183,5048152,200083,2025-04-06,wrong_size,1539.92
9003184,5045763,200117,2025-10-29,changed_mind,693.73
9003185,5031187,200045,2026-02-28,wrong_size,7760.91
9003186,5033580,200037,2026-01-04,defect,1138.71
9003187,5043760,200056,2025-10-27,damaged_delivery,926.43
9003188,5038989,200052,2025-08-29,not_as_described,914.93
9003189,5005426,200211,2025-07-26,changed_mind,9931.29
9003190,5027020,200201,2026-05-16,not_as_described,2233.63
9003191,5056262,200223,2025-03-12,changed_mind,5058.74
9003192,5022274,200084,2025-11-01,defect,3401.67
9003193,5032950,200087,2026-02-17,wrong_size,5389.33
9003194,5045410,200182,2025-03-11,damaged_delivery,2186.39
9003195,5048788,200079,2025-06-27,changed_mind,1199.41
9003196,5021831,200160,2025-01-30,defect,1094.15
9003197,5032465,200193,2025-07-07,defect,1482.9
9003198,5013568,200034,2025-10-01,not_as_described,7726.5
9003199,5003862,200094,2025-07-13,damaged_delivery,1500.84
9003200,5017519,200004,2026-04-30,not_as_described,1496.95
9003201,5025174,200242,2025-09-04,defect,6187.47
9003202,5004469,200197,2025-12-13,defect,4040.85
9003203,5043932,200171,2026-03-31,wrong_size,5875.6
9003204,5007630,200059,2026-05-04,damaged_delivery,1401.18
9003205,5020906,200057,2026-03-17,changed_mind,21218.08
9003206,5037938,200015,2026-06-22,changed_mind,5715.77
9003207,5050188,200199,2025-04-04,changed_mind,7257.39
9003208,5030909,200044,2025-08-23,wrong_size,3878.3
9003209,5049900,200045,2025-04-16,defect,3769.34
9003210,5053256,200080,2025-08-19,not_as_described,1262.5
9003211,5059020,200027,2025-05-10,not_as_described,6101.63
9003212,5026955,200066,2025-03-13,damaged_delivery,3199.11
9003213,5004286,200046,2025-02-04,defect,10972.62
9003214,5005714,200194,2026-02-10,changed_mind,36471.79
9003215,5008623,200106,2026-05-08,changed_mind,1376.28
9003216,5013106,200199,2025-02-25,not_as_described,4844.47
9003217,5005344,200012,2025-09-03,changed_mind,1532.48
9003218,5003456,200076,2025-05-02,damaged_delivery,711.35
9003219,5018392,200153,2025-10-30,not_as_described,1188.01
9003220,5051056,200220,2025-03-23,changed_mind,6033.12
9003221,5011242,200002,2025-12-18,damaged_delivery,1343.95
9003222,5023939,200237,2026-03-11,damaged_delivery,13951.24
9003223,5011713,200076,2026-01-03,changed_mind,953.99
9003224,5052363,200197,2025-07-12,not_as_described,3803.64
9003225,5033198,200103,2025-04-25,changed_mind,935.69
9003226,5037629,200148,2025-04-03,defect,3315.25
9003227,5008340,200211,2026-04-16,changed_mind,4589.04
9003228,5031105,200075,2026-06-29,not_as_described,944.77
9003229,5000843,200008,2025-11-23,changed_mind,6422.5
9003230,5017903,200132,2026-02-06,not_as_described,810.75
9003231,5025364,200226,2026-01-29,wrong_size,812.14
9003232,5012374,200022,2025-08-01,wrong_size,10710.77
9003233,5002826,200136,2025-12-02,changed_mind,1096.43
9003234,5007578,200238,2025-12-20,damaged_delivery,861.69
9003235,5023978,200240,2025-12-06,changed_mind,2157.06
9003236,5012614,200033,2025-06-02,changed_mind,18933.34
9003237,5049521,200045,2026-05-27,not_as_described,2731.95
9003238,5021894,200226,2025-04-17,changed_mind,992.23
9003239,5003342,200240,2025-02-12,damaged_delivery,2629.47
9003240,5031964,200233,2025-06-07,not_as_described,2897.0
9003241,5001456,200170,2025-04-17,not_as_described,745.38
9003242,5053381,200123,2026-01-02,wrong_size,7356.81
9003243,5028084,200160,2025-06-01,changed_mind,1993.6
9003244,5054058,200086,2025-09-20,changed_mind,9575.0
9003245,5027221,200161,2026-02-01,defect,2350.65
9003246,5055033,200091,2025-09-23,defect,820.36
9003247,5055218,200139,2026-02-20,damaged_delivery,1877.32
9003248,5028798,200101,2026-02-21,defect,448.2
9003249,5012444,200164,2026-05-21,changed_mind,1081.15
9003250,5029754,200088,2026-01-08,damaged_delivery,4519.56
9003251,5015740,200084,2026-06-24,not_as_described,3100.81
9003252,5000170,200232,2025-02-02,damaged_delivery,1045.0
9003253,5020002,200028,2025-07-17,not_as_described,12862.94
9003254,5059739,200229,2025-06-11,defect,8167.74
9003255,5014027,200215,2026-06-12,wrong_size,2275.72
9003256,5016689,200170,2026-02-11,changed_mind,765.64
9003257,5045711,200029,2026-04-30,wrong_size,17375.9
9003258,5022661,200180,2026-03-26,wrong_size,2610.67
9003259,5045919,200144,2025-08-18,not_as_described,2314.17
9003260,5017523,200060,2025-11-19,changed_mind,3302.33
9003261,5004800,200121,2025-05-21,defect,1762.21
9003262,5059421,200177,2025-04-16,wrong_size,2223.8
9003263,5054803,200013,2025-02-13,defect,3416.35
9003264,5020920,200156,2026-02-10,not_as_described,771.19
9003265,5017502,200170,2026-04-18,changed_mind,1604.32
9003266,5029468,200181,2026-01-22,changed_mind,938.92
9003267,5035202,200200,2025-02-04,damaged_delivery,6076.17
9003268,5058362,200060,2025-03-29,defect,1822.89
9003269,5001230,200136,2026-04-20,not_as_described,1861.37
9003270,5031256,200157,2025-03-22,changed_mind,2558.84
9003271,5054215,200044,2025-05-24,changed_mind,1603.12
9003272,5005170,200215,2025-06-13,damaged_delivery,2781.84
9003273,5025023,200208,2025-10-30,wrong_size,1613.13
9003274,5028670,200065,2025-08-07,changed_mind,5661.14
9003275,5030528,200043,2026-01-09,wrong_size,4962.58
9003276,5028538,200152,2025-04-23,not_as_described,14531.43
9003277,5050542,200244,2025-02-05,changed_mind,2971.69
9003278,5017459,200140,2026-06-19,changed_mind,3836.28
9003279,5047983,200096,2026-01-13,defect,2413.89
9003280,5053277,200075,2025-04-08,wrong_size,2371.39
9003281,5037591,200203,2025-06-06,wrong_size,472.74
9003282,5022459,200049,2026-01-11,not_as_described,3633.7
9003283,5004318,200103,2025-05-08,changed_mind,846.28
9003284,5021606,200073,2025-07-08,changed_mind,15208.19
9003285,5048328,200120,2026-02-07,changed_mind,2986.86
9003286,5048723,200176,2025-05-08,changed_mind,1970.9
9003287,5008184,200096,2026-04-06,wrong_size,2594.6
9003288,5048447,200014,2025-01-11,wrong_size,10800.11
9003289,5051065,200170,2025-05-29,not_as_described,1264.17
9003290,5043346,200223,2025-09-20,defect,17330.54
9003291,5044751,200143,2025-08-03,damaged_delivery,16997.27
9003292,5025898,200157,2025-01-25,wrong_size,1197.03
9003293,5011082,200105,2025-08-08,damaged_delivery,1870.01
9003294,5027762,200214,2026-02-12,not_as_described,17206.25
9003295,5049661,200135,2026-06-04,wrong_size,4039.47
9003296,5038761,200219,2025-03-27,damaged_delivery,2741.05
9003297,5056739,200125,2025-12-21,changed_mind,536.24
9003298,5044572,200028,2026-06-12,damaged_delivery,14547.27
9003299,5022497,200028,2025-11-18,not_as_described,4835.57
9003300,5029809,200245,2026-06-10,not_as_described,580.38
9003301,5004123,200173,2025-07-02,defect,3299.41
9003302,5011866,200164,2025-12-27,damaged_delivery,2099.81
9003303,5024579,200040,2026-06-30,defect,1224.16
9003304,5018474,200210,2026-04-15,not_as_described,3457.4
9003305,5003510,200223,2025-01-13,defect,11331.4
9003306,5002271,200150,2026-06-14,wrong_size,12414.14
9003307,5050361,200095,2025-12-17,damaged_delivery,2587.42
9003308,5015502,200220,2025-05-27,not_as_described,4955.11
9003309,5010591,200071,2026-01-01,changed_mind,2386.56
9003310,5003991,200147,2026-01-29,changed_mind,538.44
9003311,5008994,200221,2025-03-22,defect,1508.62
9003312,5043870,200049,2025-11-29,damaged_delivery,1482.31
9003313,5052796,200118,2026-06-12,changed_mind,993.71
9003314,5045958,200052,2026-02-25,damaged_delivery,819.79
9003315,5033888,200095,2025-01-23,wrong_size,1155.64
9003316,5053058,200132,2026-03-15,changed_mind,395.33
9003317,5027687,200136,2026-03-30,not_as_described,556.35
9003318,5006778,200117,2025-01-29,defect,1374.21
9003319,5024416,200027,2026-01-16,changed_mind,3624.63
9003320,5042882,200186,2025-04-27,changed_mind,855.01
9003321,5032435,200171,2026-02-28,wrong_size,3051.98
9003322,5056321,200076,2025-06-04,wrong_size,832.21
9003323,5029953,200096,2026-06-21,defect,733.13
9003324,5040537,200019,2025-03-18,not_as_described,5583.17
9003325,5005871,200030,2026-04-14,not_as_described,3180.85
9003326,5027006,200140,2025-06-10,wrong_size,11154.49
9003327,5049939,200055,2025-12-19,changed_mind,18573.46
9003328,5038635,200182,2025-09-14,damaged_delivery,3473.51
9003329,5052380,200201,2026-03-04,damaged_delivery,3480.03
9003330,5006760,200200,2026-04-27,changed_mind,3441.26
9003331,5028360,200219,2025-09-13,changed_mind,2291.21
9003332,5036672,200095,2025-01-21,defect,2896.28
9003333,5051677,200213,2026-06-02,not_as_described,1844.2
9003334,5043585,200220,2025-09-24,defect,2553.88
9003335,5027554,200151,2026-01-03,changed_mind,2516.05
9003336,5053042,200014,2026-01-08,changed_mind,21668.41
9003337,5055295,200117,2026-03-23,changed_mind,406.22
9003338,5059169,200222,2025-05-20,changed_mind,2405.17
9003339,5004208,200172,2025-01-17,not_as_described,4221.73
9003340,5035355,200142,2026-02-23,not_as_described,4937.68
9003341,5036389,200218,2025-09-08,changed_mind,3328.65
9003342,5001560,200213,2025-08-08,damaged_delivery,3751.23
9003343,5007938,200191,2026-03-27,damaged_delivery,731.26
9003344,5002367,200019,2025-08-16,wrong_size,5477.69
9003345,5014915,200154,2025-02-12,not_as_described,1375.79
9003346,5052768,200156,2025-03-03,wrong_size,837.13
9003347,5034591,200001,2025-08-08,defect,1504.26
9003348,5010013,200160,2025-08-30,damaged_delivery,1203.94
9003349,5053563,200137,2026-04-18,changed_mind,1398.62
9003350,5058850,200001,2025-07-05,defect,1568.71
9003351,5006420,200178,2025-08-02,not_as_described,3754.23
9003352,5024600,200052,2025-06-14,wrong_size,1458.07
9003353,5030134,200091,2025-01-29,defect,2990.26
9003354,5049825,200134,2026-03-07,defect,1253.23
9003355,5008415,200234,2025-10-26,changed_mind,1270.66
9003356,5021364,200198,2025-06-25,wrong_size,5207.43
9003357,5028652,200189,2026-05-03,not_as_described,1829.0
9003358,5015826,200032,2026-05-06,defect,4478.56
9003359,5017178,200161,2025-07-17,defect,9625.0
9003360,5012632,200037,2025-11-25,changed_mind,2179.49
9003361,5045727,200118,2026-06-24,changed_mind,1030.69
9003362,5001213,200156,2025-10-21,changed_mind,1369.73
9003363,5012743,200203,2026-03-25,changed_mind,373.44
9003364,5053883,200228,2025-03-27,wrong_size,6707.86
9003365,5022675,200154,2026-03-20,defect,1242.12
9003366,5023719,200010,2025-03-02,defect,8093.56
9003367,5031884,200039,2026-05-14,defect,1628.54
9003368,5021155,200014,2025-03-25,changed_mind,12739.51
9003369,5003836,200105,2026-02-17,damaged_delivery,907.69
9003370,5009917,200126,2025-06-13,wrong_size,1163.29
9003371,5006624,200148,2025-08-02,changed_mind,5667.43
9003372,5041387,200201,2025-02-14,not_as_described,2190.9
9003373,5029147,200007,2025-12-16,not_as_described,1742.53
9003374,5059886,200004,2025-11-09,defect,725.64
9003375,5040309,200181,2025-08-17,damaged_delivery,3313.02
9003376,5015454,200086,2025-08-06,damaged_delivery,9503.86
9003377,5044975,200227,2025-06-19,changed_mind,1300.35
9003378,5004665,200218,2025-09-17,defect,3398.02
9003379,5001925,200212,2026-03-31,changed_mind,20031.62
9003380,5023501,200243,2026-05-02,defect,5486.15
9003381,5025596,200203,2025-05-30,wrong_size,487.3
9003382,5016991,200236,2026-02-14,changed_mind,3145.91
9003383,5054869,200073,2026-06-23,not_as_described,6996.23
9003384,5042136,200181,2025-05-31,wrong_size,2932.11
9003385,5048233,200117,2025-03-24,damaged_delivery,418.35
9003386,5038410,200015,2026-01-28,changed_mind,17797.8
9003387,5053179,200117,2026-06-21,not_as_described,359.95
9003388,5033055,200134,2025-03-10,wrong_size,3514.23
9003389,5052673,200170,2025-01-11,damaged_delivery,531.04
9003390,5054754,200208,2025-09-16,wrong_size,1626.27
9003391,5042698,200075,2025-08-31,wrong_size,1364.55
9003392,5056356,200088,2025-01-25,wrong_size,3826.0
9003393,5022636,200100,2025-09-21,not_as_described,1498.58
9003394,5042469,200187,2026-03-05,defect,9688.14
9003395,5023905,200113,2025-03-13,changed_mind,4117.75
9003396,5046772,200104,2025-11-08,wrong_size,996.22
9003397,5028694,200230,2025-08-27,damaged_delivery,1396.7
9003398,5020684,200121,2026-03-10,damaged_delivery,2035.49
9003399,5019838,200038,2025-05-29,damaged_delivery,3625.55
9003400,5034559,200075,2025-12-15,changed_mind,1210.43
9003401,5019995,200145,2026-03-26,changed_mind,8698.24
9003402,5025328,200042,2026-01-24,damaged_delivery,6197.6
9003403,5022720,200201,2026-01-22,damaged_delivery,940.91
9003404,5058668,200093,2025-06-06,changed_mind,2847.29
9003405,5057949,200187,2025-10-28,not_as_described,5960.77
9003406,5010784,200037,2026-01-14,not_as_described,1304.55
9003407,5059409,200106,2026-06-14,changed_mind,1622.06
9003408,5032794,200235,2026-01-01,changed_mind,6839.94
9003409,5027489,200118,2025-01-15,defect,1301.88
9003410,5023215,200142,2025-12-26,defect,2979.73
9003411,5044814,200067,2026-06-03,defect,15316.98
9003412,5029707,200175,2025-02-01,damaged_delivery,1955.72
9003413,5039009,200031,2025-09-09,changed_mind,904.67
9003414,5025315,200185,2025-10-19,defect,5223.77
9003415,5016523,200200,2025-10-21,changed_mind,3540.28
9003416,5056121,200081,2025-03-30,changed_mind,2943.13
9003417,5050099,200072,2026-03-21,damaged_delivery,1567.84
9003418,5006284,200076,2026-06-28,changed_mind,1917.29
9003419,5019224,200149,2025-08-21,changed_mind,1341.92
9003420,5015496,200138,2026-02-28,defect,4909.14
9003421,5053745,200115,2025-09-23,changed_mind,2055.41
9003422,5015407,200100,2025-01-30,not_as_described,4175.57
9003423,5045446,200150,2025-11-02,changed_mind,3752.54
9003424,5010180,200207,2025-06-20,defect,4132.94
9003425,5055429,200011,2025-11-21,defect,3660.29
9003426,5018356,200075,2026-06-21,defect,1188.83
9003427,5035850,200049,2026-03-30,changed_mind,1272.61
9003428,5007935,200053,2025-04-05,wrong_size,4558.91
9003429,5013341,200089,2025-09-15,not_as_described,3487.29
9003430,5023418,200230,2025-05-23,damaged_delivery,2590.04
9003431,5013053,200242,2025-04-20,defect,4576.68
9003432,5011984,200101,2026-02-09,damaged_delivery,477.64
9003433,5053008,200064,2025-04-04,damaged_delivery,3047.67
9003434,5004013,200090,2025-08-04,damaged_delivery,7691.16
9003435,5059803,200190,2025-02-20,damaged_delivery,10678.55
9003436,5027281,200141,2025-08-31,damaged_delivery,3857.31
9003437,5003255,200013,2025-04-06,changed_mind,8047.46
9003438,5026494,200022,2025-03-26,changed_mind,4282.66
9003439,5059110,200242,2026-02-09,not_as_described,8306.76
9003440,5015107,200068,2025-10-16,wrong_size,2763.43
9003441,5043530,200101,2026-03-29,changed_mind,466.26
9003442,5025692,200014,2025-03-16,damaged_delivery,16953.37
9003443,5053675,200128,2025-10-20,defect,2835.71
9003444,5021165,200153,2025-12-18,defect,1029.89
9003445,5007280,200206,2025-02-27,damaged_delivery,581.99
9003446,5036914,200238,2025-03-25,changed_mind,1690.5
9003447,5057149,200233,2025-10-19,defect,13768.68
9003448,5011677,200123,2025-07-28,wrong_size,7214.48
9003449,5007347,200001,2026-02-20,changed_mind,4988.42
9003450,5000816,200096,2025-08-19,not_as_described,831.42
9003451,5012477,200125,2025-01-29,changed_mind,1865.15
9003452,5029675,200039,2025-12-05,not_as_described,1013.94
9003453,5059747,200133,2026-04-28,damaged_delivery,13073.7
9003454,5051927,200176,2025-06-29,not_as_described,6376.21
9003455,5031946,200098,2025-07-19,not_as_described,2015.16
9003456,5007878,200203,2026-04-03,defect,414.09
9003457,5042719,200212,2025-02-15,defect,12732.26
9003458,5000930,200045,2025-06-03,defect,4342.55
9003459,5030281,200044,2025-02-22,defect,3835.36
9003460,5037949,200071,2025-01-19,defect,3091.96
9003461,5008627,200083,2026-01-15,damaged_delivery,2855.55
9003462,5047778,200005,2026-05-16,changed_mind,8421.31
9003463,5015342,200070,2026-06-02,damaged_delivery,1882.91
9003464,5045602,200203,2026-05-30,changed_mind,407.12
9003465,5002133,200016,2025-09-15,wrong_size,20303.64
9003466,5020028,200231,2025-01-28,changed_mind,396.6
9003467,5023238,200227,2025-03-31,defect,2512.1
9003468,5008600,200203,2026-02-12,damaged_delivery,1509.81
9003469,5053814,200188,2025-11-17,changed_mind,2213.65
9003470,5051581,200161,2026-01-07,changed_mind,2365.1
9003471,5009252,200246,2025-07-27,defect,435.01
9003472,5003220,200063,2025-05-16,changed_mind,5391.54
9003473,5046510,200030,2026-03-25,damaged_delivery,1606.85
9003474,5006636,200081,2025-06-16,not_as_described,1532.84
9003475,5017412,200043,2026-03-21,wrong_size,2614.4
9003476,5036292,200072,2025-07-29,defect,3009.94
9003477,5025972,200058,2026-05-09,changed_mind,1794.12
9003478,5007391,200010,2026-02-07,not_as_described,3810.62
9003479,5041363,200197,2025-07-23,damaged_delivery,10097.94
9003480,5032334,200154,2025-01-26,changed_mind,1229.45
9003481,5035643,200219,2025-02-26,wrong_size,2146.31
9003482,5020368,200183,2025-02-20,changed_mind,5933.65
9003483,5035606,200054,2025-11-17,not_as_described,10147.41
9003484,5051840,200175,2025-04-30,wrong_size,2659.85
9003485,5050117,200059,2025-11-13,defect,3017.25
9003486,5030248,200179,2026-04-07,damaged_delivery,558.69
9003487,5008081,200180,2026-02-23,not_as_described,4080.34
9003488,5038257,200221,2025-01-16,wrong_size,3603.42
9003489,5036414,200017,2025-09-15,wrong_size,12566.32
9003490,5044768,200009,2025-11-24,defect,3814.86
9003491,5026626,200107,2025-10-21,wrong_size,3794.22
9003492,5035214,200054,2025-07-06,wrong_size,3590.22
9003493,5037335,200045,2025-08-08,defect,4713.56
9003494,5050199,200004,2025-05-19,changed_mind,2044.87
9003495,5026814,200239,2025-06-29,damaged_delivery,5881.05
9003496,5047469,200203,2025-09-10,defect,478.56
9003497,5001687,200107,2025-09-08,damaged_delivery,1996.32
9003498,5035894,200089,2025-07-16,wrong_size,2218.07
9003499,5056343,200070,2026-05-16,wrong_size,2587.61
9003500,5055042,200070,2026-03-27,wrong_size,6740.04
9003501,5039224,200214,2025-09-05,defect,13253.77
9003502,5035273,200011,2025-06-19,damaged_delivery,6558.49
9003503,5027233,200128,2026-04-18,defect,5986.87
9003504,5045767,200164,2025-01-23,changed_mind,1068.98
9003505,5047285,200129,2026-04-17,not_as_described,2769.51
9003506,5033741,200011,2025-07-15,wrong_size,7362.6
9003507,5036373,200107,2026-05-26,damaged_delivery,3281.17
9003508,5052286,200029,2025-04-29,changed_mind,8515.44
9003509,5006261,200246,2025-02-22,damaged_delivery,1445.85
9003510,5029874,200028,2025-02-28,changed_mind,3808.25
9003511,5014039,200056,2025-04-01,changed_mind,867.89
9003512,5005834,200103,2025-07-24,damaged_delivery,977.24
9003513,5059251,200113,2025-01-12,wrong_size,3941.8
9003514,5033136,200190,2025-08-20,not_as_described,4703.71
9003515,5015321,200156,2026-03-03,defect,815.18
9003516,5006172,200125,2025-03-21,damaged_delivery,653.5
9003517,5016772,200102,2025-01-11,wrong_size,3028.97
9003518,5055335,200120,2025-05-06,defect,2929.27
9003519,5056059,200017,2025-11-14,wrong_size,15026.69
9003520,5040875,200030,2026-01-26,changed_mind,3267.29
9003521,5024697,200030,2025-11-16,wrong_size,3591.6
9003522,5030623,200058,2026-03-21,wrong_size,6719.63
9003523,5043801,200084,2026-03-16,changed_mind,1028.51
9003524,5044164,200182,2025-10-26,not_as_described,1679.25
9003525,5002758,200178,2025-10-15,not_as_described,2043.96
9003526,5040215,200053,2026-02-23,defect,12607.94
9003527,5009529,200100,2026-04-11,changed_mind,1924.46
9003528,5044009,200133,2025-05-14,wrong_size,33200.53
9003529,5028748,200175,2026-05-22,damaged_delivery,2010.64
9003530,5006683,200069,2025-05-23,not_as_described,4665.09
9003531,5053216,200051,2025-03-13,damaged_delivery,3513.21
9003532,5058793,200105,2025-03-08,changed_mind,736.81
9003533,5017595,200071,2026-05-03,changed_mind,2461.37
9003534,5030361,200045,2026-05-21,changed_mind,4322.58
9003535,5056818,200039,2025-07-05,wrong_size,1068.28
9003536,5010656,200188,2026-05-04,defect,1418.54
9003537,5045780,200009,2025-03-23,not_as_described,3345.84
9003538,5050086,200066,2025-03-04,damaged_delivery,910.32
9003539,5054431,200126,2025-08-02,changed_mind,452.22
9003540,5052011,200057,2026-05-30,not_as_described,23901.38
9003541,5003896,200120,2025-05-07,damaged_delivery,7567.71
9003542,5012433,200138,2025-07-10,changed_mind,8862.51
9003543,5045635,200114,2025-01-21,defect,21314.42
9003544,5046815,200042,2026-01-11,defect,2812.76
9003545,5014755,200232,2025-06-24,not_as_described,1202.54
9003546,5046819,200017,2025-07-14,changed_mind,5862.71
9003547,5028869,200098,2025-01-25,changed_mind,895.24
9003548,5028193,200101,2025-09-29,changed_mind,1011.74
9003549,5032760,200190,2025-04-12,damaged_delivery,14966.71
9003550,5008891,200047,2025-01-25,defect,17213.83
9003551,5022667,200129,2026-06-10,changed_mind,2872.19
9003552,5053957,200085,2025-05-17,damaged_delivery,18311.65
9003553,5021943,200013,2026-06-29,wrong_size,10665.03
9003554,5034098,200209,2025-09-11,not_as_described,3161.04
9003555,5025085,200031,2025-05-28,not_as_described,1223.18
9003556,5008564,200125,2025-05-19,changed_mind,1279.09
9003557,5059564,200105,2025-10-20,damaged_delivery,965.8
9003558,5042217,200210,2025-10-02,changed_mind,5099.22
9003559,5005967,200093,2025-10-14,defect,7768.27
9003560,5042627,200043,2026-01-24,not_as_described,8262.11
9003561,5021414,200072,2025-03-01,damaged_delivery,3330.45
9003562,5013447,200002,2025-01-14,not_as_described,1547.44
9003563,5049000,200004,2026-04-11,changed_mind,1557.49
9003564,5015134,200048,2025-07-22,damaged_delivery,3225.38
9003565,5026671,200027,2025-07-03,changed_mind,3261.54
9003566,5014203,200225,2025-05-26,defect,4942.48
9003567,5038758,200092,2026-01-07,defect,1637.28
9003568,5000443,200157,2025-07-19,damaged_delivery,1441.81
9003569,5058367,200192,2026-04-03,defect,4094.52
9003570,5033156,200028,2026-02-23,defect,4475.07
9003571,5016447,200186,2026-05-29,damaged_delivery,1566.12
9003572,5018472,200110,2026-04-15,not_as_described,1535.17
9003573,5025422,200024,2025-07-03,changed_mind,1631.35
9003574,5009386,200233,2025-04-29,damaged_delivery,6215.33
9003575,5024026,200097,2025-12-06,damaged_delivery,6098.57
9003576,5040413,200098,2025-05-29,damaged_delivery,1054.27
9003577,5003599,200039,2025-03-26,changed_mind,2229.52
9003578,5019640,200201,2025-04-22,changed_mind,1251.53
9003579,5015039,200060,2025-12-16,defect,1634.6
9003580,5059256,200112,2025-11-14,changed_mind,16465.32
9003581,5039698,200020,2025-07-15,changed_mind,2334.47
9003582,5056563,200226,2025-07-28,changed_mind,3112.2
9003583,5040779,200237,2025-03-09,not_as_described,10507.34
9003584,5024033,200136,2026-02-05,changed_mind,648.29
9003585,5019487,200197,2025-10-08,damaged_delivery,5190.57
9003586,5012959,200131,2026-02-01,defect,2319.74
9003587,5029376,200152,2025-09-11,wrong_size,10926.62
9003588,5055004,200138,2026-01-24,damaged_delivery,8531.3
9003589,5012542,200207,2026-01-15,changed_mind,2249.64
9003590,5014608,200193,2025-03-05,defect,1831.45
9003591,5002795,200064,2025-07-07,changed_mind,1364.4
9003592,5007271,200052,2025-03-20,defect,2323.0
9003593,5046221,200149,2025-04-07,not_as_described,927.89
9003594,5030869,200021,2026-06-28,wrong_size,10326.64
9003595,5006719,200201,2025-07-09,not_as_described,4173.04
9003596,5027318,200141,2025-10-27,changed_mind,2363.13
9003597,5057418,200093,2026-02-22,wrong_size,4992.88
9003598,5001436,200025,2025-04-21,changed_mind,4153.1
9003599,5041609,200013,2025-02-02,wrong_size,6671.13
9003600,5009437,200120,2025-02-09,not_as_described,9166.83
9003601,5046138,200099,2026-02-20,defect,1439.53
9003602,5025101,200024,2025-04-22,defect,1855.79
9003603,5002173,200168,2026-06-13,not_as_described,13229.99
9003604,5058710,200132,2026-04-17,changed_mind,428.4
9003605,5048225,200136,2025-06-09,not_as_described,1119.19
9003606,5011273,200065,2026-02-13,not_as_described,10397.3
9003607,5051930,200233,2025-03-03,defect,4351.92
9003608,5005981,200120,2025-08-23,defect,2381.88
9003609,5031174,200242,2026-02-23,not_as_described,3181.83
9003610,5017154,200194,2025-10-12,not_as_described,39301.09
9003611,5047478,200061,2025-11-19,wrong_size,2510.57
9003612,5040467,200206,2025-06-25,not_as_described,1149.46
9003613,5020034,200041,2025-03-13,changed_mind,1078.32
9003614,5022730,200126,2025-06-07,damaged_delivery,988.74
9003615,5044088,200146,2025-09-21,wrong_size,2592.38
9003616,5043226,200025,2025-04-20,defect,15373.59
9003617,5041696,200218,2025-12-12,changed_mind,1632.45
9003618,5018211,200180,2025-10-05,defect,3922.07
9003619,5014598,200035,2026-01-04,wrong_size,2333.49
9003620,5011439,200141,2025-03-03,wrong_size,1272.7
9003621,5025269,200241,2025-01-23,wrong_size,3913.86
9003622,5052910,200048,2025-08-15,defect,1697.61
9003623,5002423,200207,2025-04-12,changed_mind,4300.7
9003624,5024608,200005,2026-06-25,damaged_delivery,7214.02
9003625,5043931,200033,2025-11-17,changed_mind,19300.77
9003626,5042339,200203,2025-04-09,changed_mind,458.66
9003627,5017604,200208,2025-12-27,not_as_described,1417.98
9003628,5033005,200169,2026-02-21,not_as_described,7828.22
9003629,5032009,200073,2025-07-30,not_as_described,6425.41
9003630,5045909,200010,2025-04-15,defect,6892.41
9003631,5030104,200098,2026-03-14,defect,1167.8
9003632,5057361,200242,2025-07-11,wrong_size,8523.9
9003633,5055492,200159,2025-08-07,changed_mind,682.54
9003634,5026000,200030,2025-12-23,damaged_delivery,4358.46
9003635,5026956,200165,2026-06-17,damaged_delivery,2588.84
9003636,5059582,200219,2026-04-12,defect,2486.38
9003637,5007532,200087,2026-04-03,not_as_described,3897.15
9003638,5010544,200095,2025-03-21,defect,1270.66
9003639,5004954,200194,2025-07-18,damaged_delivery,16220.02
9003640,5051668,200109,2026-01-11,damaged_delivery,3375.64
9003641,5058902,200049,2025-06-03,changed_mind,1351.96
9003642,5058670,200018,2026-02-19,defect,852.67
9003643,5048758,200076,2025-06-06,defect,1513.64
9003644,5041437,200194,2025-05-14,changed_mind,35615.83
9003645,5028986,200228,2025-12-25,damaged_delivery,4583.05
9003646,5022845,200161,2025-02-13,changed_mind,2188.91
9003647,5023053,200131,2026-05-10,changed_mind,2113.03
9003648,5050077,200019,2026-02-22,damaged_delivery,5858.29
9003649,5017523,200129,2025-08-08,damaged_delivery,2479.13
9003650,5037341,200101,2025-10-27,not_as_described,479.71
9003651,5050820,200087,2025-06-22,changed_mind,3028.85
9003652,5000073,200104,2025-03-18,changed_mind,1454.88
9003653,5054628,200169,2025-11-18,changed_mind,6799.07
9003654,5050993,200136,2025-08-06,wrong_size,1017.22
9003655,5042925,200226,2025-06-14,damaged_delivery,3030.26
9003656,5058244,200018,2026-03-14,damaged_delivery,1695.88
9003657,5014327,200015,2025-10-12,wrong_size,11412.55
9003658,5028773,200103,2026-06-25,defect,1104.0
9003659,5028237,200108,2025-07-15,defect,4662.27
9003660,5044917,200134,2025-07-09,wrong_size,2119.21
9003661,5032743,200056,2026-01-15,wrong_size,691.04
9003662,5013480,200143,2025-11-17,wrong_size,6841.83
9003663,5021568,200094,2026-06-24,changed_mind,2571.89
9003664,5013979,200036,2025-10-03,wrong_size,795.32
9003665,5004802,200005,2025-08-20,not_as_described,4643.97
9003666,5056206,200240,2025-10-16,defect,1090.95
9003667,5048746,200138,2025-04-08,changed_mind,4118.49
9003668,5004052,200233,2025-03-31,wrong_size,3357.48
9003669,5001473,200204,2025-11-22,damaged_delivery,788.6
9003670,5046530,200199,2026-03-05,damaged_delivery,5979.33
9003671,5050274,200047,2026-04-10,wrong_size,6185.15
9003672,5042128,200225,2025-07-02,wrong_size,6641.51
9003673,5006356,200096,2026-02-02,defect,2367.24
9003674,5001646,200237,2025-09-15,not_as_described,13077.92
9003675,5016737,200116,2026-03-03,wrong_size,2939.91
9003676,5030290,200031,2025-12-04,changed_mind,2642.13
9003677,5059613,200240,2026-04-04,changed_mind,2764.01
9003678,5016985,200235,2025-04-04,changed_mind,6997.89
9003679,5043142,200196,2025-12-04,changed_mind,9302.59
9003680,5025816,200161,2025-06-26,not_as_described,8216.84
9003681,5039493,200109,2025-02-20,changed_mind,2556.74
9003682,5021802,200226,2025-05-10,changed_mind,1402.88
9003683,5014572,200141,2025-05-27,wrong_size,1104.64
9003684,5059163,200245,2025-04-25,defect,487.16
9003685,5010497,200033,2026-02-09,damaged_delivery,10118.72
9003686,5034737,200148,2026-02-01,not_as_described,2944.17
9003687,5053458,200202,2025-03-07,changed_mind,1584.77
9003688,5016141,200177,2025-05-06,defect,4679.0
9003689,5033152,200126,2025-12-09,not_as_described,1477.01
9003690,5019987,200047,2026-04-04,damaged_delivery,10882.96
9003691,5028733,200242,2025-08-21,not_as_described,2258.81
9003692,5027097,200058,2025-11-12,damaged_delivery,4364.26
9003693,5054218,200231,2026-05-08,not_as_described,826.08
9003694,5001768,200045,2026-04-11,damaged_delivery,4047.51
9003695,5009931,200142,2025-12-31,changed_mind,1600.78
9003696,5051696,200059,2025-04-06,defect,1279.5
9003697,5028970,200061,2025-10-09,wrong_size,1111.21
9003698,5021683,200119,2025-12-06,damaged_delivery,1828.15
9003699,5042186,200064,2025-05-05,wrong_size,1288.13
9003700,5019112,200220,2025-10-01,defect,8362.89
9003701,5000971,200237,2025-03-04,not_as_described,13553.73
9003702,5016868,200202,2025-08-28,changed_mind,909.97
9003703,5026205,200087,2025-08-22,changed_mind,1911.02
9003704,5059226,200021,2026-06-22,changed_mind,13737.52
9003705,5030806,200246,2025-05-30,defect,633.4
9003706,5030672,200154,2025-04-21,defect,2073.68
9003707,5034150,200108,2025-04-23,damaged_delivery,4761.02
9003708,5034332,200050,2025-02-22,not_as_described,2089.77
9003709,5028053,200063,2025-02-05,damaged_delivery,2898.93
9003710,5034096,200165,2025-06-22,damaged_delivery,9172.82
9003711,5027374,200056,2025-05-04,damaged_delivery,784.25
9003712,5010839,200242,2025-05-18,changed_mind,2414.47
9003713,5010452,200102,2025-04-06,defect,4101.12
9003714,5004478,200150,2025-05-22,changed_mind,7714.61
9003715,5045777,200210,2025-06-14,not_as_described,1912.38
9003716,5044762,200074,2026-01-07,not_as_described,3864.66
9003717,5012348,200127,2026-03-20,changed_mind,6637.58
9003718,5029629,200105,2026-03-07,changed_mind,870.63
9003719,5007025,200051,2025-05-18,damaged_delivery,1268.6
9003720,5027858,200105,2025-10-03,changed_mind,2389.83
9003721,5017822,200037,2026-02-11,changed_mind,2302.9
9003722,5022190,200040,2025-08-18,damaged_delivery,469.63
9003723,5042904,200105,2025-12-16,changed_mind,1479.58
9003724,5004625,200026,2025-10-07,defect,2782.57
9003725,5032220,200240,2026-06-30,changed_mind,1155.42
9003726,5008502,200133,2025-12-21,damaged_delivery,14843.02
9003727,5019570,200111,2025-03-13,defect,18618.26
9003728,5048434,200045,2025-09-24,damaged_delivery,5226.6
9003729,5034210,200056,2026-03-02,changed_mind,1489.8
9003730,5044967,200077,2026-04-08,not_as_described,14264.59
9003731,5008820,200101,2025-02-18,wrong_size,463.69
9003732,5049358,200100,2025-01-17,damaged_delivery,1923.94
9003733,5004506,200038,2025-04-06,defect,6822.39
9003734,5022622,200082,2026-02-03,not_as_described,2809.62
9003735,5001354,200231,2025-11-01,damaged_delivery,935.35
9003736,5017293,200020,2026-03-07,changed_mind,6594.03
9003737,5004773,200161,2026-03-06,defect,3009.05
9003738,5003579,200059,2025-12-01,not_as_described,2578.73
9003739,5014005,200014,2025-02-21,defect,19267.61
9003740,5007636,200143,2025-01-15,damaged_delivery,13929.09
9003741,5010772,200007,2025-05-03,damaged_delivery,3419.15
9003742,5019874,200074,2025-04-21,changed_mind,2470.71
9003743,5059235,200107,2026-03-25,wrong_size,1832.46
9003744,5042667,200092,2026-05-10,wrong_size,3693.36
9003745,5001708,200160,2025-09-03,damaged_delivery,2379.11
9003746,5006574,200027,2026-06-04,defect,1864.11
9003747,5022547,200153,2025-03-21,damaged_delivery,1974.53
9003748,5055248,200119,2026-03-14,not_as_described,4849.04
9003749,5009325,200175,2025-02-25,changed_mind,2383.65
9003750,5047567,200192,2025-07-23,damaged_delivery,4639.05
9003751,5055392,200037,2025-11-11,not_as_described,1109.86
9003752,5019571,200229,2025-11-29,not_as_described,8519.72
9003753,5023812,200200,2025-06-18,not_as_described,3378.42
9003754,5034822,200107,2025-09-05,wrong_size,3576.78
9003755,5041852,200097,2025-12-01,changed_mind,12422.79
9003756,5003206,200156,2025-04-26,wrong_size,1670.37
9003757,5052973,200221,2025-02-17,damaged_delivery,2830.61
9003758,5029861,200178,2025-10-19,changed_mind,1421.37
9003759,5006807,200153,2025-08-13,wrong_size,1793.31
9003760,5052344,200157,2025-12-31,defect,2788.69
9003761,5050254,200049,2025-10-25,changed_mind,2737.89
9003762,5057980,200107,2025-02-14,wrong_size,4723.67
9003763,5031095,200119,2025-07-16,wrong_size,5816.02
9003764,5010597,200063,2026-01-14,defect,3030.57
9003765,5036775,200020,2026-06-18,changed_mind,8056.75
9003766,5041722,200174,2025-09-21,damaged_delivery,6744.32
9003767,5031359,200186,2025-05-13,damaged_delivery,2570.15
9003768,5024598,200002,2025-02-23,defect,1588.46
9003769,5013373,200042,2026-05-21,defect,5220.62
9003770,5033994,200134,2026-01-23,damaged_delivery,2202.13
9003771,5035795,200044,2026-01-06,changed_mind,3498.81
9003772,5045024,200192,2026-02-16,defect,2753.35
9003773,5049272,200218,2026-02-11,damaged_delivery,5000.54
9003774,5021171,200104,2025-10-14,damaged_delivery,2960.66
9003775,5038134,200073,2026-03-21,changed_mind,10849.34
9003776,5011268,200117,2025-11-02,not_as_described,732.34
9003777,5040010,200049,2025-10-06,defect,2790.81
9003778,5045806,200002,2025-05-27,defect,563.23
9003779,5047023,200094,2026-02-03,wrong_size,620.87
9003780,5007523,200228,2025-10-04,changed_mind,5329.17
9003781,5024134,200079,2025-06-16,not_as_described,1360.19
9003782,5024900,200243,2025-03-07,changed_mind,1608.38
9003783,5006641,200101,2025-02-04,changed_mind,961.08
9003784,5045816,200231,2025-06-11,damaged_delivery,1185.61
9003785,5034804,200105,2026-01-03,changed_mind,1549.2
9003786,5045134,200080,2025-05-28,damaged_delivery,1508.02
9003787,5003893,200231,2025-08-09,changed_mind,413.16
9003788,5006298,200122,2026-05-01,damaged_delivery,2644.99
9003789,5043414,200114,2025-11-26,defect,21383.69
9003790,5037281,200049,2025-06-22,not_as_described,2827.42
9003791,5040034,200096,2025-09-07,not_as_described,865.66
9003792,5039004,200045,2026-01-19,wrong_size,2484.42
9003793,5049448,200104,2025-05-10,not_as_described,1456.67
9003794,5028972,200209,2026-04-12,damaged_delivery,8556.97
9003795,5040289,200022,2025-05-12,damaged_delivery,9889.92
9003796,5014887,200231,2025-07-08,damaged_delivery,433.54
9003797,5037548,200134,2026-06-29,wrong_size,838.19
9003798,5049048,200164,2026-01-01,wrong_size,1131.56
9003799,5052704,200112,2025-10-04,defect,11877.05
9003800,5041556,200065,2026-02-10,changed_mind,10149.03
9003801,5030411,200086,2026-02-02,defect,9992.25
9003802,5035945,200209,2025-03-13,wrong_size,3531.29
9003803,5049774,200110,2026-06-29,changed_mind,1450.98
9003804,5043056,200015,2025-10-30,defect,6649.4
9003805,5059742,200101,2025-11-04,defect,436.0
9003806,5038162,200192,2026-02-23,damaged_delivery,4854.3
9003807,5039621,200232,2025-01-12,wrong_size,3694.44
9003808,5043237,200246,2025-03-22,wrong_size,575.8
9003809,5019187,200157,2025-10-22,damaged_delivery,2171.67
9003810,5018203,200032,2026-06-02,defect,3062.2
9003811,5017516,200079,2026-02-24,not_as_described,3063.01
9003812,5014400,200090,2026-05-15,not_as_described,4076.05
9003813,5054236,200115,2025-06-24,not_as_described,5221.39
9003814,5051042,200052,2025-12-18,wrong_size,2026.89
9003815,5022825,200207,2025-03-26,damaged_delivery,4601.79
9003816,5054735,200221,2026-01-08,defect,1180.72
9003817,5044705,200005,2025-08-03,changed_mind,5965.78
9003818,5040249,200215,2025-07-12,wrong_size,3028.83
9003819,5013432,200127,2026-02-18,not_as_described,5739.3
9003820,5000515,200172,2026-04-11,changed_mind,1947.03
9003821,5026665,200156,2025-06-04,damaged_delivery,2624.74
9003822,5058595,200097,2025-08-26,changed_mind,4427.2
9003823,5047073,200103,2025-05-09,changed_mind,1007.81
9003824,5000518,200145,2025-11-10,wrong_size,7111.25
9003825,5029763,200239,2025-04-17,not_as_described,6041.31
9003826,5019359,200183,2025-11-26,damaged_delivery,1356.11
9003827,5029717,200193,2025-10-13,damaged_delivery,3407.91
9003828,5049076,200176,2026-01-01,not_as_described,3083.58
9003829,5038596,200058,2025-11-22,damaged_delivery,2036.34
9003830,5023533,200168,2025-03-28,wrong_size,7855.16
9003831,5002323,200019,2026-06-30,wrong_size,15752.54
9003832,5059216,200195,2026-03-25,not_as_described,36530.62
9003833,5013359,200157,2026-05-27,wrong_size,1461.85
9003834,5025275,200037,2025-08-18,wrong_size,3356.6
9003835,5027226,200042,2026-03-11,wrong_size,2101.27
9003836,5009153,200148,2026-01-11,changed_mind,1230.7
9003837,5025267,200051,2025-02-01,changed_mind,2890.28
9003838,5009738,200026,2025-04-21,changed_mind,3344.9
9003839,5020054,200236,2025-11-13,changed_mind,3548.0
9003840,5046300,200182,2025-07-17,not_as_described,1620.36
9003841,5029879,200139,2026-04-05,damaged_delivery,2094.59
9003842,5028028,200133,2025-01-18,not_as_described,12033.42
9003843,5032870,200070,2025-02-23,defect,5939.82
9003844,5032935,200116,2026-02-05,changed_mind,900.04
9003845,5054953,200110,2025-01-19,not_as_described,1282.81
9003846,5006512,200038,2025-03-08,not_as_described,4087.14
9003847,5013849,200029,2025-06-30,changed_mind,11826.28
9003848,5049386,200001,2025-08-18,not_as_described,1476.37
9003849,5034576,200171,2026-02-13,wrong_size,7754.36
9003850,5032004,200144,2025-04-10,defect,2519.48
9003851,5000196,200027,2025-04-02,not_as_described,3664.58
9003852,5002830,200042,2025-03-01,defect,5880.1
9003853,5031606,200114,2026-05-26,wrong_size,22062.84
9003854,5032519,200198,2025-09-30,changed_mind,1762.16
9003855,5005371,200188,2026-05-21,damaged_delivery,4585.56
9003856,5031564,200167,2026-05-15,damaged_delivery,1092.83
9003857,5034001,200175,2026-05-08,defect,894.96
9003858,5025219,200136,2025-04-20,wrong_size,1196.06
9003859,5039541,200203,2026-06-30,wrong_size,913.26
9003860,5037822,200031,2026-01-02,changed_mind,909.71
9003861,5040503,200040,2025-06-05,changed_mind,401.52
9003862,5037827,200052,2025-11-15,not_as_described,1614.3
9003863,5016252,200084,2026-06-05,wrong_size,1138.58
9003864,5034210,200126,2025-06-26,changed_mind,833.3
9003865,5027618,200044,2025-11-10,changed_mind,1768.95
9003866,5000194,200068,2025-09-29,not_as_described,1751.1
9003867,5039788,200135,2025-09-01,wrong_size,7034.27
9003868,5045098,200045,2025-09-19,not_as_described,7429.93
9003869,5046933,200059,2025-12-03,wrong_size,1374.27
9003870,5052450,200035,2025-08-08,wrong_size,6367.03
9003871,5051747,200060,2025-09-09,changed_mind,1719.53
9003872,5022532,200078,2026-02-25,damaged_delivery,3648.66
9003873,5006708,200224,2025-03-08,damaged_delivery,3917.92
9003874,5048166,200105,2026-03-19,wrong_size,1791.13
9003875,5049816,200196,2026-01-25,defect,7765.7
9003876,5026093,200216,2025-10-13,damaged_delivery,1666.83
9003877,5000804,200235,2025-03-19,wrong_size,1616.23
9003878,5058334,200124,2025-12-29,damaged_delivery,4979.75
9003879,5056433,200143,2025-02-08,defect,22939.23
9003880,5039077,200007,2025-09-10,not_as_described,1554.06
9003881,5031958,200087,2026-01-20,not_as_described,1790.4
9003882,5057400,200131,2025-10-18,defect,2182.94
9003883,5017042,200001,2025-03-02,defect,3332.54
9003884,5029228,200048,2026-01-31,wrong_size,1720.49
9003885,5051447,200002,2025-05-24,not_as_described,1619.61
9003886,5006845,200126,2026-04-14,not_as_described,888.8
9003887,5040387,200210,2025-10-06,damaged_delivery,2114.27
9003888,5046489,200147,2025-09-08,changed_mind,697.33
9003889,5056566,200221,2026-01-11,not_as_described,1403.73
9003890,5006945,200013,2026-01-01,not_as_described,9076.17
9003891,5058644,200231,2025-04-01,wrong_size,430.89
9003892,5042844,200036,2025-12-24,defect,726.12
9003893,5010520,200220,2025-08-12,changed_mind,2266.81
9003894,5019154,200230,2026-06-12,changed_mind,1467.21
9003895,5017328,200019,2026-01-01,defect,11148.51
9003896,5032682,200153,2025-03-20,wrong_size,1011.59
9003897,5012991,200004,2026-03-06,damaged_delivery,1583.76
9003898,5057236,200045,2026-04-02,damaged_delivery,2466.85
9003899,5041431,200203,2025-10-19,changed_mind,709.16
9003900,5047089,200161,2025-05-01,damaged_delivery,6158.81
9003901,5037551,200160,2025-09-21,not_as_described,997.45
9003902,5014558,200173,2026-01-09,not_as_described,1254.14
9003903,5012130,200030,2025-03-25,changed_mind,1514.38
9003904,5017707,200167,2026-01-13,damaged_delivery,1249.26
9003905,5041985,200001,2026-05-08,damaged_delivery,1713.8
9003906,5021556,200031,2025-02-02,wrong_size,2432.02
9003907,5038488,200108,2026-02-21,damaged_delivery,4497.92
9003908,5035990,200173,2026-03-16,damaged_delivery,1437.04
9003909,5021407,200159,2025-12-04,changed_mind,1401.64
9003910,5007208,200127,2025-04-13,defect,6118.44
9003911,5015648,200028,2025-03-08,wrong_size,3715.83
9003912,5058935,200173,2025-05-07,defect,1553.84
9003913,5029997,200169,2025-05-05,wrong_size,12370.96
9003914,5052346,200128,2025-06-26,changed_mind,4650.99
9003915,5038083,200052,2025-06-11,defect,742.61
9003916,5046406,200137,2025-11-06,damaged_delivery,1879.11
9003917,5031839,200058,2025-07-11,changed_mind,2251.93
9003918,5053422,200120,2026-04-12,defect,3282.64
9003919,5043240,200208,2026-04-02,changed_mind,2389.64
9003920,5017055,200073,2025-12-05,not_as_described,6171.3
9003921,5014958,200228,2025-08-02,wrong_size,2409.22
9003922,5016533,200101,2026-06-17,damaged_delivery,1313.98
9003923,5004633,200174,2025-04-26,not_as_described,5575.52
9003924,5009656,200223,2025-06-28,defect,14418.01
9003925,5006626,200123,2026-04-30,changed_mind,16666.89
9003926,5000588,200191,2026-05-10,wrong_size,896.02
9003927,5048728,200186,2026-02-22,damaged_delivery,1486.7
9003928,5031702,200188,2026-06-26,changed_mind,4840.81
9003929,5012387,200172,2025-02-13,wrong_size,2705.18
9003930,5033959,200028,2026-01-03,changed_mind,3686.39
9003931,5001817,200024,2025-01-14,changed_mind,4790.03
9003932,5017547,200240,2025-11-10,damaged_delivery,2849.74
9003933,5052927,200161,2026-05-27,wrong_size,2210.45
9003934,5012313,200067,2025-01-19,wrong_size,5230.39
9003935,5007893,200146,2025-12-24,defect,2242.49
9003936,5034950,200127,2026-06-25,changed_mind,6105.86
9003937,5051570,200240,2025-09-26,damaged_delivery,4069.97
9003938,5001748,200246,2026-03-06,changed_mind,1367.18
9003939,5026159,200120,2025-03-14,wrong_size,3847.65
9003940,5011064,200166,2025-03-05,changed_mind,3211.99
9003941,5001164,200149,2026-04-10,damaged_delivery,2247.9
9003942,5033418,200077,2025-10-22,defect,4957.5
9003943,5051102,200219,2026-01-03,changed_mind,2257.46
9003944,5001227,200083,2026-03-03,not_as_described,3371.19
9003945,5033259,200058,2025-01-16,defect,1911.51
9003946,5006916,200086,2025-06-01,changed_mind,9624.49
9003947,5007253,200194,2026-02-05,changed_mind,32972.86
9003948,5036030,200054,2026-04-11,damaged_delivery,8795.56
9003949,5021298,200198,2025-03-13,wrong_size,2639.35
9003950,5038350,200118,2026-01-09,changed_mind,724.79
9003951,5037040,200186,2025-04-16,defect,822.32
9003952,5054040,200194,2025-02-14,changed_mind,21304.54
9003953,5051785,200089,2026-06-17,not_as_described,1405.87
9003954,5030748,200030,2026-05-25,changed_mind,4992.09
9003955,5015371,200134,2025-07-23,defect,1135.07
9003956,5023061,200224,2026-02-11,defect,1264.85
9003957,5007158,200056,2025-07-28,defect,1585.42
9003958,5046646,200203,2025-08-18,wrong_size,439.18
9003959,5059770,200207,2026-01-16,wrong_size,2311.55
9003960,5054385,200141,2025-11-20,changed_mind,1451.76
9003961,5042755,200109,2026-03-28,changed_mind,7754.48
9003962,5057258,200077,2026-06-07,not_as_described,7517.04
9003963,5030833,200041,2026-03-20,damaged_delivery,2089.84
9003964,5029846,200142,2025-02-14,changed_mind,1329.62
9003965,5017304,200070,2026-05-15,defect,2369.96
9003966,5050678,200041,2025-05-22,defect,2333.56
9003967,5030959,200170,2026-04-23,wrong_size,2364.26
9003968,5026458,200229,2026-02-17,changed_mind,13375.54
9003969,5033568,200163,2025-10-16,defect,7524.45
9003970,5022254,200103,2026-01-25,changed_mind,2108.39
9003971,5047399,200155,2026-02-18,damaged_delivery,17320.0
9003972,5038554,200019,2026-01-02,not_as_described,6044.45
9003973,5035326,200243,2025-10-01,not_as_described,1623.47
9003974,5034821,200181,2025-03-05,defect,984.51
9003975,5039981,200088,2025-03-21,changed_mind,1842.52
9003976,5021890,200179,2025-05-13,wrong_size,1750.72
9003977,5000915,200059,2025-10-29,defect,2874.52
9003978,5022857,200140,2025-02-03,not_as_described,3999.11
9003979,5013874,200227,2025-04-27,defect,2783.7
9003980,5022658,200155,2026-06-16,defect,16050.35
9003981,5033439,200199,2026-05-27,defect,4087.39
9003982,5043004,200022,2025-02-22,changed_mind,7093.07
9003983,5034360,200092,2026-05-25,changed_mind,1898.79
9003984,5052330,200160,2026-05-22,defect,1812.43
9003985,5020727,200001,2025-06-01,wrong_size,5916.73
9003986,5032097,200025,2026-01-13,defect,4462.57
9003987,5008573,200019,2025-05-16,changed_mind,11172.74
9003988,5033549,200046,2025-06-27,changed_mind,24412.71
9003989,5032023,200102,2026-01-13,wrong_size,11856.54
9003990,5040241,200197,2025-12-18,damaged_delivery,3972.59
9003991,5030175,200194,2026-06-22,damaged_delivery,35504.84
9003992,5042857,200194,2026-04-08,defect,38387.34
9003993,5044167,200089,2025-12-10,not_as_described,1250.43
9003994,5045241,200160,2026-02-13,changed_mind,897.09
9003995,5007657,200038,2025-03-19,defect,7569.3
9003996,5031812,200073,2025-08-23,changed_mind,7036.25
9003997,5024936,200179,2025-02-19,wrong_size,1074.86
9003998,5031047,200119,2026-05-28,defect,4415.74
9003999,5038884,200211,2026-02-04,damaged_delivery,9709.56
9004000,5037825,200064,2026-01-08,damaged_delivery,3421.97
9004001,5050791,200156,2025-01-15,defect,1994.79
9004002,5052768,200156,2026-06-30,not_as_described,672.45
9004003,5024800,200020,2025-03-18,defect,2300.07
9004004,5053660,200228,2025-01-28,changed_mind,3771.29
9004005,5038269,200228,2025-05-11,damaged_delivery,4562.9
9004006,5016541,200171,2025-02-27,defect,6946.06
9004007,5028255,200193,2025-02-22,not_as_described,1686.67
9004008,5017633,200110,2025-03-24,not_as_described,1302.67
9004009,5004555,200091,2026-06-26,changed_mind,1011.85
9004010,5020652,200045,2026-03-09,changed_mind,3836.8
9004011,5048783,200029,2026-06-04,damaged_delivery,5138.25
9004012,5021686,200071,2025-09-22,changed_mind,3986.79
9004013,5012688,200122,2025-07-15,damaged_delivery,3314.58
9004014,5033541,200166,2026-04-21,changed_mind,3623.52
9004015,5051809,200156,2025-05-16,wrong_size,1656.11
9004016,5021256,200040,2026-06-17,damaged_delivery,1088.72
9004017,5012518,200095,2026-06-16,damaged_delivery,2889.15
9004018,5002678,200063,2026-04-13,changed_mind,3451.73
9004019,5008646,200138,2025-11-13,changed_mind,4336.22
9004020,5015559,200169,2026-05-16,not_as_described,6888.75
9004021,5043991,200211,2025-03-08,damaged_delivery,3642.36
9004022,5009843,200018,2025-06-17,not_as_described,633.5
9004023,5016722,200238,2025-12-04,wrong_size,698.31
9004024,5037484,200094,2026-01-12,changed_mind,869.42
9004025,5048525,200034,2026-05-16,damaged_delivery,3864.19
9004026,5055341,200182,2025-04-17,not_as_described,1951.72
9004027,5048104,200130,2026-04-15,defect,4373.28
9004028,5040284,200083,2025-11-04,wrong_size,1590.69
9004029,5042380,200116,2026-04-14,wrong_size,879.29
9004030,5008921,200198,2025-03-07,defect,3590.24
9004031,5028527,200093,2025-11-21,not_as_described,6500.17
9004032,5018425,200044,2026-03-08,wrong_size,1399.96
9004033,5005025,200136,2025-12-27,defect,986.9
9004034,5015100,200182,2025-06-28,damaged_delivery,1754.17
9004035,5043907,200229,2025-11-01,wrong_size,8544.27
9004036,5031614,200172,2026-05-27,changed_mind,2519.81
9004037,5021815,200193,2026-05-26,changed_mind,1533.32
9004038,5020432,200190,2025-09-07,not_as_described,12925.56
9004039,5027010,200018,2025-01-14,defect,1949.3
9004040,5006264,200002,2025-11-08,changed_mind,634.92
9004041,5009282,200113,2025-02-09,changed_mind,1836.68
9004042,5046016,200218,2025-12-19,defect,1632.97
9004043,5017597,200212,2025-09-09,damaged_delivery,5918.9
9004044,5008667,200200,2025-11-25,not_as_described,3220.88
9004045,5007039,200064,2026-03-30,changed_mind,3351.97
9004046,5003117,200153,2025-03-20,damaged_delivery,1883.56
9004047,5012240,200144,2025-04-02,defect,2342.38
9004048,5047214,200040,2025-12-10,wrong_size,435.82
9004049,5053541,200175,2025-08-17,damaged_delivery,966.47
9004050,5002419,200040,2025-09-22,defect,860.86
9004051,5046486,200244,2026-02-06,damaged_delivery,3336.9
9004052,5004405,200019,2025-09-25,damaged_delivery,6849.98
9004053,5059747,200030,2025-10-16,not_as_described,6723.41
9004054,5057867,200020,2025-06-05,changed_mind,2445.16
9004055,5038406,200148,2025-04-01,damaged_delivery,1298.6
9004056,5026086,200181,2025-09-29,changed_mind,1978.76
9004057,5018105,200023,2026-03-26,damaged_delivery,1469.57
9004058,5013783,200114,2026-05-11,defect,24437.86
9004059,5013928,200114,2025-10-11,damaged_delivery,60038.14
9004060,5011998,200112,2025-11-16,not_as_described,21835.86
9004061,5027140,200230,2025-08-07,defect,1765.96
9004062,5014148,200056,2025-05-04,not_as_described,740.0
9004063,5053510,200089,2025-11-02,wrong_size,1500.68
9004064,5026773,200105,2026-03-15,changed_mind,2799.53
9004065,5055618,200181,2025-04-23,changed_mind,824.04
9004066,5015181,200151,2025-11-18,wrong_size,2201.36
9004067,5029974,200156,2026-03-20,not_as_described,2228.26
9004068,5009067,200201,2025-06-02,changed_mind,1172.12
9004069,5040472,200072,2025-08-11,changed_mind,4694.88
9004070,5045064,200002,2025-01-14,wrong_size,616.96
9004071,5013635,200008,2025-12-03,changed_mind,6328.05
9004072,5050879,200049,2026-02-04,damaged_delivery,1252.25
9004073,5052700,200109,2025-05-05,defect,7968.62
9004074,5043241,200061,2025-03-22,not_as_described,1144.4
9004075,5011455,200018,2025-04-15,damaged_delivery,787.7
9004076,5015346,200018,2025-08-18,wrong_size,1541.03
9004077,5043082,200200,2025-04-09,damaged_delivery,5494.54
9004078,5053473,200112,2025-08-02,not_as_described,8111.42
9004079,5023179,200105,2026-04-22,not_as_described,941.22
9004080,5012198,200170,2025-10-03,wrong_size,1666.11
9004081,5018693,200181,2025-06-10,damaged_delivery,3006.38
9004082,5004387,200194,2025-03-19,wrong_size,37834.96
9004083,5035321,200188,2025-03-29,damaged_delivery,2178.48
9004084,5044340,200089,2025-05-23,defect,2964.04
9004085,5029819,200014,2025-03-21,defect,31056.97
9004086,5026603,200194,2026-05-23,not_as_described,18037.27
9004087,5009201,200006,2025-08-13,changed_mind,4589.31
9004088,5043415,200230,2025-10-10,changed_mind,1483.65
9004089,5025157,200019,2026-01-04,not_as_described,6089.99
9004090,5009841,200227,2025-07-20,defect,4278.06
9004091,5057255,200053,2026-05-21,not_as_described,9718.93
9004092,5052450,200035,2025-08-12,wrong_size,6607.87
9004093,5018857,200176,2025-03-13,changed_mind,1714.52
9004094,5032273,200009,2026-04-04,defect,3800.11
9004095,5023940,200186,2026-03-16,damaged_delivery,1611.06
9004096,5008020,200017,2025-09-19,damaged_delivery,6812.62
9004097,5054503,200105,2025-04-03,defect,2632.68
9004098,5047665,200110,2025-09-28,defect,1864.33
9004099,5026948,200218,2025-09-21,not_as_described,6949.55
9004100,5011025,200146,2025-05-28,wrong_size,4550.89
9004101,5035261,200210,2025-04-05,damaged_delivery,3779.79
9004102,5046651,200113,2025-06-15,damaged_delivery,1570.37
9004103,5054511,200085,2026-03-22,changed_mind,5629.95
9004104,5018749,200244,2025-06-01,damaged_delivery,1430.58
9004105,5038239,200095,2025-08-29,not_as_described,3363.23
9004106,5021086,200161,2025-07-20,wrong_size,2553.03
9004107,5055889,200001,2025-11-24,wrong_size,1823.77
9004108,5033257,200016,2025-08-31,defect,7684.47
9004109,5025251,200048,2026-04-04,defect,5320.42
9004110,5018382,200011,2025-12-22,changed_mind,7488.68
9004111,5034315,200206,2025-12-26,not_as_described,1150.29
9004112,5004930,200240,2025-05-09,wrong_size,2717.44
9004113,5028585,200146,2025-04-02,damaged_delivery,2562.91
9004114,5011746,200126,2026-02-12,damaged_delivery,898.28
9004115,5000871,200079,2025-11-26,not_as_described,3716.26
9004116,5050633,200039,2026-03-13,defect,942.68
9004117,5059127,200052,2025-08-28,not_as_described,2629.79
9004118,5026846,200224,2025-09-14,changed_mind,2244.31
9004119,5027942,200102,2025-12-11,wrong_size,3408.59
9004120,5024886,200207,2026-03-04,not_as_described,2305.27
9004121,5001760,200163,2025-08-25,changed_mind,6172.46
9004122,5027205,200144,2025-11-18,changed_mind,2154.84
9004123,5042735,200129,2026-04-29,not_as_described,3303.79
9004124,5024784,200182,2025-07-27,defect,2132.25
9004125,5020105,200025,2026-05-08,damaged_delivery,10107.48
9004126,5047748,200180,2025-08-23,not_as_described,2958.24
9004127,5036024,200150,2025-10-25,damaged_delivery,9506.7
9004128,5007756,200089,2025-01-31,changed_mind,1163.71
9004129,5003632,200032,2026-04-02,defect,1794.64
9004130,5050671,200022,2026-05-18,not_as_described,2746.35
9004131,5039225,200232,2026-02-16,damaged_delivery,2187.32
9004132,5009356,200144,2025-10-13,changed_mind,1897.87
9004133,5009265,200123,2025-12-07,changed_mind,8114.18
9004134,5027696,200023,2025-11-21,wrong_size,3227.46
9004135,5041749,200104,2026-02-20,defect,1597.95
9004136,5040030,200238,2026-05-08,not_as_described,743.38
9004137,5048717,200136,2025-02-05,damaged_delivery,572.6
9004138,5021933,200074,2026-02-22,not_as_described,1950.6
9004139,5029906,200051,2025-07-16,damaged_delivery,3587.16
9004140,5026263,200148,2026-04-01,defect,1535.61
9004141,5014230,200128,2025-10-27,changed_mind,4979.85
9004142,5005557,200001,2026-06-26,changed_mind,1341.56
9004143,5057221,200036,2026-04-29,damaged_delivery,758.48
9004144,5026856,200017,2026-02-26,wrong_size,8532.49
9004145,5027490,200158,2025-09-16,wrong_size,3019.62
9004146,5026880,200011,2026-03-26,not_as_described,6557.7
9004147,5057627,200019,2025-06-30,defect,10282.84
9004148,5059887,200079,2025-11-01,not_as_described,4592.84
9004149,5037883,200061,2025-02-18,changed_mind,1351.09
9004150,5018069,200117,2025-06-19,changed_mind,1004.26
9004151,5028836,200018,2025-01-13,damaged_delivery,742.64
9004152,5059708,200103,2025-03-18,changed_mind,2233.58
9004153,5018830,200095,2025-07-03,damaged_delivery,4505.25
9004154,5008758,200246,2025-04-22,wrong_size,510.2
9004155,5008531,200064,2026-02-22,changed_mind,4052.46
9004156,5037765,200201,2026-03-11,wrong_size,3283.36
9004157,5052258,200246,2025-06-23,defect,1695.83
9004158,5021723,200063,2025-04-15,changed_mind,10436.2
9004159,5041437,200194,2025-03-17,changed_mind,39842.8
9004160,5029949,200222,2025-05-26,changed_mind,2909.52
9004161,5039856,200247,2025-02-24,damaged_delivery,4129.49
9004162,5053052,200216,2025-08-03,wrong_size,1879.86
9004163,5015398,200011,2025-06-27,not_as_described,6761.46
9004164,5025515,200067,2026-05-06,defect,5226.03
9004165,5021869,200066,2025-02-13,damaged_delivery,999.81
9004166,5003568,200220,2026-03-23,damaged_delivery,4694.97
9004167,5046608,200076,2025-01-17,not_as_described,750.71
9004168,5040997,200032,2026-02-26,wrong_size,3691.42
9004169,5009890,200243,2025-09-06,damaged_delivery,2963.79
9004170,5045510,200228,2025-06-24,not_as_described,6415.13
9004171,5054213,200037,2025-03-29,not_as_described,1979.9
9004172,5043618,200201,2025-08-09,damaged_delivery,1159.81
9004173,5039247,200219,2026-01-01,wrong_size,4590.44
9004174,5050793,200018,2026-01-26,not_as_described,615.54
9004175,5021941,200233,2026-05-23,changed_mind,7703.37
9004176,5047575,200231,2026-06-07,wrong_size,1064.12
9004177,5050454,200145,2025-10-17,changed_mind,7519.16
9004178,5057466,200166,2025-07-31,changed_mind,3489.74
9004179,5012810,200057,2026-06-19,wrong_size,25123.82
9004180,5012358,200176,2025-11-28,changed_mind,1633.56
9004181,5055074,200219,2025-12-08,changed_mind,2479.76
9004182,5023332,200154,2025-12-01,changed_mind,1294.67
9004183,5005496,200034,2025-11-11,not_as_described,4352.28
9004184,5002448,200077,2026-01-25,changed_mind,7071.67
9004185,5005720,200169,2026-06-16,wrong_size,10185.92
9004186,5020788,200169,2025-06-18,changed_mind,11707.06
9004187,5026017,200045,2025-03-24,wrong_size,4481.7
9004188,5005000,200034,2025-02-23,defect,2568.04
9004189,5027142,200206,2025-06-19,defect,1480.81
9004190,5057279,200089,2026-01-02,not_as_described,1460.23
9004191,5056117,200098,2026-05-15,damaged_delivery,973.27
9004192,5013350,200133,2026-01-05,changed_mind,14827.07
9004193,5048417,200132,2026-03-25,damaged_delivery,948.36
9004194,5027207,200101,2025-10-25,defect,514.37
9004195,5040004,200100,2025-08-25,not_as_described,1757.48
9004196,5057488,200130,2026-02-20,wrong_size,5628.3
9004197,5041221,200183,2026-02-16,damaged_delivery,3136.73
9004198,5039326,200064,2025-08-16,damaged_delivery,1431.29
9004199,5037880,200247,2025-09-03,not_as_described,4320.58
9004200,5012373,200110,2026-05-23,defect,677.17
9004201,5026063,200031,2025-03-11,damaged_delivery,1997.27
9004202,5008011,200152,2026-04-02,changed_mind,8462.16
9004203,5034074,200048,2025-10-21,damaged_delivery,1426.41
9004204,5047599,200072,2026-06-28,damaged_delivery,1581.78
9004205,5010204,200243,2026-01-14,damaged_delivery,2046.99
9004206,5006237,200102,2026-03-07,wrong_size,6565.59
9004207,5033429,200184,2025-08-26,changed_mind,5384.67
9004208,5001235,200051,2025-10-09,defect,2956.4
9004209,5028684,200139,2026-06-07,damaged_delivery,2519.85
9004210,5024966,200115,2025-09-19,wrong_size,2027.98
9004211,5014239,200207,2026-06-26,damaged_delivery,2295.82
9004212,5004274,200178,2025-04-22,damaged_delivery,1626.56
9004213,5057994,200242,2025-03-25,defect,2490.3
9004214,5016644,200119,2025-06-03,defect,2852.69
9004215,5013340,200007,2026-06-29,changed_mind,1505.0
9004216,5042243,200051,2026-03-17,not_as_described,1516.39
9004217,5034436,200043,2025-03-04,defect,3273.19
9004218,5053737,200070,2025-09-28,wrong_size,2241.9
9004219,5012183,200226,2026-04-06,changed_mind,2607.08
9004220,5022072,200219,2026-06-10,damaged_delivery,7706.47
9004221,5009090,200017,2025-01-18,changed_mind,15673.34
9004222,5041579,200009,2026-05-01,wrong_size,3378.29
9004223,5037711,200007,2026-06-26,defect,2831.86
9004224,5003216,200135,2025-07-01,changed_mind,3398.84
9004225,5004295,200104,2025-10-14,changed_mind,1421.03
9004226,5030380,200149,2025-04-21,not_as_described,3591.76
9004227,5043222,200012,2025-05-24,not_as_described,1465.99
9004228,5025309,200010,2026-01-08,wrong_size,7697.83
9004229,5052079,200032,2026-01-22,changed_mind,1550.35
9004230,5001388,200151,2025-11-13,changed_mind,1036.32
9004231,5045566,200065,2026-04-19,wrong_size,3329.45
9004232,5007820,200138,2026-05-23,not_as_described,4423.56
9004233,5022756,200152,2025-12-31,wrong_size,3555.58
9004234,5008169,200241,2025-01-24,defect,4906.72
9004235,5017125,200151,2025-04-28,changed_mind,2071.84
9004236,5050734,200160,2026-01-23,defect,2028.65
9004237,5047316,200245,2025-08-06,damaged_delivery,1557.1
9004238,5007641,200118,2026-04-16,wrong_size,1556.89
9004239,5033189,200230,2025-06-24,not_as_described,2668.6
9004240,5034209,200240,2026-02-12,defect,1870.59
9004241,5040013,200222,2025-12-26,damaged_delivery,3063.3
9004242,5028481,200115,2025-11-08,wrong_size,2665.25
9004243,5021769,200190,2025-03-06,damaged_delivery,11438.06
9004244,5039102,200167,2025-02-17,changed_mind,1229.85
9004245,5015438,200197,2025-07-09,changed_mind,3611.73
9004246,5009061,200010,2025-11-30,changed_mind,3193.32
9004247,5012183,200226,2026-04-15,changed_mind,2843.31
9004248,5007914,200099,2025-03-12,changed_mind,3062.63
9004249,5000828,200125,2025-08-22,damaged_delivery,1191.33
9004250,5000325,200165,2025-12-22,changed_mind,5581.64
9004251,5029169,200156,2026-06-23,changed_mind,2758.86
9004252,5007761,200185,2026-06-30,wrong_size,3344.59
9004253,5019012,200240,2025-12-26,changed_mind,976.93
9004254,5048184,200208,2025-05-03,defect,1203.38
9004255,5059933,200006,2026-01-04,not_as_described,1284.48
9004256,5035381,200231,2025-07-16,changed_mind,446.01
9004257,5054025,200231,2025-08-25,not_as_described,386.74
9004258,5006521,200209,2025-11-28,wrong_size,2450.22
9004259,5021356,200206,2025-10-15,defect,1773.26
9004260,5004265,200004,2026-04-25,not_as_described,732.95
9004261,5023024,200076,2025-05-01,not_as_described,1389.89
9004262,5013639,200044,2026-02-15,changed_mind,1476.72
9004263,5001929,200017,2026-04-28,not_as_described,6034.35
9004264,5025652,200216,2026-04-05,wrong_size,4605.61
9004265,5003594,200002,2026-03-16,changed_mind,1255.25
9004266,5010116,200238,2026-03-13,not_as_described,2616.82
9004267,5000765,200048,2025-06-21,defect,1795.85
9004268,5011870,200086,2025-12-20,wrong_size,11672.82
9004269,5000843,200183,2025-10-15,wrong_size,3585.58
9004270,5014843,200125,2026-03-27,damaged_delivery,2182.01
9004271,5018204,200079,2025-10-13,not_as_described,4606.37
9004272,5039806,200020,2026-01-25,not_as_described,9578.28
9004273,5015832,200103,2026-04-02,changed_mind,2214.04
9004274,5005695,200154,2026-01-04,not_as_described,2357.63
9004275,5025675,200108,2026-03-06,changed_mind,4537.44
9004276,5038849,200012,2025-02-25,not_as_described,2699.26
9004277,5022050,200140,2025-09-22,changed_mind,3909.21
9004278,5050414,200063,2025-02-28,changed_mind,2945.04
9004279,5008738,200150,2025-12-15,damaged_delivery,8056.19
9004280,5041972,200009,2025-05-21,not_as_described,7847.22
9004281,5024106,200074,2025-11-01,not_as_described,7379.4
9004282,5039943,200170,2025-08-20,defect,654.97
9004283,5026862,200059,2025-09-30,changed_mind,1033.38
9004284,5006593,200109,2025-03-10,defect,2556.99
9004285,5028721,200070,2025-02-07,changed_mind,5439.99
9004286,5046126,200101,2025-02-15,not_as_described,1294.61
9004287,5029939,200145,2026-05-29,not_as_described,28848.73
9004288,5011838,200033,2025-04-20,not_as_described,19563.13
9004289,5024328,200033,2025-05-20,wrong_size,21158.99
9004290,5011128,200186,2025-02-20,defect,2709.95
9004291,5028330,200119,2025-09-04,wrong_size,4822.45
9004292,5002039,200116,2026-02-24,not_as_described,2405.27
9004293,5014996,200145,2025-04-16,changed_mind,15126.24
9004294,5009038,200213,2025-12-30,damaged_delivery,4352.69
9004295,5055769,200191,2026-03-21,damaged_delivery,1532.9
9004296,5001811,200005,2025-08-22,damaged_delivery,6453.6
9004297,5001783,200004,2025-05-10,wrong_size,1511.82
9004298,5043643,200234,2025-08-16,defect,3685.66
9004299,5021435,200042,2026-04-19,changed_mind,2594.23
9004300,5005368,200001,2026-05-26,changed_mind,5854.13
9004301,5050093,200190,2025-05-08,defect,5799.32
9004302,5031554,200003,2026-01-16,defect,14411.61
9004303,5028078,200105,2025-11-28,changed_mind,699.54
9004304,5035739,200101,2026-05-17,damaged_delivery,480.54
9004305,5048013,200136,2025-05-31,wrong_size,618.07
9004306,5008510,200183,2026-04-24,defect,3550.27
9004307,5022483,200012,2025-08-28,defect,1359.87
9004308,5035067,200208,2026-04-22,wrong_size,1563.61
9004309,5009686,200107,2026-03-12,changed_mind,5134.88
9004310,5053154,200158,2025-09-23,not_as_described,8768.0
9004311,5016557,200031,2025-06-12,changed_mind,1092.99
9004312,5024782,200019,2025-04-20,damaged_delivery,13125.66
9004313,5027432,200060,2026-06-05,changed_mind,1497.79
9004314,5011391,200045,2025-03-01,changed_mind,2772.18
9004315,5013259,200033,2026-02-16,not_as_described,21592.36
9004316,5047752,200168,2025-06-05,not_as_described,14143.87
9004317,5039783,200061,2025-10-27,wrong_size,1383.66
9004318,5047622,200185,2025-05-09,defect,2731.47
9004319,5059983,200215,2026-02-11,damaged_delivery,2173.92
9004320,5015436,200034,2026-01-08,defect,2014.86
9004321,5053410,200143,2025-04-18,damaged_delivery,5564.98
9004322,5035298,200190,2025-01-22,not_as_described,9659.61
9004323,5049912,200181,2025-09-30,changed_mind,1885.72
9004324,5056880,200217,2025-12-25,defect,3375.2
9004325,5020029,200011,2025-11-12,damaged_delivery,7485.63
9004326,5000253,200135,2026-02-15,damaged_delivery,7504.2
9004327,5033424,200054,2025-03-12,changed_mind,3917.84
9004328,5011925,200077,2026-05-31,wrong_size,6546.25
9004329,5038744,200234,2025-03-05,damaged_delivery,1278.32
9004330,5003523,200087,2025-08-15,not_as_described,1376.44
9004331,5023694,200059,2026-02-22,defect,2659.93
9004332,5032603,200159,2025-11-19,wrong_size,747.47
9004333,5050322,200023,2025-06-10,defect,1299.99
9004334,5057808,200163,2025-04-17,changed_mind,2379.86
9004335,5038806,200115,2025-10-15,not_as_described,2476.8
9004336,5009499,200038,2026-01-22,damaged_delivery,3141.74
9004337,5008636,200067,2026-02-01,wrong_size,9872.23
9004338,5022463,200243,2025-01-15,wrong_size,1297.29
9004339,5028862,200049,2026-03-12,defect,3855.18
9004340,5002905,200196,2026-02-15,wrong_size,6532.58
9004341,5007780,200243,2026-01-02,wrong_size,1449.04
9004342,5055365,200129,2026-04-01,wrong_size,6500.02
9004343,5036941,200078,2025-01-21,wrong_size,4348.33
9004344,5020524,200148,2026-02-13,defect,2683.85
9004345,5049019,200063,2025-06-29,changed_mind,6225.15
9004346,5037449,200044,2026-02-11,defect,1544.95
9004347,5023348,200069,2025-02-07,wrong_size,3494.24
9004348,5043254,200165,2026-04-26,damaged_delivery,3044.57
9004349,5017717,200213,2025-06-29,not_as_described,4147.07
9004350,5030832,200068,2025-11-13,changed_mind,1815.93
9004351,5016327,200211,2025-06-09,damaged_delivery,7963.48
9004352,5014338,200144,2025-06-18,damaged_delivery,5826.14
9004353,5023754,200139,2026-01-23,damaged_delivery,4499.22
9004354,5019327,200016,2026-02-27,wrong_size,5589.24
9004355,5042035,200049,2025-01-11,wrong_size,1339.0
9004356,5007077,200026,2025-01-31,not_as_described,6799.06
9004357,5053728,200182,2025-06-18,wrong_size,1675.77
9004358,5051075,200022,2026-01-09,changed_mind,2562.81
9004359,5035865,200222,2026-01-13,changed_mind,5357.33
9004360,5012004,200023,2025-03-30,changed_mind,3746.04
9004361,5008805,200238,2025-09-08,damaged_delivery,834.22
9004362,5045446,200150,2025-12-07,wrong_size,3693.82
9004363,5051473,200174,2025-07-25,not_as_described,6226.01
9004364,5056392,200198,2026-05-19,not_as_described,1249.91
9004365,5055350,200132,2025-06-01,damaged_delivery,798.81
9004366,5059622,200022,2025-02-27,damaged_delivery,6592.73
9004367,5040577,200145,2026-06-23,wrong_size,16394.22
9004368,5057725,200179,2025-10-31,changed_mind,768.93
9004369,5042951,200123,2025-10-27,changed_mind,16414.73
9004370,5003786,200042,2025-12-29,wrong_size,3188.95
9004371,5032347,200114,2025-09-22,not_as_described,39199.11
9004372,5030182,200113,2025-11-29,defect,2012.54
9004373,5058537,200105,2025-10-11,wrong_size,735.1
9004374,5050301,200072,2025-12-17,defect,3159.67
9004375,5031571,200074,2025-06-04,changed_mind,3964.63
9004376,5039452,200054,2025-11-10,damaged_delivery,9296.37
9004377,5041732,200116,2025-08-28,wrong_size,1813.99
9004378,5015217,200027,2026-05-06,defect,1797.89
9004379,5047721,200147,2026-05-12,changed_mind,767.49
9004380,5056295,200042,2025-08-30,not_as_described,2702.56
9004381,5040938,200178,2025-06-02,changed_mind,4820.38
9004382,5009364,200141,2026-03-22,wrong_size,1216.11
9004383,5010614,200044,2025-12-28,changed_mind,1790.64
9004384,5024254,200109,2026-04-17,changed_mind,7437.25
9004385,5043323,200183,2025-03-31,damaged_delivery,1665.98
9004386,5043541,200054,2026-04-17,not_as_described,8047.72
9004387,5033643,200061,2026-02-22,wrong_size,2119.77
9004388,5031338,200141,2026-01-08,damaged_delivery,1131.62
9004389,5059615,200217,2026-01-17,changed_mind,4500.83
9004390,5029575,200213,2025-12-31,damaged_delivery,1665.16
9004391,5045782,200056,2025-08-23,not_as_described,2256.92
9004392,5050002,200217,2025-02-27,changed_mind,3173.34
9004393,5056173,200247,2025-10-10,changed_mind,7867.54
9004394,5010559,200074,2025-03-23,defect,4925.75
9004395,5058990,200096,2025-05-15,wrong_size,1905.45
9004396,5022907,200184,2025-05-20,changed_mind,2013.18
9004397,5007367,200099,2025-03-04,wrong_size,4764.62
9004398,5025930,200116,2026-06-04,wrong_size,1633.02
9004399,5010024,200184,2025-11-15,defect,3636.69
9004400,5023802,200072,2025-11-26,changed_mind,2997.04
9004401,5024662,200183,2025-08-08,not_as_described,1743.97
9004402,5046325,200117,2025-04-20,changed_mind,1266.66
9004403,5006316,200105,2026-05-14,changed_mind,1516.41
9004404,5038785,200114,2025-11-07,changed_mind,61911.77
9004405,5008657,200024,2025-10-12,damaged_delivery,6507.54
9004406,5007929,200236,2026-01-14,damaged_delivery,3430.26
9004407,5036694,200134,2025-12-28,wrong_size,992.91
9004408,5014387,200164,2026-04-20,changed_mind,843.49
9004409,5036322,200102,2025-10-10,not_as_described,3236.76
9004410,5058993,200128,2025-02-26,defect,4907.71
9004411,5028160,200238,2025-03-01,changed_mind,2707.01
9004412,5016837,200173,2026-05-15,damaged_delivery,2612.07
9004413,5013523,200033,2025-08-14,defect,7915.67
9004414,5045947,200185,2025-07-25,damaged_delivery,2720.58
9004415,5048604,200238,2025-07-25,not_as_described,787.35
9004416,5022918,200085,2026-05-19,defect,4594.85
9004417,5047623,200121,2025-05-16,damaged_delivery,1576.48
9004418,5054410,200045,2025-06-25,defect,2438.65
9004419,5029481,200106,2026-06-04,defect,3549.18
9004420,5028907,200083,2026-05-06,wrong_size,1541.9
9004421,5046806,200131,2026-01-16,defect,2358.56
9004422,5059577,200055,2025-04-18,changed_mind,22200.16
9004423,5008711,200120,2026-05-22,damaged_delivery,3000.5
9004424,5016749,200030,2025-03-31,wrong_size,1995.61
9004425,5010765,200168,2026-02-15,wrong_size,3873.73
9004426,5008715,200003,2026-03-13,changed_mind,22312.23
9004427,5009365,200041,2026-01-13,not_as_described,1023.95
9004428,5058759,200154,2026-05-05,damaged_delivery,1216.09
9004429,5044578,200231,2026-04-29,damaged_delivery,1035.82
9004430,5014892,200085,2026-05-27,wrong_size,5960.75
9004431,5022838,200224,2026-04-16,wrong_size,2674.1
9004432,5038688,200107,2026-04-07,defect,2087.33
9004433,5006189,200016,2025-05-21,damaged_delivery,7822.61
9004434,5013463,200106,2026-03-06,changed_mind,3694.33
9004435,5031575,200219,2026-01-13,wrong_size,2601.88
9004436,5015224,200048,2025-01-30,changed_mind,1952.82
9004437,5031400,200183,2025-06-14,defect,3219.65
9004438,5033362,200061,2026-01-25,changed_mind,3754.36
9004439,5053615,200117,2026-06-13,defect,586.69
9004440,5012911,200159,2025-11-18,defect,1342.08
9004441,5053098,200148,2025-07-07,changed_mind,2930.95
9004442,5006340,200149,2025-11-18,changed_mind,3878.94
9004443,5015930,200187,2025-01-24,wrong_size,17392.16
9004444,5058272,200010,2025-04-13,not_as_described,5872.3
9004445,5055929,200143,2025-07-09,defect,10889.68
9004446,5028841,200027,2025-11-01,defect,1661.61
9004447,5038636,200137,2026-06-14,not_as_described,5782.62
9004448,5056565,200050,2025-11-28,wrong_size,816.49
9004449,5034063,200047,2025-08-15,not_as_described,5282.19
9004450,5008988,200153,2025-07-02,not_as_described,856.55
9004451,5059660,200144,2025-03-08,defect,5976.74
9004452,5006251,200069,2025-02-24,changed_mind,4549.08
9004453,5033856,200125,2025-11-13,wrong_size,555.27
9004454,5013341,200089,2025-06-20,wrong_size,3493.42
9004455,5021127,200025,2025-12-10,damaged_delivery,15514.39
9004456,5034023,200058,2025-10-15,changed_mind,5942.73
9004457,5042178,200090,2025-12-04,changed_mind,8185.2
9004458,5014907,200211,2025-10-12,changed_mind,7290.6
9004459,5045113,200082,2025-01-15,defect,4801.04
9004460,5031537,200032,2026-02-18,changed_mind,1601.32
9004461,5054258,200050,2025-03-05,wrong_size,948.34
9004462,5031165,200175,2025-05-15,damaged_delivery,1948.82
9004463,5037394,200036,2025-03-06,damaged_delivery,622.3
9004464,5014219,200196,2025-05-13,changed_mind,8593.28
9004465,5019768,200165,2026-05-29,wrong_size,10590.01
9004466,5010113,200117,2025-06-22,damaged_delivery,309.77
9004467,5007337,200099,2025-01-25,wrong_size,1425.14
9004468,5056426,200204,2025-01-13,defect,1737.33
9004469,5059451,200069,2026-02-22,defect,1890.43
9004470,5029114,200118,2025-11-08,wrong_size,662.29
9004471,5051310,200127,2026-06-27,wrong_size,5355.4
9004472,5001501,200085,2026-05-11,changed_mind,10474.23
9004473,5032803,200065,2025-06-15,damaged_delivery,3085.99
9004474,5027048,200241,2025-06-26,defect,6151.89
9004475,5010055,200221,2026-06-16,changed_mind,1666.81
9004476,5058661,200202,2025-12-18,damaged_delivery,2804.05
9004477,5001115,200160,2026-02-05,changed_mind,1231.42
9004478,5058425,200164,2026-05-05,not_as_described,1140.42
9004479,5058493,200088,2025-05-25,wrong_size,4006.59
9004480,5009819,200171,2026-02-09,changed_mind,6396.21
9004481,5000094,200087,2026-01-31,defect,3125.95
9004482,5038566,200101,2026-03-11,defect,528.37
9004483,5005587,200172,2025-04-17,changed_mind,2553.06
9004484,5004428,200173,2026-04-05,wrong_size,2731.58
9004485,5008988,200153,2026-03-13,defect,1042.92
9004486,5009405,200202,2025-12-17,damaged_delivery,959.49
9004487,5024660,200184,2025-03-24,not_as_described,4840.51
9004488,5007285,200033,2025-06-18,damaged_delivery,16182.75
9004489,5033459,200173,2025-09-16,damaged_delivery,1287.08
9004490,5025259,200029,2025-05-04,wrong_size,4566.72
9004491,5016831,200033,2025-03-18,wrong_size,19891.91
9004492,5049982,200246,2025-05-27,damaged_delivery,1259.09
9004493,5010500,200105,2026-01-07,damaged_delivery,2222.11
9004494,5008167,200006,2025-10-10,defect,2857.34
9004495,5001864,200164,2025-05-17,damaged_delivery,1022.87
9004496,5054359,200011,2025-06-28,defect,6227.01
9004497,5030466,200160,2025-08-20,changed_mind,1876.56
9004498,5031346,200164,2026-06-01,defect,1228.78
9004499,5025944,200112,2025-08-26,defect,19988.64
9004500,5054034,200147,2026-04-18,damaged_delivery,1650.31
9004501,5026870,200229,2026-06-03,not_as_described,3906.39
9004502,5050036,200021,2025-10-20,not_as_described,5529.81
9004503,5030525,200215,2025-03-16,damaged_delivery,5608.45
9004504,5031972,200189,2025-10-13,not_as_described,1784.26
9004505,5029758,200180,2026-02-08,changed_mind,4291.0
9004506,5053491,200205,2025-05-10,changed_mind,19060.05
9004507,5059928,200194,2025-03-27,changed_mind,39443.73
9004508,5005178,200012,2026-05-01,damaged_delivery,1544.18
9004509,5047184,200146,2025-05-21,changed_mind,2322.13
9004510,5051513,200080,2025-08-21,changed_mind,1194.73
9004511,5010288,200230,2025-02-02,wrong_size,5017.41
9004512,5046805,200217,2026-03-19,defect,2195.71
9004513,5053308,200220,2025-06-16,not_as_described,2818.63
9004514,5014276,200215,2026-04-24,damaged_delivery,7733.75
9004515,5025290,200148,2025-12-31,changed_mind,1424.96
9004516,5035848,200156,2025-06-20,changed_mind,1388.84
9004517,5023360,200016,2025-12-17,damaged_delivery,13366.1
9004518,5018794,200006,2025-10-02,wrong_size,3033.11
9004519,5001131,200124,2025-06-01,wrong_size,8445.6
9004520,5009420,200078,2025-07-29,wrong_size,4249.91
9004521,5002704,200155,2025-09-10,wrong_size,16765.95
9004522,5018976,200160,2025-10-14,defect,798.22
9004523,5042202,200157,2025-09-03,defect,1172.29
9004524,5055861,200186,2025-07-27,defect,1952.15
9004525,5025596,200215,2025-06-11,not_as_described,7314.8
9004526,5033157,200112,2026-03-14,damaged_delivery,9592.11
9004527,5011441,200129,2025-08-01,not_as_described,3263.29
9004528,5019195,200129,2026-01-10,damaged_delivery,3281.04
9004529,5058835,200173,2026-03-05,changed_mind,3055.61
9004530,5021035,200198,2026-05-28,wrong_size,1477.41
9004531,5000125,200178,2025-07-30,changed_mind,1719.51
9004532,5006038,200035,2025-02-27,defect,3192.58
9004533,5040737,200132,2026-02-18,defect,416.76
9004534,5057159,200031,2025-10-17,defect,2769.36
9004535,5011903,200027,2025-07-22,damaged_delivery,1828.78
9004536,5032488,200148,2026-01-10,changed_mind,1184.04
9004537,5012515,200012,2025-02-10,damaged_delivery,3727.46
9004538,5020824,200137,2026-02-08,damaged_delivery,3644.96
9004539,5051193,200136,2026-06-15,damaged_delivery,748.04
9004540,5044103,200059,2026-02-25,changed_mind,1467.96
9004541,5018435,200143,2026-03-12,changed_mind,7512.69
9004542,5000079,200151,2025-04-20,damaged_delivery,2925.91
9004543,5007113,200049,2026-05-16,damaged_delivery,3111.15
9004544,5041631,200221,2025-11-28,not_as_described,3076.12
9004545,5018242,200208,2025-11-07,damaged_delivery,1445.09
9004546,5032943,200019,2025-08-05,damaged_delivery,5328.05
9004547,5056155,200043,2025-08-19,changed_mind,2832.03
9004548,5000563,200011,2025-06-28,not_as_described,6759.39
9004549,5032185,200170,2025-10-22,changed_mind,1779.22
9004550,5037339,200029,2025-12-27,changed_mind,15014.16
9004551,5047499,200004,2026-05-06,wrong_size,611.51
9004552,5017069,200130,2026-06-16,changed_mind,15632.84
9004553,5054423,200189,2025-01-17,not_as_described,4192.08
9004554,5021762,200014,2025-04-15,not_as_described,24052.63
9004555,5056461,200031,2025-02-14,wrong_size,1438.13
9004556,5046696,200211,2025-12-23,changed_mind,3831.36
9004557,5023673,200171,2025-09-22,not_as_described,3909.45
9004558,5050750,200001,2025-03-30,not_as_described,3429.57
9004559,5022515,200245,2025-11-26,damaged_delivery,569.94
9004560,5035126,200102,2025-11-08,defect,5605.06
9004561,5011598,200127,2025-08-20,not_as_described,6548.28
9004562,5024227,200086,2025-10-31,changed_mind,10031.35
9004563,5020811,200036,2025-06-08,defect,1172.78
9004564,5044061,200160,2025-03-13,changed_mind,2167.65
9004565,5050650,200226,2026-01-17,changed_mind,1920.52
9004566,5024496,200189,2026-03-26,damaged_delivery,1888.77
9004567,5049949,200138,2025-05-06,changed_mind,9721.8
9004568,5021249,200037,2025-04-05,defect,1921.93
9004569,5044920,200104,2025-08-11,not_as_described,2445.63
9004570,5053332,200203,2026-03-15,defect,483.69
9004571,5035413,200039,2025-01-15,not_as_described,826.87
9004572,5024079,200050,2026-02-11,wrong_size,1046.5
9004573,5025510,200050,2026-05-17,changed_mind,852.4
9004574,5022811,200079,2026-02-07,not_as_described,2415.2
9004575,5046376,200136,2025-09-23,damaged_delivery,671.08
9004576,5057652,200011,2026-05-03,changed_mind,3795.46
9004577,5023340,200232,2026-03-19,wrong_size,3663.07
9004578,5012297,200215,2025-07-09,changed_mind,2149.91
9004579,5036814,200092,2026-06-02,damaged_delivery,3939.16
9004580,5042326,200230,2026-04-19,wrong_size,1404.83
9004581,5037606,200001,2025-02-11,wrong_size,1938.46
9004582,5009686,200107,2025-02-01,not_as_described,6126.22
9004583,5032553,200137,2026-01-16,damaged_delivery,1707.43
9004584,5015236,200241,2026-04-07,defect,1904.7
9004585,5039392,200198,2026-04-23,damaged_delivery,1633.99
9004586,5054909,200117,2025-09-22,wrong_size,853.72
9004587,5009590,200094,2025-08-15,damaged_delivery,707.63
9004588,5036180,200189,2025-09-20,defect,1475.27
9004589,5027181,200140,2025-07-02,not_as_described,2933.63
9004590,5020876,200054,2025-08-01,defect,7995.1
9004591,5044927,200227,2025-07-25,damaged_delivery,3299.3
9004592,5036604,200091,2026-05-31,wrong_size,732.61
9004593,5019744,200083,2025-11-29,not_as_described,1386.44
9004594,5057554,200068,2025-11-14,wrong_size,4280.32
9004595,5023629,200061,2025-12-06,changed_mind,1407.53
9004596,5043241,200061,2025-10-24,not_as_described,1313.06
9004597,5032983,200067,2026-06-15,defect,4609.9
9004598,5013202,200164,2025-10-07,changed_mind,2700.6
9004599,5049115,200132,2026-04-03,changed_mind,1271.08
9004600,5050764,200018,2025-11-10,wrong_size,946.64
9004601,5039056,200182,2026-05-09,changed_mind,4171.8
9004602,5031501,200078,2025-05-12,wrong_size,12601.03
9004603,5054232,200132,2026-06-14,wrong_size,367.23
9004604,5009689,200090,2025-07-14,defect,10208.25
9004605,5039938,200025,2025-02-27,not_as_described,5474.18
9004606,5036188,200001,2025-12-01,changed_mind,1454.69
9004607,5009525,200105,2026-02-03,changed_mind,2732.89
9004608,5054982,200210,2026-02-03,changed_mind,2544.2
9004609,5002283,200187,2025-08-03,changed_mind,11494.58
9004610,5006457,200062,2026-01-20,not_as_described,2595.91
9004611,5050367,200171,2026-01-19,changed_mind,5579.25
9004612,5047682,200137,2025-06-06,not_as_described,1877.32
9004613,5027391,200151,2025-04-11,damaged_delivery,2136.1
9004614,5053284,200218,2025-12-29,changed_mind,5720.09
9004615,5021088,200003,2026-04-20,wrong_size,5990.9
9004616,5041052,200149,2025-08-17,changed_mind,3307.65
9004617,5052073,200047,2026-04-14,not_as_described,17171.31
9004618,5036804,200147,2026-05-16,damaged_delivery,730.54
9004619,5056855,200210,2025-03-06,not_as_described,2425.73
9004620,5011190,200217,2025-07-10,changed_mind,6545.25
9004621,5032825,200223,2026-01-22,damaged_delivery,4326.64
9004622,5008640,200134,2025-03-06,defect,853.42
9004623,5018059,200103,2025-10-23,changed_mind,930.8
9004624,5015624,200195,2026-03-25,changed_mind,67163.23
9004625,5047174,200122,2025-06-16,defect,6313.2
9004626,5033332,200148,2025-05-17,defect,3028.37
9004627,5050581,200102,2025-02-02,changed_mind,3109.81
9004628,5002536,200019,2026-05-05,changed_mind,19372.58
9004629,5050106,200173,2025-03-30,wrong_size,3307.76
9004630,5009712,200109,2026-04-20,damaged_delivery,2927.51
9004631,5043242,200034,2025-05-24,changed_mind,2213.66
9004632,5039838,200129,2025-07-10,changed_mind,3403.33
9004633,5039221,200112,2026-05-06,defect,28649.0
9004634,5045384,200063,2025-12-14,changed_mind,2299.7
9004635,5042771,200214,2025-09-27,damaged_delivery,34654.97
9004636,5056738,200142,2025-04-26,defect,1339.15
9004637,5033746,200142,2025-03-12,defect,5402.75
9004638,5047112,200215,2026-02-24,changed_mind,4137.05
9004639,5054974,200133,2025-10-24,damaged_delivery,14474.03
9004640,5021514,200029,2026-04-02,not_as_described,11654.16
9004641,5056820,200070,2025-01-16,wrong_size,4502.12
9004642,5019905,200114,2026-04-01,changed_mind,39823.32
9004643,5059152,200207,2025-11-19,wrong_size,2358.29
9004644,5003465,200063,2025-05-03,changed_mind,2772.36
9004645,5042828,200029,2026-03-11,changed_mind,13802.69
9004646,5011143,200083,2026-05-14,not_as_described,3244.73
9004647,5024611,200090,2025-02-12,not_as_described,4683.08
9004648,5000572,200230,2025-08-29,changed_mind,1721.86
9004649,5002505,200180,2026-04-08,damaged_delivery,1279.27
9004650,5018942,200206,2025-02-12,changed_mind,637.66
9004651,5009860,200128,2026-05-22,wrong_size,1934.93
9004652,5043058,200197,2025-03-16,changed_mind,4035.05
9004653,5038383,200220,2025-12-29,damaged_delivery,4787.62
9004654,5050181,200237,2025-10-11,not_as_described,11612.35
9004655,5059090,200014,2025-09-06,wrong_size,13278.58
9004656,5022919,200069,2026-05-25,changed_mind,2145.0
9004657,5006921,200131,2025-08-16,damaged_delivery,2212.99
9004658,5015184,200018,2025-02-24,damaged_delivery,850.61
9004659,5004580,200056,2025-11-28,changed_mind,948.69
9004660,5026957,200142,2026-04-05,damaged_delivery,1701.89
9004661,5017585,200050,2025-03-22,defect,908.79
9004662,5001065,200072,2025-03-05,damaged_delivery,1750.58
9004663,5045307,200088,2025-02-17,wrong_size,4022.19
9004664,5011536,200160,2025-07-17,defect,2343.59
9004665,5009350,200138,2025-02-28,damaged_delivery,13888.23
9004666,5057947,200008,2025-03-10,changed_mind,6787.28
9004667,5007178,200028,2025-12-17,wrong_size,4629.94
9004668,5054381,200060,2026-01-27,defect,3342.9
9004669,5011698,200228,2025-07-08,wrong_size,2695.62
9004670,5020911,200105,2026-05-03,wrong_size,763.97
9004671,5004847,200174,2025-03-19,wrong_size,2545.89
9004672,5005404,200240,2025-11-28,defect,1197.8
9004673,5049673,200100,2026-02-11,not_as_described,1824.86
9004674,5005672,200158,2025-03-13,damaged_delivery,6435.18
9004675,5018333,200186,2025-10-06,wrong_size,857.48
9004676,5037087,200028,2025-11-01,wrong_size,3456.44
9004677,5020266,200095,2026-05-22,changed_mind,1243.23
9004678,5006288,200079,2025-05-05,defect,2200.92
9004679,5013198,200147,2026-06-12,changed_mind,725.47
9004680,5058847,200170,2025-03-12,changed_mind,2039.91
9004681,5006504,200167,2025-12-17,not_as_described,1031.21
9004682,5028282,200181,2025-11-15,damaged_delivery,1145.28
9004683,5049449,200238,2026-03-02,damaged_delivery,2693.27
9004684,5043079,200024,2026-05-07,not_as_described,1640.13
9004685,5038919,200100,2026-04-18,wrong_size,1490.01
9004686,5006916,200086,2026-06-22,defect,7958.88
9004687,5044042,200161,2025-09-19,defect,2759.01
9004688,5018108,200237,2026-04-18,damaged_delivery,12545.84
9004689,5020793,200117,2025-07-18,defect,733.01
9004690,5056386,200066,2026-03-09,damaged_delivery,1818.2
9004691,5027836,200127,2025-08-23,damaged_delivery,17186.5
9004692,5024981,200049,2025-06-11,changed_mind,1109.3
9004693,5001935,200045,2026-01-20,defect,1978.46
9004694,5052251,200078,2025-08-16,defect,4204.4
9004695,5024555,200050,2025-09-07,defect,3573.97
9004696,5000584,200233,2025-07-06,defect,9867.6
9004697,5012483,200025,2025-04-28,damaged_delivery,5115.11
9004698,5053206,200242,2025-04-04,changed_mind,5433.12
9004699,5001181,200217,2025-11-07,changed_mind,3359.08
9004700,5043747,200124,2026-01-28,damaged_delivery,2723.78
9004701,5017431,200215,2025-11-26,damaged_delivery,8530.05
9004702,5003949,200062,2026-06-08,wrong_size,2399.26
9004703,5053355,200182,2026-05-26,not_as_described,4112.45
9004704,5019516,200162,2025-12-28,damaged_delivery,5533.59
9004705,5003016,200126,2025-07-06,not_as_described,1106.72
9004706,5041365,200043,2025-06-30,damaged_delivery,6554.97
9004707,5048317,200135,2025-10-10,wrong_size,8163.01
9004708,5004262,200106,2025-01-15,defect,3793.08
9004709,5018569,200164,2025-03-08,changed_mind,2846.28
9004710,5015240,200013,2025-10-16,changed_mind,5794.76
9004711,5035033,200240,2025-04-21,wrong_size,2523.84
9004712,5058089,200094,2026-04-10,defect,740.49
9004713,5034428,200228,2026-02-15,wrong_size,2480.68
9004714,5051788,200193,2025-04-21,not_as_described,1582.73
9004715,5037020,200214,2026-03-31,damaged_delivery,27319.9
9004716,5021688,200050,2025-03-17,changed_mind,849.39
9004717,5034297,200147,2025-10-30,defect,799.83
9004718,5031716,200204,2025-02-08,changed_mind,1753.21
9004719,5000085,200012,2025-09-12,damaged_delivery,2821.34
9004720,5029812,200040,2026-04-02,changed_mind,473.67
9004721,5023503,200160,2025-05-21,defect,2355.32
9004722,5050608,200164,2025-04-14,changed_mind,1286.37
9004723,5045986,200019,2026-01-16,changed_mind,10621.38
9004724,5048006,200063,2025-05-07,damaged_delivery,7023.15
9004725,5011088,200058,2025-12-03,changed_mind,2718.79
9004726,5043042,200105,2026-05-07,defect,908.13
9004727,5009603,200044,2025-09-02,defect,3742.69
9004728,5047966,200199,2025-06-11,wrong_size,7178.31
9004729,5014096,200164,2026-06-20,changed_mind,1104.63
9004730,5038581,200113,2026-01-02,damaged_delivery,4061.13
9004731,5014757,200132,2025-05-01,defect,1297.14
9004732,5040004,200100,2025-05-14,changed_mind,1730.52
9004733,5005797,200167,2026-01-23,damaged_delivery,1119.74
9004734,5030908,200157,2026-06-06,wrong_size,1348.17
9004735,5008382,200215,2026-01-03,damaged_delivery,7437.9
9004736,5023732,200193,2025-12-05,defect,1394.78
9004737,5028643,200234,2025-12-04,wrong_size,1231.23
9004738,5020575,200001,2025-04-03,damaged_delivery,6489.92
9004739,5008238,200246,2025-07-05,wrong_size,497.38
9004740,5049600,200246,2025-07-22,changed_mind,962.69
9004741,5001428,200224,2026-03-29,changed_mind,3534.15
9004742,5040372,200049,2025-07-06,changed_mind,4017.82
9004743,5045603,200226,2025-08-30,damaged_delivery,1881.45
9004744,5032266,200158,2025-10-22,damaged_delivery,6252.92
9004745,5048222,200188,2025-03-06,changed_mind,1388.85
9004746,5036550,200171,2025-04-13,changed_mind,7080.32
9004747,5017647,200002,2025-07-09,changed_mind,1689.76
9004748,5010864,200014,2026-06-30,not_as_described,29761.53
9004749,5007565,200034,2026-01-21,changed_mind,2365.28
9004750,5040283,200129,2025-06-25,wrong_size,2756.99
9004751,5010203,200092,2025-05-28,damaged_delivery,1480.91
9004752,5020899,200126,2025-11-15,damaged_delivery,403.36
9004753,5031751,200041,2025-03-18,wrong_size,3708.83
9004754,5001366,200142,2025-08-19,defect,2801.39
9004755,5036877,200240,2025-04-19,not_as_described,1260.8
9004756,5004214,200036,2026-03-19,changed_mind,2193.28
9004757,5014247,200239,2025-03-01,wrong_size,2878.88
9004758,5012449,200080,2025-12-28,damaged_delivery,2449.17
9004759,5012597,200065,2025-07-29,damaged_delivery,3657.14
9004760,5032900,200239,2025-04-20,defect,1858.44
9004761,5009383,200215,2025-11-23,damaged_delivery,4193.98
9004762,5005849,200158,2026-04-09,not_as_described,2118.52
9004763,5009060,200091,2026-02-09,changed_mind,2174.66
9004764,5003678,200243,2025-12-26,changed_mind,1386.63
9004765,5006644,200142,2025-07-18,defect,3750.69
9004766,5048964,200221,2026-05-25,changed_mind,2968.99
9004767,5021670,200071,2026-02-01,damaged_delivery,10183.04
9004768,5013886,200122,2026-03-15,damaged_delivery,2882.62
9004769,5036722,200240,2026-04-15,wrong_size,1278.06
9004770,5015858,200138,2025-12-27,defect,4968.15
9004771,5030509,200005,2026-06-28,damaged_delivery,2281.39
9004772,5041074,200038,2026-01-21,wrong_size,4084.39
9004773,5020279,200129,2025-10-11,not_as_described,2864.52
9004774,5045929,200143,2026-06-24,damaged_delivery,10972.28
9004775,5027852,200096,2026-06-17,changed_mind,1009.32
9004776,5040523,200081,2025-01-12,not_as_described,4233.23
9004777,5014402,200168,2025-04-15,not_as_described,4234.06
9004778,5025654,200045,2025-05-07,defect,6758.9
9004779,5040430,200183,2026-04-25,not_as_described,3418.47
9004780,5009587,200201,2026-03-27,damaged_delivery,1253.83
9004781,5047535,200168,2025-12-01,not_as_described,8606.55
9004782,5000291,200177,2025-07-18,defect,4194.7
9004783,5055230,200132,2026-06-20,changed_mind,659.7
9004784,5051535,200025,2025-03-14,not_as_described,4273.85
9004785,5000684,200102,2026-02-01,changed_mind,3371.04
9004786,5013258,200221,2025-12-25,not_as_described,3065.2
9004787,5043695,200117,2025-08-19,damaged_delivery,840.1
9004788,5038050,200142,2025-05-29,defect,3221.93
9004789,5005493,200152,2026-05-29,changed_mind,13460.81
9004790,5024124,200203,2025-04-30,defect,452.56
9004791,5023220,200094,2026-01-31,defect,872.07
9004792,5022816,200051,2025-04-30,changed_mind,2561.95
9004793,5017873,200105,2026-03-16,defect,686.46
9004794,5026750,200047,2025-11-30,wrong_size,6692.56
9004795,5017834,200014,2025-04-14,damaged_delivery,9518.18
9004796,5042761,200110,2026-05-08,defect,702.41
9004797,5040878,200123,2025-08-02,not_as_described,5588.64
9004798,5038316,200078,2026-05-04,changed_mind,12050.28
9004799,5040834,200088,2025-03-25,defect,2007.39
9004800,5045852,200171,2025-03-11,defect,3477.99
9004801,5046546,200100,2025-08-20,defect,1798.76
9004802,5013224,200028,2026-02-17,changed_mind,3251.57
9004803,5057774,200073,2025-12-16,damaged_delivery,4344.39
9004804,5006343,200072,2025-02-04,not_as_described,4190.56
9004805,5049762,200140,2025-03-30,damaged_delivery,10430.09
9004806,5040222,200131,2025-04-18,defect,2273.97
9004807,5047642,200219,2026-04-30,damaged_delivery,2265.04
9004808,5053330,200010,2026-05-19,wrong_size,9001.34
9004809,5038830,200079,2026-05-09,damaged_delivery,1201.79
9004810,5022214,200215,2025-06-23,wrong_size,2375.54
9004811,5015399,200066,2025-08-25,not_as_described,901.43
9004812,5032347,200230,2026-04-03,wrong_size,2723.99
9004813,5027662,200221,2025-01-31,defect,1515.24
9004814,5051894,200159,2026-04-04,not_as_described,626.27
9004815,5012652,200003,2025-02-25,not_as_described,15247.29
9004816,5005608,200006,2026-02-14,defect,2600.43
9004817,5019444,200084,2025-10-07,changed_mind,1092.16
9004818,5010278,200191,2026-03-04,wrong_size,781.08
9004819,5031893,200151,2026-03-17,wrong_size,2444.32
9004820,5026355,200166,2026-06-07,defect,7194.83
9004821,5024305,200212,2025-09-11,damaged_delivery,21565.38
9004822,5048643,200142,2025-02-08,not_as_described,1418.58
9004823,5026261,200115,2025-07-24,wrong_size,2342.18
9004824,5058101,200174,2025-05-11,changed_mind,9005.52
9004825,5039922,200207,2025-08-15,defect,2449.12
9004826,5013873,200235,2025-12-10,wrong_size,1788.55
9004827,5024653,200098,2025-05-27,not_as_described,968.14
9004828,5028385,200244,2025-12-22,not_as_described,5046.62
9004829,5050922,200126,2025-07-30,changed_mind,397.92
9004830,5017615,200177,2025-10-05,changed_mind,2138.74
9004831,5009421,200026,2026-03-01,damaged_delivery,3871.09
9004832,5013991,200186,2026-03-14,changed_mind,1658.52
9004833,5010898,200045,2025-01-12,wrong_size,5072.8
9004834,5043379,200153,2025-06-16,changed_mind,930.37
9004835,5040977,200197,2026-05-01,wrong_size,4375.36
9004836,5040272,200239,2026-02-24,changed_mind,5068.87
9004837,5004144,200179,2026-05-04,wrong_size,1017.15
9004838,5053663,200082,2025-08-10,damaged_delivery,5919.79
9004839,5008957,200059,2025-01-26,changed_mind,1498.31
9004840,5024261,200245,2025-05-13,defect,972.04
9004841,5014303,200171,2025-10-21,damaged_delivery,6109.47
9004842,5008406,200125,2026-06-25,defect,1310.14
9004843,5004459,200137,2025-02-02,changed_mind,1772.36
9004844,5009685,200215,2026-01-07,wrong_size,2633.49
9004845,5044408,200169,2025-01-23,not_as_described,5227.22
9004846,5051720,200086,2026-02-15,damaged_delivery,10684.35
9004847,5032951,200162,2025-06-19,damaged_delivery,6698.04
9004848,5058213,200166,2025-11-17,defect,3731.97
9004849,5039592,200179,2025-03-23,not_as_described,1239.94
9004850,5051654,200045,2025-04-26,changed_mind,4867.31
9004851,5001234,200094,2026-01-26,wrong_size,1601.3
9004852,5012694,200054,2025-10-25,changed_mind,3966.7
9004853,5036108,200069,2025-02-15,damaged_delivery,4386.6
9004854,5046692,200059,2025-04-15,changed_mind,1357.44
9004855,5025276,200244,2026-03-12,changed_mind,1319.09
9004856,5058744,200089,2025-06-07,changed_mind,1412.38
9004857,5022830,200165,2025-06-06,damaged_delivery,5530.28
9004858,5047113,200193,2026-01-06,wrong_size,1289.37
9004859,5032217,200246,2026-02-24,changed_mind,598.76
9004860,5039211,200208,2025-11-30,damaged_delivery,1553.93
9004861,5057462,200235,2025-04-14,damaged_delivery,2231.67
9004862,5054798,200170,2026-05-18,changed_mind,844.44
9004863,5054352,200030,2026-05-22,defect,3841.67
9004864,5028217,200222,2026-06-05,changed_mind,2592.67
9004865,5054018,200117,2025-12-17,damaged_delivery,951.89
9004866,5042357,200211,2026-05-24,wrong_size,8683.18
9004867,5034795,200203,2026-04-05,changed_mind,373.31
9004868,5011792,200049,2026-01-20,damaged_delivery,3877.35
9004869,5047462,200028,2025-01-22,wrong_size,3272.71
9004870,5012385,200213,2026-06-22,changed_mind,3809.45
9004871,5010535,200242,2025-05-23,defect,2487.81
9004872,5027181,200217,2025-04-05,defect,6088.48
9004873,5008329,200030,2026-01-04,damaged_delivery,4252.32
9004874,5029950,200154,2025-08-29,damaged_delivery,1129.22
9004875,5057894,200135,2026-01-14,defect,4275.34
9004876,5030367,200144,2026-02-20,defect,3550.64
9004877,5036581,200029,2026-05-09,wrong_size,4432.2
9004878,5012145,200162,2025-07-04,defect,2290.2
9004879,5001973,200200,2025-11-12,damaged_delivery,5274.22
9004880,5032916,200091,2025-01-22,wrong_size,1835.09
9004881,5041081,200161,2025-08-10,changed_mind,2305.59
9004882,5046588,200175,2025-03-23,changed_mind,3296.13
9004883,5056906,200191,2025-11-13,wrong_size,2312.85
9004884,5041197,200034,2026-02-17,changed_mind,6325.35
9004885,5026225,200078,2025-11-25,damaged_delivery,13195.07
9004886,5042657,200060,2026-06-04,changed_mind,1965.82
9004887,5031484,200191,2026-01-28,changed_mind,620.33
9004888,5029417,200073,2025-03-20,changed_mind,12667.95
9004889,5013564,200155,2025-12-26,changed_mind,9526.43
9004890,5003980,200024,2026-02-05,damaged_delivery,3964.52
9004891,5007091,200172,2025-10-31,defect,5631.96
9004892,5054259,200216,2026-06-04,wrong_size,2071.5
9004893,5058450,200057,2025-02-22,not_as_described,8625.88
9004894,5014418,200031,2025-09-09,changed_mind,895.27
9004895,5027653,200026,2026-04-16,wrong_size,11544.85
9004896,5016285,200127,2025-06-01,not_as_described,6242.89
9004897,5043640,200044,2025-04-30,changed_mind,1858.49
9004898,5001179,200179,2025-03-09,not_as_described,960.66
9004899,5028569,200153,2025-03-19,damaged_delivery,997.36
9004900,5020648,200224,2026-04-16,changed_mind,1159.89
9004901,5050315,200243,2025-03-21,not_as_described,1217.57
9004902,5012176,200103,2026-06-15,damaged_delivery,1252.57
9004903,5047084,200086,2025-03-19,damaged_delivery,11726.33
9004904,5043588,200189,2025-03-14,damaged_delivery,5212.18
9004905,5051164,200087,2026-06-19,not_as_described,3164.85
9004906,5002081,200076,2025-10-06,defect,1390.56
9004907,5035790,200092,2025-07-11,changed_mind,1813.35
9004908,5054205,200021,2025-11-11,damaged_delivery,8603.37
9004909,5007126,200033,2025-12-12,defect,16521.99
9004910,5032747,200170,2025-02-01,wrong_size,1689.01
9004911,5019373,200068,2025-10-20,damaged_delivery,1396.56
9004912,5019765,200245,2026-04-18,changed_mind,2010.2
9004913,5047032,200026,2025-12-07,changed_mind,3956.81
9004914,5020090,200189,2026-02-08,defect,2118.05
9004915,5050745,200117,2026-06-15,changed_mind,374.27
9004916,5039623,200245,2025-09-22,damaged_delivery,447.51
9004917,5001645,200228,2025-08-02,changed_mind,6704.97
9004918,5018965,200047,2025-09-23,not_as_described,6803.3
9004919,5059619,200195,2026-01-19,defect,22747.7
9004920,5011510,200006,2025-08-21,wrong_size,2914.34
9004921,5005690,200141,2026-02-19,not_as_described,954.49
9004922,5046773,200134,2025-05-11,changed_mind,2914.54
9004923,5041145,200236,2025-07-18,defect,7841.84
9004924,5051099,200179,2025-03-27,wrong_size,1099.02
9004925,5034157,200184,2026-05-06,defect,2249.64
9004926,5045302,200016,2025-01-18,not_as_described,20427.27
9004927,5037608,200067,2025-12-06,changed_mind,4623.98
9004928,5042883,200005,2026-02-28,not_as_described,6149.87
9004929,5058259,200082,2025-12-21,changed_mind,4992.83
9004930,5055131,200040,2025-11-14,damaged_delivery,1080.14
9004931,5050011,200230,2025-04-23,damaged_delivery,3341.77
9004932,5014731,200215,2026-04-28,changed_mind,4655.03
9004933,5014275,200067,2025-09-14,changed_mind,12960.46
9004934,5020799,200121,2026-05-20,changed_mind,2052.82
9004935,5040118,200108,2025-08-31,damaged_delivery,8224.44
9004936,5023327,200238,2026-05-13,damaged_delivery,733.34
9004937,5000026,200110,2025-09-29,defect,699.9
9004938,5023639,200083,2025-07-19,changed_mind,1635.01
9004939,5020047,200137,2026-06-13,wrong_size,1526.92
9004940,5057897,200157,2025-04-04,not_as_described,3064.59
9004941,5052420,200180,2025-05-31,changed_mind,2802.83
9004942,5057817,200035,2025-09-20,defect,6046.59
9004943,5035569,200139,2025-10-29,not_as_described,2225.3
9004944,5010200,200118,2026-03-16,damaged_delivery,601.22
9004945,5015058,200028,2025-08-02,changed_mind,6725.31
9004946,5001495,200236,2025-05-16,not_as_described,3976.64
9004947,5031019,200109,2025-01-17,wrong_size,4942.36
9004948,5022170,200206,2026-04-15,wrong_size,1968.59
9004949,5048457,200129,2025-03-30,changed_mind,3239.29
9004950,5013532,200049,2026-04-15,not_as_described,970.6
9004951,5014415,200078,2025-02-20,changed_mind,3844.4
9004952,5031469,200004,2026-03-07,changed_mind,1343.35
9004953,5043462,200236,2025-08-09,changed_mind,4599.72
9004954,5043462,200028,2025-02-28,wrong_size,4164.4
9004955,5042300,200076,2026-01-24,damaged_delivery,1328.1
9004956,5046062,200002,2026-03-10,defect,1229.71
9004957,5040652,200099,2025-10-14,damaged_delivery,1307.99
9004958,5056719,200217,2025-09-29,not_as_described,2420.95
9004959,5051327,200068,2025-11-05,not_as_described,1292.74
9004960,5021949,200210,2026-04-11,not_as_described,1878.31
9004961,5001436,200025,2025-08-12,wrong_size,4433.35
9004962,5053598,200015,2025-03-26,wrong_size,18204.76
9004963,5012986,200200,2025-09-16,wrong_size,2782.96
9004964,5025505,200240,2026-06-18,wrong_size,2881.37
9004965,5043246,200217,2025-07-07,damaged_delivery,5170.12
9004966,5046526,200231,2025-06-05,not_as_described,383.1
9004967,5051652,200124,2025-11-30,defect,8862.91
9004968,5050381,200109,2025-04-15,wrong_size,6255.06
9004969,5044607,200079,2025-10-12,damaged_delivery,1146.21
9004970,5035042,200030,2026-06-25,damaged_delivery,1904.18
9004971,5004974,200230,2026-05-28,defect,4885.87
9004972,5023676,200114,2026-02-04,damaged_delivery,34785.37
9004973,5045964,200044,2025-12-02,not_as_described,2067.55
9004974,5041625,200195,2025-11-18,changed_mind,20897.88
9004975,5052640,200065,2025-07-22,changed_mind,10735.0
9004976,5031650,200102,2025-04-16,changed_mind,7223.32
9004977,5001636,200153,2025-01-12,changed_mind,2074.93
9004978,5000026,200110,2025-01-17,damaged_delivery,640.5
9004979,5008676,200054,2025-12-22,not_as_described,11518.78
9004980,5056220,200152,2025-08-08,defect,10589.62
9004981,5006860,200243,2025-06-16,damaged_delivery,1377.25
9004982,5048005,200219,2025-10-24,defect,8593.26
9004983,5047622,200185,2025-01-28,damaged_delivery,3062.95
9004984,5017306,200179,2025-06-04,changed_mind,1424.82
9004985,5008986,200193,2025-05-04,defect,3434.15
9004986,5017014,200091,2026-04-06,defect,2709.89
9004987,5040710,200178,2025-10-22,not_as_described,1604.39
9004988,5013382,200100,2026-03-16,changed_mind,5053.26
9004989,5003296,200039,2025-10-18,changed_mind,985.18
9004990,5009970,200175,2025-03-31,damaged_delivery,2649.45
9004991,5031888,200165,2025-09-08,defect,6223.75
9004992,5043270,200225,2025-04-19,damaged_delivery,5020.45
9004993,5030728,200092,2026-03-17,defect,1481.42
9004994,5011548,200220,2025-07-28,not_as_described,5360.89
9004995,5034578,200218,2026-03-20,not_as_described,4938.58
9004996,5050409,200112,2025-08-03,not_as_described,10380.68
9004997,5044522,200185,2026-02-27,not_as_described,5325.88
9004998,5007916,200094,2025-07-22,damaged_delivery,1725.7
9004999,5045121,200222,2025-07-30,wrong_size,3306.41
9005000,5029861,200172,2025-09-05,wrong_size,2268.14
9005001,5015167,200053,2025-06-01,wrong_size,14314.93
9005002,5055137,200071,2025-03-12,wrong_size,5490.67
9005003,5052549,200177,2026-02-11,not_as_described,2141.03
9005004,5034954,200089,2025-11-26,damaged_delivery,1279.09
9005005,5050030,200163,2025-10-27,not_as_described,2404.39
9005006,5019841,200207,2025-09-12,changed_mind,2489.82
9005007,5006040,200026,2025-07-20,changed_mind,7176.12
9005008,5010757,200165,2025-10-23,wrong_size,9526.62
9005009,5022810,200074,2025-04-10,not_as_described,5013.96
9005010,5016342,200059,2025-04-16,changed_mind,2159.43
9005011,5021493,200006,2025-12-16,changed_mind,1489.58
9005012,5001692,200219,2026-02-02,defect,5423.28
9005013,5026686,200226,2025-01-16,damaged_delivery,749.92
9005014,5040418,200133,2026-04-02,damaged_delivery,39889.89
9005015,5014041,200056,2025-07-25,wrong_size,797.77
9005016,5035388,200159,2026-06-07,damaged_delivery,1319.7
9005017,5050128,200192,2026-04-28,defect,6209.72
9005018,5047911,200014,2026-03-29,defect,9832.01
9005019,5050419,200086,2025-04-27,not_as_described,20697.69
9005020,5009797,200108,2026-06-07,changed_mind,13233.6
9005021,5035865,200222,2025-09-17,wrong_size,4584.38
9005022,5037672,200051,2026-05-20,damaged_delivery,4886.24
9005023,5056458,200012,2026-02-13,defect,3304.92
9005024,5033691,200129,2025-05-09,changed_mind,7945.82
9005025,5032472,200024,2025-11-28,not_as_described,1548.85
9005026,5049100,200137,2026-02-04,changed_mind,1643.62
9005027,5018358,200214,2026-02-05,damaged_delivery,35334.48
9005028,5052308,200131,2025-05-03,damaged_delivery,1923.74
9005029,5045380,200068,2025-10-24,damaged_delivery,1575.93
9005030,5051894,200159,2025-04-07,defect,762.19
9005031,5000327,200025,2025-07-13,changed_mind,5783.43
9005032,5009010,200036,2025-04-21,changed_mind,1720.56
9005033,5046445,200176,2025-03-15,damaged_delivery,2880.01
9005034,5035031,200153,2026-01-29,changed_mind,1623.14
9005035,5052232,200109,2026-04-03,changed_mind,7456.9
9005036,5011643,200088,2025-05-01,damaged_delivery,5204.86
9005037,5024020,200184,2025-10-06,damaged_delivery,6341.09
9005038,5056311,200217,2025-08-25,not_as_described,6277.92
9005039,5038642,200069,2025-11-17,not_as_described,3255.25
9005040,5050924,200110,2025-06-24,damaged_delivery,1558.05
9005041,5048788,200079,2025-02-26,damaged_delivery,1524.09
9005042,5021362,200052,2026-01-26,wrong_size,1490.87
9005043,5033738,200028,2026-04-19,not_as_described,7193.71
9005044,5033092,200193,2026-03-25,damaged_delivery,2589.77
9005045,5052885,200098,2025-12-15,not_as_described,989.32
9005046,5030717,200054,2025-12-19,changed_mind,9744.05
9005047,5027428,200142,2026-03-11,damaged_delivery,4926.19
9005048,5053742,200206,2026-05-20,damaged_delivery,1970.59
9005049,5000895,200092,2025-10-14,damaged_delivery,1469.28
9005050,5040377,200117,2025-11-03,wrong_size,384.91
9005051,5026756,200210,2025-05-01,defect,3511.97
9005052,5030310,200176,2025-11-08,defect,1373.51
9005053,5046746,200115,2026-04-12,changed_mind,2312.35
9005054,5004609,200164,2025-06-22,defect,3655.47
9005055,5049650,200221,2025-07-15,defect,1458.84
9005056,5017954,200240,2026-01-19,wrong_size,2984.48
9005057,5008539,200178,2025-02-22,damaged_delivery,5041.65
9005058,5037757,200018,2025-07-21,wrong_size,943.52
9005059,5059713,200031,2025-08-08,not_as_described,1232.75
9005060,5053400,200212,2025-04-12,changed_mind,6744.5
9005061,5048780,200206,2025-03-13,defect,1233.11
9005062,5038531,200081,2026-05-14,not_as_described,2444.96
9005063,5015232,200063,2026-05-03,changed_mind,5951.3
9005064,5037137,200056,2025-12-07,wrong_size,700.61
9005065,5014623,200210,2025-03-21,wrong_size,6685.12
9005066,5020121,200247,2025-10-29,damaged_delivery,3172.62
9005067,5036002,200064,2025-09-17,not_as_described,1565.64
9005068,5003788,200245,2025-09-02,defect,857.42
9005069,5059584,200003,2026-01-20,defect,15036.14
9005070,5044541,200158,2025-06-12,changed_mind,2575.91
9005071,5055327,200134,2025-04-03,not_as_described,1172.24
9005072,5029751,200168,2025-10-24,damaged_delivery,3948.46
9005073,5053785,200139,2025-01-12,defect,1791.55
9005074,5037215,200177,2025-04-11,wrong_size,3904.03
9005075,5008735,200194,2025-03-17,not_as_described,17744.07
9005076,5052049,200014,2025-05-20,defect,25232.38
9005077,5053817,200170,2025-09-30,damaged_delivery,704.93
9005078,5001542,200081,2025-09-25,defect,1295.84
9005079,5055393,200024,2026-03-17,changed_mind,1766.14
9005080,5050168,200177,2025-11-12,wrong_size,4388.52
9005081,5058206,200057,2025-04-15,defect,8028.84
9005082,5035038,200185,2026-01-01,changed_mind,3202.38
9005083,5004164,200149,2025-01-25,changed_mind,2838.62
9005084,5016310,200228,2025-10-22,changed_mind,2008.5
9005085,5000506,200046,2026-04-28,not_as_described,25099.85
9005086,5007913,200108,2025-11-12,changed_mind,13455.22
9005087,5055532,200203,2026-06-18,not_as_described,937.46
9005088,5052137,200177,2025-07-21,changed_mind,3874.73
9005089,5015907,200208,2026-01-30,wrong_size,3065.6
9005090,5002576,200091,2026-06-07,changed_mind,956.27
9005091,5016986,200236,2025-02-19,defect,13001.84
9005092,5022289,200081,2026-01-26,changed_mind,5041.08
9005093,5037125,200011,2026-02-11,not_as_described,9051.23
9005094,5047232,200081,2025-11-04,defect,1276.26
9005095,5020229,200115,2025-01-16,defect,7588.68
9005096,5036897,200187,2025-02-13,not_as_described,5555.09
9005097,5003235,200102,2025-11-06,defect,5722.03
9005098,5026494,200022,2026-01-31,changed_mind,4389.49
9005099,5022178,200062,2025-01-12,changed_mind,1379.48
9005100,5044346,200211,2026-05-10,wrong_size,3313.03
9005101,5023242,200088,2025-10-19,changed_mind,1740.31
9005102,5025322,200126,2026-06-14,damaged_delivery,463.17
9005103,5026161,200077,2026-05-28,changed_mind,6464.44
9005104,5025990,200105,2025-06-27,damaged_delivery,692.5
9005105,5019847,200180,2026-03-09,not_as_described,1150.65
9005106,5002301,200230,2026-06-23,defect,3567.79
9005107,5042746,200205,2025-08-09,not_as_described,12691.18
9005108,5040679,200156,2026-02-25,defect,715.09
9005109,5002492,200098,2025-11-27,changed_mind,1137.54
9005110,5023470,200032,2025-05-06,changed_mind,1961.49
9005111,5008665,200108,2025-10-01,not_as_described,10533.57
9005112,5028297,200226,2025-08-01,defect,2504.03
9005113,5020098,200009,2026-06-27,defect,4082.46
9005114,5030993,200025,2025-12-15,not_as_described,4884.61
9005115,5042215,200206,2025-01-30,defect,693.35
9005116,5039732,200174,2026-04-21,defect,2283.35
9005117,5002595,200098,2026-01-31,wrong_size,2391.11
9005118,5059698,200125,2025-02-06,changed_mind,656.78
9005119,5042303,200157,2025-02-06,changed_mind,1068.1
9005120,5043898,200203,2025-09-15,changed_mind,443.67
9005121,5034568,200121,2026-06-23,changed_mind,1553.92
9005122,5054444,200152,2025-06-21,damaged_delivery,3942.94
9005123,5010667,200078,2025-09-04,changed_mind,3817.59
9005124,5029079,200095,2026-02-18,changed_mind,1561.77
9005125,5013886,200114,2025-07-19,wrong_size,31293.67
9005126,5015849,200090,2025-09-20,wrong_size,6747.15
9005127,5059369,200012,2025-05-10,changed_mind,2985.77
9005128,5039390,200065,2026-02-04,defect,5510.47
9005129,5012682,200106,2025-02-06,wrong_size,3266.58
9005130,5010394,200045,2025-12-24,changed_mind,2555.58
9005131,5016996,200088,2025-10-26,changed_mind,5268.12
9005132,5057820,200027,2026-05-21,not_as_described,1577.69
9005133,5042602,200058,2025-04-16,wrong_size,2255.96
9005134,5001414,200043,2026-06-24,not_as_described,10110.85
9005135,5053314,200158,2026-03-30,defect,9425.54
9005136,5052045,200085,2026-05-04,changed_mind,4714.62
9005137,5008453,200132,2026-06-27,not_as_described,365.62
9005138,5034626,200125,2026-04-04,damaged_delivery,763.62
9005139,5054521,200152,2026-04-14,defect,8955.4
9005140,5039469,200228,2026-04-07,changed_mind,5559.79
9005141,5054975,200215,2025-08-04,damaged_delivery,3001.29
9005142,5022181,200116,2025-03-03,changed_mind,2009.13
9005143,5038334,200049,2026-06-29,not_as_described,3128.49
9005144,5039423,200195,2025-03-13,damaged_delivery,25150.45
9005145,5032531,200111,2026-05-17,wrong_size,7334.23
9005146,5037080,200062,2026-01-13,not_as_described,1174.44
9005147,5034593,200125,2025-01-25,wrong_size,552.05
9005148,5002173,200168,2025-03-09,wrong_size,13197.84
9005149,5032860,200112,2025-10-10,wrong_size,20809.42
9005150,5016303,200028,2025-09-23,wrong_size,7621.78
9005151,5002787,200116,2026-06-24,wrong_size,1637.19
9005152,5016995,200182,2026-04-24,not_as_described,5059.17
9005153,5048378,200077,2025-05-02,changed_mind,6207.0
9005154,5026075,200243,2025-05-02,damaged_delivery,4536.89
9005155,5027408,200206,2025-02-04,wrong_size,1211.03
9005156,5051170,200011,2025-10-01,changed_mind,3010.64
9005157,5008031,200237,2025-08-03,damaged_delivery,17927.33
9005158,5037185,200029,2025-10-03,damaged_delivery,9623.06
9005159,5012750,200103,2025-05-09,damaged_delivery,2547.48
9005160,5034507,200180,2025-05-22,changed_mind,2355.79
9005161,5048846,200010,2026-06-11,damaged_delivery,7043.91
9005162,5015211,200110,2025-04-25,damaged_delivery,2019.85
9005163,5018408,200246,2025-03-19,changed_mind,483.12
9005164,5009804,200090,2025-04-28,changed_mind,4045.28
9005165,5036213,200069,2026-03-27,wrong_size,1908.69
9005166,5045182,200211,2026-04-15,defect,4043.85
9005167,5057388,200218,2026-06-11,damaged_delivery,4395.22
9005168,5035240,200054,2025-07-08,changed_mind,3895.24
9005169,5055454,200108,2025-03-17,changed_mind,8165.34
9005170,5040606,200033,2026-04-02,not_as_described,8062.73
9005171,5037265,200189,2025-05-03,changed_mind,1755.65
9005172,5022964,200157,2025-06-12,not_as_described,1298.85
9005173,5047662,200025,2026-05-10,wrong_size,15469.74
9005174,5017734,200126,2025-02-28,wrong_size,874.43
9005175,5050894,200105,2025-05-20,damaged_delivery,731.09
9005176,5031239,200072,2025-07-26,changed_mind,2480.01
9005177,5011739,200241,2026-04-03,damaged_delivery,2404.86
9005178,5054496,200129,2026-04-12,defect,8480.33
9005179,5044213,200212,2025-01-28,changed_mind,15832.8
9005180,5039325,200227,2025-08-09,defect,1479.2
9005181,5002121,200042,2026-06-03,damaged_delivery,10353.32
9005182,5045321,200021,2025-07-16,damaged_delivery,12842.41
9005183,5053205,200194,2025-07-04,wrong_size,34152.86
9005184,5043900,200219,2026-02-19,changed_mind,2481.71
9005185,5023027,200009,2026-04-09,damaged_delivery,9083.37
9005186,5034025,200231,2025-08-10,changed_mind,816.84
9005187,5009712,200109,2025-08-11,defect,2447.3
9005188,5026438,200238,2025-10-22,damaged_delivery,1719.9
9005189,5001162,200018,2025-04-13,wrong_size,1579.78
9005190,5052772,200144,2026-05-21,damaged_delivery,2708.85
9005191,5016603,200176,2026-03-14,wrong_size,2889.53
9005192,5054597,200108,2026-05-14,changed_mind,9468.88
9005193,5038332,200166,2026-02-16,not_as_described,3470.33
9005194,5020500,200154,2025-08-09,changed_mind,2064.69
9005195,5018959,200217,2025-03-09,not_as_described,3045.58
9005196,5053555,200184,2025-01-23,wrong_size,5330.8
9005197,5045149,200130,2026-06-11,not_as_described,5341.94
9005198,5013904,200162,2025-04-26,damaged_delivery,4762.04
9005199,5033590,200194,2025-04-17,wrong_size,55558.56
9005200,5057983,200007,2025-05-24,damaged_delivery,3147.18
9005201,5022318,200161,2026-05-05,not_as_described,2845.05
9005202,5025169,200239,2025-08-30,defect,1980.74
9005203,5039371,200045,2026-03-08,defect,2450.03
9005204,5042528,200065,2025-09-17,not_as_described,3238.98
9005205,5049795,200117,2025-04-11,wrong_size,990.53
9005206,5033875,200010,2025-07-18,damaged_delivery,5644.74
9005207,5030874,200168,2025-04-26,changed_mind,3162.9
9005208,5014502,200103,2025-07-05,not_as_described,1165.24
9005209,5058166,200232,2026-01-15,changed_mind,901.9
9005210,5036748,200132,2026-02-08,wrong_size,338.81
9005211,5044528,200010,2025-09-05,wrong_size,3121.3
9005212,5018882,200015,2026-03-03,damaged_delivery,13636.05
9005213,5032524,200040,2025-04-05,not_as_described,759.05
9005214,5042840,200043,2026-06-26,defect,5699.37
9005215,5043240,200208,2025-08-28,wrong_size,2960.51
9005216,5003591,200124,2025-11-23,not_as_described,2653.74
9005217,5037088,200112,2025-09-09,wrong_size,7776.16
9005218,5053152,200094,2025-06-19,changed_mind,1851.54
9005219,5051266,200020,2025-01-28,defect,5444.56
9005220,5043685,200095,2025-06-17,defect,1591.48
9005221,5049939,200055,2025-09-28,defect,21037.22
9005222,5030505,200193,2026-04-11,damaged_delivery,1321.24
9005223,5034895,200215,2025-12-14,damaged_delivery,4367.43
9005224,5010978,200197,2025-02-06,changed_mind,9124.64
9005225,5026810,200041,2025-04-19,defect,888.99
9005226,5055421,200233,2026-04-23,wrong_size,3984.03
9005227,5032003,200001,2026-01-11,wrong_size,3681.07
9005228,5053525,200143,2025-12-17,wrong_size,6082.17
9005229,5014429,200040,2025-10-16,changed_mind,366.6
9005230,5003162,200201,2026-03-14,not_as_described,2129.09
9005231,5059623,200120,2025-10-20,damaged_delivery,9095.95
9005232,5046904,200092,2025-04-14,changed_mind,5034.6
9005233,5024180,200139,2025-06-07,damaged_delivery,4965.25
9005234,5000564,200059,2025-12-17,changed_mind,2564.7
9005235,5035101,200183,2025-07-13,wrong_size,4169.64
9005236,5045795,200142,2025-11-01,damaged_delivery,1626.75
9005237,5004243,200128,2025-07-31,not_as_described,2535.42
9005238,5031324,200070,2026-05-05,damaged_delivery,4473.52
9005239,5011541,200102,2025-02-18,damaged_delivery,3615.19
9005240,5012276,200022,2026-01-09,defect,9384.53
9005241,5055708,200211,2025-01-21,wrong_size,3202.81
9005242,5058135,200022,2025-09-03,wrong_size,3247.89
9005243,5055564,200024,2025-06-11,changed_mind,1980.74
9005244,5038000,200076,2025-07-11,defect,1541.28
9005245,5048274,200228,2025-06-01,defect,5953.03
9005246,5039294,200224,2025-07-31,defect,2442.8
9005247,5023812,200200,2025-02-11,wrong_size,2803.11
9005248,5028512,200105,2025-09-02,changed_mind,2177.94
9005249,5009581,200167,2026-01-27,defect,1224.11
9005250,5036159,200052,2025-12-27,not_as_described,1511.41
9005251,5004579,200144,2025-03-14,not_as_described,4724.97
9005252,5052035,200118,2025-07-13,damaged_delivery,1241.64
9005253,5029587,200055,2025-12-24,not_as_described,22990.86
9005254,5042801,200047,2026-04-04,not_as_described,5236.5
9005255,5012664,200080,2025-03-20,damaged_delivery,3761.01
9005256,5010448,200207,2026-03-03,defect,7485.86
9005257,5030926,200186,2026-03-25,defect,1619.62
9005258,5034220,200024,2025-08-10,wrong_size,3433.7
9005259,5012245,200117,2025-12-22,defect,422.18
9005260,5025924,200054,2025-05-03,wrong_size,13133.99
9005261,5013679,200050,2026-04-26,damaged_delivery,860.11
9005262,5026540,200174,2025-06-27,wrong_size,8870.36
9005263,5006496,200069,2026-05-30,wrong_size,4003.15
9005264,5022462,200089,2025-04-19,damaged_delivery,2920.43
9005265,5013995,200243,2025-01-16,damaged_delivery,5492.79
9005266,5054135,200095,2025-01-30,damaged_delivery,5126.18
9005267,5001817,200024,2026-06-15,wrong_size,6425.45
9005268,5050417,200064,2026-05-30,damaged_delivery,4457.96
9005269,5030281,200209,2026-02-20,wrong_size,7426.91
9005270,5018885,200138,2026-05-24,wrong_size,14258.46
9005271,5011801,200056,2025-08-08,damaged_delivery,2193.55
9005272,5029760,200034,2025-10-04,damaged_delivery,2356.61
9005273,5015771,200014,2025-06-25,not_as_described,13434.47
9005274,5015777,200056,2025-07-28,wrong_size,748.84
9005275,5011236,200165,2026-06-26,changed_mind,3145.01
9005276,5015965,200218,2025-05-11,not_as_described,4388.92
9005277,5019225,200048,2026-03-27,changed_mind,3077.95
9005278,5019933,200155,2025-03-27,not_as_described,20996.83
9005279,5043073,200069,2025-04-07,not_as_described,1428.74
9005280,5058957,200089,2025-04-15,wrong_size,4374.78
9005281,5020115,200170,2026-06-17,defect,751.41
9005282,5015397,200173,2026-01-19,damaged_delivery,3222.04
9005283,5019907,200139,2025-06-25,not_as_described,7414.58
9005284,5043592,200165,2025-03-04,defect,6354.3
9005285,5005333,200198,2025-03-03,defect,1472.58
9005286,5039508,200056,2025-01-28,not_as_described,955.41
9005287,5021865,200175,2025-06-29,damaged_delivery,3446.43
9005288,5034255,200220,2025-09-25,not_as_described,2623.57
9005289,5020053,200089,2026-03-19,wrong_size,2533.03
9005290,5032768,200158,2025-06-16,changed_mind,4871.58
9005291,5047393,200177,2026-03-28,not_as_described,4299.96
9005292,5026095,200244,2025-04-17,defect,1444.21
9005293,5036086,200011,2025-12-17,changed_mind,8057.82
9005294,5029653,200167,2025-04-08,damaged_delivery,1945.82
9005295,5046736,200095,2026-03-16,damaged_delivery,3084.05
9005296,5040624,200003,2025-09-01,wrong_size,8757.34
9005297,5009380,200079,2026-06-30,not_as_described,2903.88
9005298,5041373,200032,2026-01-21,not_as_described,3528.55
9005299,5004396,200065,2025-09-13,changed_mind,7434.01
9005300,5018578,200110,2026-01-29,damaged_delivery,1797.32
9005301,5011568,200056,2025-07-18,wrong_size,2493.86
9005302,5006404,200226,2025-09-03,changed_mind,2640.59
9005303,5021219,200182,2026-05-23,wrong_size,2096.68
9005304,5020457,200167,2026-02-08,changed_mind,3362.25
9005305,5024500,200237,2026-04-06,defect,6119.1
9005306,5037417,200143,2026-04-29,changed_mind,16474.74
9005307,5020404,200221,2025-12-09,changed_mind,4700.84
9005308,5010420,200132,2025-11-20,damaged_delivery,1387.39
9005309,5050739,200069,2026-01-02,defect,2134.52
9005310,5000073,200104,2025-09-12,not_as_described,1185.15
9005311,5040702,200125,2026-03-22,changed_mind,809.98
9005312,5032892,200040,2025-10-27,defect,1214.65
9005313,5005353,200050,2025-08-07,not_as_described,2191.7
9005314,5034583,200040,2026-05-17,damaged_delivery,383.8
9005315,5006689,200016,2025-07-03,damaged_delivery,6488.34
9005316,5059539,200230,2025-06-08,wrong_size,1361.95
9005317,5025784,200046,2026-02-12,changed_mind,27877.25
9005318,5044379,200102,2025-08-17,changed_mind,2751.23
9005319,5000534,200026,2025-02-06,wrong_size,3395.71
9005320,5030580,200093,2026-05-07,wrong_size,4778.69
9005321,5001078,200107,2025-10-17,damaged_delivery,1629.42
9005322,5006494,200237,2025-10-24,damaged_delivery,5351.69
9005323,5020769,200046,2026-04-29,defect,10756.72
9005324,5049828,200003,2025-07-19,wrong_size,16110.34
9005325,5022220,200134,2025-11-11,changed_mind,1024.65
9005326,5009406,200057,2025-05-29,changed_mind,8556.25
9005327,5018964,200104,2025-08-23,not_as_described,1362.13
9005328,5006183,200175,2025-06-18,defect,3042.96
9005329,5007044,200094,2026-05-30,wrong_size,1263.27
9005330,5011801,200101,2026-03-06,changed_mind,1003.47
9005331,5041671,200059,2026-06-09,defect,4729.2
9005332,5047030,200147,2025-01-20,not_as_described,2399.6
9005333,5015355,200066,2025-02-25,defect,1100.94
9005334,5024186,200094,2025-07-31,changed_mind,2104.49
9005335,5012472,200223,2026-06-17,wrong_size,5167.51
9005336,5049330,200004,2026-01-22,damaged_delivery,1293.4
9005337,5052681,200132,2025-02-11,damaged_delivery,1021.37
9005338,5024954,200035,2025-07-11,defect,2989.42
9005339,5017912,200145,2025-04-21,defect,27011.75
9005340,5006280,200178,2025-12-15,defect,5452.52
9005341,5032637,200223,2026-04-28,defect,4932.07
9005342,5026659,200112,2026-05-22,not_as_described,26506.15
9005343,5038977,200106,2026-03-18,not_as_described,2721.37
9005344,5005644,200010,2025-04-12,defect,3191.94
9005345,5010411,200128,2026-05-19,changed_mind,2684.8
9005346,5055717,200100,2025-04-25,wrong_size,3308.87
9005347,5022343,200171,2025-12-07,changed_mind,3113.34
9005348,5003278,200087,2025-05-12,defect,1408.35
9005349,5018114,200034,2026-01-21,damaged_delivery,1877.34
9005350,5024342,200141,2025-09-20,not_as_described,1239.92
9005351,5007981,200111,2025-04-17,damaged_delivery,16765.01
9005352,5031364,200052,2026-05-26,changed_mind,2542.48
9005353,5056871,200150,2025-10-19,changed_mind,4305.69
9005354,5005737,200032,2025-04-25,not_as_described,1263.56
9005355,5046153,200162,2026-02-07,defect,2306.64
9005356,5020691,200110,2025-01-18,wrong_size,1316.59
9005357,5054260,200003,2026-04-12,changed_mind,24147.69
9005358,5001793,200129,2026-04-05,defect,3059.47
9005359,5031898,200099,2026-04-13,damaged_delivery,3335.83
9005360,5052372,200141,2025-11-20,changed_mind,1213.94
9005361,5018407,200121,2025-05-14,changed_mind,2195.75
9005362,5032430,200061,2025-02-27,changed_mind,1527.12
9005363,5039763,200134,2025-03-03,damaged_delivery,2013.18
9005364,5006408,200063,2025-03-30,defect,6908.35
9005365,5042981,200229,2025-01-19,damaged_delivery,4213.26
9005366,5057992,200178,2026-02-08,not_as_described,1621.95
9005367,5004817,200233,2025-10-15,changed_mind,8679.07
9005368,5029327,200220,2025-05-17,not_as_described,3047.15
9005369,5025458,200217,2026-04-22,defect,2988.47
9005370,5023527,200023,2025-02-08,wrong_size,1249.55
9005371,5056157,200102,2026-05-17,damaged_delivery,3234.4
9005372,5036469,200223,2026-06-01,changed_mind,15067.61
9005373,5046156,200246,2025-07-30,defect,1068.61
9005374,5004122,200135,2025-04-23,wrong_size,3941.5
9005375,5042826,200057,2025-04-30,wrong_size,9651.24
9005376,5030457,200202,2025-12-08,defect,683.94
9005377,5002619,200057,2025-05-30,not_as_described,7501.12
9005378,5028878,200225,2026-06-18,damaged_delivery,14452.28
9005379,5040505,200028,2025-11-12,not_as_described,4269.96
9005380,5037210,200033,2026-04-14,changed_mind,10388.51
9005381,5019846,200191,2026-02-14,damaged_delivery,2096.78
9005382,5037199,200030,2025-04-05,defect,1373.4
9005383,5008792,200118,2025-04-15,damaged_delivery,1055.4
9005384,5025832,200022,2025-04-07,defect,6170.14
9005385,5051209,200077,2025-04-12,not_as_described,5673.31
9005386,5052968,200211,2025-03-21,not_as_described,3519.88
9005387,5007768,200074,2025-08-29,changed_mind,1842.23
9005388,5055199,200155,2026-04-11,wrong_size,16330.97
9005389,5043681,200047,2025-10-17,not_as_described,6896.84
9005390,5045278,200018,2025-03-23,defect,1612.44
9005391,5053559,200244,2025-03-25,damaged_delivery,1509.45
9005392,5046004,200017,2025-08-11,defect,22569.42
9005393,5031138,200222,2025-09-26,not_as_described,4363.7
9005394,5027773,200234,2025-04-17,not_as_described,1591.47
9005395,5041741,200028,2025-05-14,wrong_size,6530.44
9005396,5053056,200115,2025-04-05,not_as_described,6597.53
9005397,5033198,200101,2025-11-11,changed_mind,1401.93
9005398,5050705,200120,2026-03-26,changed_mind,3897.95
9005399,5040615,200034,2025-12-31,defect,7262.58
9005400,5001152,200096,2025-10-01,damaged_delivery,725.95
9005401,5040177,200033,2025-05-26,damaged_delivery,19222.5
9005402,5021904,200092,2026-05-30,not_as_described,4768.54
9005403,5054266,200027,2026-06-12,damaged_delivery,1501.31
9005404,5010438,200031,2025-10-15,wrong_size,752.73
9005405,5050535,200168,2025-02-02,changed_mind,3789.27
9005406,5004952,200036,2026-06-03,changed_mind,866.5
9005407,5055572,200055,2026-01-06,damaged_delivery,12351.68
9005408,5017483,200138,2026-03-04,defect,10668.96
9005409,5032299,200125,2026-03-16,wrong_size,638.5
9005410,5049984,200193,2026-01-03,changed_mind,1488.93
9005411,5030316,200101,2025-11-26,defect,450.85
9005412,5035693,200008,2026-02-17,not_as_described,6048.7
9005413,5033124,200128,2025-05-26,changed_mind,2245.94
9005414,5055138,200186,2026-05-19,wrong_size,2651.42
9005415,5020586,200052,2026-05-20,changed_mind,658.63
9005416,5022752,200100,2025-04-21,wrong_size,1861.28
9005417,5046277,200016,2025-04-28,not_as_described,7932.4
9005418,5054846,200016,2026-02-13,wrong_size,14928.18
9005419,5043681,200047,2025-05-30,defect,5036.96
9005420,5026763,200239,2025-02-14,damaged_delivery,4346.62
9005421,5022939,200100,2026-05-08,defect,1965.76
9005422,5002953,200099,2025-09-27,damaged_delivery,4458.48
9005423,5003565,200151,2025-09-30,not_as_described,2721.4
9005424,5000316,200094,2026-02-20,damaged_delivery,772.45
9005425,5044528,200213,2025-07-01,defect,2065.12
9005426,5010219,200198,2025-04-06,not_as_described,1482.0
9005427,5055164,200014,2025-12-12,damaged_delivery,8817.68
9005428,5041954,200156,2026-05-27,damaged_delivery,736.57
9005429,5016658,200175,2025-04-29,wrong_size,3049.78
9005430,5009943,200074,2025-10-21,changed_mind,2277.74
9005431,5021401,200195,2025-05-28,changed_mind,17528.31
9005432,5020833,200176,2026-04-26,not_as_described,1875.72
9005433,5045925,200242,2025-11-22,not_as_described,5972.14
9005434,5009766,200184,2025-02-10,not_as_described,8053.78
9005435,5034300,200164,2025-10-31,changed_mind,3226.59
9005436,5052710,200214,2026-05-22,changed_mind,28920.49
9005437,5013713,200141,2025-12-02,defect,2267.13
9005438,5015577,200007,2025-03-01,changed_mind,2742.39
9005439,5025580,200048,2025-03-27,not_as_described,3329.14
9005440,5058637,200029,2025-10-26,not_as_described,13225.68
9005441,5009409,200236,2026-02-18,wrong_size,4026.35
9005442,5027903,200182,2025-09-23,not_as_described,3365.46
9005443,5012085,200012,2025-03-26,not_as_described,2630.29
9005444,5050101,200159,2025-12-28,not_as_described,2466.45
9005445,5058328,200224,2026-05-27,changed_mind,1322.2
9005446,5055739,200115,2025-03-20,damaged_delivery,2188.29
9005447,5025418,200017,2025-04-11,not_as_described,18394.01
9005448,5045542,200006,2025-03-25,wrong_size,1339.08
9005449,5016480,200176,2026-04-06,defect,1646.6
9005450,5049221,200061,2025-09-10,damaged_delivery,1933.4
9005451,5035877,200158,2025-07-18,wrong_size,9084.43
9005452,5010256,200161,2025-10-18,not_as_described,2382.45
9005453,5048395,200235,2025-04-07,changed_mind,2520.21
9005454,5039358,200183,2026-05-30,changed_mind,1837.12
9005455,5049453,200222,2026-05-28,not_as_described,3107.54
9005456,5029709,200134,2026-04-28,changed_mind,1097.67
9005457,5038931,200081,2025-06-09,damaged_delivery,2773.99
9005458,5007037,200014,2026-03-08,not_as_described,42682.82
9005459,5035158,200239,2026-06-23,not_as_described,1406.14
9005460,5042269,200139,2025-08-12,changed_mind,6320.53
9005461,5037654,200012,2026-01-28,changed_mind,2266.16
9005462,5026042,200208,2025-08-18,wrong_size,4635.58
9005463,5020566,200043,2025-01-22,damaged_delivery,9286.96
9005464,5036879,200081,2025-11-26,not_as_described,2836.23
9005465,5023886,200117,2026-01-11,changed_mind,984.82
9005466,5030859,200108,2026-03-14,damaged_delivery,8880.3
9005467,5015656,200034,2026-03-17,not_as_described,2328.06
9005468,5027092,200078,2025-08-23,defect,4054.77
9005469,5035937,200077,2025-06-15,not_as_described,13985.51
9005470,5031419,200029,2025-08-21,defect,14267.56
9005471,5005276,200012,2025-09-14,defect,2464.03
9005472,5050018,200174,2026-04-25,damaged_delivery,2937.31
9005473,5025523,200110,2025-07-19,not_as_described,1622.53
9005474,5031716,200204,2025-04-27,wrong_size,2394.59
9005475,5001811,200005,2026-03-04,not_as_described,6374.76
9005476,5037385,200113,2025-10-14,wrong_size,2071.18
9005477,5000947,200127,2025-01-29,not_as_described,6940.12
9005478,5010362,200077,2025-02-09,not_as_described,7901.51
9005479,5045440,200066,2025-02-26,not_as_described,2382.1
9005480,5025860,200005,2025-03-13,defect,2683.5
9005481,5046534,200123,2025-07-10,changed_mind,5541.23
9005482,5029342,200243,2026-04-02,changed_mind,1509.19
9005483,5039946,200138,2025-08-01,defect,5464.2
9005484,5009905,200244,2025-06-16,changed_mind,5580.19
9005485,5011038,200225,2025-08-08,not_as_described,4462.61
9005486,5016197,200076,2025-09-11,changed_mind,770.01
9005487,5021677,200123,2025-06-19,changed_mind,19223.31
9005488,5046950,200226,2025-09-01,wrong_size,769.96
9005489,5028291,200128,2025-07-20,defect,4108.98
9005490,5003811,200047,2025-09-21,wrong_size,19692.03
9005491,5052732,200119,2026-03-07,not_as_described,2423.54
9005492,5034693,200172,2026-03-25,defect,4045.46
9005493,5005738,200062,2025-07-26,not_as_described,2879.8
9005494,5043599,200163,2025-08-16,changed_mind,2395.68
9005495,5015506,200162,2025-12-15,changed_mind,4719.21
9005496,5006256,200037,2025-09-16,wrong_size,808.07
9005497,5052263,200076,2025-12-28,changed_mind,1729.79
9005498,5055823,200033,2026-02-16,changed_mind,20157.02
9005499,5050300,200170,2025-08-22,damaged_delivery,763.39
9005500,5001027,200125,2025-03-14,damaged_delivery,578.39
9005501,5032297,200158,2026-03-12,defect,4942.05
9005502,5044178,200235,2025-10-02,wrong_size,2167.79
9005503,5034453,200059,2025-12-05,not_as_described,3285.34
9005504,5045261,200040,2025-04-28,damaged_delivery,1162.68
9005505,5016739,200101,2026-06-15,not_as_described,921.24
9005506,5057082,200154,2025-01-12,wrong_size,3727.8
9005507,5052234,200004,2026-01-15,not_as_described,2240.71
9005508,5026118,200221,2025-05-11,wrong_size,3732.36
9005509,5048217,200161,2026-03-29,damaged_delivery,2058.79
9005510,5008879,200164,2025-12-22,not_as_described,1018.47
9005511,5002437,200065,2025-08-17,not_as_described,3161.97
9005512,5021668,200200,2026-02-26,defect,3627.63
9005513,5040645,200061,2025-02-05,defect,2840.3
9005514,5056689,200059,2025-12-15,not_as_described,2759.33
9005515,5049055,200076,2026-03-08,defect,1413.46
9005516,5045601,200179,2026-05-19,defect,1151.02
9005517,5056057,200155,2026-04-14,damaged_delivery,16495.59
9005518,5000465,200177,2025-12-02,changed_mind,4898.56
9005519,5015126,200186,2025-09-07,not_as_described,1765.75
9005520,5004820,200039,2026-05-21,changed_mind,826.26
9005521,5012253,200133,2025-04-22,wrong_size,13537.81
9005522,5018591,200136,2025-12-05,defect,558.37
9005523,5042182,200025,2026-03-06,damaged_delivery,4648.33
9005524,5019802,200001,2025-03-05,defect,1952.2
9005525,5047847,200237,2025-09-26,defect,7473.96
9005526,5007074,200071,2025-02-09,defect,2503.77
9005527,5051534,200030,2025-10-18,not_as_described,2185.29
9005528,5048696,200189,2026-04-18,changed_mind,3707.66
9005529,5055480,200106,2025-12-06,changed_mind,2743.82
9005530,5043524,200179,2025-07-31,damaged_delivery,436.1
9005531,5051697,200212,2025-08-26,changed_mind,7162.87
9005532,5039104,200241,2026-04-28,changed_mind,4225.46
9005533,5028502,200239,2025-03-07,not_as_described,1727.3
9005534,5014532,200042,2025-02-17,defect,2308.7
9005535,5006417,200125,2026-02-14,not_as_described,1549.01
9005536,5041097,200002,2025-05-21,not_as_described,611.48
9005537,5024038,200244,2025-06-08,changed_mind,5286.1
9005538,5005316,200085,2025-07-18,defect,14791.95
9005539,5000192,200154,2026-04-08,changed_mind,1076.83
9005540,5039947,200034,2025-10-27,damaged_delivery,5975.29
9005541,5015661,200015,2026-04-08,changed_mind,6053.49
9005542,5030771,200076,2026-04-26,changed_mind,1703.2
9005543,5030551,200103,2025-02-03,changed_mind,1339.12
9005544,5018216,200060,2026-03-31,changed_mind,5236.35
9005545,5058998,200129,2025-07-12,defect,5272.5
9005546,5048421,200110,2025-12-24,wrong_size,571.84
9005547,5046900,200009,2025-09-19,changed_mind,3785.54
9005548,5045189,200207,2026-01-26,changed_mind,1871.32
9005549,5039001,200166,2025-09-16,defect,2661.32
9005550,5048352,200204,2025-10-12,not_as_described,1074.48
9005551,5014599,200122,2026-05-22,changed_mind,6763.2
9005552,5021669,200098,2025-12-11,damaged_delivery,921.24
9005553,5023886,200117,2026-01-27,damaged_delivery,825.7
9005554,5049292,200118,2025-12-23,defect,577.84
9005555,5057272,200140,2025-07-23,changed_mind,3471.65
9005556,5058904,200213,2025-07-08,wrong_size,2183.0
9005557,5010684,200141,2026-02-19,damaged_delivery,2796.31
9005558,5015631,200004,2025-03-09,changed_mind,2270.02
9005559,5009727,200211,2025-08-23,defect,6051.45
9005560,5026127,200076,2026-01-19,damaged_delivery,710.69
9005561,5027385,200061,2025-07-19,changed_mind,2477.68
9005562,5058239,200115,2025-07-23,damaged_delivery,2091.24
9005563,5029464,200081,2025-02-10,defect,1564.59
9005564,5033001,200152,2025-03-31,defect,6222.68
9005565,5007738,200020,2025-04-16,wrong_size,2193.79
9005566,5004172,200182,2026-05-14,wrong_size,1915.84
9005567,5013380,200231,2025-12-22,not_as_described,392.6
9005568,5015891,200037,2025-01-28,changed_mind,2828.29
9005569,5055490,200049,2025-03-10,not_as_described,1228.28
9005570,5023345,200206,2026-02-01,changed_mind,516.79
9005571,5006111,200045,2025-09-17,defect,6311.32
9005572,5005912,200182,2025-02-19,damaged_delivery,1728.95
9005573,5035585,200223,2025-07-02,not_as_described,5173.48
9005574,5005333,200051,2026-01-24,wrong_size,2859.42
9005575,5049817,200167,2025-10-01,not_as_described,1264.76
9005576,5040403,200198,2025-01-21,not_as_described,1407.99
9005577,5050909,200082,2026-04-04,damaged_delivery,2937.51
9005578,5038672,200169,2025-11-12,not_as_described,4802.27
9005579,5046784,200190,2025-03-08,changed_mind,11386.5
9005580,5030644,200141,2025-07-26,not_as_described,2328.65
9005581,5029915,200090,2025-05-22,changed_mind,8236.38
9005582,5049228,200239,2025-10-13,damaged_delivery,3495.81
9005583,5019986,200245,2025-10-08,not_as_described,1815.16
9005584,5053521,200151,2026-03-13,not_as_described,1385.64
9005585,5039884,200209,2025-06-26,not_as_described,7647.93
9005586,5047053,200179,2025-05-18,not_as_described,837.27
9005587,5052236,200183,2025-07-24,not_as_described,1576.44
9005588,5003762,200158,2025-12-21,not_as_described,2955.64
9005589,5038870,200230,2026-05-24,defect,1754.63
9005590,5017145,200026,2026-02-13,defect,10333.9
9005591,5008593,200239,2025-09-16,defect,1852.29
9005592,5055509,200177,2026-01-10,not_as_described,7997.66
9005593,5014862,200095,2025-03-27,damaged_delivery,1112.48
9005594,5010004,200233,2025-06-11,not_as_described,9153.19
9005595,5014553,200081,2026-04-02,not_as_described,1773.52
9005596,5040723,200202,2026-01-31,changed_mind,822.04
9005597,5035307,200119,2025-12-06,wrong_size,4369.15
9005598,5057470,200220,2026-01-02,defect,2901.61
9005599,5050324,200114,2026-05-10,not_as_described,24840.33
9005600,5002856,200191,2025-07-22,defect,1963.51
9005601,5028718,200222,2025-12-11,wrong_size,2886.46
9005602,5003470,200194,2025-02-06,changed_mind,34090.9
9005603,5028572,200227,2025-05-17,not_as_described,2566.42
9005604,5023063,200185,2026-04-21,damaged_delivery,6215.34
9005605,5051447,200206,2026-01-22,damaged_delivery,601.11
9005606,5056444,200175,2025-04-07,defect,1211.55
9005607,5027811,200241,2025-08-31,wrong_size,2078.77
9005608,5022393,200247,2025-06-14,wrong_size,3408.26
9005609,5057487,200200,2025-02-07,not_as_described,5750.55
9005610,5044538,200002,2026-01-03,changed_mind,808.49
9005611,5041501,200062,2025-11-29,changed_mind,2556.43
9005612,5030927,200069,2025-07-05,damaged_delivery,2241.08
9005613,5028826,200131,2026-05-11,wrong_size,4711.37
9005614,5014412,200016,2025-05-17,damaged_delivery,15490.33
9005615,5029189,200184,2025-05-20,defect,2320.9
9005616,5010853,200118,2026-01-14,changed_mind,1450.62
9005617,5031585,200077,2026-06-15,defect,6281.25
9005618,5035339,200041,2025-11-13,wrong_size,856.61
9005619,5021299,200021,2026-05-27,damaged_delivery,7819.88
9005620,5032692,200028,2026-04-14,changed_mind,3435.67
9005621,5010110,200072,2026-04-21,damaged_delivery,4374.83
9005622,5002659,200075,2025-01-25,damaged_delivery,1129.85
9005623,5013981,200202,2026-01-24,wrong_size,784.29
9005624,5012316,200148,2026-06-30,defect,1509.23
9005625,5052185,200110,2025-12-22,wrong_size,824.84
9005626,5004602,200219,2025-10-03,changed_mind,8364.26
9005627,5023152,200025,2025-07-09,changed_mind,10595.02
9005628,5001029,200144,2025-09-29,changed_mind,5170.24
9005629,5046696,200005,2026-02-16,changed_mind,6797.98
9005630,5045243,200100,2025-06-26,damaged_delivery,1602.28
9005631,5036045,200214,2025-07-28,not_as_described,13078.12
9005632,5004270,200222,2025-03-29,damaged_delivery,2593.71
9005633,5049304,200082,2026-02-17,damaged_delivery,6505.35
9005634,5026380,200223,2025-03-05,changed_mind,9800.84
9005635,5034453,200059,2026-03-04,wrong_size,4376.91
9005636,5041815,200162,2025-10-02,changed_mind,7530.4
9005637,5050239,200098,2025-04-04,defect,981.07
9005638,5014743,200220,2025-10-23,not_as_described,2855.69
9005639,5028045,200176,2025-03-16,not_as_described,1727.6
9005640,5010755,200242,2025-07-04,damaged_delivery,2829.55
9005641,5006227,200088,2025-01-16,changed_mind,5584.24
9005642,5046060,200071,2025-12-31,not_as_described,6422.59
9005643,5039661,200056,2025-04-03,defect,1847.85
9005644,5015947,200204,2025-01-17,damaged_delivery,1144.2
9005645,5023509,200142,2026-03-27,wrong_size,2894.6
9005646,5037848,200102,2025-10-03,changed_mind,8134.76
9005647,5007212,200074,2026-05-22,wrong_size,7437.46
9005648,5045768,200156,2025-06-19,changed_mind,901.8
9005649,5045802,200016,2026-01-01,damaged_delivery,7072.64
9005650,5055618,200181,2025-01-22,defect,935.34
9005651,5058752,200116,2025-03-14,defect,1129.38
9005652,5035205,200195,2026-05-07,defect,26750.28
9005653,5002541,200225,2025-08-29,wrong_size,10046.64
9005654,5028254,200156,2025-08-01,damaged_delivery,1589.4
9005655,5016513,200245,2026-04-12,wrong_size,1186.11
9005656,5049015,200151,2026-04-01,damaged_delivery,2907.75
9005657,5007269,200096,2025-08-24,damaged_delivery,1767.59
9005658,5007099,200161,2026-03-12,wrong_size,8382.37
9005659,5013551,200229,2026-05-29,wrong_size,7111.03
9005660,5048338,200006,2026-05-04,changed_mind,2389.56
9005661,5012124,200239,2025-09-18,defect,1603.68
9005662,5014839,200203,2026-03-09,changed_mind,480.29
9005663,5051928,200031,2025-08-11,wrong_size,1189.3
9005664,5027603,200150,2025-12-13,not_as_described,8176.91
9005665,5021593,200024,2026-04-19,damaged_delivery,1711.15
9005666,5020993,200131,2025-01-14,defect,2475.68
9005667,5041168,200219,2025-06-03,not_as_described,2362.55
9005668,5031540,200236,2025-04-05,damaged_delivery,4403.1
9005669,5034010,200241,2026-01-25,wrong_size,3688.81
9005670,5057942,200225,2025-11-05,changed_mind,8619.97
9005671,5050692,200201,2026-04-12,defect,1278.96
9005672,5046813,200156,2025-08-25,changed_mind,721.18
9005673,5056042,200111,2026-04-05,changed_mind,8262.06
9005674,5029517,200120,2026-06-10,changed_mind,11287.37
9005675,5033575,200007,2025-04-03,damaged_delivery,1956.14
9005676,5037319,200159,2025-09-08,changed_mind,1483.01
9005677,5009155,200124,2026-05-08,damaged_delivery,2540.45
9005678,5027430,200064,2025-05-29,wrong_size,4004.27
9005679,5030816,200054,2025-03-05,not_as_described,3735.27
9005680,5058907,200092,2025-06-07,defect,5704.17
9005681,5012444,200164,2025-01-21,changed_mind,951.66
9005682,5017325,200079,2026-05-03,defect,2784.19
9005683,5041498,200035,2025-03-04,wrong_size,6355.18
9005684,5000042,200127,2026-03-29,damaged_delivery,6666.35
9005685,5021096,200230,2026-04-07,damaged_delivery,1374.86
9005686,5055218,200139,2026-06-04,defect,1886.78
9005687,5021250,200220,2025-12-21,wrong_size,5101.97
9005688,5003799,200137,2025-12-29,wrong_size,1414.54
9005689,5029879,200139,2025-06-02,changed_mind,2209.31
9005690,5009816,200113,2025-04-19,not_as_described,1836.21
9005691,5055336,200181,2025-03-21,damaged_delivery,1107.59
9005692,5058285,200033,2026-06-27,not_as_described,8961.41
9005693,5030024,200069,2025-03-06,changed_mind,1971.19
9005694,5014771,200018,2026-05-13,not_as_described,2110.64
9005695,5021339,200091,2025-08-17,not_as_described,2232.6
9005696,5023389,200184,2025-11-23,defect,2650.36
9005697,5022368,200068,2025-07-14,not_as_described,1849.24
9005698,5050230,200239,2026-03-16,changed_mind,1427.19
9005699,5011746,200126,2026-05-13,wrong_size,817.79
9005700,5045635,200083,2025-10-23,changed_mind,4206.53
9005701,5007533,200121,2026-01-21,damaged_delivery,1795.53
9005702,5005146,200105,2026-06-02,defect,1479.08
9005703,5000044,200107,2025-02-12,changed_mind,4405.03
9005704,5019848,200180,2026-06-24,defect,1213.57
9005705,5014107,200112,2025-12-16,damaged_delivery,20460.2
9005706,5059316,200068,2025-11-20,damaged_delivery,1467.09
9005707,5005566,200101,2025-11-21,not_as_described,427.01
9005708,5027172,200160,2025-06-29,changed_mind,4116.11
9005709,5020565,200066,2025-10-03,changed_mind,1909.82
9005710,5020479,200023,2026-01-28,changed_mind,4808.67
9005711,5000768,200118,2026-03-17,changed_mind,732.01
9005712,5053930,200040,2025-08-28,changed_mind,740.19
9005713,5039042,200019,2026-03-20,not_as_described,6019.37
9005714,5013232,200124,2025-12-12,wrong_size,2715.17
9005715,5053629,200078,2026-03-20,wrong_size,4100.66
9005716,5001061,200017,2025-09-13,not_as_described,11101.62
9005717,5016136,200238,2025-05-21,not_as_described,1487.65
9005718,5048483,200033,2025-10-12,damaged_delivery,16180.44
9005719,5048143,200105,2026-03-05,wrong_size,761.06
9005720,5016253,200236,2025-04-22,defect,3603.96
9005721,5059919,200209,2026-05-25,changed_mind,2513.57
9005722,5012866,200216,2025-04-05,defect,3695.92
9005723,5013706,200152,2025-02-09,damaged_delivery,8882.2
9005724,5034014,200240,2025-02-28,defect,1017.13
9005725,5055713,200151,2025-12-23,damaged_delivery,2253.66
9005726,5032578,200021,2026-05-03,damaged_delivery,5006.73
9005727,5046692,200059,2026-01-13,changed_mind,1402.12
9005728,5038813,200214,2025-02-24,changed_mind,37575.13
9005729,5052392,200095,2026-02-08,changed_mind,1441.82
9005730,5018925,200043,2025-08-16,defect,3303.96
9005731,5046079,200181,2026-03-27,defect,2171.27
9005732,5026142,200173,2025-07-21,not_as_described,1529.89
9005733,5022301,200202,2025-07-13,damaged_delivery,2661.54
9005734,5025203,200212,2026-03-28,wrong_size,6955.89
9005735,5034940,200058,2025-09-13,changed_mind,7218.1
9005736,5052371,200005,2025-02-14,defect,5574.9
9005737,5005272,200121,2026-05-02,damaged_delivery,3320.05
9005738,5028324,200109,2026-04-25,not_as_described,6596.59
9005739,5058979,200039,2025-08-11,wrong_size,868.88
9005740,5017792,200180,2026-03-01,damaged_delivery,954.81
9005741,5053744,200223,2025-06-02,wrong_size,4183.24
9005742,5016965,200242,2026-04-21,not_as_described,3151.14
9005743,5007759,200013,2025-03-22,not_as_described,7908.22
9005744,5038640,200030,2025-09-04,changed_mind,3972.73
9005745,5026857,200143,2026-02-28,damaged_delivery,6390.08
9005746,5048968,200134,2026-03-15,wrong_size,4061.25
9005747,5030088,200033,2025-05-10,wrong_size,22492.69
9005748,5023276,200122,2025-07-16,damaged_delivery,6591.62
9005749,5053260,200047,2025-10-10,changed_mind,11124.8
9005750,5051189,200014,2025-12-09,not_as_described,12145.68
9005751,5014172,200244,2026-05-16,not_as_described,1516.67
9005752,5033773,200005,2025-08-17,damaged_delivery,7143.68
9005753,5053020,200167,2026-04-18,changed_mind,1142.96
9005754,5029423,200207,2025-05-17,defect,2504.87
9005755,5032762,200219,2026-01-24,changed_mind,2434.6
9005756,5055309,200191,2026-02-28,damaged_delivery,1665.09
9005757,5000383,200046,2025-04-22,wrong_size,25508.21
9005758,5006545,200094,2026-05-04,not_as_described,1810.95
9005759,5052850,200210,2026-01-02,not_as_described,2524.67
9005760,5053843,200127,2026-01-21,changed_mind,5500.84
9005761,5040009,200231,2025-05-13,wrong_size,1489.66
9005762,5039852,200076,2025-04-25,wrong_size,939.59
9005763,5047239,200160,2026-04-15,defect,3450.91
9005764,5041950,200246,2025-06-10,changed_mind,559.95
9005765,5056655,200205,2025-07-26,changed_mind,12715.16
9005766,5018169,200218,2026-02-24,damaged_delivery,6067.22
9005767,5057122,200135,2025-05-19,defect,3731.77
9005768,5058201,200230,2025-03-31,damaged_delivery,1841.66
9005769,5032006,200150,2025-07-15,changed_mind,3595.17
9005770,5047704,200211,2025-10-06,not_as_described,11111.47
9005771,5025549,200066,2025-09-20,defect,1028.52
9005772,5013001,200002,2025-01-24,not_as_described,596.65
9005773,5030615,200233,2025-08-01,changed_mind,6735.78
9005774,5021813,200207,2025-03-12,changed_mind,4607.99
9005775,5025368,200174,2026-01-02,changed_mind,5414.42
9005776,5001858,200040,2025-09-21,defect,442.71
9005777,5024823,200147,2025-01-19,defect,2129.34
9005778,5022719,200207,2026-05-24,changed_mind,2425.46
9005779,5003594,200002,2025-01-13,defect,1122.72
9005780,5035580,200234,2025-05-29,not_as_described,1541.0
9005781,5022571,200216,2026-03-04,defect,6566.24
9005782,5052080,200003,2026-06-04,defect,18582.17
9005783,5032626,200161,2025-11-02,not_as_described,5240.56
9005784,5023078,200123,2026-05-01,damaged_delivery,6050.19
9005785,5004925,200053,2025-08-17,wrong_size,3457.06
9005786,5005965,200034,2025-09-24,changed_mind,1907.37
9005787,5048461,200124,2025-04-03,changed_mind,3440.22
9005788,5047246,200168,2025-08-31,damaged_delivery,3637.73
9005789,5038409,200182,2025-12-15,damaged_delivery,1653.52
9005790,5012768,200050,2025-07-02,wrong_size,1067.38
9005791,5001179,200179,2025-05-02,changed_mind,1095.44
9005792,5037476,200151,2025-07-13,defect,3709.56
9005793,5034317,200186,2025-11-05,wrong_size,755.77
9005794,5042772,200012,2026-04-17,damaged_delivery,1289.14
9005795,5007634,200096,2025-06-19,not_as_described,1105.52
9005796,5043849,200043,2026-02-20,wrong_size,2635.92
9005797,5028120,200246,2025-05-06,defect,1131.55
9005798,5033330,200108,2026-01-30,changed_mind,5884.43
9005799,5032467,200129,2026-06-09,wrong_size,3629.26
9005800,5041426,200165,2025-01-18,changed_mind,6283.78
9005801,5027274,200031,2025-08-24,not_as_described,1751.93
9005802,5015999,200103,2025-05-11,wrong_size,1162.12
9005803,5025134,200244,2025-05-19,wrong_size,1699.59
9005804,5025434,200068,2026-01-15,wrong_size,2717.57
9005805,5009602,200098,2025-02-14,not_as_described,840.23
9005806,5006530,200221,2026-01-27,not_as_described,2829.56
9005807,5035585,200215,2025-06-12,defect,2875.15
9005808,5023296,200161,2025-09-26,changed_mind,5438.48
9005809,5015684,200246,2026-04-21,wrong_size,411.8
9005810,5030758,200063,2026-06-13,not_as_described,2937.56
9005811,5023700,200239,2026-04-18,damaged_delivery,3536.99
9005812,5001979,200068,2025-04-10,defect,1476.81
9005813,5000736,200065,2026-01-24,not_as_described,7193.3
9005814,5042907,200046,2025-06-23,defect,21604.43
9005815,5031836,200118,2025-06-02,damaged_delivery,510.72
9005816,5046079,200183,2025-03-30,damaged_delivery,4214.53
9005817,5026612,200212,2026-02-22,changed_mind,7400.15
9005818,5057600,200031,2026-03-07,changed_mind,1950.82
9005819,5019987,200004,2025-10-29,defect,1257.32
9005820,5046975,200074,2026-06-12,wrong_size,1924.57
9005821,5005028,200180,2025-12-15,changed_mind,1209.12
9005822,5007974,200117,2025-06-02,changed_mind,714.54
9005823,5028535,200050,2025-11-03,changed_mind,1624.93
9005824,5034100,200231,2025-11-06,wrong_size,991.33
9005825,5058234,200029,2026-06-24,not_as_described,5582.4
9005826,5000881,200197,2025-07-24,wrong_size,4044.71
9005827,5050923,200064,2025-12-10,changed_mind,4025.55
9005828,5022923,200204,2025-07-26,changed_mind,1830.18
9005829,5037380,200054,2026-06-16,wrong_size,9990.66
9005830,5053164,200104,2025-10-04,wrong_size,1380.0
9005831,5022954,200211,2025-11-16,wrong_size,3443.89
9005832,5002751,200106,2026-04-16,changed_mind,1796.55
9005833,5039994,200184,2026-02-26,wrong_size,6279.41
9005834,5041417,200125,2025-03-16,changed_mind,710.04
9005835,5056590,200065,2025-01-14,wrong_size,11146.18
9005836,5011353,200037,2025-07-08,changed_mind,2945.57
9005837,5056898,200241,2026-06-30,wrong_size,4108.98
9005838,5056480,200012,2026-01-04,defect,4148.89
9005839,5028308,200070,2025-10-11,damaged_delivery,2411.17
9005840,5005179,200109,2025-09-11,changed_mind,6965.97
9005841,5026712,200048,2026-06-16,wrong_size,3972.5
9005842,5052979,200024,2025-07-02,not_as_described,1714.55
9005843,5036547,200005,2025-04-08,defect,2129.1
9005844,5049221,200059,2025-11-11,defect,2690.17
9005845,5022550,200027,2025-07-22,not_as_described,3746.66
9005846,5043782,200223,2026-03-08,wrong_size,4942.84
9005847,5047315,200076,2026-05-02,wrong_size,699.19
9005848,5032733,200109,2025-06-04,changed_mind,7057.68
9005849,5045336,200169,2025-10-18,defect,4022.3
9005850,5031841,200144,2026-06-20,not_as_described,2388.67
9005851,5049799,200202,2025-08-29,changed_mind,2804.6
9005852,5032907,200087,2026-02-10,wrong_size,1374.38
9005853,5052443,200003,2025-04-15,changed_mind,8624.08
9005854,5041833,200173,2025-01-25,damaged_delivery,1376.82
9005855,5004481,200207,2026-01-28,wrong_size,5522.91
9005856,5008342,200089,2025-05-14,not_as_described,1201.06
9005857,5045609,200012,2025-03-03,defect,1274.61
9005858,5056613,200059,2025-04-22,wrong_size,1141.6
9005859,5007148,200221,2026-01-08,damaged_delivery,5813.85
9005860,5031723,200219,2025-09-26,changed_mind,4729.73
9005861,5008484,200061,2026-03-04,changed_mind,1078.72
9005862,5054825,200245,2026-05-22,changed_mind,540.04
9005863,5018180,200068,2025-09-23,wrong_size,2846.12
9005864,5003015,200151,2025-07-04,not_as_described,2354.38
9005865,5021774,200100,2025-12-23,changed_mind,2073.64
9005866,5059063,200218,2025-10-12,defect,3826.14
9005867,5023158,200246,2025-05-10,damaged_delivery,511.83
9005868,5035346,200102,2026-01-13,defect,2762.59
9005869,5020285,200147,2026-06-17,wrong_size,777.99
9005870,5000764,200087,2025-07-04,damaged_delivery,3042.57
9005871,5038696,200079,2026-05-06,defect,1048.04
9005872,5006600,200083,2025-07-20,not_as_described,1887.2
9005873,5030914,200095,2026-06-21,damaged_delivery,3592.61
9005874,5037579,200238,2025-07-02,damaged_delivery,1765.33
9005875,5042466,200161,2026-01-15,defect,6160.5
9005876,5039103,200045,2026-06-20,not_as_described,2655.65
9005877,5028223,200144,2025-05-09,damaged_delivery,2149.59
9005878,5014242,200048,2025-02-27,not_as_described,5533.35
9005879,5009300,200237,2025-03-18,damaged_delivery,5318.16
9005880,5047775,200239,2025-02-17,not_as_described,1756.83
9005881,5035226,200215,2026-04-13,not_as_described,2173.5
9005882,5012733,200028,2025-10-24,changed_mind,6371.35
9005883,5008883,200144,2026-03-10,not_as_described,1671.82
9005884,5019363,200188,2025-10-05,defect,1315.97
9005885,5027632,200101,2025-10-06,damaged_delivery,505.91
9005886,5057482,200091,2026-05-16,wrong_size,1125.18
9005887,5017861,200162,2025-06-01,wrong_size,2629.39
9005888,5034565,200135,2025-07-25,wrong_size,4039.62
9005889,5048343,200051,2025-04-08,wrong_size,2264.68
9005890,5053319,200216,2025-08-16,defect,3626.31
9005891,5039887,200072,2025-12-02,defect,1396.85
9005892,5058555,200091,2026-06-27,wrong_size,851.17
9005893,5042726,200158,2026-05-08,not_as_described,5195.8
9005894,5036429,200065,2025-06-18,damaged_delivery,2781.15
9005895,5025895,200239,2025-01-19,damaged_delivery,4921.96
9005896,5023068,200037,2025-10-04,changed_mind,1438.59
9005897,5057581,200215,2026-04-30,changed_mind,4842.63
9005898,5041994,200207,2025-06-01,wrong_size,4424.44
9005899,5005005,200067,2025-09-29,changed_mind,10784.64
9005900,5056933,200121,2025-11-05,changed_mind,3403.55
9005901,5021500,200093,2025-12-02,changed_mind,9152.55
9005902,5018154,200002,2026-01-20,defect,681.59
9005903,5048964,200221,2026-03-02,wrong_size,2677.58
9005904,5032959,200069,2025-09-12,wrong_size,3260.96
9005905,5011688,200129,2025-06-10,wrong_size,2469.73
9005906,5030619,200222,2025-04-11,defect,8403.38
9005907,5007067,200097,2025-11-06,not_as_described,4956.5
9005908,5041400,200029,2025-01-11,changed_mind,8545.43
9005909,5024624,200211,2026-04-22,changed_mind,11204.33
9005910,5042786,200175,2025-06-04,damaged_delivery,2696.1
9005911,5028169,200057,2025-11-22,changed_mind,6651.58
9005912,5050033,200166,2025-11-16,defect,6724.64
9005913,5008050,200235,2025-10-29,changed_mind,1519.87
9005914,5023618,200099,2026-01-03,wrong_size,5183.85
9005915,5015804,200063,2026-01-30,defect,3970.04
9005916,5046019,200087,2025-11-06,wrong_size,1939.5
9005917,5058767,200120,2025-01-14,damaged_delivery,6113.86
9005918,5051789,200137,2026-04-28,damaged_delivery,3007.36
9005919,5045843,200084,2026-06-28,wrong_size,2498.87
9005920,5020306,200081,2026-04-18,not_as_described,1644.64
9005921,5039213,200095,2025-03-22,damaged_delivery,4316.68
9005922,5044471,200168,2025-05-29,changed_mind,3831.32
9005923,5028066,200212,2026-04-09,damaged_delivery,8406.14
9005924,5023661,200151,2026-04-30,not_as_described,1138.59
9005925,5046007,200235,2025-12-12,damaged_delivery,3815.85
9005926,5049969,200082,2026-04-14,wrong_size,2020.65
9005927,5044530,200174,2025-11-20,not_as_described,4615.82
9005928,5014875,200196,2026-03-24,wrong_size,3602.86
9005929,5032837,200247,2026-05-31,damaged_delivery,12469.55
9005930,5016384,200070,2025-08-07,wrong_size,2085.93
9005931,5028837,200057,2026-05-25,wrong_size,7593.96
9005932,5028518,200017,2025-12-25,defect,5508.55
9005933,5025553,200197,2026-02-01,wrong_size,5410.67
9005934,5033943,200237,2025-09-16,changed_mind,12053.65
9005935,5058984,200188,2025-03-30,damaged_delivery,2654.26
9005936,5002764,200068,2025-01-23,damaged_delivery,4383.69
9005937,5042807,200242,2025-03-01,changed_mind,8466.24
9005938,5044391,200027,2026-03-20,defect,6218.46
9005939,5016258,200228,2025-02-05,changed_mind,5527.12
9005940,5017654,200155,2025-04-13,not_as_described,28965.62
9005941,5017877,200111,2025-10-06,not_as_described,8812.67
9005942,5010244,200168,2025-10-31,not_as_described,9029.39
9005943,5005523,200181,2025-03-01,damaged_delivery,2309.73
9005944,5041093,200178,2026-03-22,not_as_described,1862.36
9005945,5029626,200240,2025-10-01,defect,1352.62
9005946,5043199,200164,2025-06-10,not_as_described,2360.98
9005947,5052076,200232,2025-07-23,damaged_delivery,2388.74
9005948,5022291,200187,2026-06-25,changed_mind,10310.77
9005949,5032745,200116,2026-04-17,wrong_size,1884.54
9005950,5000790,200098,2026-04-04,wrong_size,2477.58
9005951,5006280,200178,2025-06-01,damaged_delivery,5495.59
9005952,5020510,200178,2025-02-15,defect,2965.11
9005953,5031268,200113,2025-08-15,damaged_delivery,1892.76
9005954,5020188,200036,2025-08-21,damaged_delivery,723.24
9005955,5032618,200239,2025-06-25,wrong_size,3021.64
9005956,5044693,200161,2026-02-17,damaged_delivery,2653.83
9005957,5052259,200122,2026-02-03,damaged_delivery,4832.9
9005958,5026810,200041,2025-02-06,wrong_size,1100.3
9005959,5026351,200087,2025-12-05,not_as_described,2671.24
9005960,5003822,200199,2025-03-05,changed_mind,2878.07
9005961,5025326,200180,2026-04-19,damaged_delivery,2831.75
9005962,5035413,200039,2026-04-08,not_as_described,1031.49
9005963,5009509,200223,2025-10-06,defect,4246.61
9005964,5035205,200195,2025-08-13,not_as_described,37769.55
9005965,5036756,200179,2025-01-18,damaged_delivery,1124.2
9005966,5002290,200178,2026-03-22,defect,4940.96
9005967,5058317,200043,2026-02-28,defect,2952.73
9005968,5010141,200222,2025-02-01,changed_mind,5274.01
9005969,5025298,200090,2025-05-09,damaged_delivery,7478.79
9005970,5020143,200122,2026-05-16,damaged_delivery,3657.81
9005971,5010217,200045,2025-08-08,defect,2257.47
9005972,5056784,200027,2025-03-18,defect,1663.74
9005973,5013918,200218,2025-08-22,not_as_described,6809.51
9005974,5001786,200098,2026-01-16,defect,2243.93
9005975,5026583,200152,2026-05-11,defect,4501.37
9005976,5011501,200002,2025-04-10,defect,1042.34
9005977,5059002,200235,2025-04-06,damaged_delivery,1801.28
9005978,5041198,200159,2026-04-16,defect,1526.45
9005979,5013419,200091,2025-07-26,changed_mind,929.32
9005980,5054037,200169,2026-03-11,damaged_delivery,3969.69
9005981,5053744,200223,2026-02-17,not_as_described,4390.96
9005982,5046169,200085,2026-04-23,wrong_size,5125.96
9005983,5001901,200051,2026-05-03,defect,1071.04
9005984,5026508,200142,2025-05-07,wrong_size,1581.98
9005985,5042541,200178,2026-01-29,changed_mind,3386.2
9005986,5026074,200197,2025-06-28,wrong_size,9173.15
9005987,5003461,200142,2025-06-18,wrong_size,3871.64
9005988,5010781,200085,2025-12-01,damaged_delivery,5276.33
9005989,5022967,200177,2026-03-14,damaged_delivery,5314.68
9005990,5014671,200245,2026-06-11,defect,455.79
9005991,5011222,200065,2025-08-18,wrong_size,5692.26
9005992,5005073,200056,2025-08-29,not_as_described,854.98
9005993,5025966,200036,2026-05-14,damaged_delivery,2200.81
9005994,5020933,200100,2025-04-11,not_as_described,1675.33
9005995,5057349,200203,2025-08-21,defect,382.32
9005996,5006374,200101,2025-01-15,defect,481.47
9005997,5025856,200040,2025-08-06,damaged_delivery,793.64
9005998,5053918,200050,2025-09-29,defect,2213.43
9005999,5004472,200091,2026-03-10,changed_mind,1144.69
9006000,5020386,200216,2025-01-13,damaged_delivery,3889.8
9006001,5033315,200090,2025-06-05,damaged_delivery,8944.7
9006002,5047716,200175,2025-01-15,wrong_size,2759.72
9006003,5005126,200052,2026-02-13,not_as_described,2225.74
9006004,5016335,200043,2025-08-27,changed_mind,6875.18
9006005,5042008,200217,2025-05-28,not_as_described,4836.44
9006006,5008909,200022,2025-09-30,damaged_delivery,2829.92
9006007,5017977,200002,2025-07-12,wrong_size,534.49
9006008,5059205,200076,2026-06-11,wrong_size,650.8
9006009,5020980,200040,2025-12-05,wrong_size,938.62
9006010,5021790,200187,2026-06-03,wrong_size,8821.54
9006011,5046354,200071,2025-07-27,changed_mind,9983.99
9006012,5052905,200068,2025-11-22,defect,1508.08
9006013,5023042,200118,2025-12-10,wrong_size,590.97
9006014,5019449,200174,2025-09-07,damaged_delivery,5162.49
9006015,5046117,200092,2026-01-20,defect,2942.19
9006016,5008552,200063,2026-06-17,defect,2866.55
9006017,5046774,200022,2025-07-25,not_as_described,2197.63
9006018,5023701,200246,2025-07-27,not_as_described,980.28
9006019,5043165,200208,2025-12-16,wrong_size,4188.39
9006020,5001157,200053,2025-07-27,not_as_described,12530.84
9006021,5053973,200081,2025-06-21,wrong_size,1566.99
9006022,5019824,200216,2025-04-15,changed_mind,4289.18
9006023,5014120,200035,2025-08-13,defect,3180.91
9006024,5032022,200106,2026-05-24,defect,3739.6
9006025,5024117,200063,2025-09-19,changed_mind,5846.15
9006026,5051611,200091,2025-04-13,damaged_delivery,842.33
9006027,5019608,200061,2025-08-13,not_as_described,3412.89
9006028,5053141,200080,2025-07-02,not_as_described,3190.54
9006029,5051713,200015,2026-04-09,changed_mind,6372.92
9006030,5013830,200114,2026-02-26,changed_mind,35847.82
9006031,5013828,200159,2025-09-24,defect,641.36
9006032,5029394,200051,2025-07-31,damaged_delivery,2664.69
9006033,5009601,200216,2025-04-04,changed_mind,1948.74
9006034,5045713,200247,2025-04-16,changed_mind,12974.4
9006035,5019532,200195,2026-03-01,changed_mind,40977.7
9006036,5002715,200009,2025-04-26,not_as_described,7067.41
9006037,5016781,200001,2025-08-05,wrong_size,1643.09
9006038,5054089,200213,2025-05-19,not_as_described,5085.71
9006039,5027836,200127,2025-06-19,wrong_size,19343.35
9006040,5040574,200094,2026-06-19,changed_mind,1627.99
9006041,5028061,200193,2025-08-25,damaged_delivery,1362.46
9006042,5003674,200026,2025-06-02,damaged_delivery,3458.86
9006043,5024529,200061,2025-04-19,defect,2878.14
9006044,5051423,200041,2025-09-06,not_as_described,3647.46
9006045,5016984,200072,2025-09-17,wrong_size,1122.53
9006046,5031769,200157,2026-01-19,defect,1077.06
9006047,5011636,200078,2025-11-13,defect,7022.06
9006048,5015818,200120,2025-12-03,wrong_size,3399.69
9006049,5057606,200218,2026-05-16,changed_mind,7325.18
9006050,5045800,200150,2025-04-08,changed_mind,8251.95
9006051,5016980,200191,2025-12-26,wrong_size,1628.76
9006052,5008650,200151,2025-07-13,not_as_described,2346.91
9006053,5013970,200079,2025-04-10,changed_mind,1471.78
9006054,5014189,200028,2026-01-25,changed_mind,8669.51
9006055,5029069,200157,2025-04-29,not_as_described,1190.43
9006056,5010151,200242,2026-02-18,changed_mind,9104.61
9006057,5017723,200171,2025-12-07,damaged_delivery,10972.11
9006058,5024293,200218,2026-01-04,not_as_described,7305.13
9006059,5035869,200116,2025-06-04,defect,969.71
9006060,5036577,200023,2025-11-07,damaged_delivery,2807.89
9006061,5025035,200228,2026-02-13,changed_mind,1816.59
9006062,5015874,200223,2025-05-08,changed_mind,4161.79
9006063,5009231,200003,2025-10-23,wrong_size,16449.16
9006064,5012030,200188,2025-06-26,defect,1060.02
9006065,5027213,200046,2025-03-20,not_as_described,8629.4
9006066,5036222,200049,2025-02-14,defect,1399.3
9006067,5009464,200079,2025-11-18,changed_mind,1360.07
9006068,5046861,200211,2025-07-19,wrong_size,7592.4
9006069,5011493,200180,2026-03-24,changed_mind,1100.05
9006070,5036080,200140,2026-01-26,damaged_delivery,3921.79
9006071,5009609,200240,2025-11-29,wrong_size,2245.36
9006072,5039030,200166,2025-05-31,changed_mind,10681.61
9006073,5026836,200186,2026-05-01,not_as_described,920.79
9006074,5015694,200188,2026-02-28,damaged_delivery,2398.33
9006075,5059394,200219,2025-12-03,damaged_delivery,8087.01
9006076,5041011,200085,2025-11-13,defect,11414.11
9006077,5003780,200205,2026-02-27,defect,21047.66
9006078,5028081,200130,2025-09-17,damaged_delivery,5909.04
9006079,5044736,200171,2025-09-23,wrong_size,3317.85
9006080,5049975,200158,2026-06-11,defect,9190.86
9006081,5021703,200159,2026-03-14,changed_mind,1807.23
9006082,5058399,200247,2025-12-15,changed_mind,8249.63
9006083,5053430,200168,2026-04-07,wrong_size,12179.53
9006084,5012763,200189,2026-05-07,changed_mind,1934.91
9006085,5001441,200170,2025-04-24,changed_mind,1487.33
9006086,5001250,200247,2026-01-16,not_as_described,3273.91
9006087,5006814,200225,2025-08-10,changed_mind,5768.56
9006088,5032813,200035,2025-11-20,defect,2786.85
9006089,5055693,200037,2025-04-04,changed_mind,2519.58
9006090,5013275,200161,2025-10-17,changed_mind,2485.06
9006091,5027525,200198,2026-06-30,not_as_described,5724.78
9006092,5042177,200152,2025-04-29,changed_mind,3920.76
9006093,5058963,200120,2025-05-28,changed_mind,3959.37
9006094,5058993,200128,2025-11-15,defect,4786.82
9006095,5012095,200004,2025-07-12,not_as_described,1253.93
9006096,5051903,200004,2025-05-19,damaged_delivery,702.52
9006097,5043501,200022,2026-04-17,changed_mind,2223.86
9006098,5047526,200050,2025-04-21,changed_mind,1837.83
9006099,5023275,200007,2026-02-27,defect,1781.47
9006100,5058105,200004,2025-11-19,damaged_delivery,646.68
9006101,5023512,200152,2025-08-06,changed_mind,4570.31
9006102,5018919,200057,2026-06-25,changed_mind,19828.85
9006103,5033347,200020,2025-05-17,defect,4967.27
9006104,5016400,200051,2026-05-08,damaged_delivery,2651.46
9006105,5007419,200161,2025-03-19,changed_mind,7381.36
9006106,5025773,200240,2025-07-02,defect,3789.97
9006107,5010159,200172,2025-10-28,not_as_described,2171.63
9006108,5032458,200226,2025-05-29,wrong_size,784.2
9006109,5009010,200036,2026-01-07,not_as_described,1709.5
9006110,5017990,200055,2025-03-21,defect,20430.05
9006111,5005177,200002,2026-03-20,changed_mind,1898.37
9006112,5049335,200121,2025-01-16,not_as_described,3906.24
9006113,5038466,200002,2025-08-04,defect,2093.78
9006114,5033414,200123,2026-01-08,damaged_delivery,11641.75
9006115,5003573,200203,2025-07-04,defect,1395.1
9006116,5036844,200129,2025-04-21,not_as_described,6489.26
9006117,5037756,200246,2025-10-18,not_as_described,664.56
9006118,5039079,200044,2026-04-04,defect,1501.82
9006119,5001550,200116,2026-05-22,changed_mind,987.89
9006120,5005127,200136,2025-12-27,defect,712.85
9006121,5042922,200245,2026-01-26,defect,1025.15
9006122,5036543,200137,2025-12-01,changed_mind,3599.58
9006123,5045389,200075,2025-10-13,changed_mind,981.66
9006124,5059489,200178,2025-12-07,defect,2108.1
9006125,5004560,200110,2025-09-28,not_as_described,1304.71
9006126,5025905,200129,2025-12-13,not_as_described,7704.64
9006127,5039086,200224,2026-06-22,damaged_delivery,2671.19
9006128,5009123,200188,2025-07-23,changed_mind,3039.34
9006129,5015427,200202,2025-08-06,not_as_described,2806.71
9006130,5019468,200071,2025-10-28,not_as_described,3054.37
9006131,5013376,200144,2026-01-10,defect,4183.95
9006132,5001575,200126,2025-05-15,damaged_delivery,412.93
9006133,5040398,200172,2026-02-16,wrong_size,2640.98
9006134,5053753,200125,2025-05-20,wrong_size,653.17
9006135,5015621,200137,2025-04-11,defect,3457.22
9006136,5027781,200003,2025-03-05,defect,22911.24
9006137,5027092,200078,2026-06-18,changed_mind,3230.66
9006138,5049100,200100,2026-02-13,wrong_size,3751.5
9006139,5014189,200028,2025-07-02,defect,9283.04
9006140,5017792,200180,2025-10-01,not_as_described,1280.76
9006141,5032478,200163,2025-08-31,not_as_described,8714.32
9006142,5014976,200081,2025-02-25,defect,2834.84
9006143,5052894,200026,2026-02-10,damaged_delivery,6077.06
9006144,5021472,200061,2025-08-31,not_as_described,1185.79
9006145,5035468,200023,2025-08-04,changed_mind,2697.37
9006146,5009445,200218,2025-06-08,defect,6983.3
9006147,5045766,200018,2025-08-12,defect,693.76
9006148,5024399,200011,2025-01-18,wrong_size,10115.6
9006149,5049140,200028,2025-01-27,changed_mind,4962.15
9006150,5050203,200191,2025-12-01,defect,1936.31
9006151,5028584,200214,2025-06-05,damaged_delivery,27887.62
9006152,5000335,200052,2025-12-12,damaged_delivery,600.72
9006153,5026535,200154,2026-06-07,damaged_delivery,2320.8
9006154,5032746,200216,2025-10-17,wrong_size,5677.73
9006155,5025862,200054,2025-07-16,damaged_delivery,8011.44
9006156,5004416,200087,2025-07-23,not_as_described,1829.31
9006157,5003152,200167,2025-08-20,changed_mind,1238.47
9006158,5050833,200208,2026-02-20,wrong_size,1519.16
9006159,5050250,200192,2026-04-11,changed_mind,2353.54
9006160,5042173,200044,2025-07-22,defect,1932.61
9006161,5014802,200090,2025-03-04,wrong_size,7227.79
9006162,5009965,200192,2025-06-20,changed_mind,2901.66
9006163,5012584,200073,2025-06-11,not_as_described,17378.73
9006164,5040359,200215,2025-02-06,not_as_described,3864.19
9006165,5002700,200247,2025-11-18,wrong_size,3299.19
9006166,5041330,200076,2025-01-20,defect,2628.76
9006167,5023295,200006,2026-02-09,not_as_described,1727.37
9006168,5003779,200218,2026-02-22,wrong_size,4125.62
9006169,5059885,200234,2026-05-14,defect,1070.19
9006170,5014016,200214,2025-05-05,damaged_delivery,18453.13
9006171,5051434,200193,2025-11-29,damaged_delivery,1518.42
9006172,5040338,200065,2025-06-02,changed_mind,3942.28
9006173,5029406,200032,2026-02-19,not_as_described,1634.05
9006174,5015080,200087,2025-05-22,damaged_delivery,1828.07
9006175,5031666,200024,2026-03-16,changed_mind,4183.74
9006176,5004256,200140,2025-03-22,changed_mind,2891.97
9006177,5012184,200019,2025-07-24,changed_mind,12517.12
9006178,5021126,200095,2026-03-16,defect,4098.98
9006179,5002844,200036,2025-04-08,changed_mind,820.06
9006180,5026029,200194,2026-05-09,changed_mind,42365.76
9006181,5020573,200053,2026-05-02,defect,3429.58
9006182,5011948,200009,2025-11-27,changed_mind,4877.78
9006183,5055105,200088,2025-12-10,not_as_described,1917.41
9006184,5049879,200087,2026-03-01,changed_mind,5100.64
9006185,5049060,200201,2025-11-24,not_as_described,2756.26
9006186,5028951,200013,2025-04-27,changed_mind,3396.53
9006187,5045728,200168,2026-02-03,changed_mind,7752.92
9006188,5054181,200131,2025-12-31,defect,2218.44
9006189,5032956,200185,2025-04-08,wrong_size,6452.93
9006190,5014344,200072,2025-09-10,wrong_size,2656.07
9006191,5042396,200199,2026-06-26,defect,6839.61
9006192,5029774,200129,2026-01-24,changed_mind,9469.13
9006193,5019238,200124,2026-02-17,not_as_described,6288.0
9006194,5047846,200099,2026-03-06,wrong_size,1603.08
9006195,5013842,200167,2025-10-04,not_as_described,3098.4
9006196,5042333,200184,2026-04-10,defect,2495.66
9006197,5002000,200198,2025-11-17,wrong_size,1466.1
9006198,5023452,200221,2025-07-22,damaged_delivery,1247.14
9006199,5001463,200129,2025-04-21,defect,8630.77
9006200,5037574,200214,2025-10-21,damaged_delivery,36118.1
9006201,5040016,200063,2026-04-28,damaged_delivery,7381.19
9006202,5007863,200149,2025-12-05,wrong_size,3082.19
9006203,5008345,200142,2026-01-03,defect,1410.07
9006204,5022787,200089,2025-02-03,changed_mind,1521.9
9006205,5046447,200222,2026-05-25,damaged_delivery,5379.69
9006206,5043968,200161,2025-11-28,wrong_size,5437.47
9006207,5041445,200172,2025-09-01,changed_mind,2594.3
9006208,5006852,200055,2025-04-12,changed_mind,8605.69
9006209,5000716,200123,2025-01-20,not_as_described,6410.06
9006210,5002244,200123,2025-09-27,not_as_described,13912.41
9006211,5030489,200218,2026-04-30,wrong_size,3378.42
9006212,5040832,200237,2026-02-17,damaged_delivery,15248.29
9006213,5003255,200013,2025-08-19,changed_mind,8356.31
9006214,5048783,200029,2025-07-04,not_as_described,3881.51
9006215,5050158,200007,2026-01-08,wrong_size,1480.24
9006216,5036589,200024,2026-06-30,defect,3050.6
9006217,5052128,200049,2025-05-28,changed_mind,2563.18
9006218,5051467,200241,2025-12-06,not_as_described,2257.75
9006219,5042893,200005,2025-06-28,damaged_delivery,5241.57
9006220,5037932,200104,2026-06-16,damaged_delivery,1295.9
9006221,5014145,200241,2026-03-18,damaged_delivery,4597.12
9006222,5057678,200024,2025-10-16,wrong_size,2048.92
9006223,5019821,200076,2026-01-05,not_as_described,1428.62
9006224,5058124,200072,2026-02-23,changed_mind,1544.32
9006225,5044039,200077,2025-04-16,changed_mind,17651.78
9006226,5045598,200115,2026-01-12,not_as_described,2528.12
9006227,5028373,200133,2025-06-13,not_as_described,13174.99
9006228,5030583,200178,2025-10-08,not_as_described,1915.87
9006229,5051227,200001,2025-07-03,not_as_described,1521.94
9006230,5058245,200129,2025-11-06,not_as_described,7827.8
9006231,5038171,200160,2026-02-05,wrong_size,3617.7
9006232,5035366,200074,2025-10-14,wrong_size,5139.44
9006233,5026612,200212,2026-02-16,wrong_size,7906.3
9006234,5044814,200067,2026-05-29,changed_mind,12914.33
9006235,5021189,200167,2026-06-26,changed_mind,3363.47
9006236,5057887,200191,2025-07-12,changed_mind,883.8
9006237,5023936,200103,2026-03-14,not_as_described,1011.61
9006238,5018177,200168,2025-01-20,not_as_described,4765.09
9006239,5039754,200052,2025-10-05,defect,1484.04
9006240,5015978,200005,2025-10-04,not_as_described,2376.67
9006241,5031157,200096,2025-11-25,not_as_described,970.65
9006242,5031253,200140,2025-12-23,wrong_size,4371.47
9006243,5030537,200192,2025-11-10,wrong_size,2149.93
9006244,5053452,200214,2025-01-17,wrong_size,28837.98
9006245,5016445,200185,2026-05-26,not_as_described,2658.64
9006246,5021751,200106,2025-08-01,changed_mind,5620.97
9006247,5032286,200060,2026-06-12,wrong_size,1536.09
9006248,5041696,200218,2026-03-04,wrong_size,2095.36
9006249,5027903,200182,2025-11-19,wrong_size,3807.29
9006250,5019521,200171,2025-12-24,defect,6473.97
9006251,5023067,200088,2026-01-22,changed_mind,1821.4
9006252,5043054,200228,2025-05-06,defect,1937.66
9006253,5024145,200218,2025-09-12,changed_mind,1870.95
9006254,5006136,200205,2026-03-19,wrong_size,23881.72
9006255,5046128,200130,2025-10-09,defect,11299.33
9006256,5034901,200142,2025-04-09,damaged_delivery,3925.1
9006257,5056934,200118,2026-04-24,changed_mind,1093.89
9006258,5019374,200132,2025-10-29,not_as_described,409.58
9006259,5051147,200092,2025-05-07,defect,5670.32
9006260,5019901,200156,2025-02-04,wrong_size,1573.2
9006261,5043034,200073,2026-04-26,damaged_delivery,12515.33
9006262,5025483,200081,2025-02-04,not_as_described,3047.26
9006263,5031134,200090,2025-07-02,changed_mind,8698.62
9006264,5007102,200112,2025-11-10,damaged_delivery,9781.82
9006265,5019744,200229,2025-10-28,changed_mind,13110.25
9006266,5041564,200105,2025-08-21,damaged_delivery,726.34
9006267,5053569,200009,2026-05-16,not_as_described,3524.71
9006268,5027803,200134,2026-02-24,wrong_size,1801.64
9006269,5051747,200060,2025-01-25,changed_mind,1792.38
9006270,5007023,200148,2025-03-16,changed_mind,3515.87
9006271,5048149,200213,2025-11-20,defect,1796.22
9006272,5055791,200112,2025-03-07,defect,20444.52
9006273,5045753,200074,2026-03-19,damaged_delivery,3529.54
9006274,5002567,200165,2025-03-28,changed_mind,3290.94
9006275,5001914,200226,2025-01-19,wrong_size,865.73
9006276,5057055,200198,2025-10-04,wrong_size,1906.93
9006277,5059525,200036,2025-05-26,wrong_size,1914.55
9006278,5051161,200171,2025-05-26,changed_mind,6991.77
9006279,5044519,200088,2025-10-14,changed_mind,2516.59
9006280,5034622,200196,2025-02-01,damaged_delivery,4780.44
9006281,5049922,200002,2025-09-07,not_as_described,676.84
9006282,5043430,200231,2025-07-31,changed_mind,895.05
9006283,5057421,200166,2025-04-22,damaged_delivery,7704.55
9006284,5023731,200238,2026-05-30,not_as_described,810.43
9006285,5043657,200144,2025-12-29,not_as_described,5480.72
9006286,5047023,200140,2026-06-30,defect,3973.06
9006287,5054480,200189,2025-12-12,wrong_size,4171.23
9006288,5051564,200115,2025-05-01,not_as_described,2833.18
9006289,5055126,200074,2025-06-20,changed_mind,4204.87
9006290,5033995,200071,2026-05-17,changed_mind,3411.49
9006291,5030120,200068,2025-09-30,damaged_delivery,1348.62
9006292,5025215,200025,2025-09-03,damaged_delivery,11707.56
9006293,5014546,200203,2025-03-25,not_as_described,1008.24
9006294,5057756,200056,2025-11-04,damaged_delivery,1611.36
9006295,5022003,200087,2025-01-25,changed_mind,3635.94
9006296,5047864,200070,2026-01-10,changed_mind,5251.83
9006297,5023151,200079,2026-02-18,defect,2283.33
9006298,5053674,200172,2025-04-03,changed_mind,2596.26
9006299,5038314,200001,2026-01-05,wrong_size,1539.61
9006300,5055713,200185,2026-02-20,not_as_described,5483.55
9006301,5039169,200193,2026-06-12,damaged_delivery,1482.26
9006302,5010855,200213,2025-04-22,not_as_described,1567.28
9006303,5050025,200185,2026-02-10,changed_mind,2462.11
9006304,5019756,200125,2025-05-30,not_as_described,1283.94
9006305,5053815,200084,2025-04-20,changed_mind,2442.61
9006306,5037883,200061,2025-03-20,wrong_size,1179.97
9006307,5004569,200003,2026-02-22,changed_mind,5931.71
9006308,5035781,200225,2025-02-20,damaged_delivery,5435.78
9006309,5032164,200051,2025-09-13,changed_mind,1438.05
9006310,5023149,200027,2026-02-22,defect,4222.58
9006311,5049293,200201,2025-05-02,not_as_described,1297.21
9006312,5047064,200246,2025-08-20,changed_mind,1282.27
9006313,5029025,200174,2026-04-05,changed_mind,2729.1
9006314,5035797,200208,2025-02-20,changed_mind,1626.59
9006315,5003890,200080,2026-01-29,changed_mind,1345.68
9006316,5008940,200068,2025-09-09,not_as_described,3919.33
9006317,5005862,200052,2025-11-02,changed_mind,1434.8
9006318,5015208,200030,2026-01-01,wrong_size,3764.92
9006319,5016852,200004,2025-02-28,defect,621.67
9006320,5009311,200247,2026-03-21,changed_mind,8383.47
9006321,5059334,200139,2026-05-30,defect,2743.11
9006322,5056994,200228,2026-03-17,damaged_delivery,5530.94
9006323,5028378,200177,2025-10-05,defect,4731.74
9006324,5038962,200118,2026-06-02,damaged_delivery,1337.0
9006325,5005265,200218,2025-02-24,not_as_described,3776.77
9006326,5031015,200189,2026-03-25,defect,1951.65
9006327,5012886,200157,2025-08-12,wrong_size,1260.14
9006328,5008905,200173,2025-05-23,not_as_described,2741.26
9006329,5050454,200145,2025-01-12,not_as_described,7720.82
9006330,5011209,200010,2025-05-15,defect,3718.72
9006331,5033486,200237,2025-08-18,not_as_described,14065.52
9006332,5041435,200125,2025-06-13,wrong_size,1542.45
9006333,5059894,200173,2025-05-07,defect,1491.32
9006334,5005252,200078,2026-04-18,not_as_described,9232.18
9006335,5048276,200054,2025-08-25,wrong_size,10516.51
9006336,5049904,200069,2025-01-15,changed_mind,1512.67
9006337,5026282,200195,2025-02-11,defect,37865.81
9006338,5026631,200104,2025-07-07,not_as_described,1715.98
9006339,5036740,200062,2025-03-27,wrong_size,1553.16
9006340,5051255,200001,2026-01-31,damaged_delivery,1520.55
9006341,5013847,200175,2026-06-25,changed_mind,2218.17
9006342,5051353,200011,2025-11-23,changed_mind,2829.78
9006343,5016941,200227,2025-09-26,not_as_described,2809.17
9006344,5032057,200065,2025-01-29,damaged_delivery,3276.98
9006345,5042960,200018,2025-12-29,damaged_delivery,2046.48
9006346,5052489,200197,2026-01-07,wrong_size,11335.47
9006347,5039821,200068,2025-10-12,damaged_delivery,3391.27
9006348,5017556,200107,2026-04-27,changed_mind,4499.87
9006349,5039951,200163,2025-03-12,damaged_delivery,2707.16
9006350,5016123,200178,2026-06-25,defect,3486.19
9006351,5016383,200109,2025-04-22,wrong_size,9442.67
9006352,5015550,200164,2025-11-17,changed_mind,2047.12
9006353,5002087,200097,2025-07-28,not_as_described,5496.44
9006354,5030788,200213,2026-02-25,not_as_described,2129.97
9006355,5022157,200177,2025-04-02,defect,4242.42
9006356,5017541,200031,2025-07-25,defect,1051.7
9006357,5023305,200176,2025-01-24,changed_mind,1721.49
9006358,5015627,200181,2026-06-01,changed_mind,2432.76
9006359,5005402,200218,2025-03-01,damaged_delivery,1875.15
9006360,5052546,200222,2025-04-21,defect,2941.51
9006361,5026832,200239,2026-02-24,changed_mind,1814.86
9006362,5054603,200153,2026-04-16,wrong_size,2455.91
9006363,5050797,200044,2025-10-13,defect,1497.39
9006364,5051260,200239,2025-09-27,changed_mind,3071.01
9006365,5023640,200219,2026-05-28,defect,5050.65
9006366,5037625,200209,2025-07-26,not_as_described,6952.98
9006367,5014865,200237,2026-05-03,damaged_delivery,12496.57
9006368,5059236,200147,2026-01-31,not_as_described,559.77
9006369,5022343,200201,2025-10-20,changed_mind,1144.52
9006370,5058586,200160,2026-06-22,changed_mind,971.22
9006371,5003564,200107,2026-02-21,changed_mind,2020.72
9006372,5054732,200195,2026-06-29,defect,24611.55
9006373,5031892,200231,2026-02-26,defect,466.41
9006374,5030689,200159,2025-02-21,changed_mind,766.88
9006375,5046051,200244,2025-07-24,damaged_delivery,1233.05
9006376,5059152,200122,2025-05-06,damaged_delivery,6079.64
9006377,5008989,200129,2026-05-24,wrong_size,5868.57
9006378,5055721,200111,2026-03-24,changed_mind,7700.3
9006379,5047707,200189,2025-12-11,wrong_size,4317.37
9006380,5053364,200081,2025-07-18,changed_mind,2797.06
9006381,5030838,200224,2026-04-16,changed_mind,2465.85
9006382,5003841,200162,2026-05-01,not_as_described,3267.37
9006383,5043844,200160,2025-10-07,defect,2366.38
9006384,5028263,200247,2026-03-28,not_as_described,6834.15
9006385,5052877,200110,2026-01-11,wrong_size,848.92
9006386,5015477,200245,2026-05-22,wrong_size,973.93
9006387,5031282,200087,2026-03-26,wrong_size,3040.16
9006388,5028686,200071,2025-01-21,defect,2852.62
9006389,5055780,200031,2025-06-02,wrong_size,898.69
9006390,5045452,200223,2025-10-15,damaged_delivery,4691.2
9006391,5032955,200142,2025-06-04,wrong_size,4227.13
9006392,5007912,200144,2025-01-28,wrong_size,2594.22
9006393,5052895,200179,2025-05-06,damaged_delivery,594.76
9006394,5040631,200220,2026-03-26,damaged_delivery,6037.05
9006395,5038748,200035,2026-01-14,changed_mind,9810.72
9006396,5021325,200079,2025-03-26,defect,4280.74
9006397,5011488,200162,2025-05-14,wrong_size,2005.91
9006398,5059334,200120,2025-05-29,changed_mind,3431.89
9006399,5024081,200072,2025-03-12,not_as_described,2772.89
9006400,5022324,200215,2025-10-16,wrong_size,4170.24
9006401,5053357,200185,2025-01-14,damaged_delivery,2291.5
9006402,5011872,200139,2025-03-04,damaged_delivery,4998.08
9006403,5011710,200092,2025-11-17,changed_mind,5732.79
9006404,5041411,200239,2025-03-09,defect,3600.16
9006405,5031249,200041,2025-01-15,defect,779.02
9006406,5043307,200099,2025-06-24,defect,4014.21
9006407,5047599,200072,2025-05-30,changed_mind,1526.44
9006408,5002334,200216,2025-02-07,defect,2032.84
9006409,5000196,200027,2026-03-26,damaged_delivery,3095.46
9006410,5007444,200052,2025-06-09,not_as_described,1743.11
9006411,5021555,200044,2026-01-26,changed_mind,2862.93
9006412,5009038,200213,2025-10-05,wrong_size,5804.32
9006413,5051984,200008,2025-06-18,damaged_delivery,6679.33
9006414,5010524,200153,2026-01-07,damaged_delivery,1874.98
9006415,5036808,200235,2026-02-12,defect,2150.38
9006416,5017415,200234,2026-05-10,defect,2892.39
9006417,5027645,200108,2025-11-01,damaged_delivery,12381.75
9006418,5004628,200022,2025-07-29,changed_mind,3024.55
9006419,5015871,200213,2026-01-11,defect,4329.76
9006420,5021005,200180,2025-10-06,damaged_delivery,2695.54
9006421,5057574,200041,2026-03-07,damaged_delivery,1013.54
9006422,5049433,200100,2026-03-10,defect,1610.92
9006423,5046567,200061,2026-03-20,damaged_delivery,1241.53
9006424,5041737,200230,2026-04-24,changed_mind,2806.71
9006425,5045833,200239,2026-02-08,defect,1541.58
9006426,5047171,200175,2025-12-07,damaged_delivery,842.86
9006427,5029497,200135,2025-02-20,wrong_size,8155.68
9006428,5006647,200161,2026-01-18,changed_mind,2394.84
9006429,5019346,200163,2025-06-07,changed_mind,2469.2
9006430,5017320,200177,2025-12-22,wrong_size,3648.98
9006431,5020422,200185,2025-07-09,damaged_delivery,6118.62
9006432,5045768,200137,2025-01-24,not_as_described,5527.61
9006433,5051459,200020,2025-12-27,wrong_size,5988.41
9006434,5025653,200119,2025-01-13,not_as_described,4949.83
9006435,5055390,200016,2025-07-14,not_as_described,7207.0
9006436,5013570,200239,2025-04-13,changed_mind,2069.57
9006437,5015759,200007,2025-05-01,damaged_delivery,4067.55
9006438,5017646,200082,2025-04-19,damaged_delivery,7009.68
9006439,5040158,200128,2025-12-08,defect,2886.13
9006440,5024215,200168,2025-06-15,damaged_delivery,14744.19
9006441,5057903,200135,2025-01-17,not_as_described,4498.7
9006442,5048244,200072,2025-01-19,changed_mind,1278.66
9006443,5020551,200212,2025-05-02,damaged_delivery,6184.1
9006444,5016694,200122,2026-01-29,changed_mind,6035.32
9006445,5007732,200215,2026-05-28,damaged_delivery,2631.22
9006446,5048379,200166,2025-10-23,defect,2634.37
9006447,5000663,200228,2025-02-23,changed_mind,2489.9
9006448,5005641,200208,2026-06-29,changed_mind,3365.97
9006449,5011041,200021,2025-08-27,changed_mind,11847.81
9006450,5025113,200136,2025-12-31,defect,1370.4
9006451,5034224,200112,2025-07-13,changed_mind,33647.86
9006452,5013415,200208,2025-04-07,wrong_size,1434.03
9006453,5005725,200164,2025-03-11,not_as_described,2061.47
9006454,5003073,200244,2025-10-16,changed_mind,2685.62
9006455,5017480,200017,2026-01-04,changed_mind,6301.42
9006456,5042189,200108,2026-04-13,damaged_delivery,3757.1
9006457,5056469,200133,2026-01-09,wrong_size,30090.66
9006458,5053154,200179,2025-12-19,defect,443.77
9006459,5007810,200060,2025-12-26,damaged_delivery,1721.04
9006460,5015617,200030,2025-07-07,not_as_described,1909.75
9006461,5038477,200152,2025-04-02,defect,4080.32
9006462,5053350,200055,2025-08-18,not_as_described,21856.65
9006463,5006035,200142,2025-01-24,not_as_described,5545.6
9006464,5030699,200064,2025-05-24,damaged_delivery,1325.47
9006465,5001253,200239,2025-08-30,not_as_described,4091.34
9006466,5041790,200118,2025-08-02,not_as_described,955.21
9006467,5003581,200230,2025-12-05,not_as_described,4716.88
9006468,5028417,200202,2025-08-25,wrong_size,1472.69
9006469,5029971,200141,2025-03-26,changed_mind,1069.0
9006470,5039400,200030,2025-04-25,changed_mind,3923.42
9006471,5045260,200049,2026-05-23,changed_mind,4035.08
9006472,5044148,200181,2025-10-30,changed_mind,1909.0
9006473,5035659,200091,2025-04-12,not_as_described,1684.16
9006474,5052311,200140,2025-10-04,defect,3891.82
9006475,5035652,200210,2026-04-23,damaged_delivery,4147.74
9006476,5005570,200019,2025-06-09,changed_mind,11844.98
9006477,5041924,200079,2026-03-10,damaged_delivery,1393.32
9006478,5047101,200130,2025-05-03,changed_mind,5541.17
9006479,5011162,200140,2025-04-22,wrong_size,7009.61
9006480,5009914,200028,2026-01-07,defect,6517.85
9006481,5050773,200003,2025-02-11,damaged_delivery,6392.89
9006482,5016219,200163,2025-12-27,defect,4688.36
9006483,5011726,200215,2026-03-31,not_as_described,5517.81
9006484,5001847,200104,2025-01-18,changed_mind,3460.59
9006485,5017741,200149,2026-03-20,changed_mind,1365.91
9006486,5039518,200242,2026-03-12,not_as_described,2380.62
9006487,5044373,200031,2025-12-01,wrong_size,3046.16
9006488,5034144,200197,2025-06-30,changed_mind,4159.72
9006489,5028379,200225,2025-06-14,changed_mind,11515.35
9006490,5019691,200144,2026-04-11,changed_mind,2416.81
9006491,5046798,200150,2025-01-22,changed_mind,4653.96
9006492,5034964,200247,2025-02-15,changed_mind,9982.89
9006493,5020007,200126,2025-02-23,defect,447.84
9006494,5053989,200089,2025-04-15,changed_mind,1487.58
9006495,5049473,200216,2026-01-20,defect,1800.93
9006496,5030075,200046,2025-12-08,changed_mind,9814.28
9006497,5026457,200042,2025-11-21,defect,2768.1
9006498,5014105,200211,2026-01-17,changed_mind,4033.07
9006499,5014608,200088,2026-04-12,not_as_described,2177.92
9006500,5057983,200007,2026-04-30,wrong_size,3414.11
9006501,5045799,200160,2025-04-07,changed_mind,3070.14
9006502,5052051,200213,2025-07-21,defect,3521.78
9006503,5016608,200228,2025-06-07,damaged_delivery,2328.76
9006504,5009164,200098,2025-11-29,changed_mind,1290.33
9006505,5026825,200197,2025-12-01,not_as_described,12119.09
9006506,5025861,200158,2025-02-28,damaged_delivery,2863.31
9006507,5005522,200174,2025-02-23,defect,7925.64
9006508,5049157,200232,2025-08-28,changed_mind,2603.33
9006509,5008465,200176,2025-06-02,damaged_delivery,1507.37
9006510,5049205,200175,2026-01-26,wrong_size,2456.31
9006511,5051370,200163,2025-12-12,not_as_described,3979.5
9006512,5054243,200235,2025-07-13,not_as_described,4103.0
9006513,5053887,200112,2025-11-09,damaged_delivery,20482.82
9006514,5032177,200190,2025-07-19,defect,4879.76
9006515,5046214,200225,2025-02-13,not_as_described,5958.47
9006516,5014217,200158,2025-12-07,wrong_size,2804.04
9006517,5019929,200165,2025-07-24,damaged_delivery,2849.32
9006518,5004979,200147,2025-11-28,defect,1317.45
9006519,5028531,200052,2025-11-03,not_as_described,1464.53
9006520,5016773,200197,2025-08-02,defect,7776.12
9006521,5002057,200210,2026-01-18,not_as_described,4560.63
9006522,5001950,200107,2025-12-19,wrong_size,2099.55
9006523,5008826,200203,2026-05-02,damaged_delivery,380.87
9006524,5052992,200158,2025-01-27,not_as_described,2501.64
9006525,5033880,200234,2025-06-01,wrong_size,1373.73
9006526,5017385,200079,2025-03-22,defect,1094.11
9006527,5047641,200211,2026-03-17,changed_mind,11334.59
9006528,5026332,200149,2026-04-09,changed_mind,1102.35
9006529,5042545,200243,2025-11-25,defect,3983.26
9006530,5018796,200052,2026-04-24,wrong_size,1484.83
9006531,5040607,200083,2025-07-13,wrong_size,3254.68
9006532,5034518,200234,2025-12-29,damaged_delivery,4974.83
9006533,5021179,200094,2025-12-18,damaged_delivery,679.02
9006534,5021444,200136,2025-11-14,not_as_described,719.47
9006535,5007112,200243,2026-04-13,damaged_delivery,2016.23
9006536,5053095,200059,2025-08-10,changed_mind,2649.04
9006537,5054957,200016,2026-04-16,changed_mind,8929.99
9006538,5037107,200054,2025-04-08,changed_mind,4459.1
9006539,5046003,200104,2026-02-22,changed_mind,1325.02
9006540,5040300,200203,2025-09-14,damaged_delivery,375.53
9006541,5055454,200108,2026-05-24,not_as_described,9141.67
9006542,5040051,200191,2026-04-26,changed_mind,1490.7
9006543,5015405,200141,2026-05-20,damaged_delivery,3362.3
9006544,5035652,200210,2025-08-23,damaged_delivery,4095.2
9006545,5003555,200065,2025-04-25,wrong_size,2986.68
9006546,5055151,200193,2025-11-14,wrong_size,2924.89
9006547,5037091,200137,2025-09-08,changed_mind,4390.72
9006548,5043862,200183,2025-11-01,defect,2846.57
9006549,5014491,200140,2025-01-22,not_as_described,7193.58
9006550,5022049,200246,2025-02-23,not_as_described,1772.13
9006551,5019037,200200,2026-03-05,damaged_delivery,5089.0
9006552,5051405,200224,2025-08-03,wrong_size,2450.63
9006553,5036705,200140,2026-03-13,changed_mind,6201.2
9006554,5020187,200047,2026-02-06,defect,18608.9
9006555,5041167,200084,2026-02-08,wrong_size,1236.62
9006556,5059347,200170,2025-05-04,defect,639.17
9006557,5016133,200210,2026-02-20,changed_mind,7854.2
9006558,5042956,200023,2025-08-28,not_as_described,1452.73
9006559,5043353,200011,2026-06-07,changed_mind,8180.41
9006560,5003855,200161,2025-03-25,defect,5819.36
9006561,5048666,200087,2026-05-05,damaged_delivery,1808.01
9006562,5021723,200063,2025-08-14,not_as_described,10459.25
9006563,5025621,200207,2026-03-05,changed_mind,3786.25
9006564,5026353,200164,2025-02-27,changed_mind,1985.94
9006565,5058535,200064,2026-04-03,changed_mind,3924.51
9006566,5015447,200007,2025-10-17,changed_mind,1758.36
9006567,5033041,200204,2026-06-07,defect,3534.44
9006568,5014159,200179,2025-08-02,defect,1273.93
9006569,5014606,200119,2025-10-31,damaged_delivery,4141.45
9006570,5023834,200219,2026-03-13,not_as_described,2123.2
9006571,5028217,200033,2025-01-12,changed_mind,8355.0
9006572,5007749,200094,2025-09-17,changed_mind,879.55
9006573,5045328,200227,2025-06-12,changed_mind,4024.91
9006574,5045282,200011,2026-03-04,wrong_size,3084.72
9006575,5041625,200247,2025-03-13,damaged_delivery,3629.96
9006576,5004462,200048,2026-05-13,wrong_size,1747.5
9006577,5003259,200240,2026-06-30,damaged_delivery,1192.28
9006578,5052081,200160,2025-09-03,defect,1356.31
9006579,5025994,200088,2025-09-22,defect,4728.94
9006580,5043733,200179,2025-12-08,wrong_size,470.37
9006581,5040766,200064,2025-04-09,wrong_size,1441.45
9006582,5011279,200203,2025-07-09,defect,1038.48
9006583,5035602,200093,2025-04-23,defect,6308.25
9006584,5003525,200100,2026-03-22,changed_mind,3597.2
9006585,5012774,200181,2025-10-24,defect,2345.56
9006586,5059414,200116,2025-12-15,changed_mind,980.56
9006587,5040089,200089,2025-02-13,defect,1495.46
9006588,5027058,200239,2025-09-14,defect,1818.02
9006589,5046803,200141,2025-07-10,not_as_described,2561.36
9006590,5014667,200164,2025-05-02,not_as_described,1430.82
9006591,5053608,200223,2025-04-16,changed_mind,8616.56
9006592,5035414,200215,2025-10-04,changed_mind,2598.51
9006593,5029396,200117,2025-03-27,changed_mind,315.22
9006594,5016564,200246,2026-03-10,changed_mind,1820.09
9006595,5026867,200159,2025-09-21,wrong_size,1339.46
9006596,5047642,200219,2025-03-17,changed_mind,2508.42
9006597,5018154,200002,2025-12-02,changed_mind,596.91
9006598,5012948,200209,2025-06-10,changed_mind,3047.69
9006599,5024573,200023,2026-01-24,changed_mind,1564.51
9006600,5048832,200138,2025-09-26,changed_mind,4281.77
9006601,5051054,200083,2026-05-06,not_as_described,1607.73
9006602,5007964,200219,2026-02-13,damaged_delivery,2226.84
9006603,5053979,200095,2025-04-23,wrong_size,3039.93
9006604,5006302,200046,2025-09-04,not_as_described,25374.68
9006605,5016390,200183,2026-02-01,not_as_described,1552.67
9006606,5031224,200240,2026-05-08,not_as_described,2356.47
9006607,5053010,200026,2025-07-04,changed_mind,3042.73
9006608,5006770,200115,2025-04-16,damaged_delivery,4973.74
9006609,5038923,200071,2025-12-30,defect,2306.95
9006610,5005621,200078,2025-09-18,changed_mind,10533.03
9006611,5050654,200136,2026-05-06,wrong_size,1158.64
9006612,5032256,200127,2025-01-23,damaged_delivery,5495.5
9006613,5048374,200123,2025-03-18,not_as_described,6570.42
9006614,5009343,200168,2025-03-21,changed_mind,13568.51
9006615,5044792,200215,2025-02-03,damaged_delivery,5492.03
9006616,5025073,200093,2025-12-12,defect,5531.44
9006617,5007299,200081,2025-09-17,damaged_delivery,2184.92
9006618,5033378,200172,2026-01-03,defect,4533.11
9006619,5034584,200091,2025-01-29,defect,784.65
9006620,5057991,200182,2025-03-04,defect,2282.56
9006621,5042305,200225,2026-04-09,defect,6529.88
9006622,5022355,200116,2025-02-23,damaged_delivery,2653.05
9006623,5021546,200124,2025-09-23,not_as_described,3385.07
9006624,5003509,200098,2026-05-24,damaged_delivery,892.57
9006625,5038328,200128,2025-04-19,wrong_size,4510.46
9006626,5025045,200113,2025-08-01,defect,1949.69
9006627,5056570,200219,2025-06-26,not_as_described,4014.36
9006628,5000270,200067,2025-12-29,defect,4449.5
9006629,5003570,200105,2026-01-14,damaged_delivery,1669.69
9006630,5018282,200167,2025-03-11,defect,2429.57
9006631,5041430,200226,2026-01-08,damaged_delivery,1511.36
9006632,5049563,200120,2026-06-23,changed_mind,9994.34
9006633,5010368,200100,2025-05-12,changed_mind,1684.37
9006634,5014704,200243,2025-06-01,not_as_described,3982.59
9006635,5022425,200162,2026-02-16,damaged_delivery,2612.13
9006636,5038448,200163,2025-09-12,changed_mind,7390.2
9006637,5052051,200032,2025-12-03,changed_mind,1746.09
9006638,5056583,200176,2026-06-01,defect,2165.57
9006639,5056398,200103,2026-05-23,defect,944.85
9006640,5009782,200204,2025-12-11,defect,1125.68
9006641,5024036,200222,2026-06-29,changed_mind,5010.12
9006642,5055026,200171,2026-01-05,wrong_size,6982.88
9006643,5049950,200242,2025-04-23,wrong_size,2122.73
9006644,5038964,200008,2026-03-16,not_as_described,18108.82
9006645,5040547,200085,2025-01-17,not_as_described,5433.74
9006646,5040360,200120,2025-06-29,damaged_delivery,6324.02
9006647,5024639,200169,2025-08-04,wrong_size,3992.81
9006648,5049832,200112,2026-02-06,defect,18559.05
9006649,5009610,200149,2026-02-24,changed_mind,1444.01
9006650,5058220,200184,2025-07-08,wrong_size,5969.09
9006651,5056022,200191,2025-02-22,damaged_delivery,1764.05
9006652,5043089,200217,2025-11-29,changed_mind,5610.37
9006653,5021859,200037,2025-06-17,damaged_delivery,997.08
9006654,5001368,200083,2026-01-22,defect,1612.04
9006655,5043204,200170,2026-06-21,defect,569.95
9006656,5013646,200202,2025-07-13,damaged_delivery,934.21
9006657,5038152,200040,2025-11-27,wrong_size,402.75
9006658,5003273,200212,2025-09-27,damaged_delivery,7777.21
9006659,5030448,200013,2025-11-03,wrong_size,3087.63
9006660,5059600,200180,2025-09-30,damaged_delivery,2147.44
9006661,5011891,200234,2025-10-22,not_as_described,2838.26
9006662,5010118,200032,2025-01-29,damaged_delivery,1599.9
9006663,5049907,200223,2025-07-30,wrong_size,4441.06
9006664,5011566,200239,2025-08-28,damaged_delivery,1690.87
9006665,5014910,200187,2025-10-03,wrong_size,4649.76
9006666,5028385,200244,2025-04-04,damaged_delivery,4694.82
9006667,5028695,200099,2025-08-01,wrong_size,1496.35
9006668,5035663,200039,2025-04-21,damaged_delivery,1179.48
9006669,5051170,200136,2026-06-19,damaged_delivery,1999.08
9006670,5016624,200227,2026-06-08,damaged_delivery,4241.72
9006671,5022308,200018,2026-06-29,wrong_size,1564.89
9006672,5018461,200236,2025-12-23,changed_mind,3592.22
9006673,5005570,200037,2025-10-06,wrong_size,2267.44
9006674,5019785,200011,2026-04-26,changed_mind,3375.29
9006675,5029580,200050,2025-03-30,not_as_described,896.35
9006676,5031923,200084,2025-12-31,changed_mind,1057.58
9006677,5017008,200062,2026-01-06,damaged_delivery,2965.9
9006678,5033317,200132,2025-11-15,damaged_delivery,391.21
9006679,5057960,200193,2025-05-14,defect,1285.71
9006680,5011125,200198,2025-10-08,damaged_delivery,4859.43
9006681,5047392,200203,2025-06-05,not_as_described,429.47
9006682,5014955,200186,2025-12-04,changed_mind,1202.42
9006683,5034153,200108,2025-06-09,changed_mind,10716.0
9006684,5006902,200036,2026-05-14,defect,2286.51
9006685,5031866,200134,2025-04-08,damaged_delivery,2023.5
9006686,5000321,200231,2025-06-13,not_as_described,660.29
9006687,5014501,200021,2025-02-10,damaged_delivery,4407.75
9006688,5046720,200161,2025-02-27,wrong_size,8005.06
9006689,5004941,200100,2025-07-08,defect,1787.92
9006690,5050922,200177,2026-06-15,damaged_delivery,2515.55
9006691,5043668,200238,2026-03-16,damaged_delivery,895.48
9006692,5033094,200117,2026-04-04,not_as_described,336.66
9006693,5011535,200074,2025-11-14,not_as_described,2638.16
9006694,5034021,200037,2025-09-06,damaged_delivery,2462.79
9006695,5018364,200222,2025-11-07,changed_mind,4771.64
9006696,5033400,200229,2025-11-07,wrong_size,3898.71
9006697,5015815,200161,2025-11-15,not_as_described,8212.35
9006698,5034718,200230,2026-06-28,wrong_size,3686.26
9006699,5010367,200167,2025-11-22,damaged_delivery,3034.95
9006700,5028623,200154,2025-05-30,defect,1143.19
9006701,5032784,200155,2025-04-23,wrong_size,32368.42
9006702,5028943,200132,2025-07-25,changed_mind,347.14
9006703,5014983,200179,2025-08-28,changed_mind,456.86
9006704,5031841,200161,2025-08-08,changed_mind,3463.6
9006705,5031915,200145,2026-03-09,wrong_size,17488.84
9006706,5037167,200205,2025-02-26,not_as_described,14566.12
9006707,5054095,200004,2025-09-14,defect,838.39
9006708,5012282,200054,2026-04-22,defect,9242.91
9006709,5020572,200203,2026-04-06,defect,450.3
9006710,5002042,200001,2026-04-02,changed_mind,1621.69
9006711,5012117,200097,2026-03-06,changed_mind,4881.71
9006712,5017205,200232,2026-01-01,defect,2081.83
9006713,5012427,200083,2026-05-04,not_as_described,1458.69
9006714,5012984,200225,2025-07-09,changed_mind,9990.58
9006715,5019379,200038,2026-06-18,changed_mind,12417.52
9006716,5033178,200009,2025-10-01,not_as_described,10705.84
9006717,5036142,200017,2026-02-28,not_as_described,7626.72
9006718,5052529,200240,2025-06-22,changed_mind,1166.33
9006719,5024225,200179,2025-04-05,wrong_size,596.82
9006720,5050008,200045,2025-10-15,damaged_delivery,5185.75
9006721,5040043,200020,2025-05-02,wrong_size,2789.61
9006722,5009973,200225,2026-03-23,wrong_size,6047.42
9006723,5000349,200009,2025-03-14,not_as_described,4011.39
9006724,5002487,200033,2025-12-31,changed_mind,27694.3
9006725,5019586,200159,2026-01-29,not_as_described,2184.38
9006726,5020867,200079,2025-02-14,damaged_delivery,1579.38
9006727,5016420,200146,2025-09-17,changed_mind,2340.47
9006728,5025217,200013,2026-03-15,changed_mind,6822.01
9006729,5011204,200120,2025-02-13,changed_mind,8989.19
9006730,5011767,200013,2026-06-02,defect,7369.52
9006731,5024238,200008,2025-03-24,defect,9865.83
9006732,5018103,200120,2025-03-30,wrong_size,6164.85
9006733,5005243,200219,2026-06-20,damaged_delivery,7438.61
9006734,5005763,200114,2025-09-18,not_as_described,18662.68
9006735,5037325,200024,2025-06-05,defect,4231.29
9006736,5000168,200136,2025-11-16,not_as_described,602.49
9006737,5056091,200008,2026-01-10,damaged_delivery,18664.86
9006738,5009495,200053,2025-04-01,damaged_delivery,8179.43
9006739,5002960,200140,2025-06-12,damaged_delivery,6444.67
9006740,5031235,200134,2026-02-20,defect,1168.47
9006741,5035581,200075,2025-07-13,defect,1447.05
9006742,5036346,200068,2026-03-06,not_as_described,1299.68
9006743,5031540,200118,2025-07-04,defect,510.56
9006744,5047669,200210,2025-02-20,damaged_delivery,2058.43
9006745,5032166,200164,2025-09-26,damaged_delivery,1893.24
9006746,5021564,200200,2026-03-12,not_as_described,9318.81
9006747,5031982,200245,2026-01-08,wrong_size,479.69
9006748,5051039,200069,2026-04-12,changed_mind,4014.51
9006749,5018188,200002,2026-03-27,wrong_size,1931.01
9006750,5010054,200093,2025-02-08,wrong_size,5961.85
9006751,5042587,200167,2025-01-14,not_as_described,1143.45
9006752,5045096,200028,2025-04-19,changed_mind,8304.48
9006753,5047260,200028,2025-05-08,damaged_delivery,7723.2
9006754,5022120,200167,2025-11-13,changed_mind,1261.82
9006755,5049368,200067,2025-09-10,defect,13526.1
9006756,5023212,200095,2025-08-22,not_as_described,1412.12
9006757,5019205,200063,2025-03-16,wrong_size,6334.77
9006758,5054315,200066,2025-05-03,damaged_delivery,967.47
9006759,5029556,200244,2026-03-11,damaged_delivery,4762.08
9006760,5017203,200075,2025-07-28,not_as_described,1534.49
9006761,5026175,200071,2025-01-17,wrong_size,7531.68
9006762,5009575,200045,2025-10-05,not_as_described,2100.49
9006763,5032229,200149,2026-06-28,damaged_delivery,1204.01
9006764,5024905,200225,2025-10-19,wrong_size,5220.73
9006765,5025047,200057,2025-10-26,damaged_delivery,8520.03
9006766,5005216,200040,2025-04-24,changed_mind,789.85
9006767,5009594,200170,2025-09-12,defect,1504.52
9006768,5051669,200016,2025-05-21,wrong_size,16530.58
9006769,5056844,200013,2025-02-19,damaged_delivery,6589.19
9006770,5050028,200092,2026-04-07,damaged_delivery,1777.04
9006771,5049586,200178,2025-07-18,changed_mind,6280.74
9006772,5023408,200086,2025-10-12,defect,18845.04
9006773,5059327,200099,2026-02-05,wrong_size,2892.24
9006774,5045755,200107,2025-02-05,changed_mind,1650.23
9006775,5018531,200214,2025-10-26,wrong_size,47902.01
9006776,5005372,200177,2026-01-17,wrong_size,5064.63
9006777,5028615,200146,2025-06-24,damaged_delivery,2271.16
9006778,5030476,200207,2025-08-27,wrong_size,7318.86
9006779,5047839,200008,2025-11-25,damaged_delivery,6208.44
9006780,5028464,200222,2025-01-12,defect,7941.54
9006781,5029313,200159,2025-03-09,damaged_delivery,1597.1
9006782,5021227,200081,2025-05-08,damaged_delivery,3520.95
9006783,5003668,200106,2025-03-15,not_as_described,3358.17
9006784,5052434,200092,2025-11-13,wrong_size,5230.17
9006785,5056444,200235,2026-03-06,defect,6712.15
9006786,5017456,200175,2025-11-22,not_as_described,2091.32
9006787,5057606,200218,2025-02-19,defect,5757.77
9006788,5004037,200247,2025-03-04,defect,3499.96
9006789,5042414,200225,2025-06-14,damaged_delivery,5682.93
9006790,5017173,200069,2025-06-15,defect,1576.92
9006791,5044008,200186,2026-02-16,damaged_delivery,2667.32
9006792,5013770,200107,2025-05-05,not_as_described,3445.9
9006793,5028374,200090,2025-02-10,wrong_size,3419.62
9006794,5012953,200037,2025-05-27,not_as_described,1112.87
9006795,5020268,200040,2025-11-05,not_as_described,1203.79
9006796,5030308,200005,2026-06-13,not_as_described,2110.64
9006797,5050954,200117,2025-07-23,changed_mind,781.51
9006798,5035520,200075,2026-05-07,damaged_delivery,1188.07
9006799,5044070,200092,2026-06-09,changed_mind,3861.76
9006800,5006720,200084,2025-12-06,damaged_delivery,860.76
9006801,5024969,200009,2025-02-23,not_as_described,4536.57
9006802,5038961,200221,2025-10-13,not_as_described,3092.32
9006803,5041434,200017,2025-09-28,damaged_delivery,15426.99
9006804,5035840,200066,2025-12-07,changed_mind,2045.11
9006805,5036287,200028,2025-01-25,defect,3944.66
9006806,5022803,200167,2026-03-12,changed_mind,3833.51
9006807,5050123,200094,2025-11-09,changed_mind,932.82
9006808,5008902,200215,2025-08-04,damaged_delivery,2389.14
9006809,5052798,200241,2025-09-04,wrong_size,2436.38
9006810,5035315,200176,2026-05-19,changed_mind,5246.77
9006811,5020692,200176,2025-06-24,wrong_size,3085.33
9006812,5011615,200020,2025-03-01,wrong_size,2608.87
9006813,5020623,200182,2025-09-29,not_as_described,1741.9
9006814,5035917,200211,2025-04-02,changed_mind,7168.81
9006815,5026237,200153,2025-05-22,changed_mind,2078.53
9006816,5034463,200143,2026-04-17,changed_mind,17596.88
9006817,5047382,200124,2025-08-15,damaged_delivery,5615.22
9006818,5010810,200017,2025-03-12,damaged_delivery,11949.68
9006819,5025400,200062,2025-07-16,defect,2773.44
9006820,5042688,200123,2025-09-20,damaged_delivery,21296.13
9006821,5053589,200177,2025-05-20,changed_mind,5686.62
9006822,5023675,200111,2026-03-25,wrong_size,7014.05
9006823,5008573,200034,2025-11-07,wrong_size,4273.64
9006824,5013781,200176,2025-11-27,damaged_delivery,1976.03
9006825,5003015,200201,2025-08-26,wrong_size,1110.73
9006826,5036620,200105,2025-04-20,damaged_delivery,1915.16
9006827,5002489,200220,2025-09-04,defect,2355.57
9006828,5057093,200056,2026-04-15,damaged_delivery,1519.1
9006829,5009685,200215,2025-03-15,not_as_described,2551.63
9006830,5002611,200085,2025-05-24,changed_mind,5723.63
9006831,5045123,200127,2025-04-27,defect,5494.66
9006832,5040670,200031,2026-06-07,changed_mind,1691.88
9006833,5017633,200110,2026-04-20,defect,1714.22
9006834,5053121,200098,2026-04-15,wrong_size,973.4
9006835,5038663,200117,2025-08-08,changed_mind,392.09
9006836,5004107,200025,2025-07-01,wrong_size,11418.19
9006837,5017756,200056,2026-02-03,changed_mind,666.86
9006838,5048300,200067,2026-03-12,changed_mind,9059.07
9006839,5008705,200042,2025-10-11,damaged_delivery,2745.63
9006840,5021451,200023,2026-05-19,changed_mind,3400.83
9006841,5030827,200024,2025-04-16,damaged_delivery,1756.21
9006842,5009097,200178,2025-11-02,changed_mind,2204.21
9006843,5020094,200099,2025-06-04,damaged_delivery,3869.07
9006844,5057360,200121,2025-06-23,changed_mind,4764.59
9006845,5050561,200197,2026-04-27,defect,10582.89
9006846,5039830,200063,2026-06-25,changed_mind,2465.62
9006847,5010686,200022,2025-07-04,changed_mind,3278.59
9006848,5011896,200158,2026-01-18,wrong_size,8835.64
9006849,5003558,200126,2026-03-05,damaged_delivery,386.49
9006850,5050960,200192,2025-12-20,changed_mind,5583.23
9006851,5030729,200109,2025-06-12,wrong_size,2870.78
9006852,5017228,200025,2025-01-18,not_as_described,3882.46
9006853,5005494,200005,2026-03-23,damaged_delivery,4610.98
9006854,5010113,200117,2025-10-28,changed_mind,386.79
9006855,5014025,200202,2025-06-15,not_as_described,630.37
9006856,5005348,200168,2025-08-22,defect,7697.35
9006857,5048755,200175,2025-08-12,not_as_described,886.89
9006858,5020756,200141,2025-02-04,wrong_size,2606.01
9006859,5004201,200174,2026-04-03,damaged_delivery,2288.04
9006860,5009444,200194,2025-07-25,damaged_delivery,22483.05
9006861,5051333,200006,2025-09-13,changed_mind,3755.91
9006862,5010384,200200,2026-06-03,damaged_delivery,2971.74
9006863,5025908,200041,2025-04-11,wrong_size,1054.16
9006864,5036411,200206,2026-05-21,damaged_delivery,1828.75
9006865,5042671,200181,2026-04-04,changed_mind,930.28
9006866,5001624,200040,2026-03-26,changed_mind,423.58
9006867,5035087,200203,2026-02-03,not_as_described,407.98
9006868,5014536,200090,2025-02-20,wrong_size,3192.58
9006869,5049479,200217,2025-07-04,defect,2911.41
9006870,5045858,200188,2026-04-28,defect,1323.53
9006871,5049165,200206,2025-06-04,defect,503.85
9006872,5033376,200018,2025-03-28,wrong_size,1320.44
9006873,5018530,200093,2026-01-24,changed_mind,3072.57
9006874,5027451,200120,2026-03-24,not_as_described,6374.99
9006875,5029191,200013,2026-02-05,damaged_delivery,3562.27
9006876,5040236,200089,2025-12-12,changed_mind,1156.81
9006877,5059901,200173,2025-01-11,damaged_delivery,1366.38
9006878,5059625,200190,2026-04-27,wrong_size,8504.05
9006879,5033606,200101,2025-05-11,not_as_described,883.67
9006880,5014545,200052,2025-08-03,wrong_size,1543.38
9006881,5058113,200101,2025-10-09,damaged_delivery,488.58
9006882,5013845,200083,2025-03-13,defect,2020.39
9006883,5008282,200163,2025-11-27,defect,2045.4
9006884,5039063,200066,2025-03-22,not_as_described,1173.56
9006885,5033314,200247,2026-06-21,not_as_described,8143.12
9006886,5030845,200081,2025-08-26,damaged_delivery,1425.18
9006887,5047570,200040,2025-12-10,defect,374.83
9006888,5008651,200092,2026-05-10,defect,1923.26
9006889,5054911,200032,2025-04-22,changed_mind,1564.93
9006890,5040139,200218,2026-04-11,wrong_size,4683.51
9006891,5023670,200237,2025-02-07,changed_mind,5362.02
9006892,5037209,200203,2026-02-06,wrong_size,346.3
9006893,5055617,200126,2026-02-10,changed_mind,430.81
9006894,5019202,200010,2025-04-24,defect,9562.18
9006895,5003538,200072,2025-12-01,wrong_size,3046.75
9006896,5007590,200092,2025-08-18,changed_mind,3829.85
9006897,5022452,200224,2025-08-11,defect,948.98
9006898,5058726,200052,2026-05-20,defect,1807.34
9006899,5005703,200144,2025-08-01,damaged_delivery,2313.9
9006900,5043822,200078,2026-06-15,changed_mind,3916.73
9006901,5009194,200150,2026-05-05,changed_mind,3976.53
9006902,5008318,200231,2025-08-18,wrong_size,1420.25
9006903,5053977,200029,2025-06-29,not_as_described,4993.05
9006904,5003239,200246,2025-04-28,changed_mind,519.31
9006905,5002565,200135,2026-05-24,defect,14891.24
9006906,5008889,200182,2025-07-23,defect,6150.05
9006907,5010771,200040,2025-03-11,wrong_size,368.09
9006908,5006771,200238,2025-02-20,wrong_size,1683.89
9006909,5007063,200225,2026-05-22,wrong_size,11841.54
9006910,5043786,200070,2026-04-27,not_as_described,2042.79
9006911,5029205,200162,2025-07-22,wrong_size,2081.8
9006912,5014647,200079,2026-02-13,defect,2342.05
9006913,5003396,200008,2025-04-02,not_as_described,4681.84
9006914,5023189,200027,2026-01-22,changed_mind,1564.62
9006915,5017277,200015,2025-07-23,wrong_size,7024.28
9006916,5029704,200176,2025-05-26,defect,4071.1
9006917,5038870,200230,2025-10-17,changed_mind,1906.95
9006918,5053106,200155,2025-04-09,wrong_size,14795.68
9006919,5003818,200112,2025-06-12,wrong_size,22185.64
9006920,5054064,200172,2025-02-23,damaged_delivery,1979.44
9006921,5003750,200028,2025-01-23,wrong_size,11854.37
9006922,5020575,200001,2025-03-06,defect,6053.92
9006923,5020605,200195,2025-11-19,damaged_delivery,42774.85
9006924,5023170,200023,2026-01-21,wrong_size,1614.42
9006925,5039777,200050,2025-02-07,wrong_size,1020.96
9006926,5038288,200152,2025-12-17,damaged_delivery,6870.75
9006927,5048767,200101,2025-12-05,changed_mind,535.34
9006928,5054088,200175,2025-03-21,defect,1041.63
9006929,5008264,200192,2025-08-23,not_as_described,4652.51
9006930,5009429,200231,2025-02-10,changed_mind,389.2
9006931,5043684,200107,2026-03-12,damaged_delivery,5161.9
9006932,5033519,200195,2025-10-25,defect,30004.73
9006933,5045072,200156,2025-12-18,not_as_described,2644.78
9006934,5040362,200220,2026-05-01,changed_mind,2515.65
9006935,5039114,200088,2026-05-07,changed_mind,6936.5
9006936,5039798,200019,2026-02-04,not_as_described,6714.94
9006937,5049593,200089,2026-06-16,not_as_described,1174.36
9006938,5049126,200109,2026-02-16,changed_mind,4854.47
9006939,5050523,200017,2026-04-13,damaged_delivery,12010.33
9006940,5039779,200083,2025-04-24,damaged_delivery,4583.05
9006941,5010211,200180,2025-05-14,wrong_size,3258.64
9006942,5026220,200221,2025-10-30,changed_mind,1456.21
9006943,5037878,200146,2026-04-21,changed_mind,2458.93
9006944,5023286,200242,2025-05-26,changed_mind,2790.72
9006945,5050418,200149,2026-06-01,not_as_described,1156.21
9006946,5041352,200235,2025-07-01,changed_mind,3782.32
9006947,5027208,200135,2025-10-30,defect,12382.75
9006948,5031677,200002,2026-05-16,damaged_delivery,627.93
9006949,5016494,200067,2025-12-29,defect,8985.55
9006950,5056726,200207,2025-05-19,defect,3972.7
9006951,5011569,200013,2025-11-16,changed_mind,2768.65
9006952,5046117,200092,2025-04-03,damaged_delivery,3377.0
9006953,5055437,200205,2025-01-19,wrong_size,13206.02
9006954,5055162,200147,2025-02-07,not_as_described,1149.36
9006955,5003218,200061,2025-03-25,changed_mind,2939.27
9006956,5017233,200204,2025-07-13,damaged_delivery,1097.68
9006957,5025910,200238,2025-04-18,wrong_size,896.0
9006958,5001455,200094,2026-01-04,damaged_delivery,820.27
9006959,5008568,200139,2025-08-03,changed_mind,1501.7
9006960,5031734,200049,2025-10-30,wrong_size,4195.83
9006961,5058921,200192,2025-09-02,damaged_delivery,1895.6
9006962,5034390,200108,2026-06-23,not_as_described,5331.05
9006963,5011496,200012,2025-04-02,defect,2491.08
9006964,5017836,200070,2025-11-11,changed_mind,2403.63
9006965,5032629,200232,2025-03-12,damaged_delivery,1109.98
9006966,5003171,200009,2025-07-15,not_as_described,8976.07
9006967,5014116,200006,2025-03-02,changed_mind,3643.85
9006968,5032922,200233,2025-01-20,not_as_described,7197.08
9006969,5033250,200125,2025-09-19,defect,1294.2
9006970,5017409,200101,2025-01-29,wrong_size,1055.29
9006971,5056276,200052,2025-09-02,not_as_described,2098.24
9006972,5003225,200183,2026-05-08,not_as_described,1520.75
9006973,5047912,200001,2026-05-26,not_as_described,1685.54
9006974,5022797,200083,2026-03-12,changed_mind,1688.22
9006975,5052947,200094,2025-05-09,damaged_delivery,784.29
9006976,5053356,200035,2026-06-01,wrong_size,2765.35
9006977,5031931,200146,2025-01-16,wrong_size,6087.18
9006978,5015425,200134,2025-09-26,changed_mind,1176.47
9006979,5041654,200160,2025-04-20,damaged_delivery,1789.58
9006980,5018585,200204,2025-05-05,damaged_delivery,2007.62
9006981,5000959,200159,2025-06-09,defect,751.67
9006982,5034647,200021,2026-02-13,changed_mind,10187.96
9006983,5026507,200065,2026-01-24,damaged_delivery,3234.99
9006984,5030703,200042,2025-08-24,damaged_delivery,4967.08
9006985,5033123,200119,2025-09-26,damaged_delivery,4159.68
9006986,5040601,200040,2025-05-16,wrong_size,814.83
9006987,5037588,200200,2025-08-18,defect,7490.26
9006988,5039231,200027,2026-04-01,damaged_delivery,2005.21
9006989,5028619,200238,2026-02-05,changed_mind,2442.51
9006990,5003649,200040,2025-01-25,changed_mind,699.73
9006991,5038471,200105,2025-03-01,not_as_described,2415.19
9006992,5037048,200100,2026-04-11,changed_mind,1685.11
9006993,5016614,200197,2025-12-30,not_as_described,4756.29
9006994,5001307,200024,2025-02-24,damaged_delivery,1874.35
9006995,5034721,200160,2026-01-17,defect,1311.87
9006996,5058009,200155,2026-02-25,changed_mind,6754.17
9006997,5046149,200153,2025-04-21,changed_mind,883.08
9006998,5057913,200095,2025-02-13,defect,2718.12
9006999,5051535,200025,2025-04-21,changed_mind,5440.18
9007000,5010864,200014,2025-04-12,not_as_described,36076.02
